# Piezas extraídas de modelos de terceros; véase procedencia.json
mtllib autoclave.mtl
o pieza_6
usemtl material_6
v 0.19318476073734706 1.1181971216300375 0.22496063308025016
v 0.2000416595060788 1.1699583452622928 0.22496063308025016
v 0.2000416595060788 1.1699583452622928 0.2850003076649987
v 0.19318476073734706 1.1181971216300375 0.2850003076649987
v 0.0 1.1699583452622928 0.22496063308025016
v 0.2000416595060788 1.1699583452622928 0.22496063308025016
v 0.19318476073734706 1.1181971216300375 0.22496063308025016
v 0.0 1.1699583452622928 0.2850003076649987
v 0.19318476073734706 1.1181971216300375 0.2850003076649987
v 0.2000416595060788 1.1699583452622928 0.2850003076649987
v 0.17319940944799483 1.0700315888155316 0.22496063308025016
v 0.19318476073734706 1.1181971216300375 0.22496063308025016
v 0.19318476073734706 1.1181971216300375 0.2850003076649987
v 0.17319940944799483 1.0700315888155316 0.2850003076649987
v 0.19318476073734706 1.1181971216300375 0.22496063308025016
v 0.17319940944799483 1.0700315888155316 0.22496063308025016
v 0.17319940944799483 1.0700315888155316 0.2850003076649987
v 0.19318476073734706 1.1181971216300375 0.2850003076649987
v 0.1414026319259188 1.0285557133363739 0.22496063308025016
v 0.17319940944799483 1.0700315888155316 0.22496063308025016
v 0.17319940944799483 1.0700315888155316 0.2850003076649987
v 0.1414026319259188 1.0285557133363739 0.2850003076649987
v 0.17319940944799483 1.0700315888155316 0.22496063308025016
v 0.1414026319259188 1.0285557133363739 0.22496063308025016
v 0.1414026319259188 1.0285557133363739 0.2850003076649987
v 0.17319940944799483 1.0700315888155316 0.2850003076649987
v 0.10001037716345293 0.9967589358142979 0.22496063308025016
v 0.1414026319259188 1.0285557133363739 0.22496063308025016
v 0.1414026319259188 1.0285557133363739 0.2850003076649987
v 0.10001037716345293 0.9967589358142979 0.2850003076649987
v 0.1414026319259188 1.0285557133363739 0.22496063308025016
v 0.10001037716345293 0.9967589358142979 0.22496063308025016
v 0.10001037716345293 0.9967589358142979 0.2850003076649987
v 0.1414026319259188 1.0285557133363739 0.2850003076649987
v 0.05176122363225531 0.9767735845249457 0.22496063308025016
v 0.10001037716345293 0.9967589358142979 0.22496063308025016
v 0.10001037716345293 0.9967589358142979 0.2850003076649987
v 0.05176122363225531 0.9767735845249457 0.2850003076649987
v 0.10001037716345293 0.9967589358142979 0.22496063308025016
v 0.05176122363225531 0.9767735845249457 0.22496063308025016
v 0.05176122363225531 0.9767735845249457 0.2850003076649987
v 0.10001037716345293 0.9967589358142979 0.2850003076649987
v 0.0 0.9700003064729059 0.22496063308025016
v 0.05176122363225531 0.9767735845249457 0.22496063308025016
v 0.05176122363225531 0.9767735845249457 0.2850003076649987
v 0.0 0.9700003064729059 0.2850003076649987
v 0.05176122363225531 0.9767735845249457 0.22496063308025016
v 0.0 0.9700003064729059 0.22496063308025016
v 0.0 0.9700003064729059 0.2850003076649987
v 0.05176122363225531 0.9767735845249457 0.2850003076649987
v -0.05176122363225531 0.9767735845249457 0.22496063308025016
v 0.0 0.9700003064729059 0.22496063308025016
v 0.0 0.9700003064729059 0.2850003076649987
v -0.05176122363225531 0.9767735845249457 0.2850003076649987
v 0.0 0.9700003064729059 0.22496063308025016
v -0.05176122363225531 0.9767735845249457 0.22496063308025016
v -0.05176122363225531 0.9767735845249457 0.2850003076649987
v 0.0 0.9700003064729059 0.2850003076649987
v -0.10001037716345293 0.9967589358142979 0.22496063308025016
v -0.05176122363225531 0.9767735845249457 0.22496063308025016
v -0.05176122363225531 0.9767735845249457 0.2850003076649987
v -0.10001037716345293 0.9967589358142979 0.2850003076649987
v -0.05176122363225531 0.9767735845249457 0.22496063308025016
v -0.10001037716345293 0.9967589358142979 0.22496063308025016
v -0.10001037716345293 0.9967589358142979 0.2850003076649987
v -0.05176122363225531 0.9767735845249457 0.2850003076649987
v -0.1414026319259188 1.0285557133363739 0.22496063308025016
v -0.10001037716345293 0.9967589358142979 0.22496063308025016
v -0.10001037716345293 0.9967589358142979 0.2850003076649987
v -0.1414026319259188 1.0285557133363739 0.2850003076649987
v -0.10001037716345293 0.9967589358142979 0.22496063308025016
v -0.1414026319259188 1.0285557133363739 0.22496063308025016
v -0.1414026319259188 1.0285557133363739 0.2850003076649987
v -0.10001037716345293 0.9967589358142979 0.2850003076649987
v -0.17319940944799483 1.0700315888155316 0.22496063308025016
v -0.1414026319259188 1.0285557133363739 0.22496063308025016
v -0.1414026319259188 1.0285557133363739 0.2850003076649987
v -0.17319940944799483 1.0700315888155316 0.2850003076649987
v -0.1414026319259188 1.0285557133363739 0.22496063308025016
v -0.17319940944799483 1.0700315888155316 0.22496063308025016
v -0.17319940944799483 1.0700315888155316 0.2850003076649987
v -0.1414026319259188 1.0285557133363739 0.2850003076649987
v -0.19318476073734706 1.1181971216300375 0.22496063308025016
v -0.17319940944799483 1.0700315888155316 0.22496063308025016
v -0.17319940944799483 1.0700315888155316 0.2850003076649987
v -0.19318476073734706 1.1181971216300375 0.2850003076649987
v -0.17319940944799483 1.0700315888155316 0.22496063308025016
v -0.19318476073734706 1.1181971216300375 0.22496063308025016
v -0.19318476073734706 1.1181971216300375 0.2850003076649987
v -0.17319940944799483 1.0700315888155316 0.2850003076649987
v -0.2000416595060788 1.1699583452622928 0.22496063308025016
v -0.19318476073734706 1.1181971216300375 0.22496063308025016
v -0.19318476073734706 1.1181971216300375 0.2850003076649987
v -0.2000416595060788 1.1699583452622928 0.2850003076649987
v -0.19318476073734706 1.1181971216300375 0.22496063308025016
v -0.2000416595060788 1.1699583452622928 0.22496063308025016
v -0.2000416595060788 1.1699583452622928 0.2850003076649987
v -0.19318476073734706 1.1181971216300375 0.2850003076649987
v -0.19318476073734706 1.2217404740737212 0.22496063308025016
v -0.2000416595060788 1.1699583452622928 0.22496063308025016
v -0.2000416595060788 1.1699583452622928 0.2850003076649987
v -0.19318476073734706 1.2217404740737212 0.2850003076649987
v 0.0 1.1699583452622928 0.22496063308025016
v -0.2000416595060788 1.1699583452622928 0.22496063308025016
v -0.19318476073734706 1.2217404740737212 0.22496063308025016
v -0.19318476073734706 1.2217404740737212 0.2850003076649987
v -0.2000416595060788 1.1699583452622928 0.2850003076649987
v -0.17319940944799483 1.2699896276049187 0.22496063308025016
v -0.19318476073734706 1.2217404740737212 0.22496063308025016
v -0.19318476073734706 1.2217404740737212 0.2850003076649987
v -0.17319940944799483 1.2699896276049187 0.2850003076649987
v -0.19318476073734706 1.2217404740737212 0.22496063308025016
v -0.17319940944799483 1.2699896276049187 0.22496063308025016
v -0.17319940944799483 1.2699896276049187 0.2850003076649987
v -0.19318476073734706 1.2217404740737212 0.2850003076649987
v -0.1414026319259188 1.3114655030840763 0.22496063308025016
v -0.17319940944799483 1.2699896276049187 0.22496063308025016
v -0.17319940944799483 1.2699896276049187 0.2850003076649987
v -0.1414026319259188 1.3114655030840763 0.2850003076649987
v -0.17319940944799483 1.2699896276049187 0.22496063308025016
v -0.1414026319259188 1.3114655030840763 0.22496063308025016
v -0.1414026319259188 1.3114655030840763 0.2850003076649987
v -0.17319940944799483 1.2699896276049187 0.2850003076649987
v -0.10001037716345293 1.3432413754269796 0.22496063308025016
v -0.1414026319259188 1.3114655030840763 0.22496063308025016
v -0.1414026319259188 1.3114655030840763 0.2850003076649987
v -0.10001037716345293 1.3432413754269796 0.2850003076649987
v -0.1414026319259188 1.3114655030840763 0.22496063308025016
v -0.10001037716345293 1.3432413754269796 0.22496063308025016
v -0.10001037716345293 1.3432413754269796 0.2850003076649987
v -0.1414026319259188 1.3114655030840763 0.2850003076649987
v -0.05176122363225531 1.3632267267163316 0.22496063308025016
v -0.10001037716345293 1.3432413754269796 0.22496063308025016
v -0.10001037716345293 1.3432413754269796 0.2850003076649987
v -0.05176122363225531 1.3632267267163316 0.2850003076649987
v -0.10001037716345293 1.3432413754269796 0.22496063308025016
v -0.05176122363225531 1.3632267267163316 0.22496063308025016
v -0.05176122363225531 1.3632267267163316 0.2850003076649987
v -0.10001037716345293 1.3432413754269796 0.2850003076649987
v 0.0 1.3700000047683716 0.22496063308025016
v -0.05176122363225531 1.3632267267163316 0.22496063308025016
v -0.05176122363225531 1.3632267267163316 0.2850003076649987
v 0.0 1.3700000047683716 0.2850003076649987
v -0.05176122363225531 1.3632267267163316 0.22496063308025016
v 0.0 1.3700000047683716 0.22496063308025016
v 0.0 1.3700000047683716 0.2850003076649987
v -0.05176122363225531 1.3632267267163316 0.2850003076649987
v 0.05176122363225531 1.3632267267163316 0.22496063308025016
v 0.0 1.3700000047683716 0.22496063308025016
v 0.0 1.3700000047683716 0.2850003076649987
v 0.05176122363225531 1.3632267267163316 0.2850003076649987
v 0.0 1.3700000047683716 0.22496063308025016
v 0.05176122363225531 1.3632267267163316 0.22496063308025016
v 0.05176122363225531 1.3632267267163316 0.2850003076649987
v 0.0 1.3700000047683716 0.2850003076649987
v 0.10001037716345293 1.3432413754269796 0.22496063308025016
v 0.05176122363225531 1.3632267267163316 0.22496063308025016
v 0.05176122363225531 1.3632267267163316 0.2850003076649987
v 0.10001037716345293 1.3432413754269796 0.2850003076649987
v 0.05176122363225531 1.3632267267163316 0.22496063308025016
v 0.10001037716345293 1.3432413754269796 0.22496063308025016
v 0.10001037716345293 1.3432413754269796 0.2850003076649987
v 0.05176122363225531 1.3632267267163316 0.2850003076649987
v 0.1414026319259188 1.3114655030840763 0.22496063308025016
v 0.10001037716345293 1.3432413754269796 0.22496063308025016
v 0.10001037716345293 1.3432413754269796 0.2850003076649987
v 0.1414026319259188 1.3114655030840763 0.2850003076649987
v 0.10001037716345293 1.3432413754269796 0.22496063308025016
v 0.1414026319259188 1.3114655030840763 0.22496063308025016
v 0.1414026319259188 1.3114655030840763 0.2850003076649987
v 0.10001037716345293 1.3432413754269796 0.2850003076649987
v 0.17319940944799483 1.2699896276049187 0.22496063308025016
v 0.1414026319259188 1.3114655030840763 0.22496063308025016
v 0.1414026319259188 1.3114655030840763 0.2850003076649987
v 0.17319940944799483 1.2699896276049187 0.2850003076649987
v 0.1414026319259188 1.3114655030840763 0.22496063308025016
v 0.17319940944799483 1.2699896276049187 0.22496063308025016
v 0.17319940944799483 1.2699896276049187 0.2850003076649987
v 0.1414026319259188 1.3114655030840763 0.2850003076649987
v 0.19318476073734706 1.2217404740737212 0.22496063308025016
v 0.17319940944799483 1.2699896276049187 0.22496063308025016
v 0.17319940944799483 1.2699896276049187 0.2850003076649987
v 0.19318476073734706 1.2217404740737212 0.2850003076649987
v 0.17319940944799483 1.2699896276049187 0.22496063308025016
v 0.19318476073734706 1.2217404740737212 0.22496063308025016
v 0.19318476073734706 1.2217404740737212 0.2850003076649987
v 0.17319940944799483 1.2699896276049187 0.2850003076649987
v 0.2000416595060788 1.1699583452622928 0.22496063308025016
v 0.19318476073734706 1.2217404740737212 0.22496063308025016
v 0.19318476073734706 1.2217404740737212 0.2850003076649987
v 0.2000416595060788 1.1699583452622928 0.2850003076649987
v 0.19318476073734706 1.2217404740737212 0.22496063308025016
v 0.2000416595060788 1.1699583452622928 0.22496063308025016
v 0.2000416595060788 1.1699583452622928 0.2850003076649987
v 0.19318476073734706 1.2217404740737212 0.2850003076649987
f 1 2 3
f 1 3 4
f 5 6 7
f 8 9 10
f 11 12 13
f 11 13 14
f 5 15 16
f 8 17 18
f 19 20 21
f 19 21 22
f 5 23 24
f 8 25 26
f 27 28 29
f 27 29 30
f 5 31 32
f 8 33 34
f 35 36 37
f 35 37 38
f 5 39 40
f 8 41 42
f 43 44 45
f 43 45 46
f 5 47 48
f 8 49 50
f 51 52 53
f 51 53 54
f 5 55 56
f 8 57 58
f 59 60 61
f 59 61 62
f 5 63 64
f 8 65 66
f 67 68 69
f 67 69 70
f 5 71 72
f 8 73 74
f 75 76 77
f 75 77 78
f 5 79 80
f 8 81 82
f 83 84 85
f 83 85 86
f 5 87 88
f 8 89 90
f 91 92 93
f 91 93 94
f 5 95 96
f 8 97 98
f 99 100 101
f 99 101 102
f 103 104 105
f 8 106 107
f 108 109 110
f 108 110 111
f 5 112 113
f 8 114 115
f 116 117 118
f 116 118 119
f 5 120 121
f 8 122 123
f 124 125 126
f 124 126 127
f 5 128 129
f 8 130 131
f 132 133 134
f 132 134 135
f 5 136 137
f 8 138 139
f 140 141 142
f 140 142 143
f 5 144 145
f 8 146 147
f 148 149 150
f 148 150 151
f 5 152 153
f 8 154 155
f 156 157 158
f 156 158 159
f 5 160 161
f 8 162 163
f 164 165 166
f 164 166 167
f 5 168 169
f 8 170 171
f 172 173 174
f 172 174 175
f 5 176 177
f 8 178 179
f 180 181 182
f 180 182 183
f 5 184 185
f 8 186 187
f 188 189 190
f 188 190 191
f 5 192 193
f 8 194 195
o pieza_9
usemtl material_9
v 0.1593676571621611 1.1273098768802872 0.1450117502435321
v 0.16500747773733676 1.1700016095978292 0.1450117502435321
v 0.16500747773733676 1.1700016095978292 0.2750096145013314
v 0.1593676571621611 1.1273098768802872 0.2750096145013314
v 0.0 1.1700016095978292 0.1450117502435321
v 0.16500747773733676 1.1700016095978292 0.1450117502435321
v 0.1593676571621611 1.1273098768802872 0.1450117502435321
v 0.0 1.1700016095978292 0.2750096145013314
v 0.1593676571621611 1.1273098768802872 0.2750096145013314
v 0.16500747773733676 1.1700016095978292 0.2750096145013314
v 0.14289254493649642 1.087489325546471 0.1450117502435321
v 0.1593676571621611 1.1273098768802872 0.1450117502435321
v 0.1593676571621611 1.1273098768802872 0.2750096145013314
v 0.14289254493649642 1.087489325546471 0.2750096145013314
v 0.1593676571621611 1.1273098768802872 0.1450117502435321
v 0.14289254493649642 1.087489325546471 0.1450117502435321
v 0.14289254493649642 1.087489325546471 0.2750096145013314
v 0.1593676571621611 1.1273098768802872 0.2750096145013314
v 0.11666737926192951 1.0533427755185893 0.1450117502435321
v 0.14289254493649642 1.087489325546471 0.1450117502435321
v 0.14289254493649642 1.087489325546471 0.2750096145013314
v 0.11666737926192951 1.0533427755185893 0.2750096145013314
v 0.14289254493649642 1.087489325546471 0.1450117502435321
v 0.11666737926192951 1.0533427755185893 0.1450117502435321
v 0.11666737926192951 1.0533427755185893 0.2750096145013314
v 0.14289254493649642 1.087489325546471 0.2750096145013314
v 0.08248664850328906 1.0271176098440225 0.1450117502435321
v 0.11666737926192951 1.0533427755185893 0.1450117502435321
v 0.11666737926192951 1.0533427755185893 0.2750096145013314
v 0.08248664850328906 1.0271176098440225 0.2750096145013314
v 0.11666737926192951 1.0533427755185893 0.1450117502435321
v 0.08248664850328906 1.0271176098440225 0.1450117502435321
v 0.08248664850328906 1.0271176098440225 0.2750096145013314
v 0.11666737926192951 1.0533427755185893 0.2750096145013314
v 0.04269173271754192 1.010608316887599 0.1450117502435321
v 0.08248664850328906 1.0271176098440225 0.1450117502435321
v 0.08248664850328906 1.0271176098440225 0.2750096145013314
v 0.04269173271754192 1.010608316887599 0.2750096145013314
v 0.08248664850328906 1.0271176098440225 0.1450117502435321
v 0.04269173271754192 1.010608316887599 0.1450117502435321
v 0.04269173271754192 1.010608316887599 0.2750096145013314
v 0.08248664850328906 1.0271176098440225 0.2750096145013314
v 0.0 1.005002677043182 0.1450117502435321
v 0.04269173271754192 1.010608316887599 0.1450117502435321
v 0.04269173271754192 1.010608316887599 0.2750096145013314
v 0.0 1.005002677043182 0.2750096145013314
v 0.04269173271754192 1.010608316887599 0.1450117502435321
v 0.0 1.005002677043182 0.1450117502435321
v 0.0 1.005002677043182 0.2750096145013314
v 0.04269173271754192 1.010608316887599 0.2750096145013314
v -0.04269173271754192 1.010608316887599 0.1450117502435321
v 0.0 1.005002677043182 0.1450117502435321
v 0.0 1.005002677043182 0.2750096145013314
v -0.04269173271754192 1.010608316887599 0.2750096145013314
v 0.0 1.005002677043182 0.1450117502435321
v -0.04269173271754192 1.010608316887599 0.1450117502435321
v -0.04269173271754192 1.010608316887599 0.2750096145013314
v 0.0 1.005002677043182 0.2750096145013314
v -0.08248664850328906 1.0271176098440225 0.1450117502435321
v -0.04269173271754192 1.010608316887599 0.1450117502435321
v -0.04269173271754192 1.010608316887599 0.2750096145013314
v -0.08248664850328906 1.0271176098440225 0.2750096145013314
v -0.04269173271754192 1.010608316887599 0.1450117502435321
v -0.08248664850328906 1.0271176098440225 0.1450117502435321
v -0.08248664850328906 1.0271176098440225 0.2750096145013314
v -0.04269173271754192 1.010608316887599 0.2750096145013314
v -0.11666737926192951 1.0533427755185893 0.1450117502435321
v -0.08248664850328906 1.0271176098440225 0.1450117502435321
v -0.08248664850328906 1.0271176098440225 0.2750096145013314
v -0.11666737926192951 1.0533427755185893 0.2750096145013314
v -0.08248664850328906 1.0271176098440225 0.1450117502435321
v -0.11666737926192951 1.0533427755185893 0.1450117502435321
v -0.11666737926192951 1.0533427755185893 0.2750096145013314
v -0.08248664850328906 1.0271176098440225 0.2750096145013314
v -0.14289254493649642 1.087489325546471 0.1450117502435321
v -0.11666737926192951 1.0533427755185893 0.1450117502435321
v -0.11666737926192951 1.0533427755185893 0.2750096145013314
v -0.14289254493649642 1.087489325546471 0.2750096145013314
v -0.11666737926192951 1.0533427755185893 0.1450117502435321
v -0.14289254493649642 1.087489325546471 0.1450117502435321
v -0.14289254493649642 1.087489325546471 0.2750096145013314
v -0.11666737926192951 1.0533427755185893 0.2750096145013314
v -0.1593676571621611 1.1273098768802872 0.1450117502435321
v -0.14289254493649642 1.087489325546471 0.1450117502435321
v -0.14289254493649642 1.087489325546471 0.2750096145013314
v -0.1593676571621611 1.1273098768802872 0.2750096145013314
v -0.14289254493649642 1.087489325546471 0.1450117502435321
v -0.1593676571621611 1.1273098768802872 0.1450117502435321
v -0.1593676571621611 1.1273098768802872 0.2750096145013314
v -0.14289254493649642 1.087489325546471 0.2750096145013314
v -0.16500747773733676 1.1700016095978292 0.1450117502435321
v -0.1593676571621611 1.1273098768802872 0.1450117502435321
v -0.1593676571621611 1.1273098768802872 0.2750096145013314
v -0.16500747773733676 1.1700016095978292 0.2750096145013314
v -0.1593676571621611 1.1273098768802872 0.1450117502435321
v -0.16500747773733676 1.1700016095978292 0.1450117502435321
v -0.16500747773733676 1.1700016095978292 0.2750096145013314
v -0.1593676571621611 1.1273098768802872 0.2750096145013314
v -0.1593676571621611 1.2127018874980606 0.1450117502435321
v -0.16500747773733676 1.1700016095978292 0.1450117502435321
v -0.16500747773733676 1.1700016095978292 0.2750096145013314
v -0.1593676571621611 1.2127018874980606 0.2750096145013314
v 0.0 1.1700016095978292 0.1450117502435321
v -0.16500747773733676 1.1700016095978292 0.1450117502435321
v -0.1593676571621611 1.2127018874980606 0.1450117502435321
v -0.1593676571621611 1.2127018874980606 0.2750096145013314
v -0.16500747773733676 1.1700016095978292 0.2750096145013314
v -0.14289254493649642 1.252488258101118 0.1450117502435321
v -0.1593676571621611 1.2127018874980606 0.1450117502435321
v -0.1593676571621611 1.2127018874980606 0.2750096145013314
v -0.14289254493649642 1.252488258101118 0.2750096145013314
v -0.1593676571621611 1.2127018874980606 0.1450117502435321
v -0.14289254493649642 1.252488258101118 0.1450117502435321
v -0.14289254493649642 1.252488258101118 0.2750096145013314
v -0.1593676571621611 1.2127018874980606 0.2750096145013314
v -0.11666737926192951 1.2866775340424483 0.1450117502435321
v -0.14289254493649642 1.252488258101118 0.1450117502435321
v -0.14289254493649642 1.252488258101118 0.2750096145013314
v -0.11666737926192951 1.2866775340424483 0.2750096145013314
v -0.14289254493649642 1.252488258101118 0.1450117502435321
v -0.11666737926192951 1.2866775340424483 0.1450117502435321
v -0.11666737926192951 1.2866775340424483 0.2750096145013314
v -0.14289254493649642 1.252488258101118 0.2750096145013314
v -0.08248664850328906 1.3128941545343256 0.1450117502435321
v -0.11666737926192951 1.2866775340424483 0.1450117502435321
v -0.11666737926192951 1.2866775340424483 0.2750096145013314
v -0.08248664850328906 1.3128941545343256 0.2750096145013314
v -0.11666737926192951 1.2866775340424483 0.1450117502435321
v -0.08248664850328906 1.3128941545343256 0.1450117502435321
v -0.08248664850328906 1.3128941545343256 0.2750096145013314
v -0.11666737926192951 1.2866775340424483 0.2750096145013314
v -0.04269173271754192 1.3293778119426798 0.1450117502435321
v -0.08248664850328906 1.3128941545343256 0.1450117502435321
v -0.08248664850328906 1.3128941545343256 0.2750096145013314
v -0.04269173271754192 1.3293778119426798 0.2750096145013314
v -0.08248664850328906 1.3128941545343256 0.1450117502435321
v -0.04269173271754192 1.3293778119426798 0.1450117502435321
v -0.04269173271754192 1.3293778119426798 0.2750096145013314
v -0.08248664850328906 1.3128941545343256 0.2750096145013314
v 0.0 1.3350176325178555 0.1450117502435321
v -0.04269173271754192 1.3293778119426798 0.1450117502435321
v -0.04269173271754192 1.3293778119426798 0.2750096145013314
v 0.0 1.3350176325178555 0.2750096145013314
v -0.04269173271754192 1.3293778119426798 0.1450117502435321
v 0.0 1.3350176325178555 0.1450117502435321
v 0.0 1.3350176325178555 0.2750096145013314
v -0.04269173271754192 1.3293778119426798 0.2750096145013314
v 0.04269173271754192 1.3293778119426798 0.1450117502435321
v 0.0 1.3350176325178555 0.1450117502435321
v 0.0 1.3350176325178555 0.2750096145013314
v 0.04269173271754192 1.3293778119426798 0.2750096145013314
v 0.0 1.3350176325178555 0.1450117502435321
v 0.04269173271754192 1.3293778119426798 0.1450117502435321
v 0.04269173271754192 1.3293778119426798 0.2750096145013314
v 0.0 1.3350176325178555 0.2750096145013314
v 0.08248664850328906 1.3128941545343256 0.1450117502435321
v 0.04269173271754192 1.3293778119426798 0.1450117502435321
v 0.04269173271754192 1.3293778119426798 0.2750096145013314
v 0.08248664850328906 1.3128941545343256 0.2750096145013314
v 0.04269173271754192 1.3293778119426798 0.1450117502435321
v 0.08248664850328906 1.3128941545343256 0.1450117502435321
v 0.08248664850328906 1.3128941545343256 0.2750096145013314
v 0.04269173271754192 1.3293778119426798 0.2750096145013314
v 0.11666737926192951 1.2866775340424483 0.1450117502435321
v 0.08248664850328906 1.3128941545343256 0.1450117502435321
v 0.08248664850328906 1.3128941545343256 0.2750096145013314
v 0.11666737926192951 1.2866775340424483 0.2750096145013314
v 0.08248664850328906 1.3128941545343256 0.1450117502435321
v 0.11666737926192951 1.2866775340424483 0.1450117502435321
v 0.11666737926192951 1.2866775340424483 0.2750096145013314
v 0.08248664850328906 1.3128941545343256 0.2750096145013314
v 0.14289254493649642 1.252488258101118 0.1450117502435321
v 0.11666737926192951 1.2866775340424483 0.1450117502435321
v 0.11666737926192951 1.2866775340424483 0.2750096145013314
v 0.14289254493649642 1.252488258101118 0.2750096145013314
v 0.11666737926192951 1.2866775340424483 0.1450117502435321
v 0.14289254493649642 1.252488258101118 0.1450117502435321
v 0.14289254493649642 1.252488258101118 0.2750096145013314
v 0.11666737926192951 1.2866775340424483 0.2750096145013314
v 0.1593676571621611 1.2127018874980606 0.1450117502435321
v 0.14289254493649642 1.252488258101118 0.1450117502435321
v 0.14289254493649642 1.252488258101118 0.2750096145013314
v 0.1593676571621611 1.2127018874980606 0.2750096145013314
v 0.14289254493649642 1.252488258101118 0.1450117502435321
v 0.1593676571621611 1.2127018874980606 0.1450117502435321
v 0.1593676571621611 1.2127018874980606 0.2750096145013314
v 0.14289254493649642 1.252488258101118 0.2750096145013314
v 0.16500747773733676 1.1700016095978292 0.1450117502435321
v 0.1593676571621611 1.2127018874980606 0.1450117502435321
v 0.1593676571621611 1.2127018874980606 0.2750096145013314
v 0.16500747773733676 1.1700016095978292 0.2750096145013314
v 0.1593676571621611 1.2127018874980606 0.1450117502435321
v 0.16500747773733676 1.1700016095978292 0.1450117502435321
v 0.16500747773733676 1.1700016095978292 0.2750096145013314
v 0.1593676571621611 1.2127018874980606 0.2750096145013314
f 196 197 198
f 196 198 199
f 200 201 202
f 203 204 205
f 206 207 208
f 206 208 209
f 200 210 211
f 203 212 213
f 214 215 216
f 214 216 217
f 200 218 219
f 203 220 221
f 222 223 224
f 222 224 225
f 200 226 227
f 203 228 229
f 230 231 232
f 230 232 233
f 200 234 235
f 203 236 237
f 238 239 240
f 238 240 241
f 200 242 243
f 203 244 245
f 246 247 248
f 246 248 249
f 200 250 251
f 203 252 253
f 254 255 256
f 254 256 257
f 200 258 259
f 203 260 261
f 262 263 264
f 262 264 265
f 200 266 267
f 203 268 269
f 270 271 272
f 270 272 273
f 200 274 275
f 203 276 277
f 278 279 280
f 278 280 281
f 200 282 283
f 203 284 285
f 286 287 288
f 286 288 289
f 200 290 291
f 203 292 293
f 294 295 296
f 294 296 297
f 298 299 300
f 203 301 302
f 303 304 305
f 303 305 306
f 200 307 308
f 203 309 310
f 311 312 313
f 311 313 314
f 200 315 316
f 203 317 318
f 319 320 321
f 319 321 322
f 200 323 324
f 203 325 326
f 327 328 329
f 327 329 330
f 200 331 332
f 203 333 334
f 335 336 337
f 335 337 338
f 200 339 340
f 203 341 342
f 343 344 345
f 343 345 346
f 200 347 348
f 203 349 350
f 351 352 353
f 351 353 354
f 200 355 356
f 203 357 358
f 359 360 361
f 359 361 362
f 200 363 364
f 203 365 366
f 367 368 369
f 367 369 370
f 200 371 372
f 203 373 374
f 375 376 377
f 375 377 378
f 200 379 380
f 203 381 382
f 383 384 385
f 383 385 386
f 200 387 388
f 203 389 390
o pieza_10
usemtl material_10
v 0.1349882509485608 1.0499930639042425 0.24301645051124393
v 0.24499893289524508 1.0499930639042425 0.24301645051124393
v 0.24499893289524508 1.2899930649260365 0.24301645051124393
v 0.1349882509485608 1.2899930649260365 0.24301645051124393
v 0.24499893289524508 1.0499930639042425 0.22900235090020132
v 0.1349882509485608 1.0499930639042425 0.22900235090020132
v 0.1349882509485608 1.2899930649260365 0.22900235090020132
v 0.24499893289524508 1.2899930649260365 0.22900235090020132
v 0.1349882509485608 1.0499930639042425 0.22900235090020132
v 0.1349882509485608 1.0499930639042425 0.24301645051124393
v 0.1349882509485608 1.2899930649260365 0.24301645051124393
v 0.1349882509485608 1.2899930649260365 0.22900235090020132
v 0.24499893289524508 1.0499930639042425 0.24301645051124393
v 0.24499893289524508 1.0499930639042425 0.22900235090020132
v 0.24499893289524508 1.2899930649260365 0.22900235090020132
v 0.24499893289524508 1.0499930639042425 0.24301645051124393
v 0.24499893289524508 1.2899930649260365 0.22900235090020132
v 0.24499893289524508 1.2899930649260365 0.24301645051124393
v 0.1349882509485608 1.2899930649260365 0.24301645051124393
v 0.24499893289524508 1.2899930649260365 0.24301645051124393
v 0.24499893289524508 1.2899930649260365 0.22900235090020132
v 0.1349882509485608 1.2899930649260365 0.24301645051124393
v 0.24499893289524508 1.2899930649260365 0.22900235090020132
v 0.1349882509485608 1.2899930649260365 0.22900235090020132
v 0.1349882509485608 1.0499930639042425 0.22900235090020132
v 0.24499893289524508 1.0499930639042425 0.22900235090020132
v 0.24499893289524508 1.0499930639042425 0.24301645051124393
v 0.1349882509485608 1.0499930639042425 0.24301645051124393
f 391 392 393
f 391 393 394
f 395 396 397
f 395 397 398
f 399 400 401
f 399 401 402
f 403 404 405
f 406 407 408
f 409 410 411
f 412 413 414
f 415 416 417
f 415 417 418
o pieza_11
usemtl material_11
v 0.2515573503114912 1.3815637567223609 0.2215594836956185
v 0.2541282294554499 1.370010670198892 0.22413036283957719
v 0.2541282294554499 1.3841346358663196 0.2100063971721497
v 0.25999999046325684 1.370010670198892 0.2100063971721497
v 0.2541282294554499 1.3841346358663196 -0.2500064037286606
v 0.25999999046325684 1.370010670198892 -0.2500064037286606
v 0.2515573503114912 1.3815637567223609 -0.26155949025212943
v 0.2541282294554499 1.370010670198892 -0.26413036939608814
v 0.2541282294554499 0.9499893226485506 0.22413036283957719
v 0.25999999046325684 0.9499893226485506 0.2100063971721497
v 0.25999999046325684 0.9499893226485506 -0.2500064037286606
v 0.2541282294554499 0.9499893226485506 -0.26413036939608814
v 0.2515573503114912 0.9384362361250818 0.2215594836956185
v 0.2541282294554499 0.935865356981123 0.2100063971721497
v 0.2541282294554499 0.935865356981123 -0.2500064037286606
v 0.2515573503114912 0.9384362361250818 -0.26155949025212943
v -0.2515573503114912 1.3815637567223609 -0.26155949025212943
v -0.2541282294554499 1.370010670198892 -0.26413036939608814
v -0.2541282294554499 1.3841346358663196 -0.2500064037286606
v -0.25999999046325684 1.370010670198892 -0.2500064037286606
v -0.2541282294554499 1.3841346358663196 0.2100063971721497
v -0.25999999046325684 1.370010670198892 0.2100063971721497
v -0.2515573503114912 1.3815637567223609 0.2215594836956185
v -0.2541282294554499 1.370010670198892 0.22413036283957719
v -0.2541282294554499 0.9499893226485506 -0.26413036939608814
v -0.25999999046325684 0.9499893226485506 -0.2500064037286606
v -0.25999999046325684 0.9499893226485506 0.2100063971721497
v -0.2541282294554499 0.9499893226485506 0.22413036283957719
v -0.2515573503114912 0.9384362361250818 -0.26155949025212943
v -0.2541282294554499 0.935865356981123 -0.2500064037286606
v -0.2541282294554499 0.935865356981123 0.2100063971721497
v -0.2515573503114912 0.9384362361250818 0.2215594836956185
v -0.2541282294554499 1.3841346358663196 -0.2500064037286606
v -0.24000426378802237 1.3841346358663196 -0.26413036939608814
v -0.24000426378802237 1.3900063968741265 -0.2500064037286606
v 0.24000426378802237 1.3841346358663196 -0.26413036939608814
v 0.24000426378802237 1.3900063968741265 -0.2500064037286606
v 0.2541282294554499 1.3841346358663196 -0.2500064037286606
v -0.2541282294554499 1.3841346358663196 0.2100063971721497
v -0.24000426378802237 1.3900063968741265 0.2100063971721497
v 0.24000426378802237 1.3900063968741265 0.2100063971721497
v 0.2541282294554499 1.3841346358663196 0.2100063971721497
v -0.2515573503114912 1.3815637567223609 0.2215594836956185
v -0.24000426378802237 1.3841346358663196 0.22413036283957719
v 0.24000426378802237 1.3841346358663196 0.22413036283957719
v 0.2515573503114912 1.3815637567223609 0.2215594836956185
v -0.2515573503114912 0.9384362361250818 0.2215594836956185
v -0.2541282294554499 0.935865356981123 0.2100063971721497
v -0.24000426378802237 0.935865356981123 0.22413036283957719
v -0.24000426378802237 0.9299935959733161 0.2100063971721497
v 0.24000426378802237 0.935865356981123 0.22413036283957719
v 0.24000426378802237 0.9299935959733161 0.2100063971721497
v 0.2515573503114912 0.9384362361250818 0.2215594836956185
v 0.2541282294554499 0.935865356981123 0.2100063971721497
v -0.2541282294554499 0.935865356981123 -0.2500064037286606
v -0.24000426378802237 0.9299935959733161 -0.2500064037286606
v 0.24000426378802237 0.9299935959733161 -0.2500064037286606
v 0.2541282294554499 0.935865356981123 -0.2500064037286606
v -0.24000426378802237 0.935865356981123 -0.26413036939608814
v 0.24000426378802237 0.935865356981123 -0.26413036939608814
v -0.2515573503114912 1.3815637567223609 0.2215594836956185
v -0.2541282294554499 1.370010670198892 0.22413036283957719
v -0.24000426378802237 1.3841346358663196 0.22413036283957719
v -0.24000426378802237 1.370010670198892 0.23000212384738417
v 0.24000426378802237 1.3841346358663196 0.22413036283957719
v 0.24000426378802237 1.370010670198892 0.23000212384738417
v 0.2515573503114912 1.3815637567223609 0.2215594836956185
v 0.2541282294554499 1.370010670198892 0.22413036283957719
v -0.2541282294554499 0.9499893226485506 0.22413036283957719
v -0.24000426378802237 0.9499893226485506 0.23000212384738417
v 0.24000426378802237 0.9499893226485506 0.23000212384738417
v 0.2541282294554499 0.9499893226485506 0.22413036283957719
v -0.2515573503114912 0.9384362361250818 0.2215594836956185
v -0.24000426378802237 0.935865356981123 0.22413036283957719
v 0.24000426378802237 0.935865356981123 0.22413036283957719
v 0.2515573503114912 0.9384362361250818 0.2215594836956185
v 0.2515573503114912 1.3815637567223609 -0.26155949025212943
v 0.2541282294554499 1.370010670198892 -0.26413036939608814
v 0.24000426378802237 1.3841346358663196 -0.26413036939608814
v 0.24000426378802237 1.370010670198892 -0.2700021304038951
v -0.24000426378802237 1.3841346358663196 -0.26413036939608814
v -0.24000426378802237 1.370010670198892 -0.2700021304038951
v -0.2515573503114912 1.3815637567223609 -0.26155949025212943
v -0.2541282294554499 1.370010670198892 -0.26413036939608814
v 0.2541282294554499 0.9499893226485506 -0.26413036939608814
v 0.24000426378802237 0.9499893226485506 -0.2700021304038951
v -0.24000426378802237 0.9499893226485506 -0.2700021304038951
v -0.2541282294554499 0.9499893226485506 -0.26413036939608814
v 0.2515573503114912 0.9384362361250818 -0.26155949025212943
v 0.24000426378802237 0.935865356981123 -0.26413036939608814
v -0.24000426378802237 0.935865356981123 -0.26413036939608814
v -0.2515573503114912 0.9384362361250818 -0.26155949025212943
f 419 420 421
f 420 422 421
f 421 422 423
f 422 424 423
f 423 424 425
f 424 426 425
f 420 427 422
f 427 428 422
f 422 428 424
f 428 429 424
f 424 429 426
f 429 430 426
f 427 431 428
f 431 432 428
f 428 432 429
f 432 433 429
f 429 433 430
f 433 434 430
f 435 436 437
f 436 438 437
f 437 438 439
f 438 440 439
f 439 440 441
f 440 442 441
f 436 443 438
f 443 444 438
f 438 444 440
f 444 445 440
f 440 445 442
f 445 446 442
f 443 447 444
f 447 448 444
f 444 448 445
f 448 449 445
f 445 449 446
f 449 450 446
f 435 451 452
f 451 453 452
f 452 453 454
f 453 455 454
f 454 455 425
f 455 456 425
f 451 457 453
f 457 458 453
f 453 458 455
f 458 459 455
f 455 459 456
f 459 460 456
f 457 461 458
f 461 462 458
f 458 462 459
f 462 463 459
f 459 463 460
f 463 464 460
f 465 466 467
f 466 468 467
f 467 468 469
f 468 470 469
f 469 470 471
f 470 472 471
f 466 473 468
f 473 474 468
f 468 474 470
f 474 475 470
f 470 475 472
f 475 476 472
f 473 447 474
f 447 477 474
f 474 477 475
f 477 478 475
f 475 478 476
f 478 434 476
f 479 480 481
f 480 482 481
f 481 482 483
f 482 484 483
f 483 484 485
f 484 486 485
f 480 487 482
f 487 488 482
f 482 488 484
f 488 489 484
f 484 489 486
f 489 490 486
f 487 491 488
f 491 492 488
f 488 492 489
f 492 493 489
f 489 493 490
f 493 494 490
f 495 496 497
f 496 498 497
f 497 498 499
f 498 500 499
f 499 500 501
f 500 502 501
f 496 503 498
f 503 504 498
f 498 504 500
f 504 505 500
f 500 505 502
f 505 506 502
f 503 507 504
f 507 508 504
f 504 508 505
f 508 509 505
f 505 509 506
f 509 510 506
o pieza_12
usemtl material_12
v 0.26696769150680744 1.3269644745462097 0.23694785079924002
v 0.2678905712700335 1.3228115156116922 0.23790369055400995
v 0.2678905712700335 1.3278873543094358 0.23279489186472258
v 0.27000001072883606 1.3228115156116922 0.23279489186472258
v 0.2678905712700335 1.3278873543094358 -0.2727948984212335
v 0.27000001072883606 1.3228115156116922 -0.2727948984212335
v 0.26696769150680744 1.3269644745462097 -0.27694785735575095
v 0.2678905712700335 1.3228115156116922 -0.2779036971105209
v 0.2678905712700335 1.3071884796199362 0.23790369055400995
v 0.27000001072883606 1.3071884796199362 0.23279489186472258
v 0.27000001072883606 1.3071884796199362 -0.2727948984212335
v 0.2678905712700335 1.3071884796199362 -0.2779036971105209
v 0.26696769150680744 1.3030355206854187 0.23694785079924002
v 0.2678905712700335 1.3021126409221926 0.23279489186472258
v 0.2678905712700335 1.3021126409221926 -0.2727948984212335
v 0.26696769150680744 1.3030355206854187 -0.27694785735575095
v -0.26696769150680744 1.3269644745462097 -0.27694785735575095
v -0.2678905712700335 1.3228115156116922 -0.2779036971105209
v -0.2678905712700335 1.3278873543094358 -0.2727948984212335
v -0.27000001072883606 1.3228115156116922 -0.2727948984212335
v -0.2678905712700335 1.3278873543094358 0.23279489186472258
v -0.27000001072883606 1.3228115156116922 0.23279489186472258
v -0.26696769150680744 1.3269644745462097 0.23694785079924002
v -0.2678905712700335 1.3228115156116922 0.23790369055400995
v -0.2678905712700335 1.3071884796199362 -0.2779036971105209
v -0.27000001072883606 1.3071884796199362 -0.2727948984212335
v -0.27000001072883606 1.3071884796199362 0.23279489186472258
v -0.2678905712700335 1.3071884796199362 0.23790369055400995
v -0.26696769150680744 1.3030355206854187 -0.27694785735575095
v -0.2678905712700335 1.3021126409221926 -0.2727948984212335
v -0.2678905712700335 1.3021126409221926 0.23279489186472258
v -0.26696769150680744 1.3030355206854187 0.23694785079924002
v -0.26696769150680744 1.3269644745462097 -0.27694785735575095
v -0.2678905712700335 1.3278873543094358 -0.2727948984212335
v -0.26281473257229 1.3278873543094358 -0.2779036971105209
v -0.26281473257229 1.3299967937682384 -0.2727948984212335
v 0.26281473257229 1.3278873543094358 -0.2779036971105209
v 0.26281473257229 1.3299967937682384 -0.2727948984212335
v 0.2678905712700335 1.3278873543094358 -0.2727948984212335
v -0.2678905712700335 1.3278873543094358 0.23279489186472258
v -0.26281473257229 1.3299967937682384 0.23279489186472258
v 0.26281473257229 1.3299967937682384 0.23279489186472258
v 0.2678905712700335 1.3278873543094358 0.23279489186472258
v -0.26696769150680744 1.3269644745462097 0.23694785079924002
v -0.26281473257229 1.3278873543094358 0.23790369055400995
v 0.26281473257229 1.3278873543094358 0.23790369055400995
v 0.26696769150680744 1.3269644745462097 0.23694785079924002
v -0.26696769150680744 1.3030355206854187 0.23694785079924002
v -0.2678905712700335 1.3021126409221926 0.23279489186472258
v -0.26281473257229 1.3021126409221926 0.23790369055400995
v -0.26281473257229 1.30000320146339 0.23279489186472258
v 0.26281473257229 1.3021126409221926 0.23790369055400995
v 0.26281473257229 1.30000320146339 0.23279489186472258
v 0.26696769150680744 1.3030355206854187 0.23694785079924002
v 0.2678905712700335 1.3021126409221926 0.23279489186472258
v -0.2678905712700335 1.3021126409221926 -0.2727948984212335
v -0.26281473257229 1.30000320146339 -0.2727948984212335
v 0.26281473257229 1.30000320146339 -0.2727948984212335
v 0.2678905712700335 1.3021126409221926 -0.2727948984212335
v -0.26696769150680744 1.3030355206854187 -0.27694785735575095
v -0.26281473257229 1.3021126409221926 -0.2779036971105209
v 0.26281473257229 1.3021126409221926 -0.2779036971105209
v 0.26696769150680744 1.3030355206854187 -0.27694785735575095
v -0.26696769150680744 1.3269644745462097 0.23694785079924002
v -0.2678905712700335 1.3228115156116922 0.23790369055400995
v -0.26281473257229 1.3278873543094358 0.23790369055400995
v -0.26281473257229 1.3228115156116922 0.24001313001281244
v 0.26281473257229 1.3278873543094358 0.23790369055400995
v 0.26281473257229 1.3228115156116922 0.24001313001281244
v 0.26696769150680744 1.3269644745462097 0.23694785079924002
v 0.2678905712700335 1.3228115156116922 0.23790369055400995
v -0.2678905712700335 1.3071884796199362 0.23790369055400995
v -0.26281473257229 1.3071884796199362 0.24001313001281244
v 0.26281473257229 1.3071884796199362 0.24001313001281244
v 0.2678905712700335 1.3071884796199362 0.23790369055400995
v -0.26696769150680744 1.3030355206854187 0.23694785079924002
v -0.26281473257229 1.3021126409221926 0.23790369055400995
v 0.26281473257229 1.3021126409221926 0.23790369055400995
v 0.26696769150680744 1.3030355206854187 0.23694785079924002
v 0.26696769150680744 1.3269644745462097 -0.27694785735575095
v 0.2678905712700335 1.3228115156116922 -0.2779036971105209
v 0.26281473257229 1.3278873543094358 -0.2779036971105209
v 0.26281473257229 1.3228115156116922 -0.28001313656932336
v -0.26281473257229 1.3278873543094358 -0.2779036971105209
v -0.26281473257229 1.3228115156116922 -0.28001313656932336
v -0.26696769150680744 1.3269644745462097 -0.27694785735575095
v -0.2678905712700335 1.3228115156116922 -0.2779036971105209
v 0.2678905712700335 1.3071884796199362 -0.2779036971105209
v 0.26281473257229 1.3071884796199362 -0.28001313656932336
v -0.26281473257229 1.3071884796199362 -0.28001313656932336
v -0.2678905712700335 1.3071884796199362 -0.2779036971105209
v 0.26696769150680744 1.3030355206854187 -0.27694785735575095
v 0.26281473257229 1.3021126409221926 -0.2779036971105209
v -0.26281473257229 1.3021126409221926 -0.2779036971105209
v -0.26696769150680744 1.3030355206854187 -0.27694785735575095
f 511 512 513
f 512 514 513
f 513 514 515
f 514 516 515
f 515 516 517
f 516 518 517
f 512 519 514
f 519 520 514
f 514 520 516
f 520 521 516
f 516 521 518
f 521 522 518
f 519 523 520
f 523 524 520
f 520 524 521
f 524 525 521
f 521 525 522
f 525 526 522
f 527 528 529
f 528 530 529
f 529 530 531
f 530 532 531
f 531 532 533
f 532 534 533
f 528 535 530
f 535 536 530
f 530 536 532
f 536 537 532
f 532 537 534
f 537 538 534
f 535 539 536
f 539 540 536
f 536 540 537
f 540 541 537
f 537 541 538
f 541 542 538
f 543 544 545
f 544 546 545
f 545 546 547
f 546 548 547
f 547 548 517
f 548 549 517
f 544 550 546
f 550 551 546
f 546 551 548
f 551 552 548
f 548 552 549
f 552 553 549
f 550 554 551
f 554 555 551
f 551 555 552
f 555 556 552
f 552 556 553
f 556 557 553
f 558 559 560
f 559 561 560
f 560 561 562
f 561 563 562
f 562 563 564
f 563 565 564
f 559 566 561
f 566 567 561
f 561 567 563
f 567 568 563
f 563 568 565
f 568 569 565
f 566 570 567
f 570 571 567
f 567 571 568
f 571 572 568
f 568 572 569
f 572 573 569
f 574 575 576
f 575 577 576
f 576 577 578
f 577 579 578
f 578 579 580
f 579 581 580
f 575 582 577
f 582 583 577
f 577 583 579
f 583 584 579
f 579 584 581
f 584 585 581
f 582 586 583
f 586 587 583
f 583 587 584
f 587 588 584
f 584 588 585
f 588 589 585
f 590 591 592
f 591 593 592
f 592 593 594
f 593 595 594
f 594 595 596
f 595 597 596
f 591 598 593
f 598 599 593
f 593 599 595
f 599 600 595
f 595 600 597
f 600 601 597
f 598 602 599
f 602 603 599
f 599 603 600
f 603 604 600
f 600 604 601
f 604 605 601
o pieza_13
usemtl material_13
v 0.15000000596046448 1.245001660003291 0.25000014979857627
v 0.23000000417232513 1.245001660003291 0.25000014979857627
v 0.23000000417232513 1.2949983018497364 0.25000014979857627
v 0.15000000596046448 1.2949983018497364 0.25000014979857627
v 0.23000000417232513 1.245001660003291 0.23999984483700573
v 0.15000000596046448 1.245001660003291 0.23999984483700573
v 0.15000000596046448 1.2949983018497364 0.23999984483700573
v 0.23000000417232513 1.2949983018497364 0.23999984483700573
v 0.15000000596046448 1.245001660003291 0.23999984483700573
v 0.15000000596046448 1.245001660003291 0.25000014979857627
v 0.15000000596046448 1.2949983018497364 0.25000014979857627
v 0.15000000596046448 1.2949983018497364 0.23999984483700573
v 0.23000000417232513 1.245001660003291 0.25000014979857627
v 0.23000000417232513 1.245001660003291 0.23999984483700573
v 0.23000000417232513 1.2949983018497364 0.23999984483700573
v 0.23000000417232513 1.245001660003291 0.25000014979857627
v 0.23000000417232513 1.2949983018497364 0.23999984483700573
v 0.23000000417232513 1.2949983018497364 0.25000014979857627
v 0.15000000596046448 1.2949983018497364 0.25000014979857627
v 0.23000000417232513 1.2949983018497364 0.25000014979857627
v 0.23000000417232513 1.2949983018497364 0.23999984483700573
v 0.15000000596046448 1.2949983018497364 0.25000014979857627
v 0.23000000417232513 1.2949983018497364 0.23999984483700573
v 0.15000000596046448 1.2949983018497364 0.23999984483700573
v 0.15000000596046448 1.245001660003291 0.23999984483700573
v 0.23000000417232513 1.245001660003291 0.23999984483700573
v 0.23000000417232513 1.245001660003291 0.25000014979857627
v 0.15000000596046448 1.245001660003291 0.25000014979857627
f 606 607 608
f 606 608 609
f 610 611 612
f 610 612 613
f 614 615 616
f 614 616 617
f 618 619 620
f 621 622 623
f 624 625 626
f 627 628 629
f 630 631 632
f 630 632 633
o pieza_14
usemtl material_14
v 0.16499712965261745 1.1349981593544345 0.2499989244026064
v 0.21500288048017216 1.1349981593544345 0.2499989244026064
v 0.21500288048017216 1.1649999618530273 0.2499989244026064
v 0.16499712965261745 1.1649999618530273 0.2499989244026064
v 0.21500288048017216 1.1349981593544345 0.24000107023297557
v 0.16499712965261745 1.1349981593544345 0.24000107023297557
v 0.16499712965261745 1.1649999618530273 0.24000107023297557
v 0.21500288048017216 1.1649999618530273 0.24000107023297557
v 0.16499712965261745 1.1349981593544345 0.24000107023297557
v 0.16499712965261745 1.1349981593544345 0.2499989244026064
v 0.16499712965261745 1.1649999618530273 0.2499989244026064
v 0.16499712965261745 1.1649999618530273 0.24000107023297557
v 0.21500288048017216 1.1349981593544345 0.2499989244026064
v 0.21500288048017216 1.1349981593544345 0.24000107023297557
v 0.21500288048017216 1.1649999618530273 0.24000107023297557
v 0.21500288048017216 1.1349981593544345 0.2499989244026064
v 0.21500288048017216 1.1649999618530273 0.24000107023297557
v 0.21500288048017216 1.1649999618530273 0.2499989244026064
v 0.16499712965261745 1.1649999618530273 0.2499989244026064
v 0.21500288048017216 1.1649999618530273 0.2499989244026064
v 0.21500288048017216 1.1649999618530273 0.24000107023297557
v 0.16499712965261745 1.1649999618530273 0.2499989244026064
v 0.21500288048017216 1.1649999618530273 0.24000107023297557
v 0.16499712965261745 1.1649999618530273 0.24000107023297557
v 0.16499712965261745 1.1349981593544345 0.24000107023297557
v 0.21500288048017216 1.1349981593544345 0.24000107023297557
v 0.21500288048017216 1.1349981593544345 0.2499989244026064
v 0.16499712965261745 1.1349981593544345 0.2499989244026064
f 634 635 636
f 634 636 637
f 638 639 640
f 638 640 641
f 642 643 644
f 642 644 645
f 646 647 648
f 649 650 651
f 652 653 654
f 655 656 657
f 658 659 660
f 658 660 661
o pieza_15
usemtl material_15
v 0.16499712965261745 1.0750000476837158 0.2499989244026064
v 0.21500288048017216 1.0750000476837158 0.2499989244026064
v 0.21500288048017216 1.1050018501823087 0.2499989244026064
v 0.16499712965261745 1.1050018501823087 0.2499989244026064
v 0.21500288048017216 1.0750000476837158 0.24000107023297557
v 0.16499712965261745 1.0750000476837158 0.24000107023297557
v 0.16499712965261745 1.1050018501823087 0.24000107023297557
v 0.21500288048017216 1.1050018501823087 0.24000107023297557
v 0.16499712965261745 1.0750000476837158 0.24000107023297557
v 0.16499712965261745 1.0750000476837158 0.2499989244026064
v 0.16499712965261745 1.1050018501823087 0.2499989244026064
v 0.16499712965261745 1.1050018501823087 0.24000107023297557
v 0.21500288048017216 1.0750000476837158 0.2499989244026064
v 0.21500288048017216 1.0750000476837158 0.24000107023297557
v 0.21500288048017216 1.1050018501823087 0.24000107023297557
v 0.21500288048017216 1.0750000476837158 0.2499989244026064
v 0.21500288048017216 1.1050018501823087 0.24000107023297557
v 0.21500288048017216 1.1050018501823087 0.2499989244026064
v 0.16499712965261745 1.1050018501823087 0.2499989244026064
v 0.21500288048017216 1.1050018501823087 0.2499989244026064
v 0.21500288048017216 1.1050018501823087 0.24000107023297557
v 0.16499712965261745 1.1050018501823087 0.2499989244026064
v 0.21500288048017216 1.1050018501823087 0.24000107023297557
v 0.16499712965261745 1.1050018501823087 0.24000107023297557
v 0.16499712965261745 1.0750000476837158 0.24000107023297557
v 0.21500288048017216 1.0750000476837158 0.24000107023297557
v 0.21500288048017216 1.0750000476837158 0.2499989244026064
v 0.16499712965261745 1.0750000476837158 0.2499989244026064
f 662 663 664
f 662 664 665
f 666 667 668
f 666 668 669
f 670 671 672
f 670 672 673
f 674 675 676
f 677 678 679
f 680 681 682
f 683 684 685
f 686 687 688
f 686 688 689
o pieza_16
usemtl material_16
v -0.10000000149011612 1.0840032842411245 0.29000426722697226
v 0.10000000149011612 1.0840032842411245 0.29000426722697226
v 0.10000000149011612 1.0960031623458988 0.29000426722697226
v -0.10000000149011612 1.0960031623458988 0.29000426722697226
v 0.10000000149011612 1.0840032842411245 0.12999571966000587
v -0.10000000149011612 1.0840032842411245 0.12999571966000587
v -0.10000000149011612 1.0960031623458988 0.12999571966000587
v 0.10000000149011612 1.0960031623458988 0.12999571966000587
v -0.10000000149011612 1.0840032842411245 0.12999571966000587
v -0.10000000149011612 1.0840032842411245 0.29000426722697226
v -0.10000000149011612 1.0960031623458988 0.29000426722697226
v -0.10000000149011612 1.0960031623458988 0.12999571966000587
v 0.10000000149011612 1.0840032842411245 0.29000426722697226
v 0.10000000149011612 1.0840032842411245 0.12999571966000587
v 0.10000000149011612 1.0960031623458988 0.12999571966000587
v 0.10000000149011612 1.0840032842411245 0.29000426722697226
v 0.10000000149011612 1.0960031623458988 0.12999571966000587
v 0.10000000149011612 1.0960031623458988 0.29000426722697226
v -0.10000000149011612 1.0960031623458988 0.29000426722697226
v 0.10000000149011612 1.0960031623458988 0.29000426722697226
v 0.10000000149011612 1.0960031623458988 0.12999571966000587
v -0.10000000149011612 1.0960031623458988 0.29000426722697226
v 0.10000000149011612 1.0960031623458988 0.12999571966000587
v -0.10000000149011612 1.0960031623458988 0.12999571966000587
v -0.10000000149011612 1.0840032842411245 0.12999571966000587
v 0.10000000149011612 1.0840032842411245 0.12999571966000587
v 0.10000000149011612 1.0840032842411245 0.29000426722697226
v -0.10000000149011612 1.0840032842411245 0.29000426722697226
f 690 691 692
f 690 692 693
f 694 695 696
f 694 696 697
f 698 699 700
f 698 700 701
f 702 703 704
f 705 706 707
f 708 709 710
f 711 712 713
f 714 715 716
f 714 716 717
o pieza_17
usemtl material_17
v -0.10000000149011612 1.1139968758010739 0.29000426722697226
v 0.10000000149011612 1.1139968758010739 0.29000426722697226
v 0.10000000149011612 1.1259967539058482 0.29000426722697226
v -0.10000000149011612 1.1259967539058482 0.29000426722697226
v 0.10000000149011612 1.1139968758010739 0.12999571966000587
v -0.10000000149011612 1.1139968758010739 0.12999571966000587
v -0.10000000149011612 1.1259967539058482 0.12999571966000587
v 0.10000000149011612 1.1259967539058482 0.12999571966000587
v -0.10000000149011612 1.1139968758010739 0.12999571966000587
v -0.10000000149011612 1.1139968758010739 0.29000426722697226
v -0.10000000149011612 1.1259967539058482 0.29000426722697226
v -0.10000000149011612 1.1259967539058482 0.12999571966000587
v 0.10000000149011612 1.1139968758010739 0.29000426722697226
v 0.10000000149011612 1.1139968758010739 0.12999571966000587
v 0.10000000149011612 1.1259967539058482 0.12999571966000587
v 0.10000000149011612 1.1139968758010739 0.29000426722697226
v 0.10000000149011612 1.1259967539058482 0.12999571966000587
v 0.10000000149011612 1.1259967539058482 0.29000426722697226
v -0.10000000149011612 1.1259967539058482 0.29000426722697226
v 0.10000000149011612 1.1259967539058482 0.29000426722697226
v 0.10000000149011612 1.1259967539058482 0.12999571966000587
v -0.10000000149011612 1.1259967539058482 0.29000426722697226
v 0.10000000149011612 1.1259967539058482 0.12999571966000587
v -0.10000000149011612 1.1259967539058482 0.12999571966000587
v -0.10000000149011612 1.1139968758010739 0.12999571966000587
v 0.10000000149011612 1.1139968758010739 0.12999571966000587
v 0.10000000149011612 1.1139968758010739 0.29000426722697226
v -0.10000000149011612 1.1139968758010739 0.29000426722697226
f 718 719 720
f 718 720 721
f 722 723 724
f 722 724 725
f 726 727 728
f 726 728 729
f 730 731 732
f 733 734 735
f 736 737 738
f 739 740 741
f 742 743 744
f 742 744 745
o pieza_18
usemtl material_18
v -0.2584174057169738 1.1182303813363081 0.688940854452883
v -0.2596189271117294 1.1700000149011611 0.6956595659255982
v -0.30393422386013935 1.1700000149011611 0.6878374164372911
v -0.3027572233101747 1.1182303813363081 0.681143225809367
v -0.2248728900429803 1.1700000149011611 0.4986897499312477
v -0.2596189271117294 1.1700000149011611 0.6956595659255982
v -0.2584174057169738 1.1182303813363081 0.688940854452883
v -0.26920657742498344 1.1700000149011611 0.49089212128773163
v -0.3027572233101747 1.1182303813363081 0.681143225809367
v -0.30393422386013935 1.1700000149011611 0.6878374164372911
v -0.25495996660145254 1.069997879632547 0.6692751369305564
v -0.2584174057169738 1.1182303813363081 0.688940854452883
v -0.3027572233101747 1.1182303813363081 0.681143225809367
v -0.2992752633498625 1.069997879632547 0.6614529874422495
v -0.2584174057169738 1.1182303813363081 0.688940854452883
v -0.25495996660145254 1.069997879632547 0.6692751369305564
v -0.2992752633498625 1.069997879632547 0.6614529874422495
v -0.3027572233101747 1.1182303813363081 0.681143225809367
v -0.2494427765234931 1.028576042569467 0.6379804087661308
v -0.25495996660145254 1.069997879632547 0.6692751369305564
v -0.2992752633498625 1.069997879632547 0.6614529874422495
v -0.2937519430607053 1.028576042569467 0.6301582592778239
v -0.25495996660145254 1.069997879632547 0.6692751369305564
v -0.2494427765234931 1.028576042569467 0.6379804087661308
v -0.2937519430607053 1.028576042569467 0.6301582592778239
v -0.2992752633498625 1.069997879632547 0.6614529874422495
v -0.24225816899975033 0.9967908975092228 0.5971777230340217
v -0.2494427765234931 1.028576042569467 0.6379804087661308
v -0.2937519430607053 1.028576042569467 0.6301582592778239
v -0.2865673355369625 0.9967908975092228 0.589373964179308
v -0.2494427765234931 1.028576042569467 0.6379804087661308
v -0.24225816899975033 0.9967908975092228 0.5971777230340217
v -0.2865673355369625 0.9967908975092228 0.589373964179308
v -0.2937519430607053 1.028576042569467 0.6301582592778239
v -0.23387204008125195 0.976806409004614 0.5496747164627909
v -0.24225816899975033 0.9967908975092228 0.5971777230340217
v -0.2865673355369625 0.9967908975092228 0.589373964179308
v -0.2781812066184641 0.976806409004614 0.5418464367632861
v -0.24225816899975033 0.9967908975092228 0.5971777230340217
v -0.23387204008125195 0.976806409004614 0.5496747164627909
v -0.2781812066184641 0.976806409004614 0.5418464367632861
v -0.2865673355369625 0.9967908975092228 0.589373964179308
v -0.2248728900429803 0.9699896141527352 0.4986897499312477
v -0.23387204008125195 0.976806409004614 0.5496747164627909
v -0.2781812066184641 0.976806409004614 0.5418464367632861
v -0.26920657742498344 0.9699896141527352 0.49089212128773163
v -0.23387204008125195 0.976806409004614 0.5496747164627909
v -0.2248728900429803 0.9699896141527352 0.4986897499312477
v -0.26920657742498344 0.9699896141527352 0.49089212128773163
v -0.2781812066184641 0.976806409004614 0.5418464367632861
v -0.21589826084949956 0.976806409004614 0.4477354344556932
v -0.2248728900429803 0.9699896141527352 0.4986897499312477
v -0.26920657742498344 0.9699896141527352 0.49089212128773163
v -0.26020742738671176 0.976806409004614 0.4399071547561885
v -0.2248728900429803 0.9699896141527352 0.4986897499312477
v -0.21589826084949956 0.976806409004614 0.4477354344556932
v -0.26020742738671176 0.976806409004614 0.4399071547561885
v -0.26920657742498344 0.9699896141527352 0.49089212128773163
v -0.2075121319310012 0.9967908975092228 0.40020790703967135
v -0.21589826084949956 0.976806409004614 0.4477354344556932
v -0.26020742738671176 0.976806409004614 0.4399071547561885
v -0.2518212984682134 0.9967908975092228 0.39240414818495756
v -0.21589826084949956 0.976806409004614 0.4477354344556932
v -0.2075121319310012 0.9967908975092228 0.40020790703967135
v -0.2518212984682134 0.9967908975092228 0.39240414818495756
v -0.26020742738671176 0.976806409004614 0.4399071547561885
v -0.20032752440725843 1.028576042569467 0.35942361194115546
v -0.2075121319310012 0.9967908975092228 0.40020790703967135
v -0.2518212984682134 0.9967908975092228 0.39240414818495756
v -0.24463669094447063 1.028576042569467 0.3516014624528485
v -0.2075121319310012 0.9967908975092228 0.40020790703967135
v -0.20032752440725843 1.028576042569467 0.35942361194115546
v -0.24463669094447063 1.028576042569467 0.3516014624528485
v -0.2518212984682134 0.9967908975092228 0.39240414818495756
v -0.19480420411810123 1.069997879632547 0.3281288837767299
v -0.20032752440725843 1.028576042569467 0.35942361194115546
v -0.24463669094447063 1.028576042569467 0.3516014624528485
v -0.23911950086651118 1.069997879632547 0.32030673428842293
v -0.20032752440725843 1.028576042569467 0.35942361194115546
v -0.19480420411810123 1.069997879632547 0.3281288837767299
v -0.23911950086651118 1.069997879632547 0.32030673428842293
v -0.24463669094447063 1.028576042569467 0.3516014624528485
v -0.19132224415778903 1.1182303813363081 0.3084386454096123
v -0.19480420411810123 1.069997879632547 0.3281288837767299
v -0.23911950086651118 1.069997879632547 0.32030673428842293
v -0.23566206175098992 1.1182303813363081 0.3006410167660963
v -0.19480420411810123 1.069997879632547 0.3281288837767299
v -0.19132224415778903 1.1182303813363081 0.3084386454096123
v -0.23566206175098992 1.1182303813363081 0.3006410167660963
v -0.23911950086651118 1.069997879632547 0.32030673428842293
v -0.19014524360782437 1.1700000149011611 0.3017444547816882
v -0.19132224415778903 1.1182303813363081 0.3084386454096123
v -0.23566206175098992 1.1182303813363081 0.3006410167660963
v -0.2344605403562343 1.1700000149011611 0.2939223052933812
v -0.19132224415778903 1.1182303813363081 0.3084386454096123
v -0.19014524360782437 1.1700000149011611 0.3017444547816882
v -0.2344605403562343 1.1700000149011611 0.2939223052933812
v -0.23566206175098992 1.1182303813363081 0.3006410167660963
v -0.19132224415778903 1.221769648466014 0.3084386454096123
v -0.19014524360782437 1.1700000149011611 0.3017444547816882
v -0.2344605403562343 1.1700000149011611 0.2939223052933812
v -0.23566206175098992 1.221769648466014 0.3006410167660963
v -0.19014524360782437 1.1700000149011611 0.3017444547816882
v -0.19132224415778903 1.221769648466014 0.3084386454096123
v -0.23566206175098992 1.221769648466014 0.3006410167660963
v -0.2344605403562343 1.1700000149011611 0.2939223052933812
v -0.19480420411810123 1.2700021501697751 0.3281288837767299
v -0.19132224415778903 1.221769648466014 0.3084386454096123
v -0.23566206175098992 1.221769648466014 0.3006410167660963
v -0.23911950086651118 1.2700021501697751 0.32030673428842293
v -0.19132224415778903 1.221769648466014 0.3084386454096123
v -0.19480420411810123 1.2700021501697751 0.3281288837767299
v -0.23911950086651118 1.2700021501697751 0.32030673428842293
v -0.23566206175098992 1.221769648466014 0.3006410167660963
v -0.20032752440725843 1.3114239872328552 0.35942361194115546
v -0.19480420411810123 1.2700021501697751 0.3281288837767299
v -0.23911950086651118 1.2700021501697751 0.32030673428842293
v -0.24463669094447063 1.3114239872328552 0.3516014624528485
v -0.19480420411810123 1.2700021501697751 0.3281288837767299
v -0.20032752440725843 1.3114239872328552 0.35942361194115546
v -0.24463669094447063 1.3114239872328552 0.3516014624528485
v -0.23911950086651118 1.2700021501697751 0.32030673428842293
v -0.2075121319310012 1.3432091322930995 0.40020790703967135
v -0.20032752440725843 1.3114239872328552 0.35942361194115546
v -0.24463669094447063 1.3114239872328552 0.3516014624528485
v -0.2518212984682134 1.3432091322930995 0.39240414818495756
v -0.20032752440725843 1.3114239872328552 0.35942361194115546
v -0.2075121319310012 1.3432091322930995 0.40020790703967135
v -0.2518212984682134 1.3432091322930995 0.39240414818495756
v -0.24463669094447063 1.3114239872328552 0.3516014624528485
v -0.21589826084949956 1.3631936207977082 0.4477354344556932
v -0.2075121319310012 1.3432091322930995 0.40020790703967135
v -0.2518212984682134 1.3432091322930995 0.39240414818495756
v -0.26020742738671176 1.3631936207977082 0.4399071547561885
v -0.2075121319310012 1.3432091322930995 0.40020790703967135
v -0.21589826084949956 1.3631936207977082 0.4477354344556932
v -0.26020742738671176 1.3631936207977082 0.4399071547561885
v -0.2518212984682134 1.3432091322930995 0.39240414818495756
v -0.2248728900429803 1.370010415649587 0.4986897499312477
v -0.21589826084949956 1.3631936207977082 0.4477354344556932
v -0.26020742738671176 1.3631936207977082 0.4399071547561885
v -0.26920657742498344 1.370010415649587 0.49089212128773163
v -0.21589826084949956 1.3631936207977082 0.4477354344556932
v -0.2248728900429803 1.370010415649587 0.4986897499312477
v -0.26920657742498344 1.370010415649587 0.49089212128773163
v -0.26020742738671176 1.3631936207977082 0.4399071547561885
v -0.23387204008125195 1.3631936207977082 0.5496747164627909
v -0.2248728900429803 1.370010415649587 0.4986897499312477
v -0.26920657742498344 1.370010415649587 0.49089212128773163
v -0.2781812066184641 1.3631936207977082 0.5418464367632861
v -0.2248728900429803 1.370010415649587 0.4986897499312477
v -0.23387204008125195 1.3631936207977082 0.5496747164627909
v -0.2781812066184641 1.3631936207977082 0.5418464367632861
v -0.26920657742498344 1.370010415649587 0.49089212128773163
v -0.24225816899975033 1.3432091322930995 0.5971777230340217
v -0.23387204008125195 1.3631936207977082 0.5496747164627909
v -0.2781812066184641 1.3631936207977082 0.5418464367632861
v -0.2865673355369625 1.3432091322930995 0.589373964179308
v -0.23387204008125195 1.3631936207977082 0.5496747164627909
v -0.24225816899975033 1.3432091322930995 0.5971777230340217
v -0.2865673355369625 1.3432091322930995 0.589373964179308
v -0.2781812066184641 1.3631936207977082 0.5418464367632861
v -0.2494427765234931 1.3114239872328552 0.6379804087661308
v -0.24225816899975033 1.3432091322930995 0.5971777230340217
v -0.2865673355369625 1.3432091322930995 0.589373964179308
v -0.2937519430607053 1.3114239872328552 0.6301582592778239
v -0.24225816899975033 1.3432091322930995 0.5971777230340217
v -0.2494427765234931 1.3114239872328552 0.6379804087661308
v -0.2937519430607053 1.3114239872328552 0.6301582592778239
v -0.2865673355369625 1.3432091322930995 0.589373964179308
v -0.25495996660145254 1.2700021501697751 0.6692751369305564
v -0.2494427765234931 1.3114239872328552 0.6379804087661308
v -0.2937519430607053 1.3114239872328552 0.6301582592778239
v -0.2992752633498625 1.2700021501697751 0.6614529874422495
v -0.2494427765234931 1.3114239872328552 0.6379804087661308
v -0.25495996660145254 1.2700021501697751 0.6692751369305564
v -0.2992752633498625 1.2700021501697751 0.6614529874422495
v -0.2937519430607053 1.3114239872328552 0.6301582592778239
v -0.2584174057169738 1.221769648466014 0.688940854452883
v -0.25495996660145254 1.2700021501697751 0.6692751369305564
v -0.2992752633498625 1.2700021501697751 0.6614529874422495
v -0.3027572233101747 1.221769648466014 0.681143225809367
v -0.25495996660145254 1.2700021501697751 0.6692751369305564
v -0.2584174057169738 1.221769648466014 0.688940854452883
v -0.3027572233101747 1.221769648466014 0.681143225809367
v -0.2992752633498625 1.2700021501697751 0.6614529874422495
v -0.2596189271117294 1.1700000149011611 0.6956595659255982
v -0.2584174057169738 1.221769648466014 0.688940854452883
v -0.3027572233101747 1.221769648466014 0.681143225809367
v -0.30393422386013935 1.1700000149011611 0.6878374164372911
v -0.2584174057169738 1.221769648466014 0.688940854452883
v -0.2596189271117294 1.1700000149011611 0.6956595659255982
v -0.30393422386013935 1.1700000149011611 0.6878374164372911
v -0.3027572233101747 1.221769648466014 0.681143225809367
f 746 747 748
f 746 748 749
f 750 751 752
f 753 754 755
f 756 757 758
f 756 758 759
f 750 760 761
f 753 762 763
f 764 765 766
f 764 766 767
f 750 768 769
f 753 770 771
f 772 773 774
f 772 774 775
f 750 776 777
f 753 778 779
f 780 781 782
f 780 782 783
f 750 784 785
f 753 786 787
f 788 789 790
f 788 790 791
f 750 792 793
f 753 794 795
f 796 797 798
f 796 798 799
f 750 800 801
f 753 802 803
f 804 805 806
f 804 806 807
f 750 808 809
f 753 810 811
f 812 813 814
f 812 814 815
f 750 816 817
f 753 818 819
f 820 821 822
f 820 822 823
f 750 824 825
f 753 826 827
f 828 829 830
f 828 830 831
f 750 832 833
f 753 834 835
f 836 837 838
f 836 838 839
f 750 840 841
f 753 842 843
f 844 845 846
f 844 846 847
f 750 848 849
f 753 850 851
f 852 853 854
f 852 854 855
f 750 856 857
f 753 858 859
f 860 861 862
f 860 862 863
f 750 864 865
f 753 866 867
f 868 869 870
f 868 870 871
f 750 872 873
f 753 874 875
f 876 877 878
f 876 878 879
f 750 880 881
f 753 882 883
f 884 885 886
f 884 886 887
f 750 888 889
f 753 890 891
f 892 893 894
f 892 894 895
f 750 896 897
f 753 898 899
f 900 901 902
f 900 902 903
f 750 904 905
f 753 906 907
f 908 909 910
f 908 910 911
f 750 912 913
f 753 914 915
f 916 917 918
f 916 918 919
f 750 920 921
f 753 922 923
f 924 925 926
f 924 926 927
f 750 928 929
f 753 930 931
f 932 933 934
f 932 934 935
f 750 936 937
f 753 938 939
o pieza_19
usemtl material_19
v -0.2797943263601164 1.1156462123771682 0.6949974250436168
v -0.281050468260063 1.1699999850988387 0.702047201012705
v -0.2987646326042085 1.1699999850988387 0.6989196640373277
v -0.2975341262532403 1.1156462123771682 0.6918698880682395
v -0.24457108206365358 1.1699999850988387 0.49522600074138917
v -0.281050468260063 1.1699999850988387 0.702047201012705
v -0.2797943263601164 1.1156462123771682 0.6949974250436168
v -0.2623108819567775 1.1699999850988387 0.4920984637660118
v -0.2975341262532403 1.1156462123771682 0.6918698880682395
v -0.2987646326042085 1.1699999850988387 0.6989196640373277
v -0.27615407840516903 1.0650160031446252 0.6743351725669435
v -0.2797943263601164 1.1156462123771682 0.6949974250436168
v -0.2975341262532403 1.1156462123771682 0.6918698880682395
v -0.29389387829829294 1.0650160031446252 0.6712076355915662
v -0.2797943263601164 1.1156462123771682 0.6949974250436168
v -0.27615407840516903 1.0650160031446252 0.6743351725669435
v -0.29389387829829294 1.0650160031446252 0.6712076355915662
v -0.2975341262532403 1.1156462123771682 0.6918698880682395
v -0.27036044433602735 1.0215060676408614 0.6414639898892583
v -0.27615407840516903 1.0650160031446252 0.6743351725669435
v -0.29389387829829294 1.0650160031446252 0.6712076355915662
v -0.2880746086801728 1.0215060676408614 0.638336452913881
v -0.27615407840516903 1.0650160031446252 0.6743351725669435
v -0.27036044433602735 1.0215060676408614 0.6414639898892583
v -0.2880746086801728 1.0215060676408614 0.638336452913881
v -0.29389387829829294 1.0650160031446252 0.6712076355915662
v -0.26279795738736905 0.988122173983606 0.5986205786589356
v -0.27036044433602735 1.0215060676408614 0.6414639898892583
v -0.2880746086801728 1.0215060676408614 0.638336452913881
v -0.28053775728049296 0.988122173983606 0.5954930416835582
v -0.27036044433602735 1.0215060676408614 0.6414639898892583
v -0.26279795738736905 0.988122173983606 0.5986205786589356
v -0.28053775728049296 0.988122173983606 0.5954930416835582
v -0.2880746086801728 1.0215060676408614 0.638336452913881
v -0.2540049640877426 0.9671522949191907 0.5487594358957476
v -0.26279795738736905 0.988122173983606 0.5986205786589356
v -0.28053775728049296 0.988122173983606 0.5954930416835582
v -0.27174476398086655 0.9671522949191907 0.5456254900331257
v -0.26279795738736905 0.988122173983606 0.5986205786589356
v -0.2540049640877426 0.9671522949191907 0.5487594358957476
v -0.27174476398086655 0.9671522949191907 0.5456254900331257
v -0.28053775728049296 0.988122173983606 0.5954930416835582
v -0.24457108206365358 0.9599999767541885 0.49522600074138917
v -0.2540049640877426 0.9671522949191907 0.5487594358957476
v -0.27174476398086655 0.9671522949191907 0.5456254900331257
v -0.2623108819567775 0.9599999767541885 0.4920984637660118
v -0.2540049640877426 0.9671522949191907 0.5487594358957476
v -0.24457108206365358 0.9599999767541885 0.49522600074138917
v -0.2623108819567775 0.9599999767541885 0.4920984637660118
v -0.27174476398086655 0.9671522949191907 0.5456254900331257
v -0.23513720003956454 0.9671522949191907 0.4416989744742753
v -0.24457108206365358 0.9599999767541885 0.49522600074138917
v -0.2623108819567775 0.9599999767541885 0.4920984637660118
v -0.2528769999326885 0.9671522949191907 0.43856502861165336
v -0.24457108206365358 0.9599999767541885 0.49522600074138917
v -0.23513720003956454 0.9671522949191907 0.4416989744742753
v -0.2528769999326885 0.9671522949191907 0.43856502861165336
v -0.2623108819567775 0.9599999767541885 0.4920984637660118
v -0.22634420673993808 0.988122173983606 0.39183142282384276
v -0.23513720003956454 0.9671522949191907 0.4416989744742753
v -0.2528769999326885 0.9671522949191907 0.43856502861165336
v -0.244084006633062 0.988122173983606 0.38870388584846544
v -0.23513720003956454 0.9671522949191907 0.4416989744742753
v -0.22634420673993808 0.988122173983606 0.39183142282384276
v -0.244084006633062 0.988122173983606 0.38870388584846544
v -0.2528769999326885 0.9671522949191907 0.43856502861165336
v -0.21880735534025825 1.0215060676408614 0.34898801159352
v -0.22634420673993808 0.988122173983606 0.39183142282384276
v -0.244084006633062 0.988122173983606 0.38870388584846544
v -0.23652151968440369 1.0215060676408614 0.3458604746181426
v -0.22634420673993808 0.988122173983606 0.39183142282384276
v -0.21880735534025825 1.0215060676408614 0.34898801159352
v -0.23652151968440369 1.0215060676408614 0.3458604746181426
v -0.244084006633062 0.988122173983606 0.38870388584846544
v -0.21298808572213812 1.0650160031446252 0.31611682891583476
v -0.21880735534025825 1.0215060676408614 0.34898801159352
v -0.23652151968440369 1.0215060676408614 0.3458604746181426
v -0.23072788561526206 1.0650160031446252 0.31298929194045744
v -0.21880735534025825 1.0215060676408614 0.34898801159352
v -0.21298808572213812 1.0650160031446252 0.31611682891583476
v -0.23072788561526206 1.0650160031446252 0.31298929194045744
v -0.23652151968440369 1.0215060676408614 0.3458604746181426
v -0.20934783776719074 1.1156462123771682 0.2954545764391615
v -0.21298808572213812 1.0650160031446252 0.31611682891583476
v -0.23072788561526206 1.0650160031446252 0.31298929194045744
v -0.22708763766031465 1.1156462123771682 0.29232703946378413
v -0.21298808572213812 1.0650160031446252 0.31611682891583476
v -0.20934783776719074 1.1156462123771682 0.2954545764391615
v -0.22708763766031465 1.1156462123771682 0.29232703946378413
v -0.23072788561526206 1.0650160031446252 0.31298929194045744
v -0.2081173314162226 1.1699999850988387 0.2884048004700732
v -0.20934783776719074 1.1156462123771682 0.2954545764391615
v -0.22708763766031465 1.1156462123771682 0.29232703946378413
v -0.225831495760368 1.1699999850988387 0.2852772634946959
v -0.20934783776719074 1.1156462123771682 0.2954545764391615
v -0.2081173314162226 1.1699999850988387 0.2884048004700732
v -0.225831495760368 1.1699999850988387 0.2852772634946959
v -0.22708763766031465 1.1156462123771682 0.29232703946378413
v -0.20934783776719074 1.2243537578205093 0.2954545764391615
v -0.2081173314162226 1.1699999850988387 0.2884048004700732
v -0.225831495760368 1.1699999850988387 0.2852772634946959
v -0.22708763766031465 1.2243537578205093 0.29232703946378413
v -0.2081173314162226 1.1699999850988387 0.2884048004700732
v -0.20934783776719074 1.2243537578205093 0.2954545764391615
v -0.22708763766031465 1.2243537578205093 0.29232703946378413
v -0.225831495760368 1.1699999850988387 0.2852772634946959
v -0.21298808572213812 1.2749839670530523 0.31611682891583476
v -0.20934783776719074 1.2243537578205093 0.2954545764391615
v -0.22708763766031465 1.2243537578205093 0.29232703946378413
v -0.23072788561526206 1.2749839670530523 0.31298929194045744
v -0.20934783776719074 1.2243537578205093 0.2954545764391615
v -0.21298808572213812 1.2749839670530523 0.31611682891583476
v -0.23072788561526206 1.2749839670530523 0.31298929194045744
v -0.22708763766031465 1.2243537578205093 0.29232703946378413
v -0.21880735534025825 1.318493902556816 0.34898801159352
v -0.21298808572213812 1.2749839670530523 0.31611682891583476
v -0.23072788561526206 1.2749839670530523 0.31298929194045744
v -0.23652151968440369 1.318493902556816 0.3458604746181426
v -0.21298808572213812 1.2749839670530523 0.31611682891583476
v -0.21880735534025825 1.318493902556816 0.34898801159352
v -0.23652151968440369 1.318493902556816 0.3458604746181426
v -0.23072788561526206 1.2749839670530523 0.31298929194045744
v -0.22634420673993808 1.3518777962140716 0.39183142282384276
v -0.21880735534025825 1.318493902556816 0.34898801159352
v -0.23652151968440369 1.318493902556816 0.3458604746181426
v -0.244084006633062 1.3518777962140716 0.38870388584846544
v -0.21880735534025825 1.318493902556816 0.34898801159352
v -0.22634420673993808 1.3518777962140716 0.39183142282384276
v -0.244084006633062 1.3518777962140716 0.38870388584846544
v -0.23652151968440369 1.318493902556816 0.3458604746181426
v -0.23513720003956454 1.3728476752784866 0.4416989744742753
v -0.22634420673993808 1.3518777962140716 0.39183142282384276
v -0.244084006633062 1.3518777962140716 0.38870388584846544
v -0.2528769999326885 1.3728476752784866 0.43856502861165336
v -0.22634420673993808 1.3518777962140716 0.39183142282384276
v -0.23513720003956454 1.3728476752784866 0.4416989744742753
v -0.2528769999326885 1.3728476752784866 0.43856502861165336
v -0.244084006633062 1.3518777962140716 0.38870388584846544
v -0.24457108206365358 1.379999993443489 0.49522600074138917
v -0.23513720003956454 1.3728476752784866 0.4416989744742753
v -0.2528769999326885 1.3728476752784866 0.43856502861165336
v -0.2623108819567775 1.379999993443489 0.4920984637660118
v -0.23513720003956454 1.3728476752784866 0.4416989744742753
v -0.24457108206365358 1.379999993443489 0.49522600074138917
v -0.2623108819567775 1.379999993443489 0.4920984637660118
v -0.2528769999326885 1.3728476752784866 0.43856502861165336
v -0.2540049640877426 1.3728476752784866 0.5487594358957476
v -0.24457108206365358 1.379999993443489 0.49522600074138917
v -0.2623108819567775 1.379999993443489 0.4920984637660118
v -0.27174476398086655 1.3728476752784866 0.5456254900331257
v -0.24457108206365358 1.379999993443489 0.49522600074138917
v -0.2540049640877426 1.3728476752784866 0.5487594358957476
v -0.27174476398086655 1.3728476752784866 0.5456254900331257
v -0.2623108819567775 1.379999993443489 0.4920984637660118
v -0.26279795738736905 1.3518777962140716 0.5986205786589356
v -0.2540049640877426 1.3728476752784866 0.5487594358957476
v -0.27174476398086655 1.3728476752784866 0.5456254900331257
v -0.28053775728049296 1.3518777962140716 0.5954930416835582
v -0.2540049640877426 1.3728476752784866 0.5487594358957476
v -0.26279795738736905 1.3518777962140716 0.5986205786589356
v -0.28053775728049296 1.3518777962140716 0.5954930416835582
v -0.27174476398086655 1.3728476752784866 0.5456254900331257
v -0.27036044433602735 1.318493902556816 0.6414639898892583
v -0.26279795738736905 1.3518777962140716 0.5986205786589356
v -0.28053775728049296 1.3518777962140716 0.5954930416835582
v -0.2880746086801728 1.318493902556816 0.638336452913881
v -0.26279795738736905 1.3518777962140716 0.5986205786589356
v -0.27036044433602735 1.318493902556816 0.6414639898892583
v -0.2880746086801728 1.318493902556816 0.638336452913881
v -0.28053775728049296 1.3518777962140716 0.5954930416835582
v -0.27615407840516903 1.2749839670530523 0.6743351725669435
v -0.27036044433602735 1.318493902556816 0.6414639898892583
v -0.2880746086801728 1.318493902556816 0.638336452913881
v -0.29389387829829294 1.2749839670530523 0.6712076355915662
v -0.27036044433602735 1.318493902556816 0.6414639898892583
v -0.27615407840516903 1.2749839670530523 0.6743351725669435
v -0.29389387829829294 1.2749839670530523 0.6712076355915662
v -0.2880746086801728 1.318493902556816 0.638336452913881
v -0.2797943263601164 1.2243537578205093 0.6949974250436168
v -0.27615407840516903 1.2749839670530523 0.6743351725669435
v -0.29389387829829294 1.2749839670530523 0.6712076355915662
v -0.2975341262532403 1.2243537578205093 0.6918698880682395
v -0.27615407840516903 1.2749839670530523 0.6743351725669435
v -0.2797943263601164 1.2243537578205093 0.6949974250436168
v -0.2975341262532403 1.2243537578205093 0.6918698880682395
v -0.29389387829829294 1.2749839670530523 0.6712076355915662
v -0.281050468260063 1.1699999850988387 0.702047201012705
v -0.2797943263601164 1.2243537578205093 0.6949974250436168
v -0.2975341262532403 1.2243537578205093 0.6918698880682395
v -0.2987646326042085 1.1699999850988387 0.6989196640373277
v -0.2797943263601164 1.2243537578205093 0.6949974250436168
v -0.281050468260063 1.1699999850988387 0.702047201012705
v -0.2987646326042085 1.1699999850988387 0.6989196640373277
v -0.2975341262532403 1.2243537578205093 0.6918698880682395
f 940 941 942
f 940 942 943
f 944 945 946
f 947 948 949
f 950 951 952
f 950 952 953
f 944 954 955
f 947 956 957
f 958 959 960
f 958 960 961
f 944 962 963
f 947 964 965
f 966 967 968
f 966 968 969
f 944 970 971
f 947 972 973
f 974 975 976
f 974 976 977
f 944 978 979
f 947 980 981
f 982 983 984
f 982 984 985
f 944 986 987
f 947 988 989
f 990 991 992
f 990 992 993
f 944 994 995
f 947 996 997
f 998 999 1000
f 998 1000 1001
f 944 1002 1003
f 947 1004 1005
f 1006 1007 1008
f 1006 1008 1009
f 944 1010 1011
f 947 1012 1013
f 1014 1015 1016
f 1014 1016 1017
f 944 1018 1019
f 947 1020 1021
f 1022 1023 1024
f 1022 1024 1025
f 944 1026 1027
f 947 1028 1029
f 1030 1031 1032
f 1030 1032 1033
f 944 1034 1035
f 947 1036 1037
f 1038 1039 1040
f 1038 1040 1041
f 944 1042 1043
f 947 1044 1045
f 1046 1047 1048
f 1046 1048 1049
f 944 1050 1051
f 947 1052 1053
f 1054 1055 1056
f 1054 1056 1057
f 944 1058 1059
f 947 1060 1061
f 1062 1063 1064
f 1062 1064 1065
f 944 1066 1067
f 947 1068 1069
f 1070 1071 1072
f 1070 1072 1073
f 944 1074 1075
f 947 1076 1077
f 1078 1079 1080
f 1078 1080 1081
f 944 1082 1083
f 947 1084 1085
f 1086 1087 1088
f 1086 1088 1089
f 944 1090 1091
f 947 1092 1093
f 1094 1095 1096
f 1094 1096 1097
f 944 1098 1099
f 947 1100 1101
f 1102 1103 1104
f 1102 1104 1105
f 944 1106 1107
f 947 1108 1109
f 1110 1111 1112
f 1110 1112 1113
f 944 1114 1115
f 947 1116 1117
f 1118 1119 1120
f 1118 1120 1121
f 944 1122 1123
f 947 1124 1125
f 1126 1127 1128
f 1126 1128 1129
f 944 1130 1131
f 947 1132 1133
o pieza_20
usemtl material_20
v -0.2872460281246781 1.146705548591248 0.5759810627267621
v -0.28778437447496025 1.1700000149011611 0.5789914076242583
v -0.2995950342005382 1.1700000149011611 0.5769149288445985
v -0.2990676745104659 1.146705548591248 0.5738935972868925
v -0.27215035699635803 1.1700000149011611 0.4903647663765319
v -0.28778437447496025 1.1700000149011611 0.5789914076242583
v -0.2872460281246781 1.146705548591248 0.5759810627267621
v -0.2839720033821458 1.1700000149011611 0.48827730093666233
v -0.2990676745104659 1.146705548591248 0.5738935972868925
v -0.2995950342005382 1.1700000149011611 0.5769149288445985
v -0.28568592237488083 1.1249931613515518 0.5671258145976311
v -0.2872460281246781 1.146705548591248 0.5759810627267621
v -0.2990676745104659 1.146705548591248 0.5738935972868925
v -0.2975075687606686 1.1249931613515518 0.5650383491577615
v -0.2872460281246781 1.146705548591248 0.5759810627267621
v -0.28568592237488083 1.1249931613515518 0.5671258145976311
v -0.2975075687606686 1.1249931613515518 0.5650383491577615
v -0.2990676745104659 1.146705548591248 0.5738935972868925
v -0.283202937167457 1.1063597856356633 0.5530381695435638
v -0.28568592237488083 1.1249931613515518 0.5671258145976311
v -0.2975075687606686 1.1249931613515518 0.5650383491577615
v -0.2950245835532448 1.1063597856356633 0.5509507041036943
v -0.28568592237488083 1.1249931613515518 0.5671258145976311
v -0.283202937167457 1.1063597856356633 0.5530381695435638
v -0.2950245835532448 1.1063597856356633 0.5509507041036943
v -0.2975075687606686 1.1249931613515518 0.5650383491577615
v -0.2799618724055542 1.0920524073773992 0.5346794603329214
v -0.283202937167457 1.1063597856356633 0.5530381695435638
v -0.2950245835532448 1.1063597856356633 0.5509507041036943
v -0.291783518791342 1.0920524073773992 0.5325892482279992
v -0.283202937167457 1.1063597856356633 0.5530381695435638
v -0.2799618724055542 1.0920524073773992 0.5346794603329214
v -0.291783518791342 1.0920524073773992 0.5325892482279992
v -0.2950245835532448 1.1063597856356633 0.5509507041036943
v -0.27619344795357914 1.0830653193257502 0.5133076595597301
v -0.2799618724055542 1.0920524073773992 0.5346794603329214
v -0.291783518791342 1.0920524073773992 0.5325892482279992
v -0.2880150943393669 1.0830653193257502 0.5112174474548081
v -0.2799618724055542 1.0920524073773992 0.5346794603329214
v -0.27619344795357914 1.0830653193257502 0.5133076595597301
v -0.2880150943393669 1.0830653193257502 0.5112174474548081
v -0.291783518791342 1.0920524073773992 0.5325892482279992
v -0.27215035699635803 1.0800000411272048 0.4903647663765319
v -0.27619344795357914 1.0830653193257502 0.5133076595597301
v -0.2880150943393669 1.0830653193257502 0.5112174474548081
v -0.2839720033821458 1.0800000411272048 0.48827730093666233
v -0.27619344795357914 1.0830653193257502 0.5133076595597301
v -0.27215035699635803 1.0800000411272048 0.4903647663765319
v -0.2839720033821458 1.0800000411272048 0.48827730093666233
v -0.2880150943393669 1.0830653193257502 0.5112174474548081
v -0.2681072660391369 1.0830653193257502 0.4674246198583861
v -0.27215035699635803 1.0800000411272048 0.4903647663765319
v -0.2839720033821458 1.0800000411272048 0.48827730093666233
v -0.2799289124249247 1.0830653193257502 0.4653344077534641
v -0.27215035699635803 1.0800000411272048 0.4903647663765319
v -0.2681072660391369 1.0830653193257502 0.4674246198583861
v -0.2799289124249247 1.0830653193257502 0.4653344077534641
v -0.2839720033821458 1.0800000411272048 0.48827730093666233
v -0.2643388415871618 1.0920524073773992 0.446052819085195
v -0.2681072660391369 1.0830653193257502 0.4674246198583861
v -0.2799289124249247 1.0830653193257502 0.4653344077534641
v -0.2761604879729496 1.0920524073773992 0.44396260698027296
v -0.2681072660391369 1.0830653193257502 0.4674246198583861
v -0.2643388415871618 1.0920524073773992 0.446052819085195
v -0.2761604879729496 1.0920524073773992 0.44396260698027296
v -0.2799289124249247 1.0830653193257502 0.4653344077534641
v -0.26109777682525903 1.1063597856356633 0.4276913632095
v -0.2643388415871618 1.0920524073773992 0.446052819085195
v -0.2761604879729496 1.0920524073773992 0.44396260698027296
v -0.27291942321104684 1.1063597856356633 0.4256038977696304
v -0.2643388415871618 1.0920524073773992 0.446052819085195
v -0.26109777682525903 1.1063597856356633 0.4276913632095
v -0.27291942321104684 1.1063597856356633 0.4256038977696304
v -0.2761604879729496 1.0920524073773992 0.44396260698027296
v -0.25861479161783524 1.1249931613515518 0.41360371815543273
v -0.26109777682525903 1.1063597856356633 0.4276913632095
v -0.27291942321104684 1.1063597856356633 0.4256038977696304
v -0.270436438003623 1.1249931613515518 0.41151625271556314
v -0.26109777682525903 1.1063597856356633 0.4276913632095
v -0.25861479161783524 1.1249931613515518 0.41360371815543273
v -0.270436438003623 1.1249931613515518 0.41151625271556314
v -0.27291942321104684 1.1063597856356633 0.4256038977696304
v -0.2570546858680379 1.146705548591248 0.40474847002630177
v -0.25861479161783524 1.1249931613515518 0.41360371815543273
v -0.270436438003623 1.1249931613515518 0.41151625271556314
v -0.26887633225382573 1.146705548591248 0.40266100458643217
v -0.25861479161783524 1.1249931613515518 0.41360371815543273
v -0.2570546858680379 1.146705548591248 0.40474847002630177
v -0.26887633225382573 1.146705548591248 0.40266100458643217
v -0.270436438003623 1.1249931613515518 0.41151625271556314
v -0.25652732617796564 1.1700000149011611 0.40172713846859576
v -0.2570546858680379 1.146705548591248 0.40474847002630177
v -0.26887633225382573 1.146705548591248 0.40266100458643217
v -0.2683379859035436 1.1700000149011611 0.39965065968893604
v -0.2570546858680379 1.146705548591248 0.40474847002630177
v -0.25652732617796564 1.1700000149011611 0.40172713846859576
v -0.2683379859035436 1.1700000149011611 0.39965065968893604
v -0.26887633225382573 1.146705548591248 0.40266100458643217
v -0.2570546858680379 1.1932944812110742 0.40474847002630177
v -0.25652732617796564 1.1700000149011611 0.40172713846859576
v -0.2683379859035436 1.1700000149011611 0.39965065968893604
v -0.26887633225382573 1.1932944812110742 0.40266100458643217
v -0.25652732617796564 1.1700000149011611 0.40172713846859576
v -0.2570546858680379 1.1932944812110742 0.40474847002630177
v -0.26887633225382573 1.1932944812110742 0.40266100458643217
v -0.2683379859035436 1.1700000149011611 0.39965065968893604
v -0.25861479161783524 1.2150068684507704 0.41360371815543273
v -0.2570546858680379 1.1932944812110742 0.40474847002630177
v -0.26887633225382573 1.1932944812110742 0.40266100458643217
v -0.270436438003623 1.2150068684507704 0.41151625271556314
v -0.2570546858680379 1.1932944812110742 0.40474847002630177
v -0.25861479161783524 1.2150068684507704 0.41360371815543273
v -0.270436438003623 1.2150068684507704 0.41151625271556314
v -0.26887633225382573 1.1932944812110742 0.40266100458643217
v -0.26109777682525903 1.233640244166659 0.4276913632095
v -0.25861479161783524 1.2150068684507704 0.41360371815543273
v -0.270436438003623 1.2150068684507704 0.41151625271556314
v -0.27291942321104684 1.233640244166659 0.4256038977696304
v -0.25861479161783524 1.2150068684507704 0.41360371815543273
v -0.26109777682525903 1.233640244166659 0.4276913632095
v -0.27291942321104684 1.233640244166659 0.4256038977696304
v -0.270436438003623 1.2150068684507704 0.41151625271556314
v -0.2643388415871618 1.247947622424923 0.446052819085195
v -0.26109777682525903 1.233640244166659 0.4276913632095
v -0.27291942321104684 1.233640244166659 0.4256038977696304
v -0.2761604879729496 1.247947622424923 0.44396260698027296
v -0.26109777682525903 1.233640244166659 0.4276913632095
v -0.2643388415871618 1.247947622424923 0.446052819085195
v -0.2761604879729496 1.247947622424923 0.44396260698027296
v -0.27291942321104684 1.233640244166659 0.4256038977696304
v -0.2681072660391369 1.256934710476572 0.4674246198583861
v -0.2643388415871618 1.247947622424923 0.446052819085195
v -0.2761604879729496 1.247947622424923 0.44396260698027296
v -0.2799289124249247 1.256934710476572 0.4653344077534641
v -0.2643388415871618 1.247947622424923 0.446052819085195
v -0.2681072660391369 1.256934710476572 0.4674246198583861
v -0.2799289124249247 1.256934710476572 0.4653344077534641
v -0.2761604879729496 1.247947622424923 0.44396260698027296
v -0.27215035699635803 1.2599999886751174 0.4903647663765319
v -0.2681072660391369 1.256934710476572 0.4674246198583861
v -0.2799289124249247 1.256934710476572 0.4653344077534641
v -0.2839720033821458 1.2599999886751174 0.48827730093666233
v -0.2681072660391369 1.256934710476572 0.4674246198583861
v -0.27215035699635803 1.2599999886751174 0.4903647663765319
v -0.2839720033821458 1.2599999886751174 0.48827730093666233
v -0.2799289124249247 1.256934710476572 0.4653344077534641
v -0.27619344795357914 1.256934710476572 0.5133076595597301
v -0.27215035699635803 1.2599999886751174 0.4903647663765319
v -0.2839720033821458 1.2599999886751174 0.48827730093666233
v -0.2880150943393669 1.256934710476572 0.5112174474548081
v -0.27215035699635803 1.2599999886751174 0.4903647663765319
v -0.27619344795357914 1.256934710476572 0.5133076595597301
v -0.2880150943393669 1.256934710476572 0.5112174474548081
v -0.2839720033821458 1.2599999886751174 0.48827730093666233
v -0.2799618724055542 1.247947622424923 0.5346794603329214
v -0.27619344795357914 1.256934710476572 0.5133076595597301
v -0.2880150943393669 1.256934710476572 0.5112174474548081
v -0.291783518791342 1.247947622424923 0.5325892482279992
v -0.27619344795357914 1.256934710476572 0.5133076595597301
v -0.2799618724055542 1.247947622424923 0.5346794603329214
v -0.291783518791342 1.247947622424923 0.5325892482279992
v -0.2880150943393669 1.256934710476572 0.5112174474548081
v -0.283202937167457 1.233640244166659 0.5530381695435638
v -0.2799618724055542 1.247947622424923 0.5346794603329214
v -0.291783518791342 1.247947622424923 0.5325892482279992
v -0.2950245835532448 1.233640244166659 0.5509507041036943
v -0.2799618724055542 1.247947622424923 0.5346794603329214
v -0.283202937167457 1.233640244166659 0.5530381695435638
v -0.2950245835532448 1.233640244166659 0.5509507041036943
v -0.291783518791342 1.247947622424923 0.5325892482279992
v -0.28568592237488083 1.2150068684507704 0.5671258145976311
v -0.283202937167457 1.233640244166659 0.5530381695435638
v -0.2950245835532448 1.233640244166659 0.5509507041036943
v -0.2975075687606686 1.2150068684507704 0.5650383491577615
v -0.283202937167457 1.233640244166659 0.5530381695435638
v -0.28568592237488083 1.2150068684507704 0.5671258145976311
v -0.2975075687606686 1.2150068684507704 0.5650383491577615
v -0.2950245835532448 1.233640244166659 0.5509507041036943
v -0.2872460281246781 1.1932944812110742 0.5759810627267621
v -0.28568592237488083 1.2150068684507704 0.5671258145976311
v -0.2975075687606686 1.2150068684507704 0.5650383491577615
v -0.2990676745104659 1.1932944812110742 0.5738935972868925
v -0.28568592237488083 1.2150068684507704 0.5671258145976311
v -0.2872460281246781 1.1932944812110742 0.5759810627267621
v -0.2990676745104659 1.1932944812110742 0.5738935972868925
v -0.2975075687606686 1.2150068684507704 0.5650383491577615
v -0.28778437447496025 1.1700000149011611 0.5789914076242583
v -0.2872460281246781 1.1932944812110742 0.5759810627267621
v -0.2990676745104659 1.1932944812110742 0.5738935972868925
v -0.2995950342005382 1.1700000149011611 0.5769149288445985
v -0.2872460281246781 1.1932944812110742 0.5759810627267621
v -0.28778437447496025 1.1700000149011611 0.5789914076242583
v -0.2995950342005382 1.1700000149011611 0.5769149288445985
v -0.2990676745104659 1.1932944812110742 0.5738935972868925
f 1134 1135 1136
f 1134 1136 1137
f 1138 1139 1140
f 1141 1142 1143
f 1144 1145 1146
f 1144 1146 1147
f 1138 1148 1149
f 1141 1150 1151
f 1152 1153 1154
f 1152 1154 1155
f 1138 1156 1157
f 1141 1158 1159
f 1160 1161 1162
f 1160 1162 1163
f 1138 1164 1165
f 1141 1166 1167
f 1168 1169 1170
f 1168 1170 1171
f 1138 1172 1173
f 1141 1174 1175
f 1176 1177 1178
f 1176 1178 1179
f 1138 1180 1181
f 1141 1182 1183
f 1184 1185 1186
f 1184 1186 1187
f 1138 1188 1189
f 1141 1190 1191
f 1192 1193 1194
f 1192 1194 1195
f 1138 1196 1197
f 1141 1198 1199
f 1200 1201 1202
f 1200 1202 1203
f 1138 1204 1205
f 1141 1206 1207
f 1208 1209 1210
f 1208 1210 1211
f 1138 1212 1213
f 1141 1214 1215
f 1216 1217 1218
f 1216 1218 1219
f 1138 1220 1221
f 1141 1222 1223
f 1224 1225 1226
f 1224 1226 1227
f 1138 1228 1229
f 1141 1230 1231
f 1232 1233 1234
f 1232 1234 1235
f 1138 1236 1237
f 1141 1238 1239
f 1240 1241 1242
f 1240 1242 1243
f 1138 1244 1245
f 1141 1246 1247
f 1248 1249 1250
f 1248 1250 1251
f 1138 1252 1253
f 1141 1254 1255
f 1256 1257 1258
f 1256 1258 1259
f 1138 1260 1261
f 1141 1262 1263
f 1264 1265 1266
f 1264 1266 1267
f 1138 1268 1269
f 1141 1270 1271
f 1272 1273 1274
f 1272 1274 1275
f 1138 1276 1277
f 1141 1278 1279
f 1280 1281 1282
f 1280 1282 1283
f 1138 1284 1285
f 1141 1286 1287
f 1288 1289 1290
f 1288 1290 1291
f 1138 1292 1293
f 1141 1294 1295
f 1296 1297 1298
f 1296 1298 1299
f 1138 1300 1301
f 1141 1302 1303
f 1304 1305 1306
f 1304 1306 1307
f 1138 1308 1309
f 1141 1310 1311
f 1312 1313 1314
f 1312 1314 1315
f 1138 1316 1317
f 1141 1318 1319
f 1320 1321 1322
f 1320 1322 1323
f 1138 1324 1325
f 1141 1326 1327
o pieza_21
usemtl material_21
v -0.26322507140588114 1.1609988088234788 0.45699169781458876
v -0.2636440903801284 1.1699999571591615 0.4593661386686568
v -0.327651178599062 1.1699999571591615 0.44808172490385795
v -0.32723215962481467 1.1609988088234788 0.44570728404978993
v -0.2605169672945421 1.1699999571591615 0.4416412480774643
v -0.2636440903801284 1.1699999571591615 0.4593661386686568
v -0.26322507140588114 1.1609988088234788 0.45699169781458876
v -0.32452405551347563 1.1699999571591615 0.43035877421532404
v -0.32723215962481467 1.1609988088234788 0.44570728404978993
v -0.327651178599062 1.1699999571591615 0.44808172490385795
v -0.26207664903201816 1.154410899395035 0.45050272342173125
v -0.26322507140588114 1.1609988088234788 0.45699169781458876
v -0.32723215962481467 1.1609988088234788 0.44570728404978993
v -0.3260914968615859 1.154410899395035 0.439220249559591
v -0.26322507140588114 1.1609988088234788 0.45699169781458876
v -0.26207664903201816 1.154410899395035 0.45050272342173125
v -0.3260914968615859 1.154410899395035 0.439220249559591
v -0.32723215962481467 1.1609988088234788 0.44570728404978993
v -0.2605169672945421 1.1520034801957717 0.4416412480774643
v -0.26207664903201816 1.154410899395035 0.45050272342173125
v -0.3260914968615859 1.154410899395035 0.439220249559591
v -0.32452405551347563 1.1520034801957717 0.43035877421532404
v -0.26207664903201816 1.154410899395035 0.45050272342173125
v -0.2605169672945421 1.1520034801957717 0.4416412480774643
v -0.32452405551347563 1.1520034801957717 0.43035877421532404
v -0.3260914968615859 1.154410899395035 0.439220249559591
v -0.25894952594643184 1.154410899395035 0.43277977273319734
v -0.2605169672945421 1.1520034801957717 0.4416412480774643
v -0.32452405551347563 1.1520034801957717 0.43035877421532404
v -0.32296437377599957 1.154410899395035 0.4214972988710571
v -0.2605169672945421 1.1520034801957717 0.4416412480774643
v -0.25894952594643184 1.154410899395035 0.43277977273319734
v -0.32296437377599957 1.154410899395035 0.4214972988710571
v -0.32452405551347563 1.1520034801957717 0.43035877421532404
v -0.25780886318320306 1.1609988088234788 0.4262927382429984
v -0.25894952594643184 1.154410899395035 0.43277977273319734
v -0.32296437377599957 1.154410899395035 0.4214972988710571
v -0.32182371101277085 1.1609988088234788 0.4150083244781996
v -0.25894952594643184 1.154410899395035 0.43277977273319734
v -0.25780886318320306 1.1609988088234788 0.4262927382429984
v -0.32182371101277085 1.1609988088234788 0.4150083244781996
v -0.32296437377599957 1.154410899395035 0.4214972988710571
v -0.2573898442089558 1.1699999571591615 0.4239182973889304
v -0.25780886318320306 1.1609988088234788 0.4262927382429984
v -0.32182371101277085 1.1609988088234788 0.4150083244781996
v -0.3214046920385235 1.1699999571591615 0.41262612401349735
v -0.25780886318320306 1.1609988088234788 0.4262927382429984
v -0.2573898442089558 1.1699999571591615 0.4239182973889304
v -0.3214046920385235 1.1699999571591615 0.41262612401349735
v -0.32182371101277085 1.1609988088234788 0.4150083244781996
v -0.25780886318320306 1.1790011054948442 0.4262927382429984
v -0.2573898442089558 1.1699999571591615 0.4239182973889304
v -0.3214046920385235 1.1699999571591615 0.41262612401349735
v -0.32182371101277085 1.1790011054948442 0.4150083244781996
v -0.2573898442089558 1.1699999571591615 0.4239182973889304
v -0.25780886318320306 1.1790011054948442 0.4262927382429984
v -0.32182371101277085 1.1790011054948442 0.4150083244781996
v -0.3214046920385235 1.1699999571591615 0.41262612401349735
v -0.25894952594643184 1.185589014923288 0.43277977273319734
v -0.25780886318320306 1.1790011054948442 0.4262927382429984
v -0.32182371101277085 1.1790011054948442 0.4150083244781996
v -0.32296437377599957 1.185589014923288 0.4214972988710571
v -0.25780886318320306 1.1790011054948442 0.4262927382429984
v -0.25894952594643184 1.185589014923288 0.43277977273319734
v -0.32296437377599957 1.185589014923288 0.4214972988710571
v -0.32182371101277085 1.1790011054948442 0.4150083244781996
v -0.2605169672945421 1.1879964341225513 0.4416412480774643
v -0.25894952594643184 1.185589014923288 0.43277977273319734
v -0.32296437377599957 1.185589014923288 0.4214972988710571
v -0.32452405551347563 1.1879964341225513 0.43035877421532404
v -0.25894952594643184 1.185589014923288 0.43277977273319734
v -0.2605169672945421 1.1879964341225513 0.4416412480774643
v -0.32452405551347563 1.1879964341225513 0.43035877421532404
v -0.32296437377599957 1.185589014923288 0.4214972988710571
v -0.26207664903201816 1.185589014923288 0.45050272342173125
v -0.2605169672945421 1.1879964341225513 0.4416412480774643
v -0.32452405551347563 1.1879964341225513 0.43035877421532404
v -0.3260914968615859 1.185589014923288 0.439220249559591
v -0.2605169672945421 1.1879964341225513 0.4416412480774643
v -0.26207664903201816 1.185589014923288 0.45050272342173125
v -0.3260914968615859 1.185589014923288 0.439220249559591
v -0.32452405551347563 1.1879964341225513 0.43035877421532404
v -0.26322507140588114 1.1790011054948442 0.45699169781458876
v -0.26207664903201816 1.185589014923288 0.45050272342173125
v -0.3260914968615859 1.185589014923288 0.439220249559591
v -0.32723215962481467 1.1790011054948442 0.44570728404978993
v -0.26207664903201816 1.185589014923288 0.45050272342173125
v -0.26322507140588114 1.1790011054948442 0.45699169781458876
v -0.32723215962481467 1.1790011054948442 0.44570728404978993
v -0.3260914968615859 1.185589014923288 0.439220249559591
v -0.2636440903801284 1.1699999571591615 0.4593661386686568
v -0.26322507140588114 1.1790011054948442 0.45699169781458876
v -0.32723215962481467 1.1790011054948442 0.44570728404978993
v -0.327651178599062 1.1699999571591615 0.44808172490385795
v -0.26322507140588114 1.1790011054948442 0.45699169781458876
v -0.2636440903801284 1.1699999571591615 0.4593661386686568
v -0.327651178599062 1.1699999571591615 0.44808172490385795
v -0.32723215962481467 1.1790011054948442 0.44570728404978993
f 1328 1329 1330
f 1328 1330 1331
f 1332 1333 1334
f 1335 1336 1337
f 1338 1339 1340
f 1338 1340 1341
f 1332 1342 1343
f 1335 1344 1345
f 1346 1347 1348
f 1346 1348 1349
f 1332 1350 1351
f 1335 1352 1353
f 1354 1355 1356
f 1354 1356 1357
f 1332 1358 1359
f 1335 1360 1361
f 1362 1363 1364
f 1362 1364 1365
f 1332 1366 1367
f 1335 1368 1369
f 1370 1371 1372
f 1370 1372 1373
f 1332 1374 1375
f 1335 1376 1377
f 1378 1379 1380
f 1378 1380 1381
f 1332 1382 1383
f 1335 1384 1385
f 1386 1387 1388
f 1386 1388 1389
f 1332 1390 1391
f 1335 1392 1393
f 1394 1395 1396
f 1394 1396 1397
f 1332 1398 1399
f 1335 1400 1401
f 1402 1403 1404
f 1402 1404 1405
f 1332 1406 1407
f 1335 1408 1409
f 1410 1411 1412
f 1410 1412 1413
f 1332 1414 1415
f 1335 1416 1417
f 1418 1419 1420
f 1418 1420 1421
f 1332 1422 1423
f 1335 1424 1425
o pieza_22
usemtl material_22
v -0.3830063009608522 1.1779690772804945 0.4281395255739402
v -0.3837279447498337 1.1751988962840816 0.4286439002651638
v -0.3803835525664895 1.1785898461312312 0.42923363067336373
v -0.38062410049615 1.1751988962840816 0.43062260097688715
v -0.2716597681652666 1.1785898461312312 0.44840762855049476
v -0.27190031609492704 1.1751988962840816 0.44978883924338403
v -0.268819750673146 1.1779690772804945 0.4482757151697132
v -0.2683153759819224 1.1751988962840816 0.44898959934806043
v -0.3837279447498337 1.1648010180342414 0.4286439002651638
v -0.38062410049615 1.1648010180342414 0.43062260097688715
v -0.27190031609492704 1.1648010180342414 0.44978883924338403
v -0.2683153759819224 1.1648010180342414 0.44898959934806043
v -0.3830063009608522 1.1620308370378285 0.4281395255739402
v -0.3803835525664895 1.1614100681870918 0.42923363067336373
v -0.2716597681652666 1.1614100681870918 0.44840762855049476
v -0.268819750673146 1.1620308370378285 0.4482757151697132
v -0.2660495696767333 1.1779690772804945 0.43257026324607367
v -0.26532792588775184 1.1751988962840816 0.43206588855485006
v -0.26867231807109604 1.1785898461312312 0.4314761581466502
v -0.26843177014143554 1.1751988962840816 0.4300949474537609
v -0.3773961024723189 1.1785898461312312 0.4123079799774948
v -0.3771555545426584 1.1751988962840816 0.41092676928460553
v -0.3802361199644395 1.1779690772804945 0.41243989335827635
v -0.3807404946556631 1.1751988962840816 0.41171824956929487
v -0.26532792588775184 1.1648010180342414 0.43206588855485006
v -0.26843177014143554 1.1648010180342414 0.4300949474537609
v -0.3771555545426584 1.1648010180342414 0.41092676928460553
v -0.3807404946556631 1.1648010180342414 0.41171824956929487
v -0.2660495696767333 1.1620308370378285 0.43257026324607367
v -0.26867231807109604 1.1614100681870918 0.4314761581466502
v -0.3773961024723189 1.1614100681870918 0.4123079799774948
v -0.3802361199644395 1.1620308370378285 0.41243989335827635
v -0.26867231807109604 1.1785898461312312 0.4314761581466502
v -0.26591765629595177 1.1785898461312312 0.43541028073819427
v -0.2692620484792959 1.1800020952666572 0.43482055032999434
v -0.26772564557372247 1.1785898461312312 0.4456529667753505
v -0.2710700377570667 1.1800020952666572 0.44506323636715056
v -0.2716597681652666 1.1785898461312312 0.44840762855049476
v -0.3773961024723189 1.1785898461312312 0.4123079799774948
v -0.37798583288051885 1.1800020952666572 0.41565237216083895
v -0.3797938221582896 1.1800020952666572 0.42588923849001953
v -0.3803835525664895 1.1785898461312312 0.42923363067336373
v -0.3802361199644395 1.1779690772804945 0.41243989335827635
v -0.38133022506386305 1.1785898461312312 0.41506264175263907
v -0.38313821434163375 1.1785898461312312 0.4253072676924538
v -0.3830063009608522 1.1779690772804945 0.4281395255739402
v -0.3802361199644395 1.1620308370378285 0.41243989335827635
v -0.3773961024723189 1.1614100681870918 0.4123079799774948
v -0.38133022506386305 1.1614100681870918 0.41506264175263907
v -0.37798583288051885 1.1599978190516658 0.41565237216083895
v -0.38313821434163375 1.1614100681870918 0.4253072676924538
v -0.3797938221582896 1.1599978190516658 0.42588923849001953
v -0.3830063009608522 1.1620308370378285 0.4281395255739402
v -0.3803835525664895 1.1614100681870918 0.42923363067336373
v -0.26867231807109604 1.1614100681870918 0.4314761581466502
v -0.2692620484792959 1.1599978190516658 0.43482055032999434
v -0.2710700377570667 1.1599978190516658 0.44506323636715056
v -0.2716597681652666 1.1614100681870918 0.44840762855049476
v -0.26591765629595177 1.1614100681870918 0.43541028073819427
v -0.26772564557372247 1.1614100681870918 0.4456529667753505
v -0.3802361199644395 1.1779690772804945 0.41243989335827635
v -0.3807404946556631 1.1751988962840816 0.41171824956929487
v -0.38133022506386305 1.1785898461312312 0.41506264175263907
v -0.38271143575675226 1.1751988962840816 0.41481433421234437
v -0.38313821434163375 1.1785898461312312 0.4253072676924538
v -0.384519425034523 1.1751988962840816 0.4250589601521591
v -0.3830063009608522 1.1779690772804945 0.4281395255739402
v -0.3837279447498337 1.1751988962840816 0.4286439002651638
v -0.3807404946556631 1.1648010180342414 0.41171824956929487
v -0.38271143575675226 1.1648010180342414 0.41481433421234437
v -0.384519425034523 1.1648010180342414 0.4250589601521591
v -0.3837279447498337 1.1648010180342414 0.4286439002651638
v -0.3802361199644395 1.1620308370378285 0.41243989335827635
v -0.38133022506386305 1.1614100681870918 0.41506264175263907
v -0.38313821434163375 1.1614100681870918 0.4253072676924538
v -0.3830063009608522 1.1620308370378285 0.4281395255739402
v -0.268819750673146 1.1779690772804945 0.4482757151697132
v -0.2683153759819224 1.1751988962840816 0.44898959934806043
v -0.26772564557372247 1.1785898461312312 0.4456529667753505
v -0.26634443488083326 1.1751988962840816 0.445893514705011
v -0.26591765629595177 1.1785898461312312 0.43541028073819427
v -0.2645364456030625 1.1751988962840816 0.43565082866785476
v -0.2660495696767333 1.1779690772804945 0.43257026324607367
v -0.26532792588775184 1.1751988962840816 0.43206588855485006
v -0.2683153759819224 1.1648010180342414 0.44898959934806043
v -0.26634443488083326 1.1648010180342414 0.445893514705011
v -0.2645364456030625 1.1648010180342414 0.43565082866785476
v -0.26532792588775184 1.1648010180342414 0.43206588855485006
v -0.268819750673146 1.1620308370378285 0.4482757151697132
v -0.26772564557372247 1.1614100681870918 0.4456529667753505
v -0.26591765629595177 1.1614100681870918 0.43541028073819427
v -0.2660495696767333 1.1620308370378285 0.43257026324607367
f 1426 1427 1428
f 1427 1429 1428
f 1428 1429 1430
f 1429 1431 1430
f 1430 1431 1432
f 1431 1433 1432
f 1427 1434 1429
f 1434 1435 1429
f 1429 1435 1431
f 1435 1436 1431
f 1431 1436 1433
f 1436 1437 1433
f 1434 1438 1435
f 1438 1439 1435
f 1435 1439 1436
f 1439 1440 1436
f 1436 1440 1437
f 1440 1441 1437
f 1442 1443 1444
f 1443 1445 1444
f 1444 1445 1446
f 1445 1447 1446
f 1446 1447 1448
f 1447 1449 1448
f 1443 1450 1445
f 1450 1451 1445
f 1445 1451 1447
f 1451 1452 1447
f 1447 1452 1449
f 1452 1453 1449
f 1450 1454 1451
f 1454 1455 1451
f 1451 1455 1452
f 1455 1456 1452
f 1452 1456 1453
f 1456 1457 1453
f 1442 1458 1459
f 1458 1460 1459
f 1459 1460 1461
f 1460 1462 1461
f 1461 1462 1432
f 1462 1463 1432
f 1458 1464 1460
f 1464 1465 1460
f 1460 1465 1462
f 1465 1466 1462
f 1462 1466 1463
f 1466 1467 1463
f 1464 1468 1465
f 1468 1469 1465
f 1465 1469 1466
f 1469 1470 1466
f 1466 1470 1467
f 1470 1471 1467
f 1472 1473 1474
f 1473 1475 1474
f 1474 1475 1476
f 1475 1477 1476
f 1476 1477 1478
f 1477 1479 1478
f 1473 1480 1475
f 1480 1481 1475
f 1475 1481 1477
f 1481 1482 1477
f 1477 1482 1479
f 1482 1483 1479
f 1480 1454 1481
f 1454 1484 1481
f 1481 1484 1482
f 1484 1485 1482
f 1482 1485 1483
f 1485 1441 1483
f 1486 1487 1488
f 1487 1489 1488
f 1488 1489 1490
f 1489 1491 1490
f 1490 1491 1492
f 1491 1493 1492
f 1487 1494 1489
f 1494 1495 1489
f 1489 1495 1491
f 1495 1496 1491
f 1491 1496 1493
f 1496 1497 1493
f 1494 1498 1495
f 1498 1499 1495
f 1495 1499 1496
f 1499 1500 1496
f 1496 1500 1497
f 1500 1501 1497
f 1502 1503 1504
f 1503 1505 1504
f 1504 1505 1506
f 1505 1507 1506
f 1506 1507 1508
f 1507 1509 1508
f 1503 1510 1505
f 1510 1511 1505
f 1505 1511 1507
f 1511 1512 1507
f 1507 1512 1509
f 1512 1513 1509
f 1510 1514 1511
f 1514 1515 1511
f 1511 1515 1512
f 1515 1516 1512
f 1512 1516 1513
f 1516 1517 1513
