# Recurso CC0 de Poly Haven; geometría original, normales y UV preservadas.
mtllib modern_arm_chair_01.mtl
o modern_arm_chair_01
usemtl modern_arm_chair_01_legs
v -0.2056457 0.8674225 -0.5350847
v -0.2056457 0.8674225 -0.5350847
v -0.2056457 0.8674225 -0.5350847
v -0.2056456 0.8586415 -0.5531405
v -0.2056456 0.8586415 -0.5531405
v -0.2056456 0.8586415 -0.5531405
v -0.3119577 0.3614110 -0.3154564
v -0.3119577 0.3614110 -0.3154564
v -0.3119577 0.3614110 -0.3154564
v -0.3119577 0.3596250 -0.3330995
v -0.3119577 0.3596250 -0.3330995
v -0.3119577 0.3596250 -0.3330995
v 0.2123726 0.8674225 -0.5350848
v 0.2123726 0.8674225 -0.5350848
v 0.2123726 0.8674225 -0.5350848
v 0.2123726 0.8586415 -0.5531405
v 0.2123726 0.8586415 -0.5531405
v 0.2123726 0.8586415 -0.5531405
v 0.3186846 0.3614109 -0.3154564
v 0.3186846 0.3614109 -0.3154564
v 0.3186846 0.3614109 -0.3154564
v 0.3186846 0.3596250 -0.3330995
v 0.3186846 0.3596250 -0.3330995
v 0.3186846 0.3596250 -0.3330995
v -0.2062474 0.8668296 -0.5440404
v -0.2062474 0.8668296 -0.5440404
v -0.3129706 0.3603104 -0.3216384
v -0.3129706 0.3603104 -0.3216384
v 0.2129744 0.8668296 -0.5440404
v 0.2129744 0.8668296 -0.5440404
v 0.3196975 0.3603104 -0.3216384
v 0.3196975 0.3603104 -0.3216384
v -0.2062474 0.8617764 -0.5512662
v -0.2062474 0.8617764 -0.5512662
v 0.2129744 0.8617764 -0.5512662
v 0.2129744 0.8617764 -0.5512662
v 0.3196975 0.3594822 -0.3298544
v 0.3196975 0.3594822 -0.3298544
v -0.3129706 0.3594822 -0.3298544
v -0.3129706 0.3594822 -0.3298544
v -0.2082854 0.8540077 -0.5283843
v -0.2082854 0.8540077 -0.5283843
v -0.2061444 0.8600255 -0.5528453
v -0.2061444 0.8600255 -0.5528453
v -0.2061444 0.8600255 -0.5528453
v -0.2061444 0.8600255 -0.5528453
v -0.3127971 0.3607970 -0.3176262
v -0.3127971 0.3607970 -0.3176262
v -0.2963748 0.3610906 -0.3147278
v -0.2963748 0.3610906 -0.3147278
v 0.3196975 0.3598602 -0.3261034
v 0.3196975 0.3598602 -0.3261034
v 0.2129744 0.8643751 -0.5483253
v 0.2129744 0.8643751 -0.5483253
v 0.2020648 0.8593167 -0.5536132
v 0.2020648 0.8593167 -0.5536132
v -0.1953378 0.8593167 -0.5536132
v -0.1953378 0.8593167 -0.5536132
v -0.2082854 0.8454084 -0.5475088
v -0.2082854 0.8454084 -0.5475088
v 0.2150123 0.8540077 -0.5283843
v 0.2150123 0.8540077 -0.5283843
v 0.2150123 0.8454084 -0.5475088
v 0.2150123 0.8454084 -0.5475088
v -0.2963748 0.3592350 -0.3331050
v -0.2963748 0.3592350 -0.3331050
v -0.1953378 0.8683555 -0.5346004
v -0.1953378 0.8683555 -0.5346004
v -0.1953378 0.8683555 -0.5346004
v 0.3195240 0.3607970 -0.3176262
v 0.3195240 0.3607970 -0.3176262
v 0.2128713 0.8600255 -0.5528453
v 0.2128713 0.8600255 -0.5528453
v 0.2128713 0.8600255 -0.5528453
v 0.2128713 0.8600255 -0.5528453
v 0.3169307 0.3731611 -0.3199594
v 0.3169307 0.3731611 -0.3199594
v -0.3102037 0.3711471 -0.3383594
v -0.3102037 0.3711471 -0.3383594
v 0.2161525 0.8517475 -0.5374461
v 0.2128713 0.8678910 -0.5388560
v 0.2128713 0.8678910 -0.5388560
v -0.2061444 0.8678910 -0.5388560
v -0.2061444 0.8678910 -0.5388560
v -0.3129706 0.3598602 -0.3261034
v -0.3129706 0.3598602 -0.3261034
v 0.3033983 0.3595175 -0.3212901
v -0.2966714 0.3595174 -0.3212901
v -0.2094256 0.8517475 -0.5374461
v -0.1954441 0.8689639 -0.5449647
v -0.3119594 0.3723270 -0.3269165
v 0.2020648 0.8683555 -0.5346004
v 0.2020648 0.8683555 -0.5346004
v 0.2020648 0.8683555 -0.5346004
v 0.3031017 0.3610906 -0.3147278
v 0.3031017 0.3610906 -0.3147278
v 0.3169307 0.3711471 -0.3383594
v 0.3169307 0.3711471 -0.3383594
v 0.3031017 0.3592350 -0.3331050
v 0.3031017 0.3592350 -0.3331050
v 0.2021710 0.8689639 -0.5449647
v -0.2062474 0.8643751 -0.5483253
v -0.2062474 0.8643751 -0.5483253
v 0.3195240 0.3593373 -0.3320917
v 0.3195240 0.3593373 -0.3320917
v 0.3195240 0.3593373 -0.3320917
v -0.3127971 0.3593374 -0.3320918
v -0.3127971 0.3593374 -0.3320918
v -0.3127971 0.3593374 -0.3320918
v 0.3186864 0.3714356 -0.3351254
v 0.2021710 0.8636270 -0.5520676
v -0.3102037 0.3731611 -0.3199594
v -0.3102037 0.3731611 -0.3199594
v 0.2161525 0.8473960 -0.5449585
v -0.2966714 0.3586935 -0.3295065
v -0.2094256 0.8473960 -0.5449585
v -0.1954441 0.8636271 -0.5520676
v -0.3119594 0.3714355 -0.3351254
v 0.3186864 0.3723271 -0.3269165
v 0.3033983 0.3586935 -0.3295065
v -0.3117378 0.3712107 -0.3373494
v -0.3117378 0.3712107 -0.3373494
v -0.1954213 0.8616657 -0.5535768
v -0.1954213 0.8616657 -0.5535768
v -0.1974237 0.8453025 -0.5478286
v 0.3184648 0.3727980 -0.3227928
v 0.2160094 0.8532603 -0.5323833
v -0.3117379 0.3727980 -0.3227928
v -0.2092825 0.8460726 -0.5467430
v -0.2092825 0.8460726 -0.5467430
v -0.2966194 0.3585787 -0.3317780
v -0.1974237 0.8544211 -0.5267749
v 0.2161525 0.8495256 -0.5418175
v 0.3033463 0.3585787 -0.3317780
v 0.3184648 0.3712107 -0.3373494
v 0.3184648 0.3712107 -0.3373494
v -0.2940162 0.3732462 -0.3187860
v -0.3119594 0.3718404 -0.3313824
v 0.2021482 0.8616657 -0.5535768
v 0.2021482 0.8616657 -0.5535768
v -0.2966194 0.3600397 -0.3172266
v -0.2092824 0.8532603 -0.5323833
v -0.1954213 0.8698093 -0.5395826
v -0.1954213 0.8698093 -0.5395826
v 0.2021482 0.8698093 -0.5395826
v 0.2021482 0.8698093 -0.5395826
v 0.3007431 0.3732462 -0.3187860
v -0.2966714 0.3590696 -0.3257551
v -0.2094256 0.8495256 -0.5418175
v 0.3033983 0.3590696 -0.3257551
v 0.3186864 0.3718404 -0.3313824
v -0.1954441 0.8664210 -0.5492113
v -0.2940162 0.3710662 -0.3386840
v 0.3007431 0.3710662 -0.3386839
v 0.2160094 0.8460726 -0.5467430
v 0.2160094 0.8460726 -0.5467430
v 0.2021710 0.8664210 -0.5492113
v 0.2041506 0.8544211 -0.5267749
v 0.3033464 0.3600397 -0.3172266
v 0.2041506 0.8453025 -0.5478286
v 0.3953891 0.0041999 0.4090689
v 0.3953891 0.0041999 0.4090689
v 0.3953891 0.0041999 0.4090689
v 0.3954909 0.0076067 0.4088437
v 0.3954909 0.0076067 0.4088437
v 0.3942306 0.0031009 0.4094621
v 0.3942306 0.0031009 0.4094621
v 0.3954783 0.0034487 0.4086008
v 0.3954783 0.0034487 0.4086008
v 0.3954872 0.0030979 0.4072473
v 0.3954872 0.0030979 0.4072473
v 0.3942130 0.0013558 0.4089563
v 0.3957019 0.0074653 0.4081920
v 0.3957489 0.0073109 0.4067820
v 0.3957213 0.0363846 0.4051819
v 0.3958005 0.0363463 0.4036382
v 0.3954592 0.0364044 0.4059476
v 0.3954592 0.0364044 0.4059476
v 0.3953426 0.1102027 0.3973859
v 0.3954146 0.1101395 0.3956218
v 0.3947865 0.2112595 0.3866991
v 0.3950798 0.1102338 0.3982641
v 0.3950798 0.1102338 0.3982641
v 0.3945310 0.2113185 0.3877203
v 0.3945310 0.2113185 0.3877203
v 0.3937242 0.1102550 0.3989544
v 0.3931802 0.2113608 0.3885129
v 0.3941140 0.0363844 0.4065554
v 0.3849325 0.1102587 0.3995359
v 0.3853279 0.0363653 0.4071211
v 0.3843893 0.2113692 0.3891148
v 0.3708323 0.1102587 0.4002709
v 0.3712276 0.0363653 0.4078560
v 0.3702891 0.2113692 0.3898498
v 0.3620278 0.1102550 0.4006065
v 0.3614833 0.2113608 0.3901651
v 0.3624302 0.0363844 0.4082069
v 0.3606077 0.1102338 0.4000610
v 0.3606077 0.1102338 0.4000610
v 0.3600574 0.2113185 0.3895172
v 0.3600574 0.2113185 0.3895172
v 0.3610292 0.0364044 0.4077422
v 0.3610292 0.0364044 0.4077422
v 0.3602551 0.1102027 0.3992148
v 0.3606889 0.0363846 0.4070079
v 0.3600000 0.1101395 0.3974678
v 0.3596971 0.2112595 0.3885281
v 0.3592681 0.2890612 0.3802979
v 0.3594268 0.2111394 0.3864905
v 0.3589860 0.2888972 0.3780339
v 0.3567483 0.2081230 0.3351041
v 0.3560114 0.2847717 0.3209677
v 0.3577016 0.1085661 0.3533725
v 0.3570718 0.2079560 0.3322389
v 0.3570718 0.2079560 0.3322389
v 0.3580458 0.1084800 0.3509103
v 0.3580458 0.1084800 0.3509103
v 0.3563190 0.2845396 0.3177955
v 0.3563190 0.2845396 0.3177955
v 0.3584283 0.2079200 0.3315551
v 0.3576721 0.2844881 0.3170480
v 0.3594063 0.1084604 0.3503135
v 0.3672206 0.2079134 0.3309822
v 0.3681993 0.1084562 0.3497571
v 0.3664639 0.2844784 0.3164636
v 0.3813209 0.2079134 0.3302473
v 0.3822995 0.1084562 0.3490221
v 0.3805641 0.2844784 0.3157286
v 0.3901252 0.2079201 0.3299029
v 0.3893690 0.2844882 0.3153958
v 0.3911027 0.1084604 0.3486614
v 0.3915454 0.2079560 0.3304420
v 0.3915454 0.2079560 0.3304420
v 0.3925179 0.1084800 0.3491134
v 0.3925179 0.1084800 0.3491134
v 0.3907925 0.2845396 0.3159986
v 0.3907925 0.2845396 0.3159986
v 0.3921650 0.2081230 0.3332581
v 0.3914282 0.2847717 0.3191216
v 0.3931162 0.1085661 0.3515265
v 0.3948435 0.2111394 0.3846444
v 0.3944027 0.2888972 0.3761878
v 0.3942005 0.3242589 0.3723090
v 0.3943575 0.2890612 0.3784689
v 0.3941616 0.3244410 0.3747115
v 0.3941078 0.2891419 0.3796012
v 0.3941078 0.2891419 0.3796012
v 0.3939150 0.3245308 0.3759028
v 0.3939150 0.3245308 0.3759028
v 0.3927611 0.2891997 0.3804734
v 0.3925705 0.3245954 0.3768166
v 0.3839711 0.2892112 0.3810911
v 0.3837809 0.3246083 0.3774425
v 0.3698708 0.2892112 0.3818261
v 0.3696806 0.3246083 0.3781775
v 0.3610642 0.2891997 0.3821256
v 0.3608736 0.3245955 0.3784688
v 0.3596342 0.2891419 0.3813981
v 0.3596342 0.2891419 0.3813981
v 0.3594414 0.3245308 0.3776997
v 0.3594414 0.3245308 0.3776997
v 0.3593751 0.3365297 0.3764282
v 0.3593751 0.3365297 0.3764282
v 0.3590723 0.3244410 0.3765405
v 0.3587838 0.3242589 0.3741551
v 0.3590038 0.3364387 0.3752258
v 0.3587104 0.3362557 0.3727484
v 0.3589697 0.3418731 0.3745724
v 0.3593439 0.3419619 0.3758281
v 0.3593439 0.3419619 0.3758281
v 0.3589379 0.3467615 0.3739637
v 0.3586703 0.3416967 0.3719773
v 0.3586312 0.3465958 0.3712291
v 0.3552898 0.3369392 0.3071237
v 0.3550804 0.3409631 0.3031089
v 0.3554671 0.3315211 0.3105259
v 0.3556022 0.3364388 0.3040445
v 0.3556022 0.3364388 0.3040445
v 0.3557702 0.3311523 0.3072670
v 0.3557702 0.3311523 0.3072670
v 0.3554145 0.3401336 0.3004431
v 0.3554145 0.3401336 0.3004431
v 0.3569655 0.3362539 0.3034913
v 0.3567911 0.3398497 0.3001456
v 0.3571258 0.3310372 0.3065672
v 0.3657604 0.3362089 0.3029669
v 0.3659185 0.3310108 0.3060007
v 0.3655896 0.3397834 0.2996907
v 0.3798606 0.3362089 0.3022319
v 0.3800188 0.3310108 0.3052658
v 0.3796898 0.3397833 0.2989557
v 0.3886624 0.3362539 0.3018391
v 0.3884880 0.3398497 0.2984934
v 0.3888227 0.3310372 0.3049150
v 0.3900758 0.3364388 0.3022476
v 0.3900758 0.3364388 0.3022476
v 0.3902437 0.3311523 0.3054701
v 0.3902437 0.3311523 0.3054701
v 0.3898881 0.3401336 0.2986462
v 0.3898881 0.3401336 0.2986462
v 0.3907066 0.3369392 0.3052776
v 0.3904975 0.3409630 0.3012628
v 0.3908839 0.3315211 0.3086798
v 0.3940870 0.3416967 0.3701313
v 0.3940481 0.3465958 0.3693831
v 0.3941272 0.3362557 0.3709023
v 0.3940590 0.3418731 0.3727433
v 0.3940273 0.3467614 0.3721347
v 0.3938175 0.3419618 0.3740312
v 0.3938175 0.3419618 0.3740312
v 0.3940931 0.3364387 0.3733968
v 0.3938487 0.3365297 0.3746313
v 0.3938487 0.3365297 0.3746313
v 0.3925057 0.3365958 0.3755742
v 0.3924763 0.3420275 0.3750083
v 0.3837164 0.3366090 0.3762056
v 0.3836872 0.3420410 0.3756456
v 0.3696162 0.3366090 0.3769405
v 0.3695870 0.3420410 0.3763806
v 0.3608089 0.3365958 0.3772264
v 0.3607793 0.3420275 0.3766605
v 0.3607528 0.3469119 0.3761508
v 0.3606959 0.3574643 0.3750590
v 0.3593153 0.3468469 0.3752810
v 0.3593153 0.3468469 0.3752810
v 0.3695607 0.3469255 0.3758771
v 0.3695040 0.3574790 0.3747893
v 0.3836610 0.3469255 0.3751422
v 0.3836043 0.3574790 0.3740543
v 0.3924497 0.3469119 0.3744986
v 0.3923928 0.3574643 0.3734069
v 0.3937889 0.3468469 0.3734841
v 0.3937889 0.3468469 0.3734841
v 0.3937307 0.3573979 0.3723658
v 0.3937307 0.3573979 0.3723658
v 0.3935277 0.3953983 0.3684679
v 0.3935277 0.3953983 0.3684679
v 0.3939667 0.3573167 0.3709697
v 0.3939821 0.3571692 0.3681078
v 0.3937652 0.3953255 0.3670903
v 0.3937834 0.3952277 0.3642589
v 0.3936130 0.4252254 0.3641725
v 0.3934608 0.4551254 0.3612548
v 0.3933707 0.4252952 0.3654585
v 0.3933707 0.4252952 0.3654585
v 0.3936412 0.4251342 0.3615384
v 0.3934990 0.4550407 0.3588179
v 0.3888448 0.4405139 0.2784189
v 0.3888448 0.4405139 0.2784189
v 0.3888448 0.4405139 0.2784189
v 0.3888448 0.4405139 0.2784189
v 0.3896097 0.4570511 0.2931511
v 0.3896097 0.4570511 0.2931511
v 0.3853050 0.4318404 0.2107146
v 0.3853050 0.4318404 0.2107146
v 0.3898084 0.3930244 0.2853896
v 0.3898084 0.3930244 0.2853896
v 0.3874135 0.4412033 0.2778344
v 0.3874135 0.4412033 0.2778344
v 0.3786046 0.4413162 0.2781341
v 0.3786046 0.4413162 0.2781341
v 0.3881753 0.4573571 0.2924611
v 0.3839006 0.4326325 0.2104826
v 0.3770516 0.4188834 0.0790859
v 0.3750978 0.4327621 0.2108572
v 0.3682506 0.4190046 0.0794947
v 0.3609975 0.4327621 0.2115922
v 0.3541504 0.4190046 0.0802297
v 0.3645043 0.4413162 0.2788691
v 0.3645043 0.4413162 0.2788691
v 0.3522035 0.4326325 0.2121348
v 0.3453546 0.4188834 0.0807381
v 0.3557119 0.4412032 0.2794867
v 0.3557119 0.4412032 0.2794867
v 0.3508308 0.4318404 0.2125115
v 0.3508308 0.4318404 0.2125115
v 0.3543491 0.4405139 0.2802170
v 0.3543491 0.4405139 0.2802170
v 0.3543491 0.4405139 0.2802170
v 0.3543491 0.4405139 0.2802170
v 0.3439741 0.4181193 0.0809596
v 0.3439741 0.4181193 0.0809596
v 0.3502469 0.3855699 0.2125396
v 0.3431576 0.3715205 0.0765168
v 0.3541154 0.3930244 0.2872501
v 0.3541154 0.3930244 0.2872501
v 0.3502927 0.3438847 0.2112549
v 0.3430159 0.3293809 0.0716492
v 0.3541516 0.3499231 0.2853233
v 0.3541516 0.3499231 0.2853233
v 0.3507602 0.3397765 0.2111513
v 0.3507602 0.3397765 0.2111513
v 0.3546143 0.3461751 0.2850958
v 0.3546143 0.3461751 0.2850958
v 0.3546143 0.3461751 0.2850958
v 0.3546143 0.3461751 0.2850958
v 0.3434680 0.3252220 0.0712509
v 0.3434680 0.3252220 0.0712509
v 0.3521490 0.3390882 0.2110886
v 0.3448555 0.3245231 0.0711620
v 0.3560137 0.3455471 0.2852309
v 0.3560137 0.3455471 0.2852309
v 0.3609477 0.3389863 0.2106354
v 0.3536541 0.3244194 0.0707090
v 0.3648157 0.3454504 0.2848440
v 0.3648157 0.3454504 0.2848440
v 0.3750479 0.3389863 0.2099004
v 0.3677544 0.3244194 0.0699740
v 0.3789160 0.3454504 0.2841090
v 0.3789160 0.3454504 0.2841090
v 0.3838460 0.3390881 0.2094364
v 0.3765524 0.3245231 0.0695098
v 0.3877106 0.3455471 0.2835788
v 0.3877106 0.3455471 0.2835788
v 0.3852338 0.3397765 0.2093544
v 0.3852338 0.3397765 0.2093544
v 0.3890882 0.3461751 0.2832989
v 0.3890882 0.3461751 0.2832989
v 0.3890882 0.3461751 0.2832989
v 0.3890882 0.3461751 0.2832989
v 0.3779416 0.3252220 0.0694540
v 0.3779416 0.3252220 0.0694540
v 0.3857096 0.3438847 0.2094088
v 0.3784327 0.3293809 0.0698031
v 0.3895722 0.3499231 0.2834770
v 0.3895722 0.3499231 0.2834770
v 0.3858887 0.3855700 0.2106818
v 0.3787979 0.3715205 0.0746591
v 0.3690403 0.3521865 -0.1125420
v 0.3784477 0.4181193 0.0791627
v 0.3784477 0.4181193 0.0791627
v 0.3690091 0.3992723 -0.1019209
v 0.3690091 0.3992723 -0.1019209
v 0.3617441 0.3848011 -0.2414530
v 0.3617441 0.3848011 -0.2414530
v 0.3676237 0.3999959 -0.1017927
v 0.3603665 0.3854937 -0.2411650
v 0.3588249 0.4001051 -0.1013392
v 0.3515655 0.3855935 -0.2406760
v 0.3447244 0.4001051 -0.1006041
v 0.3374582 0.3855935 -0.2399406
v 0.3359263 0.3999960 -0.1001405
v 0.3286541 0.3854937 -0.2395119
v 0.3345350 0.3992724 -0.1001240
v 0.3345350 0.3992724 -0.1001240
v 0.3272540 0.3848011 -0.2396552
v 0.3272540 0.3848011 -0.2396552
v 0.3333997 0.3521865 -0.1106843
v 0.3258805 0.3373044 -0.2548613
v 0.3330025 0.3093787 -0.1204575
v 0.3252940 0.2939503 -0.2683377
v 0.3334346 0.3051465 -0.1212408
v 0.3334346 0.3051465 -0.1212408
v 0.3257113 0.2896597 -0.2694093
v 0.3257113 0.2896597 -0.2694093
v 0.3348207 0.3044329 -0.1213551
v 0.3270966 0.2889348 -0.2695411
v 0.3436195 0.3043265 -0.1218050
v 0.3358955 0.2888265 -0.2699882
v 0.3577197 0.3043265 -0.1225399
v 0.3499958 0.2888265 -0.2707232
v 0.3665176 0.3044329 -0.1230073
v 0.3587935 0.2889349 -0.2711933
v 0.3679081 0.3051466 -0.1230378
v 0.3679081 0.3051466 -0.1230378
v 0.3601850 0.2896597 -0.2712063
v 0.3601850 0.2896597 -0.2712063
v 0.3684193 0.3093787 -0.1223035
v 0.3607115 0.2939503 -0.2701838
v 0.3565170 0.2851165 -0.3507482
v 0.3565170 0.2851165 -0.3507482
v 0.3615293 0.3373044 -0.2567195
v 0.3574404 0.3292402 -0.3362688
v 0.3574404 0.3292402 -0.3362688
v 0.3577970 0.3774917 -0.3193291
v 0.3577970 0.3774917 -0.3193291
v 0.3577970 0.3774917 -0.3193291
v 0.3577970 0.3774917 -0.3193291
v 0.3570158 0.3284917 -0.3452048
v 0.3565251 0.3283256 -0.3560739
v 0.3573928 0.3772647 -0.3286190
v 0.3573928 0.3772647 -0.3286190
v 0.3560824 0.2838923 -0.3591511
v 0.3555825 0.2819475 -0.3688614
v 0.3555494 0.2795069 -0.3601534
v 0.3555494 0.2795069 -0.3601534
v 0.3559836 0.2807640 -0.3518175
v 0.3559836 0.2807640 -0.3518175
v 0.3559836 0.2807640 -0.3518175
v 0.3559836 0.2807640 -0.3518175
v 0.3550522 0.2774373 -0.3697018
v 0.3550522 0.2774373 -0.3697018
v 0.3541588 0.2787780 -0.3601110
v 0.3545924 0.2800347 -0.3517921
v 0.3545924 0.2800347 -0.3517921
v 0.3536633 0.2767070 -0.3696159
v 0.3453615 0.2786712 -0.3596318
v 0.3457949 0.2799269 -0.3513165
v 0.3457949 0.2799269 -0.3513165
v 0.3448666 0.2766033 -0.3691275
v 0.3312613 0.2786712 -0.3588969
v 0.3316947 0.2799269 -0.3505814
v 0.3316947 0.2799269 -0.3505814
v 0.3307663 0.2766033 -0.3683925
v 0.3224619 0.2787780 -0.3584589
v 0.3228955 0.2800347 -0.3501399
v 0.3228955 0.2800347 -0.3501399
v 0.3219664 0.2767070 -0.3679636
v 0.3210744 0.2795069 -0.3583564
v 0.3210744 0.2795069 -0.3583564
v 0.3215092 0.2807640 -0.3500206
v 0.3215092 0.2807640 -0.3500206
v 0.3215092 0.2807640 -0.3500206
v 0.3215092 0.2807640 -0.3500206
v 0.3205762 0.2774373 -0.3679047
v 0.3205762 0.2774373 -0.3679047
v 0.3206485 0.2838923 -0.3573042
v 0.3210899 0.2851165 -0.3489016
v 0.3210899 0.2851165 -0.3489016
v 0.3201360 0.2819475 -0.3670138
v 0.3211701 0.3284917 -0.3433363
v 0.3216768 0.3292401 -0.3344047
v 0.3216768 0.3292401 -0.3344047
v 0.3205280 0.3283256 -0.3541976
v 0.3225194 0.3772647 -0.3268012
v 0.3225194 0.3772647 -0.3268012
v 0.3217720 0.3790801 -0.3383048
v 0.3217720 0.3790801 -0.3383048
v 0.3230833 0.3774916 -0.3175197
v 0.3230833 0.3774916 -0.3175197
v 0.3230833 0.3774916 -0.3175197
v 0.3230833 0.3774916 -0.3175197
v 0.3239399 0.3779475 -0.3265016
v 0.3244967 0.3781720 -0.3172566
v 0.3244967 0.3781720 -0.3172566
v 0.3232067 0.3797760 -0.3379127
v 0.3328438 0.3780421 -0.3268946
v 0.3333594 0.3782669 -0.3176582
v 0.3333594 0.3782669 -0.3176582
v 0.3321871 0.3798704 -0.3382827
v 0.3471147 0.3780421 -0.3276385
v 0.3475622 0.3782670 -0.3183986
v 0.3475622 0.3782670 -0.3183986
v 0.3465839 0.3798704 -0.3390332
v 0.3560112 0.3779475 -0.3281732
v 0.3564185 0.3781720 -0.3189206
v 0.3564185 0.3781720 -0.3189206
v 0.3555541 0.3797760 -0.3395989
v 0.3552974 0.3873532 -0.3445331
v 0.3569402 0.3790801 -0.3401377
v 0.3569402 0.3790801 -0.3401377
v 0.3566771 0.3866386 -0.3451985
v 0.3566771 0.3866386 -0.3451985
v 0.3566734 0.4113116 -0.3425256
v 0.3566734 0.4113116 -0.3425256
v 0.3561629 0.3306595 -0.3630117
v 0.3556952 0.3390847 -0.3704675
v 0.3552254 0.2800791 -0.3757112
v 0.3548411 0.2772794 -0.3829530
v 0.3547059 0.2753401 -0.3763461
v 0.3547059 0.2753401 -0.3763461
v 0.3543745 0.2723758 -0.3826924
v 0.3543745 0.2723758 -0.3826924
v 0.3533199 0.2746042 -0.3762049
v 0.3529947 0.2716621 -0.3824444
v 0.3445236 0.2745044 -0.3757060
v 0.3441989 0.2715660 -0.3819361
v 0.3304234 0.2745044 -0.3749711
v 0.3300987 0.2715660 -0.3812013
v 0.3216230 0.2746042 -0.3745528
v 0.3212977 0.2716621 -0.3807922
v 0.3202299 0.2753401 -0.3745489
v 0.3202299 0.2753401 -0.3745489
v 0.3198996 0.2723758 -0.3808955
v 0.3198996 0.2723758 -0.3808955
v 0.3197791 0.2800791 -0.3738637
v 0.3194084 0.2772794 -0.3811062
v 0.3201670 0.3306595 -0.3611353
v 0.3198570 0.3390847 -0.3685994
v 0.3215076 0.3866386 -0.3433653
v 0.3215076 0.3866386 -0.3433653
v 0.3217892 0.4113116 -0.3407073
v 0.3217892 0.4113116 -0.3407073
v 0.3229490 0.3873531 -0.3428469
v 0.3232304 0.4119796 -0.3400297
v 0.3319318 0.3874460 -0.3431782
v 0.3321461 0.4120617 -0.3402716
v 0.3463288 0.3874462 -0.3439287
v 0.3464179 0.4120617 -0.3410154
v 0.3469861 0.4666756 -0.3289986
v 0.3553104 0.4119796 -0.3417018
v 0.3558081 0.4666281 -0.3298694
v 0.3566441 0.5382763 -0.3132148
v 0.3571605 0.4662245 -0.3307913
v 0.3571605 0.4662245 -0.3307913
v 0.3579966 0.5381852 -0.3141744
v 0.3579966 0.5381852 -0.3141744
v 0.3569661 0.4591366 -0.3448147
v 0.3579702 0.5392377 -0.3251018
v 0.3565355 0.4629419 -0.3528680
v 0.3561537 0.4026565 -0.3606308
v 0.3553413 0.3461763 -0.3764469
v 0.3557056 0.4087292 -0.3688449
v 0.3548757 0.3545165 -0.3848217
v 0.3552091 0.4160149 -0.3780885
v 0.3543553 0.3631289 -0.3944860
v 0.3560630 0.4689008 -0.3616911
v 0.3547294 0.4227424 -0.3871320
v 0.3538518 0.3710121 -0.4039750
v 0.3556071 0.4744726 -0.3702891
v 0.3543166 0.4282216 -0.3948488
v 0.3552143 0.4789807 -0.3776254
v 0.3534189 0.3774625 -0.4120723
v 0.3537421 0.4344957 -0.4038855
v 0.3546630 0.4841227 -0.3862176
v 0.3528211 0.3848688 -0.4215535
v 0.3531270 0.4363951 -0.4066123
v 0.3531270 0.4363951 -0.4066123
v 0.3540552 0.4856730 -0.3888059
v 0.3540552 0.4856730 -0.3888059
v 0.3521989 0.3871171 -0.4244188
v 0.3521989 0.3871171 -0.4244188
v 0.3517095 0.4367864 -0.4071003
v 0.3526392 0.4859905 -0.3892637
v 0.3507798 0.3875823 -0.4249369
v 0.3429059 0.4368571 -0.4067420
v 0.3419759 0.3876665 -0.4245843
v 0.3438359 0.4860477 -0.3888997
v 0.3288057 0.4368571 -0.4060070
v 0.3278757 0.3876666 -0.4238492
v 0.3297357 0.4860477 -0.3881648
v 0.3200126 0.4367864 -0.4054481
v 0.3209423 0.4859905 -0.3876115
v 0.3190829 0.3875822 -0.4232846
v 0.3186535 0.4363951 -0.4048154
v 0.3186535 0.4363951 -0.4048154
v 0.3195816 0.4856730 -0.3870089
v 0.3195816 0.4856730 -0.3870089
v 0.3177253 0.3871171 -0.4226219
v 0.3177253 0.3871171 -0.4226219
v 0.3183253 0.4344958 -0.4020394
v 0.3192462 0.4841227 -0.3843715
v 0.3174043 0.3848689 -0.4197074
v 0.3186933 0.4282216 -0.3929920
v 0.3195912 0.4789808 -0.3757685
v 0.3177955 0.3774625 -0.4102155
v 0.3190851 0.4227424 -0.3852741
v 0.3199632 0.4744726 -0.3684312
v 0.3182068 0.3710121 -0.4021170
v 0.3195481 0.4160149 -0.3762297
v 0.3186926 0.3631289 -0.3926271
v 0.3204037 0.4689008 -0.3598323
v 0.3200154 0.4087292 -0.3669845
v 0.3208510 0.4629419 -0.3510080
v 0.3191798 0.3545165 -0.3829611
v 0.3204237 0.4026564 -0.3587683
v 0.3195874 0.3461763 -0.3745831
v 0.3212600 0.4591365 -0.3429534
v 0.3223108 0.5392377 -0.3232431
v 0.3225246 0.4662245 -0.3289859
v 0.3225246 0.4662245 -0.3289859
v 0.3234206 0.5381852 -0.3123722
v 0.3234206 0.5381852 -0.3123722
v 0.3239656 0.4666281 -0.3282096
v 0.3248656 0.5382764 -0.3115584
v 0.3328303 0.4666756 -0.3282606
v 0.3337341 0.5382470 -0.3113174
v 0.3344404 0.5923377 -0.2977888
v 0.3478487 0.5382470 -0.3120531
v 0.3485528 0.5923379 -0.2985244
v 0.3489309 0.6166041 -0.2911901
v 0.3573433 0.5925181 -0.2999995
v 0.3577143 0.6170909 -0.2928064
v 0.3586963 0.5926099 -0.3010349
v 0.3586963 0.5926099 -0.3010349
v 0.3590650 0.6174028 -0.2938797
v 0.3590650 0.6174028 -0.2938797
v 0.3587123 0.5934727 -0.3109062
v 0.3590845 0.6180696 -0.3035045
v 0.3583783 0.5941002 -0.3172729
v 0.3576125 0.5411409 -0.3319577
v 0.3579879 0.5948479 -0.3246650
v 0.3587562 0.6182741 -0.3097742
v 0.3583730 0.6184868 -0.3170707
v 0.3589642 0.6282960 -0.3049783
v 0.3585720 0.6284568 -0.3126237
v 0.3593011 0.6280696 -0.2984122
v 0.3592279 0.6360978 -0.2994372
v 0.3587738 0.6361389 -0.3082222
v 0.3595670 0.6519532 -0.2946395
v 0.3596447 0.6356524 -0.2915820
v 0.3601038 0.6406674 -0.2850808
v 0.3596476 0.6320954 -0.2817982
v 0.3596476 0.6320954 -0.2817982
v 0.3592881 0.6267693 -0.2886618
v 0.3592881 0.6267693 -0.2886618
v 0.3600941 0.6342006 -0.2759104
v 0.3600941 0.6342006 -0.2759104
v 0.3582875 0.6309513 -0.2811992
v 0.3587137 0.6328634 -0.2754771
v 0.3579385 0.6260858 -0.2877401
v 0.3494905 0.6292872 -0.2803566
v 0.3498329 0.6309489 -0.2748826
v 0.3491676 0.6250581 -0.2863705
v 0.3353966 0.6292871 -0.2796219
v 0.3356252 0.6309488 -0.2741419
v 0.3350925 0.6250580 -0.2856370
v 0.3265596 0.6309514 -0.2795455
v 0.3267307 0.6328634 -0.2738100
v 0.3262267 0.6260857 -0.2860872
v 0.3251447 0.6320954 -0.2799996
v 0.3251447 0.6320954 -0.2799996
v 0.3247886 0.6267693 -0.2868636
v 0.3247886 0.6267693 -0.2868636
v 0.3253127 0.6342005 -0.2740974
v 0.3253127 0.6342005 -0.2740974
v 0.3241303 0.6356524 -0.2897308
v 0.3237620 0.6280695 -0.2965596
v 0.3243496 0.6406674 -0.2832173
v 0.3237282 0.6360978 -0.2975867
v 0.3238898 0.6519532 -0.2927799
v 0.3232666 0.6361389 -0.3063714
v 0.3234144 0.6282959 -0.3031253
v 0.3230096 0.6284567 -0.3107701
v 0.3231227 0.6182741 -0.3079167
v 0.3234480 0.6180695 -0.3016469
v 0.3227452 0.6184867 -0.3152137
v 0.3227189 0.5941002 -0.3154142
v 0.3230487 0.5934727 -0.3090473
v 0.3223387 0.5948479 -0.3228067
v 0.3219538 0.5411409 -0.3300989
v 0.3215475 0.5436315 -0.3379817
v 0.3211423 0.5461683 -0.3458349
v 0.3207983 0.5483631 -0.3526128
v 0.3219566 0.5956087 -0.3302179
v 0.3223646 0.6186941 -0.3225363
v 0.3216313 0.5962780 -0.3366363
v 0.3220403 0.6188823 -0.3288790
v 0.3213399 0.5970988 -0.3442036
v 0.3204854 0.5509408 -0.3605959
v 0.3217505 0.6191645 -0.3363460
v 0.3216921 0.5973834 -0.3465195
v 0.3216921 0.5973834 -0.3465195
v 0.3221041 0.6193224 -0.3386167
v 0.3221041 0.6193224 -0.3386167
v 0.3208307 0.5517333 -0.3630442
v 0.3208307 0.5517333 -0.3630442
v 0.3230565 0.5974569 -0.3470508
v 0.3234693 0.6193873 -0.3391320
v 0.3221936 0.5518992 -0.3636059
v 0.3318506 0.5974723 -0.3475903
v 0.3309874 0.5519297 -0.3641513
v 0.3322636 0.6194037 -0.3396678
v 0.3459508 0.5974723 -0.3483253
v 0.3450876 0.5519297 -0.3648863
v 0.3463638 0.6194037 -0.3404027
v 0.3547534 0.5974568 -0.3487028
v 0.3551662 0.6193873 -0.3407840
v 0.3538905 0.5518993 -0.3652580
v 0.3561657 0.5973834 -0.3483165
v 0.3561657 0.5973834 -0.3483165
v 0.3565775 0.6193224 -0.3404136
v 0.3565775 0.6193224 -0.3404136
v 0.3553043 0.5517333 -0.3648412
v 0.3553043 0.5517333 -0.3648412
v 0.3567567 0.5970988 -0.3460497
v 0.3559023 0.5509408 -0.3624421
v 0.3571653 0.6191644 -0.3381919
v 0.3572536 0.5962779 -0.3384931
v 0.3564211 0.5483631 -0.3544695
v 0.3576534 0.6188823 -0.3307354
v 0.3575974 0.5956087 -0.3320758
v 0.3567837 0.5461683 -0.3476928
v 0.3579902 0.6186941 -0.3243934
v 0.3581836 0.6285712 -0.3202491
v 0.3578441 0.6286659 -0.3268181
v 0.3583568 0.6359783 -0.3165028
v 0.3580092 0.6357729 -0.3233879
v 0.3585924 0.6487657 -0.3123180
v 0.3582861 0.6471381 -0.3182361
v 0.3590289 0.6516393 -0.3040379
v 0.3585835 0.6518523 -0.3126576
v 0.3585418 0.6538336 -0.3134666
v 0.3588404 0.6544440 -0.3077268
v 0.3583515 0.6501811 -0.3170866
v 0.3583954 0.6521462 -0.3162446
v 0.3580115 0.6494043 -0.3218949
v 0.3581705 0.6525771 -0.3188581
v 0.3578680 0.6460176 -0.3246249
v 0.3574680 0.6496295 -0.3233230
v 0.3574680 0.6496295 -0.3233230
v 0.3573061 0.6460897 -0.3264288
v 0.3573061 0.6460897 -0.3264288
v 0.3576447 0.6530238 -0.3199348
v 0.3576447 0.6530238 -0.3199348
v 0.3560641 0.6498224 -0.3235572
v 0.3562428 0.6532525 -0.3201293
v 0.3558999 0.6462505 -0.3267066
v 0.3472630 0.6498803 -0.3231522
v 0.3474418 0.6533154 -0.3197216
v 0.3470986 0.6463019 -0.3263057
v 0.3331627 0.6498803 -0.3224172
v 0.3333415 0.6533154 -0.3189867
v 0.3329984 0.6463019 -0.3255707
v 0.3243672 0.6498224 -0.3219051
v 0.3245459 0.6532525 -0.3184771
v 0.3242030 0.6462505 -0.3250545
v 0.3229952 0.6496295 -0.3215260
v 0.3229952 0.6496295 -0.3215260
v 0.3228334 0.6460897 -0.3246320
v 0.3228334 0.6460897 -0.3246320
v 0.3231718 0.6530238 -0.3181379
v 0.3231718 0.6530238 -0.3181379
v 0.3226032 0.6494044 -0.3200492
v 0.3227608 0.6525771 -0.3170123
v 0.3224621 0.6460176 -0.3227794
v 0.3227650 0.6501810 -0.3152317
v 0.3227105 0.6471380 -0.3163818
v 0.3228088 0.6521463 -0.3143897
v 0.3229946 0.6518523 -0.3108023
v 0.3230211 0.6487657 -0.3104638
v 0.3232518 0.6544441 -0.3058718
v 0.3229519 0.6538335 -0.3116116
v 0.3231469 0.6561722 -0.3078805
v 0.3229385 0.6554927 -0.3136061
v 0.3231293 0.6581485 -0.3099525
v 0.3233603 0.6561573 -0.3145223
v 0.3233603 0.6561573 -0.3145223
v 0.3235590 0.6589873 -0.3107119
v 0.3235590 0.6589873 -0.3107119
v 0.3247358 0.6564189 -0.3148341
v 0.3249356 0.6592785 -0.3110003
v 0.3335315 0.6564855 -0.3153427
v 0.3337314 0.6593485 -0.3115087
v 0.3476317 0.6564854 -0.3160777
v 0.3478316 0.6593485 -0.3122437
v 0.3564326 0.6564187 -0.3164862
v 0.3566325 0.6592784 -0.3126526
v 0.3578331 0.6561573 -0.3163193
v 0.3578331 0.6561573 -0.3163193
v 0.3580317 0.6589873 -0.3125088
v 0.3580317 0.6589873 -0.3125088
v 0.3583479 0.6554927 -0.3154518
v 0.3585380 0.6581485 -0.3117982
v 0.3589404 0.6625609 -0.3041376
v 0.3587359 0.6561722 -0.3097355
v 0.3590381 0.6604010 -0.3039767
v 0.3591762 0.6606424 -0.3014648
v 0.3594101 0.6609415 -0.2973853
v 0.3591622 0.6641688 -0.3000590
v 0.3594193 0.6654664 -0.2956600
v 0.3586954 0.6655321 -0.3000276
v 0.3586954 0.6655321 -0.3000276
v 0.3584592 0.6636723 -0.3043680
v 0.3584592 0.6636723 -0.3043680
v 0.3589612 0.6671042 -0.2954727
v 0.3589612 0.6671042 -0.2954727
v 0.3573009 0.6659426 -0.3000630
v 0.3570634 0.6640313 -0.3044455
v 0.3575660 0.6675719 -0.2954715
v 0.3484935 0.6660330 -0.2996441
v 0.3482609 0.6641122 -0.3040324
v 0.3487443 0.6676735 -0.2950452
v 0.3343829 0.6660330 -0.2989087
v 0.3341580 0.6641121 -0.3032973
v 0.3346117 0.6676735 -0.2943085
v 0.3255797 0.6659425 -0.2984095
v 0.3253603 0.6640313 -0.3027930
v 0.3257934 0.6675720 -0.2938154
v 0.3241965 0.6655321 -0.2982293
v 0.3241965 0.6655321 -0.2982293
v 0.3239801 0.6636723 -0.3025707
v 0.3239801 0.6636723 -0.3025707
v 0.3244056 0.6671042 -0.2936714
v 0.3244056 0.6671042 -0.2936714
v 0.3237289 0.6641688 -0.2982121
v 0.3235255 0.6625609 -0.3022914
v 0.3239306 0.6654664 -0.2938102
v 0.3235689 0.6606424 -0.2996087
v 0.3234451 0.6604011 -0.3021214
v 0.3237603 0.6609415 -0.2955272
v 0.3239882 0.6615045 -0.2899247
v 0.3234478 0.6516392 -0.3021831
v 0.3244101 0.6637281 -0.2702539
v 0.3244101 0.6637281 -0.2702539
v 0.3241239 0.6666108 -0.2887257
v 0.3244627 0.6692660 -0.2705422
v 0.3244627 0.6692660 -0.2705422
v 0.3245983 0.6684542 -0.2886131
v 0.3245983 0.6684542 -0.2886131
v 0.3249452 0.6713250 -0.2706789
v 0.3249452 0.6713250 -0.2706789
v 0.3249452 0.6713250 -0.2706789
v 0.3249452 0.6713250 -0.2706789
v 0.3259941 0.6689742 -0.2887362
v 0.3264025 0.6719158 -0.2707976
v 0.3264025 0.6719158 -0.2707976
v 0.3348494 0.6690874 -0.2892265
v 0.3355592 0.6720461 -0.2713223
v 0.3355592 0.6720461 -0.2713223
v 0.3490362 0.6690873 -0.2899660
v 0.3501917 0.6720461 -0.2720850
v 0.3501917 0.6720461 -0.2720850
v 0.3578944 0.6689742 -0.2903991
v 0.3593532 0.6719157 -0.2725152
v 0.3593532 0.6719157 -0.2725152
v 0.3592955 0.6684542 -0.2904218
v 0.3592955 0.6684542 -0.2904218
v 0.3608150 0.6713251 -0.2725486
v 0.3608150 0.6713251 -0.2725486
v 0.3608150 0.6713251 -0.2725486
v 0.3608150 0.6713251 -0.2725486
v 0.3597556 0.6666108 -0.2905830
v 0.3613091 0.6692660 -0.2724627
v 0.3613091 0.6692660 -0.2724627
v 0.3597659 0.6615045 -0.2917896
v 0.3613914 0.6637281 -0.2721816
v 0.3613914 0.6637281 -0.2721816
v 0.3635140 0.6661834 -0.2499244
v 0.3613575 0.6539915 -0.2715061
v 0.3613575 0.6539915 -0.2715061
v 0.3635209 0.6565028 -0.2485498
v 0.3613534 0.6436577 -0.2699260
v 0.3613534 0.6436577 -0.2699260
v 0.3635418 0.6467127 -0.2467107
v 0.3610224 0.6362625 -0.2654782
v 0.3610224 0.6362625 -0.2654782
v 0.3610224 0.6362625 -0.2654782
v 0.3610224 0.6362625 -0.2654782
v 0.3630494 0.6390345 -0.2441477
v 0.3630494 0.6390345 -0.2441477
v 0.3595966 0.6348003 -0.2651796
v 0.3595966 0.6348003 -0.2651796
v 0.3615238 0.6375226 -0.2439450
v 0.3505091 0.6327344 -0.2647672
v 0.3505091 0.6327344 -0.2647672
v 0.3519593 0.6354195 -0.2436554
v 0.3360042 0.6327342 -0.2640112
v 0.3360042 0.6327342 -0.2640112
v 0.3367569 0.6354194 -0.2428631
v 0.3269232 0.6348003 -0.2634765
v 0.3269232 0.6348003 -0.2634765
v 0.3272140 0.6375226 -0.2421566
v 0.3254740 0.6362624 -0.2636252
v 0.3254740 0.6362624 -0.2636252
v 0.3254740 0.6362624 -0.2636252
v 0.3254740 0.6362624 -0.2636252
v 0.3256756 0.6390344 -0.2421997
v 0.3256756 0.6390344 -0.2421997
v 0.3246824 0.6436577 -0.2680146
v 0.3246824 0.6436577 -0.2680146
v 0.3249195 0.6467127 -0.2446976
v 0.3245140 0.6539915 -0.2695855
v 0.3245140 0.6539915 -0.2695855
v 0.3247491 0.6565028 -0.2465288
v 0.3250157 0.6607952 -0.2064317
v 0.3246129 0.6661834 -0.2478967
v 0.3248778 0.6704957 -0.2080634
v 0.3246540 0.6718053 -0.2485785
v 0.3249313 0.6761887 -0.2089131
v 0.3251697 0.6739138 -0.2488040
v 0.3251697 0.6739138 -0.2488040
v 0.3255167 0.6783324 -0.2091864
v 0.3255167 0.6783324 -0.2091864
v 0.3267224 0.6745230 -0.2489366
v 0.3272482 0.6789537 -0.2093459
v 0.3363473 0.6746578 -0.2495322
v 0.3377513 0.6790915 -0.2100789
v 0.3516732 0.6746578 -0.2503311
v 0.3543786 0.6790915 -0.2109456
v 0.3613079 0.6745230 -0.2507393
v 0.3649010 0.6789538 -0.2113085
v 0.3628660 0.6739138 -0.2507689
v 0.3628660 0.6739138 -0.2507689
v 0.3666397 0.6783325 -0.2113298
v 0.3666397 0.6783325 -0.2113298
v 0.3634023 0.6718052 -0.2505984
v 0.3672503 0.6761886 -0.2111190
v 0.3816312 0.6923882 -0.0630962
v 0.3673919 0.6704957 -0.2102796
v 0.3818536 0.6865067 -0.0622933
v 0.3674244 0.6607951 -0.2086422
v 0.3819264 0.6765202 -0.0607851
v 0.3674546 0.6511515 -0.2068196
v 0.3819751 0.6666418 -0.0592468
v 0.3668274 0.6433406 -0.2050983
v 0.3668274 0.6433406 -0.2050983
v 0.3810082 0.6586674 -0.0580583
v 0.3810082 0.6586674 -0.0580583
v 0.3651173 0.6418542 -0.2049516
v 0.3786196 0.6574128 -0.0579686
v 0.3546512 0.6398349 -0.2047452
v 0.3647911 0.6558874 -0.0578934
v 0.3381248 0.6398349 -0.2038837
v 0.3433075 0.6558875 -0.0567736
v 0.3276940 0.6418542 -0.2030011
v 0.3295461 0.6574128 -0.0554108
v 0.3259779 0.6433406 -0.2029690
v 0.3259779 0.6433406 -0.2029690
v 0.3271611 0.6586674 -0.0552516
v 0.3271611 0.6586674 -0.0552516
v 0.3251751 0.6511515 -0.2046158
v 0.3260759 0.6666418 -0.0563331
v 0.3269013 0.6769415 0.0429731
v 0.3259644 0.6765202 -0.0578680
v 0.3268201 0.6870359 0.0416253
v 0.3258801 0.6865068 -0.0593757
v 0.3267744 0.6972338 0.0402911
v 0.3260177 0.6923882 -0.0601973
v 0.3269677 0.7032358 0.0395471
v 0.3268690 0.6946037 -0.0605044
v 0.3268690 0.6946037 -0.0605044
v 0.3279848 0.7054940 0.0392328
v 0.3279848 0.7054940 0.0392328
v 0.3292622 0.6952453 -0.0607638
v 0.3307923 0.7061468 0.0389133
v 0.3430346 0.6953876 -0.0620031
v 0.3466503 0.7062917 0.0373688
v 0.3645189 0.6953876 -0.0631229
v 0.3712540 0.7062917 0.0360864
v 0.3783454 0.6952453 -0.0633222
v 0.3871866 0.7061468 0.0359738
v 0.3807527 0.6946038 -0.0633130
v 0.3807527 0.6946038 -0.0633130
v 0.3900121 0.7054940 0.0359996
v 0.3900121 0.7054940 0.0359996
v 0.3988996 0.7163430 0.1349483
v 0.3988996 0.7163430 0.1349483
v 0.3910564 0.7032358 0.0362065
v 0.4000855 0.7140437 0.1351438
v 0.3913260 0.6972338 0.0369265
v 0.4003947 0.7079225 0.1357789
v 0.3914193 0.6870358 0.0382581
v 0.4005045 0.6975137 0.1369307
v 0.3914786 0.6769415 0.0396071
v 0.4005720 0.6872021 0.1380921
v 0.3903116 0.6688786 0.0406419
v 0.3903116 0.6688786 0.0406419
v 0.3992328 0.6790529 0.1389846
v 0.3992328 0.6790529 0.1389846
v 0.3874987 0.6677916 0.0407126
v 0.3960461 0.6781333 0.1390441
v 0.3715278 0.6666128 0.0407380
v 0.3781245 0.6772999 0.1390581
v 0.3468616 0.6666128 0.0420237
v 0.3505225 0.6772999 0.1404969
v 0.3309746 0.6677915 0.0436589
v 0.3326966 0.6781334 0.1423461
v 0.3281696 0.6688786 0.0438811
v 0.3281696 0.6688786 0.0438811
v 0.3295210 0.6790529 0.1426183
v 0.3295210 0.6790529 0.1426183
v 0.3312174 0.6877939 0.2272900
v 0.3312174 0.6877939 0.2272900
v 0.3280962 0.6872021 0.1418699
v 0.3297119 0.6960132 0.2266808
v 0.3280427 0.6975138 0.1407077
v 0.3296788 0.7065101 0.2256779
v 0.3280321 0.7079225 0.1395507
v 0.3296923 0.7170981 0.2246718
v 0.3282736 0.7140437 0.1388870
v 0.3299591 0.7233187 0.2240743
v 0.3294327 0.7163432 0.1385693
v 0.3294327 0.7163432 0.1385693
v 0.3311962 0.7256481 0.2237545
v 0.3311962 0.7256481 0.2237545
v 0.3326054 0.7170067 0.1382020
v 0.3346086 0.7263188 0.2233699
v 0.3503678 0.7171538 0.1364096
v 0.3537370 0.7264678 0.2214560
v 0.3778535 0.7171537 0.1349770
v 0.3833444 0.7264678 0.2199127
v 0.3957060 0.7170067 0.1349129
v 0.4025681 0.7263189 0.2198275
v 0.4060021 0.7256481 0.2198553
v 0.4060021 0.7256481 0.2198553
v 0.4067754 0.7329007 0.2800715
v 0.4086438 0.7368729 0.3170809
v 0.4102686 0.7322321 0.2800606
v 0.4102686 0.7322321 0.2800606
v 0.3869846 0.7330499 0.2802709
v 0.3889406 0.7370176 0.3174797
v 0.3563918 0.7330498 0.2818655
v 0.3583148 0.7370175 0.3190761
v 0.3366875 0.7329007 0.2837248
v 0.3386770 0.7368729 0.3207279
v 0.3332121 0.7322321 0.2840771
v 0.3332121 0.7322321 0.2840771
v 0.3352728 0.7362306 0.3209771
v 0.3352728 0.7362306 0.3209771
v 0.3320022 0.7298956 0.2844053
v 0.3342346 0.7339268 0.3213464
v 0.3317487 0.7236113 0.2849649
v 0.3340494 0.7276173 0.3219084
v 0.3317279 0.7128983 0.2858659
v 0.3340372 0.7168308 0.3227485
v 0.3317503 0.7022720 0.2867554
v 0.3340551 0.7061272 0.3235661
v 0.3332086 0.6940131 0.2872488
v 0.3332086 0.6940131 0.2872488
v 0.3352775 0.6978667 0.3239229
v 0.3352775 0.6978667 0.3239229
v 0.3366938 0.6933510 0.2869866
v 0.3346370 0.6870200 0.2269984
v 0.3386936 0.6973032 0.3237579
v 0.3564863 0.6930236 0.2851202
v 0.3538504 0.6864820 0.2250567
v 0.3584090 0.6971133 0.3221107
v 0.3872290 0.6930234 0.2835178
v 0.3836060 0.6864819 0.2235057
v 0.3891625 0.6971133 0.3205077
v 0.4071083 0.6933509 0.2833163
v 0.4029172 0.6870199 0.2234394
v 0.4089423 0.6973032 0.3200962
v 0.4106019 0.6940131 0.2832147
v 0.4106019 0.6940131 0.2832147
v 0.4063486 0.6877939 0.2233739
v 0.4063486 0.6877939 0.2233739
v 0.4123570 0.6978667 0.3199052
v 0.4123570 0.6978667 0.3199052
v 0.4120009 0.7022721 0.2825723
v 0.4077826 0.6960132 0.2226114
v 0.4135357 0.7061273 0.3194233
v 0.4119307 0.7128982 0.2816854
v 0.4077113 0.7065101 0.2216105
v 0.4134685 0.7168308 0.3186083
v 0.4118164 0.7236112 0.2807915
v 0.4075933 0.7170981 0.2206113
v 0.4133690 0.7276173 0.3177739
v 0.4115061 0.7298956 0.2802612
v 0.4072657 0.7233187 0.2200448
v 0.4131263 0.7339268 0.3172342
v 0.4120555 0.7362306 0.3169749
v 0.4120555 0.7362306 0.3169749
v 0.4128301 0.7359552 0.3359454
v 0.4114454 0.7367666 0.3434498
v 0.4114454 0.7367666 0.3434498
v 0.4121109 0.7381420 0.3353930
v 0.4121109 0.7381420 0.3353930
v 0.4129494 0.7296537 0.3365462
v 0.4114207 0.7304794 0.3441413
v 0.4114207 0.7304794 0.3441413
v 0.4130259 0.7188335 0.3373577
v 0.4114730 0.7196485 0.3449511
v 0.4114730 0.7196485 0.3449511
v 0.4130917 0.7080930 0.3381320
v 0.4115392 0.7088945 0.3457047
v 0.4115392 0.7088945 0.3457047
v 0.4123744 0.6998662 0.3382051
v 0.4123744 0.6998662 0.3382051
v 0.4116840 0.7006567 0.3443129
v 0.4116840 0.7006567 0.3443129
v 0.4116840 0.7006567 0.3443129
v 0.4091202 0.6994410 0.3387147
v 0.4085288 0.7006002 0.3461621
v 0.4085288 0.7006002 0.3461621
v 0.3898391 0.6993386 0.3393889
v 0.3898318 0.7005554 0.3470990
v 0.3898318 0.7005554 0.3470990
v 0.3596990 0.6993386 0.3409600
v 0.3605078 0.7005554 0.3486275
v 0.3605078 0.7005554 0.3486275
v 0.3404523 0.6994411 0.3422939
v 0.3418148 0.7006001 0.3496394
v 0.3418148 0.7006001 0.3496394
v 0.3371628 0.6998663 0.3421254
v 0.3371628 0.6998663 0.3421254
v 0.3384844 0.7006567 0.3481284
v 0.3384844 0.7006567 0.3481284
v 0.3384844 0.7006567 0.3481284
v 0.3364417 0.7080930 0.3421274
v 0.3387732 0.7088945 0.3494975
v 0.3387732 0.7088945 0.3494975
v 0.3364267 0.7188334 0.3413504
v 0.3387607 0.7196485 0.3487411
v 0.3387607 0.7196485 0.3487411
v 0.3364184 0.7296537 0.3405353
v 0.3387285 0.7304794 0.3479303
v 0.3387285 0.7304794 0.3479303
v 0.3364746 0.7359551 0.3399254
v 0.3386320 0.7367666 0.3472451
v 0.3386320 0.7367666 0.3472451
v 0.3371325 0.7381420 0.3393012
v 0.3371325 0.7381420 0.3393012
v 0.3384309 0.7386460 0.3453614
v 0.3384309 0.7386460 0.3453614
v 0.3384309 0.7386460 0.3453614
v 0.3404070 0.7387262 0.3393995
v 0.3417379 0.7391251 0.3468431
v 0.3417379 0.7391251 0.3468431
v 0.3595941 0.7388582 0.3380568
v 0.3603899 0.7392381 0.3458235
v 0.3603899 0.7392381 0.3458235
v 0.3896416 0.7388583 0.3364906
v 0.3896576 0.7392382 0.3442979
v 0.3896576 0.7392382 0.3442979
v 0.4088643 0.7387263 0.3358312
v 0.4083146 0.7391251 0.3433728
v 0.4083146 0.7391251 0.3433728
v 0.4114496 0.7386460 0.3415554
v 0.4114496 0.7386460 0.3415554
v 0.4114496 0.7386460 0.3415554
v 0.4074051 0.7372114 0.3472786
v 0.4071831 0.7309089 0.3481368
v 0.3893636 0.7372832 0.3485630
v 0.3892784 0.7309651 0.3495139
v 0.3611257 0.7372832 0.3500349
v 0.3430484 0.7372115 0.3506331
v 0.3613093 0.7309651 0.3509717
v 0.3433585 0.7309090 0.3514636
v 0.3613645 0.7201263 0.3517963
v 0.3893092 0.7201262 0.3503397
v 0.3613899 0.7093621 0.3525280
v 0.3434213 0.7200721 0.3522798
v 0.3434307 0.7093101 0.3530205
v 0.3893600 0.7093621 0.3510701
v 0.4072731 0.7093100 0.3496928
v 0.4072055 0.7200721 0.3489552
v 0.3228203 0.6359783 -0.3146505
v 0.3224503 0.6357729 -0.3215344
v 0.3226032 0.6285711 -0.3183945
v 0.3222578 0.6286660 -0.3249631
v 0.3219461 0.6288646 -0.3326488
v 0.3221166 0.6356337 -0.3294336
v 0.3222952 0.6290411 -0.3349550
v 0.3222952 0.6290411 -0.3349550
v 0.3224621 0.6357698 -0.3317585
v 0.3224621 0.6357698 -0.3317585
v 0.3236604 0.6291305 -0.3354650
v 0.3238275 0.6358819 -0.3322582
v 0.3324548 0.6291544 -0.3359981
v 0.3326222 0.6359147 -0.3327871
v 0.3465551 0.6291544 -0.3367330
v 0.3467225 0.6359147 -0.3335220
v 0.3553573 0.6291305 -0.3371172
v 0.3555245 0.6358819 -0.3339104
v 0.3567681 0.6290411 -0.3367520
v 0.3567681 0.6290411 -0.3367520
v 0.3569345 0.6357698 -0.3335552
v 0.3569345 0.6357698 -0.3335552
v 0.3573551 0.6288645 -0.3344944
v 0.3575197 0.6356336 -0.3312790
v 0.3571971 0.5436316 -0.3398399
v 0.3240908 0.5926101 -0.2992312
v 0.3240908 0.5926101 -0.2992312
v 0.3244681 0.6174027 -0.2920764
v 0.3244681 0.6174027 -0.2920764
v 0.3255441 0.5925181 -0.2983420
v 0.3259230 0.6170909 -0.2911492
v 0.3348269 0.6166041 -0.2904550
v 0.3185250 0.2841759 -0.3961200
v 0.3180535 0.2705906 -0.4052734
v 0.3180919 0.2927793 -0.4043073
v 0.3189971 0.2712463 -0.3891123
v 0.3186154 0.2628701 -0.3964690
v 0.3195573 0.2674399 -0.3874712
v 0.3195573 0.2674399 -0.3874712
v 0.3192124 0.2604336 -0.3940913
v 0.3192124 0.2604336 -0.3940913
v 0.3209623 0.2668309 -0.3872279
v 0.3206212 0.2599333 -0.3937724
v 0.3297635 0.2667382 -0.3876313
v 0.3294225 0.2598439 -0.3941741
v 0.3438638 0.2667382 -0.3883662
v 0.3435227 0.2598439 -0.3949091
v 0.3526592 0.2668309 -0.3888800
v 0.3523180 0.2599333 -0.3954248
v 0.3540313 0.2674400 -0.3892680
v 0.3540313 0.2674400 -0.3892680
v 0.3536860 0.2604336 -0.3958882
v 0.3536860 0.2604336 -0.3958882
v 0.3544178 0.2712463 -0.3909585
v 0.3540326 0.2628702 -0.3983152
v 0.3541588 0.2841759 -0.3979773
v 0.3536761 0.2705906 -0.4071302
v 0.3537384 0.2927793 -0.4061655
v 0.3532237 0.3013601 -0.4160180
v 0.3532754 0.2768700 -0.4149711
v 0.3529059 0.2641883 -0.4220541
v 0.3527979 0.2839859 -0.4241518
v 0.3524503 0.2706983 -0.4308177
v 0.3523165 0.2909910 -0.4333627
v 0.3527156 0.3092039 -0.4257182
v 0.3519906 0.2771986 -0.4396136
v 0.3518925 0.2969958 -0.4413399
v 0.3522752 0.3156506 -0.4340014
v 0.3515850 0.2828195 -0.4472391
v 0.3512990 0.3040613 -0.4507551
v 0.3510128 0.2894612 -0.4562469
v 0.3516658 0.3230906 -0.4437176
v 0.3506770 0.3062361 -0.4536168
v 0.3506770 0.3062361 -0.4536168
v 0.3510394 0.3253646 -0.4466633
v 0.3510394 0.3253646 -0.4466633
v 0.3503972 0.2915035 -0.4589830
v 0.3503972 0.2915035 -0.4589830
v 0.3492577 0.3066897 -0.4541377
v 0.3489794 0.2919265 -0.4594770
v 0.3496193 0.3258398 -0.4472008
v 0.3404538 0.3067725 -0.4537861
v 0.3408152 0.3259266 -0.4468522
v 0.3401757 0.2920033 -0.4591205
v 0.3263535 0.3067726 -0.4530512
v 0.3267150 0.3259266 -0.4461173
v 0.3260755 0.2920033 -0.4583855
v 0.3175608 0.3066897 -0.4524855
v 0.3172825 0.2919265 -0.4578249
v 0.3179224 0.3258398 -0.4455486
v 0.3162034 0.3062361 -0.4518198
v 0.3162034 0.3062361 -0.4518198
v 0.3165658 0.3253646 -0.4448664
v 0.3165658 0.3253646 -0.4448664
v 0.3159237 0.2915035 -0.4571861
v 0.3159237 0.2915035 -0.4571861
v 0.3158823 0.3040613 -0.4489088
v 0.3155960 0.2894612 -0.4544007
v 0.3162491 0.3230906 -0.4418715
v 0.3162708 0.2969958 -0.4394831
v 0.3166532 0.3156506 -0.4321447
v 0.3159634 0.2828195 -0.4453823
v 0.3166785 0.2909910 -0.4315051
v 0.3163527 0.2771986 -0.4377559
v 0.3171573 0.2839859 -0.4222939
v 0.3170763 0.3092039 -0.4238606
v 0.3175795 0.3013602 -0.4141602
v 0.3168100 0.2706984 -0.4289601
v 0.3176368 0.2768700 -0.4131134
v 0.3172680 0.2641883 -0.4201964
v 0.3165763 0.2354817 -0.4334656
v 0.3176687 0.2585409 -0.4126658
v 0.3169574 0.2305022 -0.4263117
v 0.3182238 0.2518188 -0.4039851
v 0.3174910 0.2245784 -0.4180459
v 0.3188224 0.2497068 -0.4015756
v 0.3188224 0.2497068 -0.4015756
v 0.3180843 0.2227149 -0.4157354
v 0.3180843 0.2227149 -0.4157354
v 0.3202314 0.2492504 -0.4012493
v 0.3194929 0.2223103 -0.4154179
v 0.3290327 0.2491650 -0.4016506
v 0.3282942 0.2222342 -0.4158192
v 0.3431330 0.2491650 -0.4023856
v 0.3423945 0.2222342 -0.4165541
v 0.3519284 0.2492504 -0.4029016
v 0.3511898 0.2223103 -0.4170702
v 0.3532959 0.2497067 -0.4033726
v 0.3532959 0.2497067 -0.4033726
v 0.3525578 0.2227149 -0.4175324
v 0.3525578 0.2227149 -0.4175324
v 0.3536406 0.2518187 -0.4058312
v 0.3529077 0.2245784 -0.4198920
v 0.3532903 0.2585409 -0.4145226
v 0.3525790 0.2305022 -0.4281685
v 0.3511439 0.1690097 -0.4557008
v 0.3522143 0.2354817 -0.4353232
v 0.3508059 0.1726422 -0.4623415
v 0.3517818 0.2412238 -0.4436424
v 0.3504049 0.1768306 -0.4700573
v 0.3513456 0.2469590 -0.4519894
v 0.3500004 0.1810131 -0.4777952
v 0.3509603 0.2519180 -0.4592240
v 0.3496428 0.1846288 -0.4844996
v 0.3504124 0.2577726 -0.4677649
v 0.3491278 0.1888940 -0.4924099
v 0.3498046 0.2595661 -0.4703533
v 0.3498046 0.2595661 -0.4703533
v 0.3485302 0.1901969 -0.4948017
v 0.3485302 0.1901969 -0.4948017
v 0.3483884 0.2599344 -0.4708148
v 0.3471162 0.1904628 -0.4952213
v 0.3395851 0.2600009 -0.4704520
v 0.3383133 0.1905106 -0.4948508
v 0.3254849 0.2600009 -0.4697171
v 0.3242131 0.1905106 -0.4941159
v 0.3166915 0.2599344 -0.4691626
v 0.3154194 0.1904628 -0.4935692
v 0.3153310 0.2595660 -0.4685564
v 0.3153310 0.2595660 -0.4685564
v 0.3140567 0.1901969 -0.4930047
v 0.3140567 0.1901969 -0.4930047
v 0.3149956 0.2577726 -0.4659187
v 0.3137110 0.1888940 -0.4905638
v 0.3153387 0.2519180 -0.4573672
v 0.3140212 0.1846288 -0.4826428
v 0.3157076 0.2469590 -0.4501317
v 0.3143625 0.1810131 -0.4759377
v 0.3161415 0.2412238 -0.4417847
v 0.3147647 0.1768306 -0.4681996
v 0.3129913 0.0925657 -0.5022452
v 0.3151680 0.1726422 -0.4604840
v 0.3155223 0.1690097 -0.4538440
v 0.3133595 0.0903817 -0.4952026
v 0.3136839 0.0884874 -0.4891362
v 0.3120747 0.0300806 -0.5205233
v 0.3117309 0.0308007 -0.5270963
v 0.3123780 0.0294576 -0.5148568
v 0.3117931 0.0062559 -0.5305272
v 0.3114590 0.0063970 -0.5369169
v 0.3120240 0.0027427 -0.5320163
v 0.3120240 0.0027427 -0.5320163
v 0.3120871 0.0061413 -0.5250144
v 0.3123154 0.0027070 -0.5265246
v 0.3123154 0.0027070 -0.5265246
v 0.3125001 0.0060830 -0.5185609
v 0.3127073 0.0027964 -0.5200724
v 0.3127073 0.0027964 -0.5200724
v 0.3128221 0.0287280 -0.5082517
v 0.3129649 0.0062606 -0.5166559
v 0.3129649 0.0062606 -0.5166559
v 0.3130097 0.0036279 -0.5179744
v 0.3130097 0.0036279 -0.5179744
v 0.3130097 0.0036279 -0.5179744
v 0.3133832 0.0285149 -0.5063454
v 0.3133832 0.0285149 -0.5063454
v 0.3142550 0.0060267 -0.5165357
v 0.3141732 0.0027742 -0.5182742
v 0.3141732 0.0027742 -0.5182742
v 0.3147738 0.0284429 -0.5060793
v 0.3230205 0.0059257 -0.5169949
v 0.3229277 0.0026087 -0.5187748
v 0.3229277 0.0026087 -0.5187748
v 0.3235681 0.0284174 -0.5064890
v 0.3371208 0.0059257 -0.5177298
v 0.3370280 0.0026087 -0.5195098
v 0.3370280 0.0026087 -0.5195098
v 0.3376684 0.0284174 -0.5072238
v 0.3458865 0.0060267 -0.5181845
v 0.3457872 0.0027742 -0.5199221
v 0.3457872 0.0027742 -0.5199221
v 0.3464576 0.0284429 -0.5077308
v 0.3471572 0.0062606 -0.5184381
v 0.3471572 0.0062606 -0.5184381
v 0.3469755 0.0036280 -0.5197448
v 0.3469755 0.0036280 -0.5197448
v 0.3469755 0.0036280 -0.5197448
v 0.3478131 0.0285149 -0.5081399
v 0.3478131 0.0285149 -0.5081399
v 0.3474213 0.0060830 -0.5203812
v 0.3470582 0.0027964 -0.5218629
v 0.3470582 0.0027964 -0.5218629
v 0.3481729 0.0287280 -0.5100942
v 0.3471613 0.0061413 -0.5268427
v 0.3467771 0.0027070 -0.5283210
v 0.3467771 0.0027070 -0.5283210
v 0.3479279 0.0294576 -0.5167097
v 0.3468805 0.0062559 -0.5323561
v 0.3464960 0.0027427 -0.5338133
v 0.3464960 0.0027427 -0.5338133
v 0.3465484 0.0063970 -0.5387460
v 0.3476405 0.0300806 -0.5223772
v 0.3472990 0.0308007 -0.5289502
v 0.3489951 0.0903817 -0.4970601
v 0.3493032 0.0884874 -0.4909928
v 0.3486292 0.0925657 -0.5041030
v 0.3482601 0.0947466 -0.5111620
v 0.3479332 0.0966316 -0.5172760
v 0.3469546 0.0315201 -0.5355355
v 0.3462138 0.0065407 -0.5451456
v 0.3466495 0.0321437 -0.5412366
v 0.3459187 0.0066741 -0.5506818
v 0.3461996 0.0328929 -0.5479515
v 0.3455042 0.0069225 -0.5571620
v 0.3474547 0.0988550 -0.5244869
v 0.3456332 0.0331409 -0.5499615
v 0.3456332 0.0331409 -0.5499615
v 0.3450446 0.0072274 -0.5589681
v 0.3450446 0.0072274 -0.5589681
v 0.3468687 0.0995338 -0.5266629
v 0.3468687 0.0995338 -0.5266629
v 0.3442383 0.0331618 -0.5503085
v 0.3437421 0.0069756 -0.5593253
v 0.3454576 0.0996710 -0.5270383
v 0.3354424 0.0331514 -0.5499293
v 0.3366553 0.0996951 -0.5266600
v 0.3349715 0.0068618 -0.5589634
v 0.3213422 0.0331514 -0.5491945
v 0.3225551 0.0996951 -0.5259250
v 0.3208713 0.0068618 -0.5582285
v 0.3125545 0.0331618 -0.5486570
v 0.3121106 0.0069756 -0.5576765
v 0.3137611 0.0996710 -0.5253861
v 0.3112032 0.0331409 -0.5481669
v 0.3112032 0.0331409 -0.5481669
v 0.3108523 0.0072274 -0.5571856
v 0.3108523 0.0072274 -0.5571856
v 0.3123967 0.0995338 -0.5248662
v 0.3123967 0.0995338 -0.5248662
v 0.3108489 0.0328929 -0.5461088
v 0.3105830 0.0069225 -0.5553418
v 0.3120401 0.0988550 -0.5226409
v 0.3110996 0.0321437 -0.5393835
v 0.3123139 0.0966316 -0.5154192
v 0.3108445 0.0066741 -0.5488536
v 0.3113888 0.0315201 -0.5336816
v 0.3126245 0.0947466 -0.5093045
v 0.3111264 0.0065407 -0.5433166
v 0.3113602 0.0028574 -0.5447515
v 0.3113602 0.0028574 -0.5447515
v 0.3110781 0.0029230 -0.5502623
v 0.3110781 0.0029230 -0.5502623
v 0.3116916 0.0027979 -0.5383794
v 0.3116916 0.0027979 -0.5383794
v 0.3127050 0.0007176 -0.5456482
v 0.3124202 0.0007478 -0.5511436
v 0.3130361 0.0007066 -0.5392922
v 0.3214964 0.0003857 -0.5462350
v 0.3212101 0.0004112 -0.5517283
v 0.3218276 0.0003820 -0.5398813
v 0.3355967 0.0003857 -0.5469699
v 0.3353103 0.0004112 -0.5524632
v 0.3359278 0.0003820 -0.5406163
v 0.3444014 0.0007176 -0.5473005
v 0.3441133 0.0007478 -0.5527956
v 0.3447330 0.0007066 -0.5409444
v 0.3458322 0.0028574 -0.5465484
v 0.3458322 0.0028574 -0.5465484
v 0.3455398 0.0029230 -0.5520585
v 0.3455398 0.0029230 -0.5520585
v 0.3461651 0.0027979 -0.5401764
v 0.3461651 0.0027979 -0.5401764
v 0.3451494 0.0031545 -0.5584821
v 0.3451494 0.0031545 -0.5584821
v 0.3448812 0.0041615 -0.5599243
v 0.3448812 0.0041615 -0.5599243
v 0.3448812 0.0041615 -0.5599243
v 0.3437655 0.0010437 -0.5591794
v 0.3349777 0.0007316 -0.5588439
v 0.3436781 0.0031755 -0.5603850
v 0.3436781 0.0031755 -0.5603850
v 0.3349156 0.0029846 -0.5600355
v 0.3349156 0.0029846 -0.5600355
v 0.3208154 0.0029846 -0.5593006
v 0.3208154 0.0029846 -0.5593006
v 0.3120641 0.0031755 -0.5587371
v 0.3120641 0.0031755 -0.5587371
v 0.3208775 0.0007316 -0.5581089
v 0.3121024 0.0010437 -0.5575290
v 0.3107986 0.0031545 -0.5566916
v 0.3107986 0.0031545 -0.5566916
v 0.3109154 0.0041615 -0.5581539
v 0.3109154 0.0041615 -0.5581539
v 0.3109154 0.0041615 -0.5581539
v 0.3450636 0.0007018 -0.5345966
v 0.3453478 0.0007152 -0.5291141
v 0.3362586 0.0003851 -0.5342706
v 0.3365443 0.0004070 -0.5287888
v 0.3221584 0.0003851 -0.5335357
v 0.3224441 0.0004070 -0.5280536
v 0.3133672 0.0007018 -0.5329443
v 0.3136546 0.0007152 -0.5274619
v 0.3140083 0.0009539 -0.5209658
v 0.3227837 0.0006811 -0.5215385
v 0.3368840 0.0006811 -0.5222734
v 0.3456714 0.0009539 -0.5226160
v 0.3495686 0.0862335 -0.4839325
v 0.3514427 0.1646871 -0.4479991
v 0.3492035 0.0855241 -0.4818702
v 0.3492035 0.0855241 -0.4818702
v 0.3510855 0.1633261 -0.4457799
v 0.3510855 0.1633261 -0.4457799
v 0.3478346 0.0853689 -0.4814355
v 0.3497168 0.1630301 -0.4453306
v 0.3390395 0.0853393 -0.4809195
v 0.3409214 0.1629744 -0.4448144
v 0.3249392 0.0853393 -0.4801847
v 0.3268212 0.1629744 -0.4440795
v 0.3161382 0.0853689 -0.4797832
v 0.3180199 0.1630301 -0.4436784
v 0.3147315 0.0855241 -0.4800733
v 0.3147315 0.0855241 -0.4800733
v 0.3166119 0.1633261 -0.4439831
v 0.3166119 0.1633261 -0.4439831
v 0.3141539 0.0862335 -0.4820867
v 0.3160259 0.1646871 -0.4461530
v 0.3902131 0.3453377 0.2957843
v 0.3896461 0.3432018 0.2940017
v 0.3896461 0.3432018 0.2940017
v 0.3882613 0.3427561 0.2941456
v 0.3794668 0.3426711 0.2946757
v 0.3653665 0.3426712 0.2954106
v 0.3565645 0.3427561 0.2957977
v 0.3551723 0.3432019 0.2957986
v 0.3551723 0.3432019 0.2957986
v 0.3547937 0.3453377 0.2976305
v 0.3585643 0.3571693 0.3699539
v 0.3583618 0.3952276 0.3661053
v 0.3588771 0.3573167 0.3727987
v 0.3592570 0.3573979 0.3741627
v 0.3592570 0.3573979 0.3741627
v 0.3586742 0.3953256 0.3689193
v 0.3590537 0.3953983 0.3702649
v 0.3590537 0.3953983 0.3702649
v 0.3585223 0.4252255 0.3660016
v 0.3583703 0.4551254 0.3630839
v 0.3582203 0.4251342 0.3633847
v 0.3588969 0.4252952 0.3672554
v 0.3588969 0.4252952 0.3672554
v 0.3587400 0.4551920 0.3642460
v 0.3587400 0.4551920 0.3642460
v 0.3603318 0.4253688 0.3680743
v 0.3604918 0.3954741 0.3711446
v 0.3601718 0.4552635 0.3650041
v 0.3691392 0.4253879 0.3677895
v 0.3692998 0.3954936 0.3708709
v 0.3689786 0.4552822 0.3647081
v 0.3832394 0.4253879 0.3670545
v 0.3834001 0.3954936 0.3701359
v 0.3830788 0.4552822 0.3639731
v 0.3920287 0.4253688 0.3664221
v 0.3918687 0.4552635 0.3633519
v 0.3921887 0.3954741 0.3694924
v 0.3917218 0.4828081 0.3605344
v 0.3932139 0.4551920 0.3624491
v 0.3932139 0.4551920 0.3624491
v 0.3930725 0.4827695 0.3597406
v 0.3930725 0.4827695 0.3597406
v 0.3928728 0.5212470 0.3558556
v 0.3928728 0.5212470 0.3558556
v 0.3933274 0.4827237 0.3587064
v 0.3933822 0.4826426 0.3566078
v 0.3931326 0.5212120 0.3549177
v 0.3931978 0.5211350 0.3530202
v 0.3931911 0.6276554 0.3440823
v 0.3932697 0.6275366 0.3424591
v 0.3956066 0.6852167 0.3378285
v 0.3929247 0.6277028 0.3448915
v 0.3929247 0.6277028 0.3448915
v 0.3953379 0.6852788 0.3385803
v 0.3953379 0.6852788 0.3385803
v 0.3915484 0.6277265 0.3455415
v 0.3938828 0.6853191 0.3392385
v 0.3915184 0.5212696 0.3565828
v 0.3824472 0.6277331 0.3461936
v 0.3834292 0.6853464 0.3402378
v 0.3827256 0.5212736 0.3571709
v 0.3677583 0.6277331 0.3469592
v 0.3661625 0.6853464 0.3411378
v 0.3686228 0.5212736 0.3579060
v 0.3586386 0.6277265 0.3472569
v 0.3556616 0.6853191 0.3412307
v 0.3598163 0.5212696 0.3582353
v 0.3572022 0.6277028 0.3467536
v 0.3572022 0.6277028 0.3467536
v 0.3541459 0.6852787 0.3407274
v 0.3541459 0.6852787 0.3407274
v 0.3583938 0.5212471 0.3576528
v 0.3583938 0.5212471 0.3576528
v 0.3568531 0.6276554 0.3459764
v 0.3538005 0.6852167 0.3400076
v 0.3566062 0.6275366 0.3443701
v 0.3580379 0.5212120 0.3567470
v 0.3582380 0.4827237 0.3605354
v 0.3577757 0.5211350 0.3548666
v 0.3579653 0.4826426 0.3584539
v 0.3556210 0.5189722 0.3044569
v 0.3556210 0.5189722 0.3044569
v 0.3555316 0.4814085 0.3026960
v 0.3555316 0.4814085 0.3026960
v 0.3548424 0.6237811 0.3014801
v 0.3548424 0.6237811 0.3014801
v 0.3569804 0.5189574 0.3038287
v 0.3562244 0.6237606 0.3009387
v 0.3568894 0.4814914 0.3020328
v 0.3657748 0.5189552 0.3032674
v 0.3653338 0.6237626 0.3004446
v 0.3656822 0.4815150 0.3014671
v 0.3798775 0.5189553 0.3025323
v 0.3800226 0.6237626 0.2996789
v 0.3797824 0.4815150 0.3007321
v 0.3886826 0.5189574 0.3021762
v 0.3891341 0.6237606 0.2992233
v 0.3885864 0.4814914 0.3003806
v 0.3901000 0.5189723 0.3026597
v 0.3901000 0.5189723 0.3026597
v 0.3900058 0.4814084 0.3008990
v 0.3900058 0.4814084 0.3008990
v 0.3905649 0.6237812 0.2996181
v 0.3905649 0.6237812 0.2996181
v 0.3931885 0.6809236 0.2973441
v 0.3931885 0.6809236 0.2973441
v 0.3959843 0.6942943 0.2963021
v 0.3959843 0.6942943 0.2963021
v 0.3916839 0.6808955 0.2970520
v 0.3956879 0.6850756 0.3363416
v 0.3984411 0.6981109 0.3345832
v 0.3983632 0.6982560 0.3360482
v 0.3980951 0.6983289 0.3367973
v 0.3980951 0.6983289 0.3367973
v 0.3965601 0.6983871 0.3375029
v 0.3847012 0.6984370 0.3388705
v 0.3647552 0.6984371 0.3399102
v 0.3528184 0.6983871 0.3397829
v 0.3512183 0.6983289 0.3392407
v 0.3512183 0.6983289 0.3392407
v 0.3508738 0.6982560 0.3385235
v 0.3506440 0.6981109 0.3370745
v 0.3491075 0.6942943 0.2987455
v 0.3491075 0.6942943 0.2987455
v 0.3535651 0.6850756 0.3385372
v 0.3519965 0.6809236 0.2994912
v 0.3519965 0.6809236 0.2994912
v 0.3534627 0.6808956 0.2990443
v 0.3506594 0.6942583 0.2983639
v 0.3639554 0.6809124 0.2987948
v 0.3625896 0.6942898 0.2983630
v 0.3812221 0.6809124 0.2978948
v 0.3825355 0.6942898 0.2973234
v 0.3944012 0.6942583 0.2960839
v 0.3793676 0.4574332 0.2927732
v 0.3652673 0.4574332 0.2935082
v 0.3564750 0.4573571 0.2941135
v 0.3551200 0.4570511 0.2949488
v 0.3551200 0.4570511 0.2949488
v 0.3580788 0.4550407 0.3606641
v 0.3585989 0.4827695 0.3615375
v 0.3585989 0.4827695 0.3615375
v 0.3600249 0.4828081 0.3621865
v 0.3688307 0.4828169 0.3618699
v 0.3829309 0.4828169 0.3611349
v 0.3910697 0.3196450 0.3122439
v 0.3904279 0.3193592 0.3090029
v 0.3904279 0.3193592 0.3090029
v 0.3890039 0.3192874 0.3083908
v 0.3801990 0.3192726 0.3087240
v 0.3660988 0.3192726 0.3094589
v 0.3573070 0.3192874 0.3100429
v 0.3559543 0.3193592 0.3107998
v 0.3559543 0.3193592 0.3107998
v 0.3556529 0.3196451 0.3140900
v 0.3937801 0.0358271 0.3648774
v 0.3938400 0.0072062 0.3701576
v 0.3932083 0.0358252 0.3627639
v 0.3932083 0.0358252 0.3627639
v 0.3933715 0.0074856 0.3681814
v 0.3933715 0.0074856 0.3681814
v 0.3918118 0.0357922 0.3623872
v 0.3920754 0.0071993 0.3679460
v 0.3830158 0.0357708 0.3627653
v 0.3833077 0.0070729 0.3683649
v 0.3689156 0.0357708 0.3635002
v 0.3692075 0.0070729 0.3690999
v 0.3601280 0.0357922 0.3640386
v 0.3604439 0.0071993 0.3695948
v 0.3587783 0.0358252 0.3645585
v 0.3587783 0.0358252 0.3645585
v 0.3591792 0.0074856 0.3699636
v 0.3591792 0.0074856 0.3699636
v 0.3584293 0.0358271 0.3667200
v 0.3589188 0.0072062 0.3719779
v 0.3604497 0.0363463 0.4054807
v 0.3608278 0.0073109 0.4086022
v 0.3611364 0.0030979 0.4090378
v 0.3611364 0.0030979 0.4090378
v 0.3610211 0.0074653 0.4099998
v 0.3612861 0.0034487 0.4103831
v 0.3612861 0.0034487 0.4103831
v 0.3612987 0.0076067 0.4106259
v 0.3612987 0.0076067 0.4106259
v 0.3614234 0.0041999 0.4108394
v 0.3614234 0.0041999 0.4108394
v 0.3614234 0.0041999 0.4108394
v 0.3626022 0.0073184 0.4110034
v 0.3626166 0.0031009 0.4111100
v 0.3626166 0.0031009 0.4111100
v 0.3713726 0.0071905 0.4106372
v 0.3713775 0.0028880 0.4107318
v 0.3713775 0.0028880 0.4107318
v 0.3854728 0.0071905 0.4099022
v 0.3854778 0.0028880 0.4099968
v 0.3854778 0.0028880 0.4099968
v 0.3942337 0.0073184 0.4093547
v 0.3854507 0.0010642 0.4094778
v 0.3853793 0.0003879 0.4081081
v 0.3713505 0.0010642 0.4102128
v 0.3712791 0.0003879 0.4088431
v 0.3625815 0.0013558 0.4106051
v 0.3624949 0.0007371 0.4092473
v 0.3606091 0.0007259 0.3730693
v 0.3592439 0.0030532 0.3727308
v 0.3592439 0.0030532 0.3727308
v 0.3605082 0.0030505 0.3706615
v 0.3605082 0.0030505 0.3706615
v 0.3693932 0.0003816 0.3726623
v 0.3834935 0.0003816 0.3719273
v 0.3692648 0.0028408 0.3701997
v 0.3692648 0.0028408 0.3701997
v 0.3833651 0.0028408 0.3694647
v 0.3833651 0.0028408 0.3694647
v 0.3921222 0.0030505 0.3690137
v 0.3921222 0.0030505 0.3690137
v 0.3932972 0.0041331 0.3689357
v 0.3932972 0.0041331 0.3689357
v 0.3932972 0.0041331 0.3689357
v 0.3922722 0.0007259 0.3714189
v 0.3935948 0.0030532 0.3709402
v 0.3935948 0.0030532 0.3709402
v 0.3941579 0.0007371 0.4075969
v 0.3593315 0.0041331 0.3707061
v 0.3593315 0.0041331 0.3707061
v 0.3593315 0.0041331 0.3707061
v -0.3886622 0.0041999 0.4090689
v -0.3886622 0.0041999 0.4090689
v -0.3886622 0.0041999 0.4090689
v -0.3887640 0.0076067 0.4088436
v -0.3887640 0.0076067 0.4088436
v -0.3875036 0.0031009 0.4094621
v -0.3875036 0.0031009 0.4094621
v -0.3887514 0.0034487 0.4086008
v -0.3887514 0.0034487 0.4086008
v -0.3887603 0.0030979 0.4072473
v -0.3887603 0.0030979 0.4072473
v -0.3874860 0.0013558 0.4089563
v -0.3889750 0.0074653 0.4081920
v -0.3890219 0.0073109 0.4067820
v -0.3889943 0.0363846 0.4051819
v -0.3890735 0.0363463 0.4036381
v -0.3887323 0.0364044 0.4059476
v -0.3887323 0.0364044 0.4059476
v -0.3886156 0.1102027 0.3973859
v -0.3886877 0.1101395 0.3956218
v -0.3880596 0.2112595 0.3866991
v -0.3883529 0.1102338 0.3982641
v -0.3883529 0.1102338 0.3982641
v -0.3878040 0.2113185 0.3877203
v -0.3878040 0.2113185 0.3877203
v -0.3869973 0.1102550 0.3989544
v -0.3864532 0.2113608 0.3885129
v -0.3873871 0.0363844 0.4065554
v -0.3782056 0.1102587 0.3995359
v -0.3786009 0.0363653 0.4071211
v -0.3776624 0.2113692 0.3891148
v -0.3641053 0.1102587 0.4002708
v -0.3645007 0.0363653 0.4078560
v -0.3635621 0.2113692 0.3898498
v -0.3553008 0.1102550 0.4006065
v -0.3547564 0.2113608 0.3901651
v -0.3557033 0.0363844 0.4082068
v -0.3538807 0.1102338 0.4000609
v -0.3538807 0.1102338 0.4000609
v -0.3533305 0.2113185 0.3895172
v -0.3533305 0.2113185 0.3895172
v -0.3543023 0.0364044 0.4077422
v -0.3543023 0.0364044 0.4077422
v -0.3535282 0.1102027 0.3992147
v -0.3539620 0.0363846 0.4070079
v -0.3532731 0.1101395 0.3974678
v -0.3529701 0.2112595 0.3885281
v -0.3525412 0.2890612 0.3802979
v -0.3526998 0.2111394 0.3864905
v -0.3522590 0.2888972 0.3780339
v -0.3500213 0.2081230 0.3351041
v -0.3492845 0.2847717 0.3209677
v -0.3509746 0.1085661 0.3533725
v -0.3503448 0.2079560 0.3322388
v -0.3503448 0.2079560 0.3322388
v -0.3513188 0.1084800 0.3509103
v -0.3513188 0.1084800 0.3509103
v -0.3495920 0.2845396 0.3177955
v -0.3495920 0.2845396 0.3177955
v -0.3517013 0.2079200 0.3315551
v -0.3509451 0.2844881 0.3170480
v -0.3526793 0.1084604 0.3503135
v -0.3604937 0.2079134 0.3309822
v -0.3614723 0.1084562 0.3497571
v -0.3597369 0.2844784 0.3164636
v -0.3745939 0.2079134 0.3302472
v -0.3755725 0.1084562 0.3490221
v -0.3738371 0.2844784 0.3157285
v -0.3833983 0.2079201 0.3299029
v -0.3826420 0.2844882 0.3153958
v -0.3843758 0.1084604 0.3486614
v -0.3848184 0.2079560 0.3304419
v -0.3848184 0.2079560 0.3304419
v -0.3857909 0.1084800 0.3491134
v -0.3857909 0.1084800 0.3491134
v -0.3840656 0.2845396 0.3159986
v -0.3840656 0.2845396 0.3159986
v -0.3854380 0.2081230 0.3332581
v -0.3847012 0.2847717 0.3191216
v -0.3863892 0.1085661 0.3515265
v -0.3881166 0.2111394 0.3846444
v -0.3876757 0.2888972 0.3761878
v -0.3874736 0.3242589 0.3723090
v -0.3876305 0.2890612 0.3784689
v -0.3874347 0.3244410 0.3747115
v -0.3873807 0.2891419 0.3796012
v -0.3873807 0.2891419 0.3796012
v -0.3871880 0.3245308 0.3759028
v -0.3871880 0.3245308 0.3759028
v -0.3860342 0.2891997 0.3804734
v -0.3858436 0.3245954 0.3768166
v -0.3772442 0.2892112 0.3810911
v -0.3770539 0.3246083 0.3774425
v -0.3631438 0.2892112 0.3818261
v -0.3629537 0.3246083 0.3781775
v -0.3543372 0.2891997 0.3821256
v -0.3541467 0.3245955 0.3784688
v -0.3529073 0.2891419 0.3813981
v -0.3529073 0.2891419 0.3813981
v -0.3527145 0.3245308 0.3776997
v -0.3527145 0.3245308 0.3776997
v -0.3526482 0.3365297 0.3764282
v -0.3526482 0.3365297 0.3764282
v -0.3523453 0.3244410 0.3765405
v -0.3520568 0.3242589 0.3741551
v -0.3522768 0.3364387 0.3752258
v -0.3519835 0.3362557 0.3727484
v -0.3522427 0.3418731 0.3745723
v -0.3526169 0.3419619 0.3758281
v -0.3526169 0.3419619 0.3758281
v -0.3522109 0.3467615 0.3739637
v -0.3519433 0.3416967 0.3719773
v -0.3519042 0.3465958 0.3712291
v -0.3485628 0.3369392 0.3071237
v -0.3483534 0.3409631 0.3031089
v -0.3487402 0.3315211 0.3105258
v -0.3488753 0.3364388 0.3040445
v -0.3488753 0.3364388 0.3040445
v -0.3490432 0.3311523 0.3072670
v -0.3490432 0.3311523 0.3072670
v -0.3486875 0.3401336 0.3004431
v -0.3486875 0.3401336 0.3004431
v -0.3502385 0.3362539 0.3034913
v -0.3500641 0.3398497 0.3001456
v -0.3503988 0.3310372 0.3065672
v -0.3590334 0.3362089 0.3029668
v -0.3591915 0.3310108 0.3060007
v -0.3588627 0.3397834 0.2996906
v -0.3731336 0.3362089 0.3022319
v -0.3732918 0.3310108 0.3052658
v -0.3729629 0.3397833 0.2989557
v -0.3819354 0.3362539 0.3018391
v -0.3817610 0.3398497 0.2984934
v -0.3820958 0.3310372 0.3049150
v -0.3833488 0.3364388 0.3022476
v -0.3833488 0.3364388 0.3022476
v -0.3835168 0.3311523 0.3054701
v -0.3835168 0.3311523 0.3054701
v -0.3831611 0.3401336 0.2986462
v -0.3831611 0.3401336 0.2986462
v -0.3839797 0.3369392 0.3052776
v -0.3837706 0.3409630 0.3012628
v -0.3841569 0.3315211 0.3086798
v -0.3873601 0.3416967 0.3701313
v -0.3873211 0.3465958 0.3693830
v -0.3874002 0.3362557 0.3709023
v -0.3873321 0.3418731 0.3727433
v -0.3873003 0.3467614 0.3721347
v -0.3870905 0.3419618 0.3740312
v -0.3870905 0.3419618 0.3740312
v -0.3873662 0.3364387 0.3733968
v -0.3871218 0.3365297 0.3746313
v -0.3871218 0.3365297 0.3746313
v -0.3857788 0.3365958 0.3755742
v -0.3857493 0.3420275 0.3750083
v -0.3769895 0.3366090 0.3762055
v -0.3769603 0.3420410 0.3756456
v -0.3628892 0.3366090 0.3769405
v -0.3628601 0.3420410 0.3763806
v -0.3540820 0.3365958 0.3772264
v -0.3540525 0.3420275 0.3766605
v -0.3540258 0.3469119 0.3761508
v -0.3539689 0.3574643 0.3750590
v -0.3525884 0.3468469 0.3752810
v -0.3525884 0.3468469 0.3752810
v -0.3628338 0.3469255 0.3758771
v -0.3627771 0.3574790 0.3747893
v -0.3769340 0.3469255 0.3751421
v -0.3768774 0.3574790 0.3740543
v -0.3857228 0.3469119 0.3744986
v -0.3856658 0.3574643 0.3734068
v -0.3870620 0.3468469 0.3734841
v -0.3870620 0.3468469 0.3734841
v -0.3870037 0.3573979 0.3723658
v -0.3870037 0.3573979 0.3723658
v -0.3868007 0.3953983 0.3684679
v -0.3868007 0.3953983 0.3684679
v -0.3872398 0.3573167 0.3709697
v -0.3872552 0.3571692 0.3681078
v -0.3870382 0.3953255 0.3670902
v -0.3870564 0.3952277 0.3642589
v -0.3868860 0.4252254 0.3641725
v -0.3867337 0.4551254 0.3612548
v -0.3866438 0.4252952 0.3654585
v -0.3866438 0.4252952 0.3654585
v -0.3869143 0.4251342 0.3615384
v -0.3867721 0.4550407 0.3588178
v -0.3822984 0.4424674 0.2818280
v -0.3822984 0.4424674 0.2818280
v -0.3821179 0.4405139 0.2784189
v -0.3821179 0.4405139 0.2784189
v -0.3821179 0.4405139 0.2784189
v -0.3821179 0.4405139 0.2784189
v -0.3828827 0.4570511 0.2931511
v -0.3828827 0.4570511 0.2931511
v -0.3833979 0.3934747 0.2913248
v -0.3808600 0.4431210 0.2811497
v -0.3814484 0.4573571 0.2924611
v -0.3806866 0.4412033 0.2778343
v -0.3806866 0.4412033 0.2778343
v -0.3720495 0.4432291 0.2814328
v -0.3718776 0.4413162 0.2781341
v -0.3718776 0.4413162 0.2781341
v -0.3726406 0.4574332 0.2927732
v -0.3579493 0.4432291 0.2821678
v -0.3577774 0.4413162 0.2788690
v -0.3577774 0.4413162 0.2788690
v -0.3585404 0.4574332 0.2935082
v -0.3491571 0.4431210 0.2828022
v -0.3497480 0.4573571 0.2941135
v -0.3489850 0.4412032 0.2794867
v -0.3489850 0.4412032 0.2794867
v -0.3477969 0.4424674 0.2836264
v -0.3477969 0.4424674 0.2836264
v -0.3476221 0.4405139 0.2802170
v -0.3476221 0.4405139 0.2802170
v -0.3476221 0.4405139 0.2802170
v -0.3476221 0.4405139 0.2802170
v -0.3483931 0.4570511 0.2949488
v -0.3483931 0.4570511 0.2949488
v -0.3476909 0.3934748 0.2931860
v -0.3514934 0.4251342 0.3633847
v -0.3516348 0.3952276 0.3661052
v -0.3513519 0.4550407 0.3606641
v -0.3517953 0.4252255 0.3660016
v -0.3516434 0.4551254 0.3630839
v -0.3519473 0.3953256 0.3689193
v -0.3521699 0.4252952 0.3672554
v -0.3521699 0.4252952 0.3672554
v -0.3523268 0.3953983 0.3702648
v -0.3523268 0.3953983 0.3702648
v -0.3520131 0.4551920 0.3642460
v -0.3520131 0.4551920 0.3642460
v -0.3536049 0.4253688 0.3680743
v -0.3537650 0.3954741 0.3711445
v -0.3534449 0.4552635 0.3650041
v -0.3624122 0.4253879 0.3677895
v -0.3625729 0.3954936 0.3708709
v -0.3622516 0.4552822 0.3647081
v -0.3765125 0.4253879 0.3670545
v -0.3766731 0.3954936 0.3701359
v -0.3763518 0.4552822 0.3639731
v -0.3853018 0.4253688 0.3664221
v -0.3851418 0.4552635 0.3633519
v -0.3854618 0.3954741 0.3694924
v -0.3849949 0.4828081 0.3605343
v -0.3864869 0.4551920 0.3624491
v -0.3864869 0.4551920 0.3624491
v -0.3863456 0.4827695 0.3597406
v -0.3863456 0.4827695 0.3597406
v -0.3861458 0.5212470 0.3558556
v -0.3861458 0.5212470 0.3558556
v -0.3866004 0.4827237 0.3587064
v -0.3866552 0.4826426 0.3566078
v -0.3864056 0.5212120 0.3549177
v -0.3864708 0.5211350 0.3530202
v -0.3864641 0.6276554 0.3440823
v -0.3865426 0.6275366 0.3424591
v -0.3888796 0.6852167 0.3378285
v -0.3861977 0.6277028 0.3448915
v -0.3861977 0.6277028 0.3448915
v -0.3886110 0.6852788 0.3385803
v -0.3886110 0.6852788 0.3385803
v -0.3848214 0.6277265 0.3455415
v -0.3871559 0.6853191 0.3392384
v -0.3847915 0.5212696 0.3565828
v -0.3757202 0.6277331 0.3461935
v -0.3767022 0.6853464 0.3402377
v -0.3759986 0.5212736 0.3571709
v -0.3610313 0.6277331 0.3469592
v -0.3594356 0.6853464 0.3411378
v -0.3618958 0.5212736 0.3579060
v -0.3519117 0.6277265 0.3472569
v -0.3489347 0.6853191 0.3412307
v -0.3530894 0.5212696 0.3582352
v -0.3504752 0.6277028 0.3467536
v -0.3504752 0.6277028 0.3467536
v -0.3474190 0.6852787 0.3407274
v -0.3474190 0.6852787 0.3407274
v -0.3516668 0.5212471 0.3576528
v -0.3516668 0.5212471 0.3576528
v -0.3501261 0.6276554 0.3459764
v -0.3470736 0.6852167 0.3400076
v -0.3498793 0.6275366 0.3443701
v -0.3513108 0.5212120 0.3567470
v -0.3515110 0.4827237 0.3605354
v -0.3510487 0.5211350 0.3548665
v -0.3512383 0.4826426 0.3584539
v -0.3488940 0.5189722 0.3044569
v -0.3488940 0.5189722 0.3044569
v -0.3488047 0.4814085 0.3026960
v -0.3488047 0.4814085 0.3026960
v -0.3481154 0.6237811 0.3014801
v -0.3481154 0.6237811 0.3014801
v -0.3502535 0.5189574 0.3038287
v -0.3494974 0.6237606 0.3009387
v -0.3501625 0.4814914 0.3020328
v -0.3590478 0.5189552 0.3032674
v -0.3586068 0.6237626 0.3004446
v -0.3589552 0.4815150 0.3014671
v -0.3731506 0.5189553 0.3025323
v -0.3732957 0.6237626 0.2996789
v -0.3730554 0.4815150 0.3007320
v -0.3819556 0.5189574 0.3021762
v -0.3824072 0.6237606 0.2992233
v -0.3818595 0.4814914 0.3003806
v -0.3833729 0.5189723 0.3026597
v -0.3833729 0.5189723 0.3026597
v -0.3832788 0.4814084 0.3008990
v -0.3832788 0.4814084 0.3008990
v -0.3838379 0.6237812 0.2996181
v -0.3838379 0.6237812 0.2996181
v -0.3864616 0.6809236 0.2973441
v -0.3864616 0.6809236 0.2973441
v -0.3892575 0.6942943 0.2963021
v -0.3892575 0.6942943 0.2963021
v -0.3849569 0.6808955 0.2970520
v -0.3889609 0.6850756 0.3363416
v -0.3917142 0.6981109 0.3345831
v -0.3916362 0.6982560 0.3360481
v -0.3913681 0.6983289 0.3367973
v -0.3913681 0.6983289 0.3367973
v -0.3898332 0.6983871 0.3375028
v -0.3779742 0.6984370 0.3388705
v -0.3580283 0.6984371 0.3399101
v -0.3460914 0.6983871 0.3397829
v -0.3444914 0.6983289 0.3392407
v -0.3444914 0.6983289 0.3392407
v -0.3441468 0.6982560 0.3385235
v -0.3439170 0.6981109 0.3370745
v -0.3423806 0.6942943 0.2987454
v -0.3423806 0.6942943 0.2987454
v -0.3468382 0.6850756 0.3385372
v -0.3452695 0.6809236 0.2994912
v -0.3452695 0.6809236 0.2994912
v -0.3467357 0.6808956 0.2990443
v -0.3439324 0.6942583 0.2983639
v -0.3572285 0.6809124 0.2987948
v -0.3558627 0.6942898 0.2983630
v -0.3744952 0.6809124 0.2978948
v -0.3758086 0.6942898 0.2973233
v -0.3876742 0.6942583 0.2960839
v -0.3518720 0.4827695 0.3615375
v -0.3518720 0.4827695 0.3615375
v -0.3532980 0.4828081 0.3621865
v -0.3621037 0.4828169 0.3618699
v -0.3762039 0.4828169 0.3611349
v -0.3525301 0.3573979 0.3741627
v -0.3525301 0.3573979 0.3741627
v -0.3521501 0.3573167 0.3727987
v -0.3518373 0.3571693 0.3699539
v -0.3480666 0.3453377 0.2976305
v -0.3476562 0.3488688 0.2897756
v -0.3484454 0.3432019 0.2957986
v -0.3484454 0.3432019 0.2957986
v -0.3481047 0.3452579 0.2892644
v -0.3481047 0.3452579 0.2892644
v -0.3498375 0.3427561 0.2957977
v -0.3495057 0.3446496 0.2894303
v -0.3586396 0.3426712 0.2954106
v -0.3583086 0.3445533 0.2890602
v -0.3727398 0.3426711 0.2946757
v -0.3724088 0.3445534 0.2883253
v -0.3815345 0.3427561 0.2941456
v -0.3812025 0.3446496 0.2877781
v -0.3829191 0.3432018 0.2940017
v -0.3829191 0.3432018 0.2940017
v -0.3825786 0.3452578 0.2874675
v -0.3825786 0.3452578 0.2874675
v -0.3834862 0.3453377 0.2957843
v -0.3830777 0.3488688 0.2879292
v -0.3828453 0.3499231 0.2834769
v -0.3828453 0.3499231 0.2834769
v -0.3823613 0.3461751 0.2832989
v -0.3823613 0.3461751 0.2832989
v -0.3823613 0.3461751 0.2832989
v -0.3823613 0.3461751 0.2832989
v -0.3830815 0.3930244 0.2853896
v -0.3830815 0.3930244 0.2853896
v -0.3808594 0.3475640 0.2454115
v -0.3803889 0.3434639 0.2454615
v -0.3803889 0.3434639 0.2454615
v -0.3759609 0.3378734 0.1514388
v -0.3809901 0.3891915 0.2457287
v -0.3762173 0.3797364 0.1542054
v -0.3803430 0.4354259 0.2445622
v -0.3803430 0.4354259 0.2445622
v -0.3757313 0.4261342 0.1561032
v -0.3757313 0.4261342 0.1561032
v -0.3789353 0.4362223 0.2442779
v -0.3743305 0.4269153 0.1559380
v -0.3701318 0.4363530 0.2446403
v -0.3655285 0.4270415 0.1563274
v -0.3560314 0.4363530 0.2453753
v -0.3514283 0.4270414 0.1570623
v -0.3472380 0.4362223 0.2459301
v -0.3426335 0.4269152 0.1575902
v -0.3458674 0.4354259 0.2463592
v -0.3458674 0.4354259 0.2463592
v -0.3412575 0.4261342 0.1579001
v -0.3412575 0.4261342 0.1579001
v -0.3453451 0.3891915 0.2475867
v -0.3405767 0.3797364 0.1560632
v -0.3454421 0.3475640 0.2472576
v -0.3473885 0.3930244 0.2872501
v -0.3473885 0.3930244 0.2872501
v -0.3474246 0.3499231 0.2853232
v -0.3474246 0.3499231 0.2853232
v -0.3478874 0.3461751 0.2850958
v -0.3478874 0.3461751 0.2850958
v -0.3478874 0.3461751 0.2850958
v -0.3478874 0.3461751 0.2850958
v -0.3492867 0.3455471 0.2852309
v -0.3492867 0.3455471 0.2852309
v -0.3459153 0.3434639 0.2472584
v -0.3459153 0.3434639 0.2472584
v -0.3410050 0.3337451 0.1530536
v -0.3410050 0.3337451 0.1530536
v -0.3473053 0.3427778 0.2472178
v -0.3423931 0.3330524 0.1529772
v -0.3561042 0.3426764 0.2467688
v -0.3511916 0.3329497 0.1525233
v -0.3580888 0.3454504 0.2848440
v -0.3580888 0.3454504 0.2848440
v -0.3702044 0.3426765 0.2460338
v -0.3721891 0.3454504 0.2841090
v -0.3721891 0.3454504 0.2841090
v -0.3652919 0.3329498 0.1517884
v -0.3790022 0.3427778 0.2455657
v -0.3809836 0.3455471 0.2835788
v -0.3809836 0.3455471 0.2835788
v -0.3740900 0.3330524 0.1513250
v -0.3754784 0.3337451 0.1512568
v -0.3754784 0.3337451 0.1512568
v -0.3648375 0.3145382 -0.0261837
v -0.3560396 0.3144331 -0.0257179
v -0.3553568 0.2955481 -0.2080708
v -0.3662273 0.3152444 -0.0262267
v -0.3662273 0.3152444 -0.0262267
v -0.3567479 0.2962682 -0.2080906
v -0.3567479 0.2962682 -0.2080906
v -0.3667284 0.3194396 -0.0256858
v -0.3572679 0.3005332 -0.2071882
v -0.3672208 0.3619103 -0.0183900
v -0.3580019 0.3436438 -0.1952757
v -0.3670291 0.4087502 -0.0108441
v -0.3670291 0.4087502 -0.0108441
v -0.3581117 0.3909531 -0.1819661
v -0.3581117 0.3909531 -0.1819661
v -0.3656384 0.4094942 -0.0108189
v -0.3567309 0.3916588 -0.1817469
v -0.3568386 0.4096093 -0.0103878
v -0.3479323 0.3917625 -0.1812733
v -0.3427384 0.4096093 -0.0096529
v -0.3338302 0.3917625 -0.1805381
v -0.3339415 0.4094942 -0.0091667
v -0.3250300 0.3916589 -0.1800945
v -0.3325556 0.4087502 -0.0090472
v -0.3325556 0.4087502 -0.0090472
v -0.3236339 0.3909530 -0.1801689
v -0.3236339 0.3909530 -0.1801689
v -0.3315805 0.3619104 -0.0165322
v -0.3223594 0.3436437 -0.1934178
v -0.3313117 0.3194396 -0.0238397
v -0.3218510 0.3005332 -0.2053421
v -0.3317538 0.3152444 -0.0244298
v -0.3317538 0.3152444 -0.0244298
v -0.3405441 0.3378734 0.1532849
v -0.3222742 0.2962682 -0.2062937
v -0.3222742 0.2962682 -0.2062937
v -0.3331406 0.3145382 -0.0245315
v -0.3236599 0.2955481 -0.2064187
v -0.3419393 0.3144331 -0.0249830
v -0.3324588 0.2954405 -0.2068670
v -0.3465590 0.2954405 -0.2076020
v -0.3249677 0.2799269 -0.3505813
v -0.3249677 0.2799269 -0.3505813
v -0.3161685 0.2800347 -0.3501400
v -0.3161685 0.2800347 -0.3501400
v -0.3390680 0.2799269 -0.3513165
v -0.3390680 0.2799269 -0.3513165
v -0.3242516 0.2776092 -0.3643207
v -0.3154520 0.2777146 -0.3638870
v -0.3238616 0.2755896 -0.3718031
v -0.3383519 0.2776092 -0.3650557
v -0.3379619 0.2755896 -0.3725382
v -0.3471489 0.2777146 -0.3655391
v -0.3478654 0.2800347 -0.3517921
v -0.3478654 0.2800347 -0.3517921
v -0.3467583 0.2756914 -0.3730318
v -0.3485387 0.2784435 -0.3656024
v -0.3485387 0.2784435 -0.3656024
v -0.3492566 0.2807640 -0.3518176
v -0.3492566 0.2807640 -0.3518176
v -0.3492566 0.2807640 -0.3518176
v -0.3492566 0.2807640 -0.3518176
v -0.3481459 0.2764244 -0.3731430
v -0.3481459 0.2764244 -0.3731430
v -0.3490707 0.2828791 -0.3646820
v -0.3497899 0.2851165 -0.3507482
v -0.3497899 0.2851165 -0.3507482
v -0.3486730 0.2810370 -0.3723855
v -0.3500099 0.3281929 -0.3513777
v -0.3496161 0.3290492 -0.3598188
v -0.3507135 0.3292402 -0.3362688
v -0.3507135 0.3292402 -0.3362688
v -0.3504049 0.3777537 -0.3352230
v -0.3504049 0.3777537 -0.3352230
v -0.3500639 0.3817472 -0.3435013
v -0.3500639 0.3817472 -0.3435013
v -0.3510700 0.3774917 -0.3193292
v -0.3510700 0.3774917 -0.3193292
v -0.3510700 0.3774917 -0.3193292
v -0.3510700 0.3774917 -0.3193292
v -0.3490203 0.3784416 -0.3347341
v -0.3496916 0.3781720 -0.3189205
v -0.3496916 0.3781720 -0.3189205
v -0.3486792 0.3824530 -0.3429038
v -0.3400821 0.3785361 -0.3341845
v -0.3408352 0.3782670 -0.3183986
v -0.3408352 0.3782670 -0.3183986
v -0.3396966 0.3825471 -0.3423204
v -0.3257402 0.3785361 -0.3334370
v -0.3252778 0.3825471 -0.3415688
v -0.3266325 0.3782669 -0.3176583
v -0.3266325 0.3782669 -0.3176583
v -0.3167934 0.3784415 -0.3330544
v -0.3162833 0.3824531 -0.3412152
v -0.3153654 0.3777537 -0.3333966
v -0.3153654 0.3777537 -0.3333966
v -0.3177698 0.3781720 -0.3172566
v -0.3177698 0.3781720 -0.3172566
v -0.3163563 0.3774916 -0.3175197
v -0.3163563 0.3774916 -0.3175197
v -0.3163563 0.3774916 -0.3175197
v -0.3163563 0.3774916 -0.3175197
v -0.3149498 0.3292401 -0.3344047
v -0.3149498 0.3292401 -0.3344047
v -0.3143629 0.2851165 -0.3489016
v -0.3143629 0.2851165 -0.3489016
v -0.3140788 0.3281928 -0.3495048
v -0.3135928 0.3290492 -0.3579412
v -0.3136297 0.2828791 -0.3628346
v -0.3132243 0.2810370 -0.3705378
v -0.3140631 0.2784435 -0.3638054
v -0.3140631 0.2784435 -0.3638054
v -0.3147822 0.2807640 -0.3500207
v -0.3147822 0.2807640 -0.3500207
v -0.3147822 0.2807640 -0.3500207
v -0.3147822 0.2807640 -0.3500207
v -0.3136697 0.2764244 -0.3713458
v -0.3136697 0.2764244 -0.3713458
v -0.3133391 0.2740425 -0.3776979
v -0.3133391 0.2740425 -0.3776979
v -0.3150614 0.2756914 -0.3713797
v -0.3147341 0.2733105 -0.3776581
v -0.3142353 0.2668309 -0.3872280
v -0.3235349 0.2732126 -0.3780712
v -0.3376352 0.2732126 -0.3788063
v -0.3230366 0.2667382 -0.3876314
v -0.3226955 0.2598439 -0.3941740
v -0.3371368 0.2667382 -0.3883663
v -0.3367957 0.2598439 -0.3949091
v -0.3459323 0.2668309 -0.3888800
v -0.3455910 0.2599333 -0.3954248
v -0.3464310 0.2733105 -0.3793102
v -0.3473043 0.2674400 -0.3892680
v -0.3473043 0.2674400 -0.3892680
v -0.3469591 0.2604336 -0.3958883
v -0.3469591 0.2604336 -0.3958883
v -0.3478145 0.2740425 -0.3794949
v -0.3478145 0.2740425 -0.3794949
v -0.3476908 0.2712463 -0.3909585
v -0.3483156 0.2789047 -0.3791640
v -0.3473056 0.2628702 -0.3983152
v -0.3474318 0.2841759 -0.3979774
v -0.3469491 0.2705906 -0.4071302
v -0.3486144 0.3461763 -0.3764469
v -0.3470114 0.2927793 -0.4061654
v -0.3492299 0.3338211 -0.3663064
v -0.3498994 0.3957798 -0.3449628
v -0.3498994 0.3957798 -0.3449628
v -0.3504336 0.4662245 -0.3307913
v -0.3504336 0.4662245 -0.3307913
v -0.3485276 0.3964879 -0.3442204
v -0.3495227 0.3994693 -0.3592270
v -0.3502392 0.4591366 -0.3448147
v -0.3489786 0.4087292 -0.3688449
v -0.3481487 0.3545165 -0.3848217
v -0.3498086 0.4629419 -0.3528680
v -0.3484822 0.4160149 -0.3780886
v -0.3476284 0.3631289 -0.3944860
v -0.3493361 0.4689008 -0.3616911
v -0.3480024 0.4227424 -0.3871320
v -0.3471248 0.3710121 -0.4039750
v -0.3488800 0.4744726 -0.3702891
v -0.3475896 0.4282216 -0.3948489
v -0.3484874 0.4789807 -0.3776253
v -0.3466919 0.3774625 -0.4120724
v -0.3470151 0.4344957 -0.4038855
v -0.3479361 0.4841227 -0.3862175
v -0.3460942 0.3848688 -0.4215534
v -0.3464001 0.4363951 -0.4066124
v -0.3464001 0.4363951 -0.4066124
v -0.3473282 0.4856730 -0.3888059
v -0.3473282 0.4856730 -0.3888059
v -0.3454719 0.3871171 -0.4244188
v -0.3454719 0.3871171 -0.4244188
v -0.3449826 0.4367864 -0.4071003
v -0.3459123 0.4859905 -0.3892637
v -0.3440529 0.3875823 -0.4249369
v -0.3361790 0.4368571 -0.4067421
v -0.3352489 0.3876665 -0.4245844
v -0.3371090 0.4860477 -0.3888998
v -0.3220788 0.4368571 -0.4060070
v -0.3211488 0.3876666 -0.4238491
v -0.3230087 0.4860477 -0.3881648
v -0.3132856 0.4367864 -0.4054481
v -0.3142154 0.4859905 -0.3876115
v -0.3123559 0.3875822 -0.4232847
v -0.3119265 0.4363951 -0.4048154
v -0.3119265 0.4363951 -0.4048154
v -0.3128547 0.4856730 -0.3870089
v -0.3128547 0.4856730 -0.3870089
v -0.3109984 0.3871171 -0.4226219
v -0.3109984 0.3871171 -0.4226219
v -0.3115983 0.4344958 -0.4020395
v -0.3125192 0.4841227 -0.3843715
v -0.3106774 0.3848689 -0.4197075
v -0.3119664 0.4282216 -0.3929920
v -0.3128642 0.4789808 -0.3757685
v -0.3110686 0.3774625 -0.4102154
v -0.3123581 0.4227424 -0.3852741
v -0.3132363 0.4744726 -0.3684312
v -0.3114799 0.3710121 -0.4021170
v -0.3128212 0.4160149 -0.3762298
v -0.3119656 0.3631289 -0.3926271
v -0.3136767 0.4689008 -0.3598324
v -0.3132884 0.4087292 -0.3669845
v -0.3141240 0.4629419 -0.3510079
v -0.3124528 0.3545165 -0.3829611
v -0.3136967 0.4026564 -0.3587682
v -0.3128604 0.3461763 -0.3745831
v -0.3145331 0.4591365 -0.3429534
v -0.3148556 0.3957799 -0.3431360
v -0.3148556 0.3957799 -0.3431360
v -0.3157977 0.4662245 -0.3289860
v -0.3157977 0.4662245 -0.3289860
v -0.3148439 0.3817472 -0.3416655
v -0.3148439 0.3817472 -0.3416655
v -0.3162971 0.3964879 -0.3425404
v -0.3133025 0.3338211 -0.3644337
v -0.3128751 0.2789047 -0.3773167
v -0.3117981 0.2841759 -0.3961200
v -0.3113266 0.2705906 -0.4052733
v -0.3113649 0.2927793 -0.4043073
v -0.3122701 0.2712463 -0.3891123
v -0.3118885 0.2628701 -0.3964690
v -0.3128304 0.2674399 -0.3874712
v -0.3128304 0.2674399 -0.3874712
v -0.3124855 0.2604336 -0.3940913
v -0.3124855 0.2604336 -0.3940913
v -0.3120954 0.2497068 -0.4015756
v -0.3120954 0.2497068 -0.4015756
v -0.3138942 0.2599333 -0.3937725
v -0.3135045 0.2492504 -0.4012493
v -0.3127660 0.2223103 -0.4154179
v -0.3223058 0.2491650 -0.4016506
v -0.3215673 0.2222342 -0.4158192
v -0.3364061 0.2491650 -0.4023857
v -0.3356675 0.2222342 -0.4165542
v -0.3452014 0.2492504 -0.4029016
v -0.3444629 0.2223103 -0.4170702
v -0.3465689 0.2497067 -0.4033726
v -0.3465689 0.2497067 -0.4033726
v -0.3458309 0.2227149 -0.4175324
v -0.3458309 0.2227149 -0.4175324
v -0.3469136 0.2518187 -0.4058312
v -0.3461808 0.2245784 -0.4198919
v -0.3465634 0.2585409 -0.4145226
v -0.3458521 0.2305022 -0.4281685
v -0.3461789 0.2641883 -0.4220541
v -0.3457233 0.2706983 -0.4308178
v -0.3454873 0.2354817 -0.4353232
v -0.3465485 0.2768700 -0.4149712
v -0.3460709 0.2839859 -0.4241518
v -0.3464967 0.3013601 -0.4160180
v -0.3455895 0.2909910 -0.4333627
v -0.3459886 0.3092039 -0.4257182
v -0.3452636 0.2771986 -0.4396137
v -0.3451656 0.2969958 -0.4413399
v -0.3455482 0.3156506 -0.4340014
v -0.3448581 0.2828195 -0.4472391
v -0.3445720 0.3040613 -0.4507551
v -0.3442858 0.2894612 -0.4562468
v -0.3449389 0.3230906 -0.4437176
v -0.3439501 0.3062361 -0.4536168
v -0.3439501 0.3062361 -0.4536168
v -0.3443125 0.3253646 -0.4466633
v -0.3443125 0.3253646 -0.4466633
v -0.3436703 0.2915035 -0.4589831
v -0.3436703 0.2915035 -0.4589831
v -0.3425307 0.3066897 -0.4541376
v -0.3422524 0.2919265 -0.4594769
v -0.3428924 0.3258398 -0.4472009
v -0.3337269 0.3067725 -0.4537863
v -0.3340882 0.3259266 -0.4468522
v -0.3334488 0.2920033 -0.4591205
v -0.3196266 0.3067726 -0.4530513
v -0.3199880 0.3259266 -0.4461172
v -0.3193486 0.2920033 -0.4583855
v -0.3108338 0.3066897 -0.4524855
v -0.3105555 0.2919265 -0.4578249
v -0.3111955 0.3258398 -0.4455487
v -0.3094764 0.3062361 -0.4518198
v -0.3094764 0.3062361 -0.4518198
v -0.3098389 0.3253646 -0.4448663
v -0.3098389 0.3253646 -0.4448663
v -0.3091967 0.2915035 -0.4571861
v -0.3091967 0.2915035 -0.4571861
v -0.3091553 0.3040613 -0.4489089
v -0.3088691 0.2894612 -0.4544008
v -0.3095221 0.3230906 -0.4418715
v -0.3095438 0.2969958 -0.4394832
v -0.3099263 0.3156506 -0.4321447
v -0.3092364 0.2828195 -0.4453823
v -0.3099515 0.2909910 -0.4315051
v -0.3096257 0.2771986 -0.4377561
v -0.3104303 0.2839859 -0.4222939
v -0.3103494 0.3092039 -0.4238606
v -0.3108525 0.3013602 -0.4141602
v -0.3100830 0.2706984 -0.4289600
v -0.3109099 0.2768700 -0.4131136
v -0.3105410 0.2641883 -0.4201964
v -0.3098494 0.2354817 -0.4334656
v -0.3109417 0.2585409 -0.4126659
v -0.3102305 0.2305022 -0.4263117
v -0.3114969 0.2518188 -0.4039851
v -0.3107640 0.2245784 -0.4180459
v -0.3092989 0.1646871 -0.4461530
v -0.3113573 0.2227149 -0.4157355
v -0.3113573 0.2227149 -0.4157355
v -0.3098849 0.1633261 -0.4439831
v -0.3098849 0.1633261 -0.4439831
v -0.3080045 0.0855241 -0.4800733
v -0.3080045 0.0855241 -0.4800733
v -0.3112929 0.1630301 -0.4436784
v -0.3094112 0.0853689 -0.4797832
v -0.3200943 0.1629744 -0.4440795
v -0.3182122 0.0853393 -0.4801846
v -0.3341945 0.1629744 -0.4448144
v -0.3323126 0.0853393 -0.4809196
v -0.3429898 0.1630301 -0.4453305
v -0.3411076 0.0853689 -0.4814355
v -0.3443584 0.1633261 -0.4457800
v -0.3443584 0.1633261 -0.4457800
v -0.3424766 0.0855241 -0.4818701
v -0.3424766 0.0855241 -0.4818701
v -0.3447157 0.1646871 -0.4479991
v -0.3428417 0.0862335 -0.4839325
v -0.3444170 0.1690097 -0.4557008
v -0.3425763 0.0884874 -0.4909928
v -0.3440790 0.1726422 -0.4623416
v -0.3436780 0.1768306 -0.4700574
v -0.3422682 0.0903817 -0.4970601
v -0.3419023 0.0925657 -0.5041030
v -0.3409136 0.0300806 -0.5223772
v -0.3412010 0.0294576 -0.5167097
v -0.3405721 0.0308007 -0.5289502
v -0.3401536 0.0062559 -0.5323561
v -0.3404343 0.0061413 -0.5268428
v -0.3397691 0.0027427 -0.5338132
v -0.3397691 0.0027427 -0.5338132
v -0.3398215 0.0063970 -0.5387460
v -0.3394382 0.0027979 -0.5401764
v -0.3394382 0.0027979 -0.5401764
v -0.3394869 0.0065407 -0.5451456
v -0.3391052 0.0028574 -0.5465484
v -0.3391052 0.0028574 -0.5465484
v -0.3391916 0.0066741 -0.5506818
v -0.3402276 0.0315201 -0.5355354
v -0.3399225 0.0321437 -0.5412367
v -0.3415331 0.0947466 -0.5111620
v -0.3412063 0.0966316 -0.5172759
v -0.3432735 0.1810131 -0.4777952
v -0.3429159 0.1846288 -0.4844996
v -0.3446186 0.2469590 -0.4519894
v -0.3450548 0.2412238 -0.4436424
v -0.3442333 0.2519180 -0.4592240
v -0.3436854 0.2577726 -0.4677648
v -0.3424009 0.1888940 -0.4924099
v -0.3430776 0.2595661 -0.4703534
v -0.3430776 0.2595661 -0.4703534
v -0.3418033 0.1901969 -0.4948017
v -0.3418033 0.1901969 -0.4948017
v -0.3416614 0.2599344 -0.4708147
v -0.3403893 0.1904628 -0.4952213
v -0.3328581 0.2600009 -0.4704521
v -0.3315864 0.1905106 -0.4948508
v -0.3187580 0.2600009 -0.4697171
v -0.3174862 0.1905106 -0.4941158
v -0.3099646 0.2599344 -0.4691626
v -0.3086925 0.1904628 -0.4935692
v -0.3086040 0.2595660 -0.4685564
v -0.3086040 0.2595660 -0.4685564
v -0.3073297 0.1901969 -0.4930047
v -0.3073297 0.1901969 -0.4930047
v -0.3082687 0.2577726 -0.4659187
v -0.3069840 0.1888940 -0.4905638
v -0.3086117 0.2519180 -0.4573673
v -0.3072942 0.1846288 -0.4826428
v -0.3089807 0.2469590 -0.4501319
v -0.3076355 0.1810131 -0.4759378
v -0.3094146 0.2412238 -0.4417847
v -0.3080377 0.1768306 -0.4681996
v -0.3062643 0.0925657 -0.5022453
v -0.3084411 0.1726422 -0.4604840
v -0.3087953 0.1690097 -0.4538440
v -0.3066325 0.0903817 -0.4952027
v -0.3069569 0.0884874 -0.4891362
v -0.3053477 0.0300806 -0.5205234
v -0.3050040 0.0308007 -0.5270963
v -0.3056510 0.0294576 -0.5148568
v -0.3050661 0.0062559 -0.5305272
v -0.3047321 0.0063970 -0.5369169
v -0.3052970 0.0027427 -0.5320163
v -0.3052970 0.0027427 -0.5320163
v -0.3053601 0.0061413 -0.5250145
v -0.3055885 0.0027070 -0.5265247
v -0.3055885 0.0027070 -0.5265247
v -0.3057732 0.0060830 -0.5185610
v -0.3059804 0.0027964 -0.5200724
v -0.3059804 0.0027964 -0.5200724
v -0.3060951 0.0287280 -0.5082517
v -0.3062379 0.0062606 -0.5166559
v -0.3062379 0.0062606 -0.5166559
v -0.3062828 0.0036279 -0.5179744
v -0.3062828 0.0036279 -0.5179744
v -0.3062828 0.0036279 -0.5179744
v -0.3066562 0.0285149 -0.5063455
v -0.3066562 0.0285149 -0.5063455
v -0.3075281 0.0060267 -0.5165357
v -0.3074462 0.0027742 -0.5182743
v -0.3074462 0.0027742 -0.5182743
v -0.3080469 0.0284429 -0.5060794
v -0.3162935 0.0059257 -0.5169948
v -0.3162008 0.0026087 -0.5187747
v -0.3162008 0.0026087 -0.5187747
v -0.3168412 0.0284174 -0.5064890
v -0.3303939 0.0059257 -0.5177299
v -0.3303011 0.0026087 -0.5195098
v -0.3303011 0.0026087 -0.5195098
v -0.3309415 0.0284174 -0.5072240
v -0.3391596 0.0060267 -0.5181845
v -0.3390602 0.0027742 -0.5199221
v -0.3390602 0.0027742 -0.5199221
v -0.3397307 0.0284429 -0.5077308
v -0.3404302 0.0062606 -0.5184380
v -0.3404302 0.0062606 -0.5184380
v -0.3402485 0.0036280 -0.5197449
v -0.3402485 0.0036280 -0.5197449
v -0.3402485 0.0036280 -0.5197449
v -0.3410861 0.0285149 -0.5081400
v -0.3410861 0.0285149 -0.5081400
v -0.3406944 0.0060830 -0.5203812
v -0.3403311 0.0027964 -0.5218629
v -0.3403311 0.0027964 -0.5218629
v -0.3414459 0.0287280 -0.5100942
v -0.3400502 0.0027070 -0.5283210
v -0.3400502 0.0027070 -0.5283210
v -0.3389444 0.0009539 -0.5226161
v -0.3386208 0.0007152 -0.5291141
v -0.3301570 0.0006811 -0.5222734
v -0.3298174 0.0004070 -0.5287889
v -0.3160567 0.0006811 -0.5215384
v -0.3072813 0.0009539 -0.5209658
v -0.3157172 0.0004070 -0.5280536
v -0.3069276 0.0007152 -0.5274621
v -0.3154314 0.0003851 -0.5335356
v -0.3151006 0.0003820 -0.5398815
v -0.3295317 0.0003851 -0.5342706
v -0.3066402 0.0007018 -0.5329443
v -0.3063092 0.0007066 -0.5392922
v -0.3049646 0.0027979 -0.5383795
v -0.3049646 0.0027979 -0.5383795
v -0.3059781 0.0007176 -0.5456483
v -0.3056932 0.0007478 -0.5511437
v -0.3147695 0.0003857 -0.5462350
v -0.3046332 0.0028574 -0.5447515
v -0.3046332 0.0028574 -0.5447515
v -0.3043512 0.0029230 -0.5502623
v -0.3043512 0.0029230 -0.5502623
v -0.3043995 0.0065407 -0.5433167
v -0.3046618 0.0315201 -0.5336816
v -0.3041176 0.0066741 -0.5488536
v -0.3043726 0.0321437 -0.5393836
v -0.3038560 0.0069225 -0.5553418
v -0.3040715 0.0031545 -0.5566916
v -0.3040715 0.0031545 -0.5566916
v -0.3041219 0.0328929 -0.5461088
v -0.3041254 0.0072274 -0.5571858
v -0.3041254 0.0072274 -0.5571858
v -0.3044762 0.0331409 -0.5481669
v -0.3044762 0.0331409 -0.5481669
v -0.3041885 0.0041615 -0.5581539
v -0.3041885 0.0041615 -0.5581539
v -0.3041885 0.0041615 -0.5581539
v -0.3053837 0.0069756 -0.5576765
v -0.3053372 0.0031755 -0.5587372
v -0.3053372 0.0031755 -0.5587372
v -0.3058276 0.0331618 -0.5486570
v -0.3141443 0.0068618 -0.5582285
v -0.3140883 0.0029846 -0.5593006
v -0.3140883 0.0029846 -0.5593006
v -0.3146152 0.0331514 -0.5491945
v -0.3282446 0.0068618 -0.5589635
v -0.3281887 0.0029846 -0.5600355
v -0.3281887 0.0029846 -0.5600355
v -0.3287154 0.0331514 -0.5499294
v -0.3370152 0.0069756 -0.5593253
v -0.3369511 0.0031755 -0.5603850
v -0.3369511 0.0031755 -0.5603850
v -0.3375113 0.0331618 -0.5503086
v -0.3383176 0.0072274 -0.5589681
v -0.3383176 0.0072274 -0.5589681
v -0.3389062 0.0331409 -0.5499617
v -0.3389062 0.0331409 -0.5499617
v -0.3381542 0.0041615 -0.5599243
v -0.3381542 0.0041615 -0.5599243
v -0.3381542 0.0041615 -0.5599243
v -0.3387772 0.0069225 -0.5571620
v -0.3384225 0.0031545 -0.5584821
v -0.3384225 0.0031545 -0.5584821
v -0.3394727 0.0328929 -0.5479516
v -0.3407278 0.0988550 -0.5244868
v -0.3401418 0.0995338 -0.5266629
v -0.3401418 0.0995338 -0.5266629
v -0.3387306 0.0996710 -0.5270384
v -0.3299284 0.0996951 -0.5266600
v -0.3158281 0.0996951 -0.5259250
v -0.3070343 0.0996710 -0.5253862
v -0.3056697 0.0995338 -0.5248662
v -0.3056697 0.0995338 -0.5248662
v -0.3053131 0.0988550 -0.5226409
v -0.3055869 0.0966316 -0.5154192
v -0.3058975 0.0947466 -0.5093045
v -0.3388129 0.0029230 -0.5520585
v -0.3388129 0.0029230 -0.5520585
v -0.3370385 0.0010437 -0.5591795
v -0.3373864 0.0007478 -0.5527956
v -0.3282508 0.0007316 -0.5588440
v -0.3285834 0.0004112 -0.5524632
v -0.3141506 0.0007316 -0.5581089
v -0.3144831 0.0004112 -0.5517282
v -0.3053755 0.0010437 -0.5575290
v -0.3288697 0.0003857 -0.5469699
v -0.3292009 0.0003820 -0.5406165
v -0.3376745 0.0007176 -0.5473005
v -0.3380061 0.0007066 -0.5409443
v -0.3383366 0.0007018 -0.5345966
v -0.3074270 0.0862335 -0.4820867
v -0.3172387 0.4666281 -0.3282097
v -0.3252501 0.3965774 -0.3428368
v -0.3395923 0.3965774 -0.3435844
v -0.3261034 0.4666756 -0.3282606
v -0.3270071 0.5382470 -0.3113174
v -0.3402591 0.4666756 -0.3289987
v -0.3411218 0.5382470 -0.3120531
v -0.3490811 0.4666281 -0.3298694
v -0.3499171 0.5382763 -0.3132148
v -0.3506164 0.5925181 -0.2999995
v -0.3512697 0.5381852 -0.3141743
v -0.3512697 0.5381852 -0.3141743
v -0.3519693 0.5926099 -0.3010349
v -0.3519693 0.5926099 -0.3010349
v -0.3512433 0.5392377 -0.3251018
v -0.3519852 0.5934727 -0.3109063
v -0.3508856 0.5411409 -0.3319577
v -0.3504702 0.5436316 -0.3398399
v -0.3516513 0.5941002 -0.3172729
v -0.3512609 0.5948479 -0.3246650
v -0.3520293 0.6182741 -0.3097742
v -0.3516461 0.6184868 -0.3170708
v -0.3522372 0.6282960 -0.3049783
v -0.3523574 0.6180696 -0.3035045
v -0.3525741 0.6280696 -0.2984121
v -0.3523380 0.6174028 -0.2938797
v -0.3523380 0.6174028 -0.2938797
v -0.3525612 0.6267693 -0.2886618
v -0.3525612 0.6267693 -0.2886618
v -0.3509873 0.6170909 -0.2928064
v -0.3512115 0.6260858 -0.2877401
v -0.3422039 0.6166041 -0.2911902
v -0.3418258 0.5923379 -0.2985244
v -0.3424406 0.6250581 -0.2863705
v -0.3280999 0.6166041 -0.2904551
v -0.3277135 0.5923377 -0.2977889
v -0.3283655 0.6250580 -0.2856370
v -0.3191960 0.6170909 -0.2911492
v -0.3194998 0.6260857 -0.2860872
v -0.3188171 0.5925181 -0.2983421
v -0.3177411 0.6174027 -0.2920764
v -0.3177411 0.6174027 -0.2920764
v -0.3173639 0.5926101 -0.2992313
v -0.3173639 0.5926101 -0.2992313
v -0.3180616 0.6267693 -0.2868635
v -0.3180616 0.6267693 -0.2868635
v -0.3167210 0.6180695 -0.3016469
v -0.3163218 0.5934727 -0.3090473
v -0.3170351 0.6280695 -0.2965596
v -0.3163957 0.6182741 -0.3079168
v -0.3166874 0.6282959 -0.3031254
v -0.3160182 0.6184867 -0.3152136
v -0.3159920 0.5941002 -0.3154142
v -0.3156117 0.5948479 -0.3228067
v -0.3152269 0.5411409 -0.3300989
v -0.3155839 0.5392377 -0.3232432
v -0.3148206 0.5436315 -0.3379817
v -0.3144153 0.5461683 -0.3458350
v -0.3140713 0.5483631 -0.3526128
v -0.3152297 0.5956087 -0.3302179
v -0.3156376 0.6186941 -0.3225364
v -0.3149044 0.5962780 -0.3366362
v -0.3153133 0.6188823 -0.3288790
v -0.3146130 0.5970988 -0.3442037
v -0.3137584 0.5509408 -0.3605960
v -0.3150235 0.6191645 -0.3363461
v -0.3149651 0.5973834 -0.3465195
v -0.3149651 0.5973834 -0.3465195
v -0.3153771 0.6193224 -0.3386167
v -0.3153771 0.6193224 -0.3386167
v -0.3141038 0.5517333 -0.3630442
v -0.3141038 0.5517333 -0.3630442
v -0.3163296 0.5974569 -0.3470508
v -0.3167424 0.6193873 -0.3391320
v -0.3154667 0.5518992 -0.3636059
v -0.3251237 0.5974723 -0.3475903
v -0.3242605 0.5519297 -0.3641513
v -0.3255366 0.6194037 -0.3396678
v -0.3392239 0.5974723 -0.3483254
v -0.3383607 0.5519297 -0.3648864
v -0.3396369 0.6194037 -0.3404028
v -0.3480265 0.5974568 -0.3487028
v -0.3484392 0.6193873 -0.3407840
v -0.3471636 0.5518993 -0.3652580
v -0.3494388 0.5973834 -0.3483165
v -0.3494388 0.5973834 -0.3483165
v -0.3498506 0.6193224 -0.3404135
v -0.3498506 0.6193224 -0.3404135
v -0.3485774 0.5517333 -0.3648413
v -0.3485774 0.5517333 -0.3648413
v -0.3500298 0.5970988 -0.3460497
v -0.3491754 0.5509408 -0.3624421
v -0.3504383 0.6191644 -0.3381920
v -0.3505267 0.5962779 -0.3384931
v -0.3496941 0.5483631 -0.3544695
v -0.3509265 0.6188823 -0.3307354
v -0.3508703 0.5956087 -0.3320758
v -0.3500567 0.5461683 -0.3476927
v -0.3512632 0.6186941 -0.3243933
v -0.3514566 0.6285712 -0.3202491
v -0.3511172 0.6286659 -0.3268181
v -0.3518450 0.6284568 -0.3126238
v -0.3516299 0.6359783 -0.3165029
v -0.3512822 0.6357729 -0.3233878
v -0.3518654 0.6487657 -0.3123181
v -0.3520467 0.6361389 -0.3082221
v -0.3523020 0.6516393 -0.3040378
v -0.3525009 0.6360978 -0.2994372
v -0.3528401 0.6519532 -0.2946395
v -0.3529178 0.6356524 -0.2915820
v -0.3533769 0.6406674 -0.2850809
v -0.3529206 0.6320954 -0.2817981
v -0.3529206 0.6320954 -0.2817981
v -0.3533671 0.6342006 -0.2759104
v -0.3533671 0.6342006 -0.2759104
v -0.3515605 0.6309513 -0.2811992
v -0.3519867 0.6328634 -0.2754771
v -0.3427635 0.6292872 -0.2803566
v -0.3431059 0.6309489 -0.2748826
v -0.3286697 0.6292871 -0.2796220
v -0.3288982 0.6309488 -0.2741420
v -0.3198327 0.6309514 -0.2795455
v -0.3200037 0.6328634 -0.2738100
v -0.3184177 0.6320954 -0.2799997
v -0.3184177 0.6320954 -0.2799997
v -0.3185857 0.6342005 -0.2740974
v -0.3185857 0.6342005 -0.2740974
v -0.3174034 0.6356524 -0.2897308
v -0.3176227 0.6406674 -0.2832173
v -0.3170012 0.6360978 -0.2975868
v -0.3171629 0.6519532 -0.2927799
v -0.3165396 0.6361389 -0.3063714
v -0.3167209 0.6516392 -0.3021831
v -0.3162827 0.6284567 -0.3107701
v -0.3160934 0.6359783 -0.3146505
v -0.3162942 0.6487657 -0.3104639
v -0.3157233 0.6357729 -0.3215344
v -0.3158762 0.6285711 -0.3183945
v -0.3155308 0.6286660 -0.3249631
v -0.3152190 0.6288646 -0.3326488
v -0.3153897 0.6356337 -0.3294337
v -0.3155682 0.6290411 -0.3349551
v -0.3155682 0.6290411 -0.3349551
v -0.3157351 0.6357698 -0.3317585
v -0.3157351 0.6357698 -0.3317585
v -0.3169334 0.6291305 -0.3354651
v -0.3171006 0.6358819 -0.3322582
v -0.3257279 0.6291544 -0.3359981
v -0.3258952 0.6359147 -0.3327871
v -0.3398282 0.6291544 -0.3367331
v -0.3399955 0.6359147 -0.3335221
v -0.3486303 0.6291305 -0.3371172
v -0.3487975 0.6358819 -0.3339104
v -0.3500412 0.6290411 -0.3367520
v -0.3500412 0.6290411 -0.3367520
v -0.3502076 0.6357698 -0.3335552
v -0.3502076 0.6357698 -0.3335552
v -0.3506282 0.6288645 -0.3344945
v -0.3507927 0.6356336 -0.3312789
v -0.3511410 0.6460176 -0.3246249
v -0.3505791 0.6460897 -0.3264289
v -0.3505791 0.6460897 -0.3264289
v -0.3512846 0.6494043 -0.3218949
v -0.3515592 0.6471381 -0.3182362
v -0.3516246 0.6501811 -0.3170867
v -0.3516684 0.6521462 -0.3162446
v -0.3518565 0.6518523 -0.3126576
v -0.3518150 0.6538336 -0.3134668
v -0.3521135 0.6544440 -0.3077268
v -0.3520089 0.6561722 -0.3097356
v -0.3524493 0.6606424 -0.3014648
v -0.3523111 0.6604010 -0.3039768
v -0.3526832 0.6609415 -0.2973853
v -0.3524353 0.6641688 -0.3000591
v -0.3522135 0.6625609 -0.3041377
v -0.3526923 0.6654664 -0.2956601
v -0.3519683 0.6655321 -0.3000275
v -0.3519683 0.6655321 -0.3000275
v -0.3517323 0.6636723 -0.3043680
v -0.3517323 0.6636723 -0.3043680
v -0.3522342 0.6671042 -0.2954726
v -0.3522342 0.6671042 -0.2954726
v -0.3505739 0.6659426 -0.3000630
v -0.3503364 0.6640313 -0.3044455
v -0.3508390 0.6675719 -0.2954715
v -0.3417666 0.6660330 -0.2996441
v -0.3415340 0.6641122 -0.3040325
v -0.3420172 0.6676735 -0.2950452
v -0.3276559 0.6660330 -0.2989086
v -0.3274311 0.6641121 -0.3032973
v -0.3278847 0.6676735 -0.2943085
v -0.3188527 0.6659425 -0.2984096
v -0.3186334 0.6640313 -0.3027931
v -0.3190664 0.6675720 -0.2938154
v -0.3174695 0.6655321 -0.2982293
v -0.3174695 0.6655321 -0.2982293
v -0.3172531 0.6636723 -0.3025707
v -0.3172531 0.6636723 -0.3025707
v -0.3176787 0.6671042 -0.2936714
v -0.3176787 0.6671042 -0.2936714
v -0.3170020 0.6641688 -0.2982121
v -0.3167985 0.6625609 -0.3022915
v -0.3172036 0.6654664 -0.2938102
v -0.3168419 0.6606424 -0.2996087
v -0.3167181 0.6604011 -0.3021214
v -0.3170334 0.6609415 -0.2955272
v -0.3165248 0.6544441 -0.3058718
v -0.3164199 0.6561722 -0.3078805
v -0.3162677 0.6518523 -0.3108023
v -0.3160381 0.6501810 -0.3152317
v -0.3162251 0.6538335 -0.3116116
v -0.3160818 0.6521463 -0.3143897
v -0.3162115 0.6554927 -0.3136062
v -0.3160339 0.6525771 -0.3170123
v -0.3164023 0.6581485 -0.3099525
v -0.3166333 0.6561573 -0.3145224
v -0.3166333 0.6561573 -0.3145224
v -0.3168320 0.6589873 -0.3107119
v -0.3168320 0.6589873 -0.3107119
v -0.3164448 0.6530238 -0.3181380
v -0.3164448 0.6530238 -0.3181380
v -0.3180088 0.6564189 -0.3148341
v -0.3178189 0.6532525 -0.3184772
v -0.3182086 0.6592785 -0.3110003
v -0.3268045 0.6564855 -0.3153427
v -0.3266146 0.6533154 -0.3189867
v -0.3270043 0.6593485 -0.3115086
v -0.3409048 0.6564854 -0.3160778
v -0.3407149 0.6533154 -0.3197218
v -0.3411047 0.6593485 -0.3122438
v -0.3497057 0.6564187 -0.3164862
v -0.3495158 0.6532525 -0.3201293
v -0.3499055 0.6592784 -0.3126525
v -0.3511061 0.6561573 -0.3163193
v -0.3511061 0.6561573 -0.3163193
v -0.3513047 0.6589873 -0.3125089
v -0.3513047 0.6589873 -0.3125089
v -0.3509177 0.6530238 -0.3199348
v -0.3509177 0.6530238 -0.3199348
v -0.3516209 0.6554927 -0.3154518
v -0.3514435 0.6525771 -0.3188581
v -0.3518111 0.6581485 -0.3117982
v -0.3507411 0.6496295 -0.3233230
v -0.3507411 0.6496295 -0.3233230
v -0.3493371 0.6498224 -0.3235572
v -0.3491730 0.6462505 -0.3267066
v -0.3405361 0.6498803 -0.3231523
v -0.3403717 0.6463019 -0.3263057
v -0.3264357 0.6498803 -0.3224172
v -0.3262714 0.6463019 -0.3255707
v -0.3176403 0.6498224 -0.3219051
v -0.3174761 0.6462505 -0.3250545
v -0.3162682 0.6496295 -0.3215260
v -0.3162682 0.6496295 -0.3215260
v -0.3161064 0.6460897 -0.3246319
v -0.3161064 0.6460897 -0.3246319
v -0.3158763 0.6494044 -0.3200492
v -0.3157352 0.6460176 -0.3227793
v -0.3159835 0.6471380 -0.3163819
v -0.3172613 0.6615045 -0.2899247
v -0.3176832 0.6637281 -0.2702539
v -0.3176832 0.6637281 -0.2702539
v -0.3173969 0.6666108 -0.2887257
v -0.3177358 0.6692660 -0.2705423
v -0.3177358 0.6692660 -0.2705423
v -0.3178712 0.6684542 -0.2886132
v -0.3178712 0.6684542 -0.2886132
v -0.3182182 0.6713250 -0.2706789
v -0.3182182 0.6713250 -0.2706789
v -0.3182182 0.6713250 -0.2706789
v -0.3182182 0.6713250 -0.2706789
v -0.3192672 0.6689742 -0.2887362
v -0.3196756 0.6719158 -0.2707976
v -0.3196756 0.6719158 -0.2707976
v -0.3281224 0.6690874 -0.2892265
v -0.3288322 0.6720461 -0.2713223
v -0.3288322 0.6720461 -0.2713223
v -0.3423091 0.6690873 -0.2899661
v -0.3434647 0.6720461 -0.2720850
v -0.3434647 0.6720461 -0.2720850
v -0.3511674 0.6689742 -0.2903991
v -0.3526262 0.6719157 -0.2725152
v -0.3526262 0.6719157 -0.2725152
v -0.3525686 0.6684542 -0.2904217
v -0.3525686 0.6684542 -0.2904217
v -0.3540880 0.6713251 -0.2725486
v -0.3540880 0.6713251 -0.2725486
v -0.3540880 0.6713251 -0.2725486
v -0.3540880 0.6713251 -0.2725486
v -0.3530287 0.6666108 -0.2905830
v -0.3545822 0.6692660 -0.2724628
v -0.3545822 0.6692660 -0.2724628
v -0.3530389 0.6615045 -0.2917895
v -0.3546644 0.6637281 -0.2721817
v -0.3546644 0.6637281 -0.2721817
v -0.3567871 0.6661834 -0.2499244
v -0.3546306 0.6539915 -0.2715061
v -0.3546306 0.6539915 -0.2715061
v -0.3567939 0.6565028 -0.2485498
v -0.3546264 0.6436577 -0.2699260
v -0.3546264 0.6436577 -0.2699260
v -0.3568149 0.6467127 -0.2467107
v -0.3542954 0.6362625 -0.2654782
v -0.3542954 0.6362625 -0.2654782
v -0.3542954 0.6362625 -0.2654782
v -0.3542954 0.6362625 -0.2654782
v -0.3563224 0.6390345 -0.2441478
v -0.3563224 0.6390345 -0.2441478
v -0.3528696 0.6348003 -0.2651796
v -0.3528696 0.6348003 -0.2651796
v -0.3547968 0.6375226 -0.2439450
v -0.3437822 0.6327344 -0.2647672
v -0.3437822 0.6327344 -0.2647672
v -0.3452323 0.6354195 -0.2436554
v -0.3292773 0.6327342 -0.2640113
v -0.3292773 0.6327342 -0.2640113
v -0.3300299 0.6354194 -0.2428631
v -0.3201962 0.6348003 -0.2634765
v -0.3201962 0.6348003 -0.2634765
v -0.3204871 0.6375226 -0.2421566
v -0.3187471 0.6362624 -0.2636251
v -0.3187471 0.6362624 -0.2636251
v -0.3187471 0.6362624 -0.2636251
v -0.3187471 0.6362624 -0.2636251
v -0.3189487 0.6390344 -0.2421997
v -0.3189487 0.6390344 -0.2421997
v -0.3179555 0.6436577 -0.2680146
v -0.3179555 0.6436577 -0.2680146
v -0.3181925 0.6467127 -0.2446976
v -0.3177871 0.6539915 -0.2695855
v -0.3177871 0.6539915 -0.2695855
v -0.3180221 0.6565028 -0.2465288
v -0.3182888 0.6607952 -0.2064316
v -0.3178860 0.6661834 -0.2478967
v -0.3181509 0.6704957 -0.2080635
v -0.3179271 0.6718053 -0.2485785
v -0.3182043 0.6761887 -0.2089131
v -0.3184428 0.6739138 -0.2488040
v -0.3184428 0.6739138 -0.2488040
v -0.3187897 0.6783324 -0.2091864
v -0.3187897 0.6783324 -0.2091864
v -0.3199954 0.6745230 -0.2489366
v -0.3205213 0.6789537 -0.2093459
v -0.3296203 0.6746578 -0.2495323
v -0.3310244 0.6790915 -0.2100790
v -0.3449463 0.6746578 -0.2503311
v -0.3476517 0.6790915 -0.2109456
v -0.3545810 0.6745230 -0.2507394
v -0.3581740 0.6789538 -0.2113085
v -0.3561390 0.6739138 -0.2507690
v -0.3561390 0.6739138 -0.2507690
v -0.3599128 0.6783325 -0.2113298
v -0.3599128 0.6783325 -0.2113298
v -0.3566754 0.6718052 -0.2505984
v -0.3605234 0.6761886 -0.2111190
v -0.3749043 0.6923882 -0.0630962
v -0.3606650 0.6704957 -0.2102796
v -0.3751266 0.6865067 -0.0622933
v -0.3606974 0.6607951 -0.2086423
v -0.3751994 0.6765202 -0.0607851
v -0.3607277 0.6511515 -0.2068196
v -0.3752482 0.6666418 -0.0592468
v -0.3601005 0.6433406 -0.2050983
v -0.3601005 0.6433406 -0.2050983
v -0.3742812 0.6586674 -0.0580583
v -0.3742812 0.6586674 -0.0580583
v -0.3583904 0.6418542 -0.2049516
v -0.3718926 0.6574128 -0.0579687
v -0.3479243 0.6398349 -0.2047452
v -0.3580641 0.6558874 -0.0578934
v -0.3313978 0.6398349 -0.2038837
v -0.3365805 0.6558875 -0.0567736
v -0.3209670 0.6418542 -0.2030011
v -0.3228191 0.6574128 -0.0554108
v -0.3192509 0.6433406 -0.2029691
v -0.3192509 0.6433406 -0.2029691
v -0.3204342 0.6586674 -0.0552516
v -0.3204342 0.6586674 -0.0552516
v -0.3184481 0.6511515 -0.2046158
v -0.3193489 0.6666418 -0.0563331
v -0.3201743 0.6769415 0.0429731
v -0.3192375 0.6765202 -0.0578681
v -0.3200932 0.6870359 0.0416253
v -0.3191531 0.6865068 -0.0593757
v -0.3200474 0.6972338 0.0402911
v -0.3192907 0.6923882 -0.0601974
v -0.3202407 0.7032358 0.0395471
v -0.3201420 0.6946037 -0.0605044
v -0.3201420 0.6946037 -0.0605044
v -0.3212578 0.7054940 0.0392327
v -0.3212578 0.7054940 0.0392327
v -0.3225353 0.6952453 -0.0607638
v -0.3240653 0.7061468 0.0389133
v -0.3363075 0.6953876 -0.0620031
v -0.3399234 0.7062917 0.0373688
v -0.3577919 0.6953876 -0.0631229
v -0.3645270 0.7062917 0.0360864
v -0.3716184 0.6952453 -0.0633223
v -0.3804597 0.7061468 0.0359737
v -0.3740257 0.6946038 -0.0633131
v -0.3740257 0.6946038 -0.0633131
v -0.3832852 0.7054940 0.0359996
v -0.3832852 0.7054940 0.0359996
v -0.3921728 0.7163430 0.1349483
v -0.3921728 0.7163430 0.1349483
v -0.3843294 0.7032358 0.0362065
v -0.3933586 0.7140437 0.1351438
v -0.3845991 0.6972338 0.0369265
v -0.3936678 0.7079225 0.1357789
v -0.3846923 0.6870358 0.0382581
v -0.3937775 0.6975137 0.1369307
v -0.3847516 0.6769415 0.0396070
v -0.3938451 0.6872021 0.1380921
v -0.3835845 0.6688786 0.0406419
v -0.3835845 0.6688786 0.0406419
v -0.3925059 0.6790529 0.1389846
v -0.3925059 0.6790529 0.1389846
v -0.3807718 0.6677916 0.0407126
v -0.3893192 0.6781333 0.1390441
v -0.3648008 0.6666128 0.0407380
v -0.3713976 0.6772999 0.1390581
v -0.3401347 0.6666128 0.0420237
v -0.3437956 0.6772999 0.1404969
v -0.3242477 0.6677915 0.0436589
v -0.3259696 0.6781334 0.1423461
v -0.3214427 0.6688786 0.0438810
v -0.3214427 0.6688786 0.0438810
v -0.3227941 0.6790529 0.1426183
v -0.3227941 0.6790529 0.1426183
v -0.3244904 0.6877939 0.2272900
v -0.3244904 0.6877939 0.2272900
v -0.3213693 0.6872021 0.1418699
v -0.3229849 0.6960132 0.2266808
v -0.3213157 0.6975138 0.1407077
v -0.3229519 0.7065101 0.2256779
v -0.3213052 0.7079225 0.1395507
v -0.3229653 0.7170981 0.2246718
v -0.3215467 0.7140437 0.1388870
v -0.3232321 0.7233187 0.2240743
v -0.3227057 0.7163432 0.1385692
v -0.3227057 0.7163432 0.1385692
v -0.3244693 0.7256481 0.2237544
v -0.3244693 0.7256481 0.2237544
v -0.3258785 0.7170067 0.1382020
v -0.3278817 0.7263188 0.2233699
v -0.3436408 0.7171538 0.1364096
v -0.3470101 0.7264678 0.2214559
v -0.3711265 0.7171537 0.1349770
v -0.3766175 0.7264678 0.2199127
v -0.3889791 0.7170067 0.1349129
v -0.3958412 0.7263189 0.2198275
v -0.3992752 0.7256481 0.2198553
v -0.3992752 0.7256481 0.2198553
v -0.4000484 0.7329007 0.2800715
v -0.4019168 0.7368729 0.3170809
v -0.4035415 0.7322321 0.2800606
v -0.4035415 0.7322321 0.2800606
v -0.3802576 0.7330499 0.2802709
v -0.3822136 0.7370176 0.3174797
v -0.3496649 0.7330498 0.2818655
v -0.3515879 0.7370175 0.3190760
v -0.3299606 0.7329007 0.2837248
v -0.3319501 0.7368729 0.3207279
v -0.3264852 0.7322321 0.2840770
v -0.3264852 0.7322321 0.2840770
v -0.3285458 0.7362306 0.3209771
v -0.3285458 0.7362306 0.3209771
v -0.3252752 0.7298956 0.2844053
v -0.3275076 0.7339268 0.3213464
v -0.3250217 0.7236113 0.2849649
v -0.3273224 0.7276173 0.3219084
v -0.3250010 0.7128983 0.2858659
v -0.3273103 0.7168308 0.3227485
v -0.3250234 0.7022720 0.2867554
v -0.3273281 0.7061272 0.3235661
v -0.3264817 0.6940131 0.2872487
v -0.3264817 0.6940131 0.2872487
v -0.3285505 0.6978667 0.3239229
v -0.3285505 0.6978667 0.3239229
v -0.3299668 0.6933510 0.2869866
v -0.3279101 0.6870200 0.2269984
v -0.3319666 0.6973032 0.3237579
v -0.3497593 0.6930236 0.2851202
v -0.3471234 0.6864820 0.2250567
v -0.3516820 0.6971133 0.3221107
v -0.3805020 0.6930234 0.2835178
v -0.3768791 0.6864819 0.2235057
v -0.3824356 0.6971133 0.3205077
v -0.4003813 0.6933509 0.2833163
v -0.3961902 0.6870199 0.2234394
v -0.4022153 0.6973032 0.3200962
v -0.4038748 0.6940131 0.2832147
v -0.4038748 0.6940131 0.2832147
v -0.3996217 0.6877939 0.2233739
v -0.3996217 0.6877939 0.2233739
v -0.4056301 0.6978667 0.3199052
v -0.4056301 0.6978667 0.3199052
v -0.4052739 0.7022721 0.2825723
v -0.4010557 0.6960132 0.2226114
v -0.4068087 0.7061273 0.3194232
v -0.4052037 0.7128982 0.2816854
v -0.4009843 0.7065101 0.2216105
v -0.4067415 0.7168308 0.3186082
v -0.4050894 0.7236112 0.2807915
v -0.4008663 0.7170981 0.2206113
v -0.4066420 0.7276173 0.3177739
v -0.4047790 0.7298956 0.2802612
v -0.4005388 0.7233187 0.2200448
v -0.4063994 0.7339268 0.3172342
v -0.4053285 0.7362306 0.3169749
v -0.4053285 0.7362306 0.3169749
v -0.4061031 0.7359552 0.3359454
v -0.4047185 0.7367666 0.3434498
v -0.4047185 0.7367666 0.3434498
v -0.4053840 0.7381420 0.3353930
v -0.4053840 0.7381420 0.3353930
v -0.4062224 0.7296537 0.3365462
v -0.4046937 0.7304794 0.3441413
v -0.4046937 0.7304794 0.3441413
v -0.4062989 0.7188335 0.3373577
v -0.4047460 0.7196485 0.3449511
v -0.4047460 0.7196485 0.3449511
v -0.4063647 0.7080930 0.3381320
v -0.4048122 0.7088945 0.3457047
v -0.4048122 0.7088945 0.3457047
v -0.4056474 0.6998662 0.3382050
v -0.4056474 0.6998662 0.3382050
v -0.4049571 0.7006567 0.3443129
v -0.4049571 0.7006567 0.3443129
v -0.4049571 0.7006567 0.3443129
v -0.4023932 0.6994410 0.3387146
v -0.4018019 0.7006002 0.3461620
v -0.4018019 0.7006002 0.3461620
v -0.3831122 0.6993386 0.3393889
v -0.3831049 0.7005554 0.3470990
v -0.3831049 0.7005554 0.3470990
v -0.3529721 0.6993386 0.3409599
v -0.3537809 0.7005554 0.3486275
v -0.3537809 0.7005554 0.3486275
v -0.3337254 0.6994411 0.3422939
v -0.3350878 0.7006001 0.3496394
v -0.3350878 0.7006001 0.3496394
v -0.3304358 0.6998663 0.3421254
v -0.3304358 0.6998663 0.3421254
v -0.3317575 0.7006567 0.3481284
v -0.3317575 0.7006567 0.3481284
v -0.3317575 0.7006567 0.3481284
v -0.3297148 0.7080930 0.3421274
v -0.3320462 0.7088945 0.3494975
v -0.3320462 0.7088945 0.3494975
v -0.3296998 0.7188334 0.3413504
v -0.3320337 0.7196485 0.3487411
v -0.3320337 0.7196485 0.3487411
v -0.3296915 0.7296537 0.3405353
v -0.3320015 0.7304794 0.3479303
v -0.3320015 0.7304794 0.3479303
v -0.3297476 0.7359551 0.3399254
v -0.3319051 0.7367666 0.3472451
v -0.3319051 0.7367666 0.3472451
v -0.3304056 0.7381420 0.3393012
v -0.3304056 0.7381420 0.3393012
v -0.3317039 0.7386460 0.3453614
v -0.3317039 0.7386460 0.3453614
v -0.3317039 0.7386460 0.3453614
v -0.3336801 0.7387262 0.3393995
v -0.3350110 0.7391251 0.3468431
v -0.3350110 0.7391251 0.3468431
v -0.3528672 0.7388582 0.3380568
v -0.3536630 0.7392381 0.3458235
v -0.3536630 0.7392381 0.3458235
v -0.3829146 0.7388583 0.3364906
v -0.3829306 0.7392382 0.3442979
v -0.3829306 0.7392382 0.3442979
v -0.4021373 0.7387263 0.3358312
v -0.4015875 0.7391251 0.3433728
v -0.4015875 0.7391251 0.3433728
v -0.4047227 0.7386460 0.3415554
v -0.4047227 0.7386460 0.3415554
v -0.4047227 0.7386460 0.3415554
v -0.4006782 0.7372114 0.3472785
v -0.4004562 0.7309089 0.3481368
v -0.3826367 0.7372832 0.3485630
v -0.3825515 0.7309651 0.3495139
v -0.3543987 0.7372832 0.3500348
v -0.3363214 0.7372115 0.3506331
v -0.3545824 0.7309651 0.3509717
v -0.3366315 0.7309090 0.3514636
v -0.3546377 0.7201263 0.3517963
v -0.3825823 0.7201262 0.3503397
v -0.3546630 0.7093621 0.3525280
v -0.3366944 0.7200721 0.3522798
v -0.3367037 0.7093101 0.3530205
v -0.3826331 0.7093621 0.3510701
v -0.4005461 0.7093100 0.3496928
v -0.4004785 0.7200721 0.3489552
v -0.3166937 0.5381852 -0.3123722
v -0.3166937 0.5381852 -0.3123722
v -0.3181386 0.5382764 -0.3115584
v -0.3843427 0.3196450 0.3122439
v -0.3837009 0.3193592 0.3090029
v -0.3837009 0.3193592 0.3090029
v -0.3822770 0.3192874 0.3083907
v -0.3734720 0.3192726 0.3087239
v -0.3593718 0.3192726 0.3094589
v -0.3505800 0.3192874 0.3100429
v -0.3492274 0.3193592 0.3107998
v -0.3492274 0.3193592 0.3107998
v -0.3489260 0.3196451 0.3140900
v -0.3870532 0.0358271 0.3648774
v -0.3871130 0.0072062 0.3701576
v -0.3864813 0.0358252 0.3627639
v -0.3864813 0.0358252 0.3627639
v -0.3866445 0.0074856 0.3681814
v -0.3866445 0.0074856 0.3681814
v -0.3850848 0.0357922 0.3623872
v -0.3853483 0.0071993 0.3679460
v -0.3762889 0.0357708 0.3627652
v -0.3765807 0.0070729 0.3683649
v -0.3621886 0.0357708 0.3635002
v -0.3624806 0.0070729 0.3690999
v -0.3534010 0.0357922 0.3640386
v -0.3537169 0.0071993 0.3695947
v -0.3520513 0.0358252 0.3645585
v -0.3520513 0.0358252 0.3645585
v -0.3524523 0.0074856 0.3699636
v -0.3524523 0.0074856 0.3699636
v -0.3517024 0.0358271 0.3667200
v -0.3521918 0.0072062 0.3719779
v -0.3537228 0.0363463 0.4054807
v -0.3541008 0.0073109 0.4086022
v -0.3544094 0.0030979 0.4090378
v -0.3544094 0.0030979 0.4090378
v -0.3542942 0.0074653 0.4099998
v -0.3545591 0.0034487 0.4103831
v -0.3545591 0.0034487 0.4103831
v -0.3545717 0.0076067 0.4106258
v -0.3545717 0.0076067 0.4106258
v -0.3546964 0.0041999 0.4108394
v -0.3546964 0.0041999 0.4108394
v -0.3546964 0.0041999 0.4108394
v -0.3558753 0.0073184 0.4110034
v -0.3558896 0.0031009 0.4111100
v -0.3558896 0.0031009 0.4111100
v -0.3646457 0.0071905 0.4106372
v -0.3646506 0.0028880 0.4107318
v -0.3646506 0.0028880 0.4107318
v -0.3787459 0.0071905 0.4099022
v -0.3787508 0.0028880 0.4099968
v -0.3787508 0.0028880 0.4099968
v -0.3875068 0.0073184 0.4093547
v -0.3787237 0.0010642 0.4094777
v -0.3786524 0.0003879 0.4081081
v -0.3646235 0.0010642 0.4102127
v -0.3645521 0.0003879 0.4088430
v -0.3558545 0.0013558 0.4106050
v -0.3557679 0.0007371 0.4092473
v -0.3538821 0.0007259 0.3730693
v -0.3525170 0.0030532 0.3727308
v -0.3525170 0.0030532 0.3727308
v -0.3537813 0.0030505 0.3706615
v -0.3537813 0.0030505 0.3706615
v -0.3626663 0.0003816 0.3726623
v -0.3767664 0.0003816 0.3719273
v -0.3625379 0.0028408 0.3701996
v -0.3625379 0.0028408 0.3701996
v -0.3766381 0.0028408 0.3694647
v -0.3766381 0.0028408 0.3694647
v -0.3853952 0.0030505 0.3690136
v -0.3853952 0.0030505 0.3690136
v -0.3865703 0.0041331 0.3689357
v -0.3865703 0.0041331 0.3689357
v -0.3865703 0.0041331 0.3689357
v -0.3855453 0.0007259 0.3714188
v -0.3868678 0.0030532 0.3709402
v -0.3868678 0.0030532 0.3709402
v -0.3874309 0.0007371 0.4075969
v -0.3526045 0.0041331 0.3707061
v -0.3526045 0.0041331 0.3707061
v -0.3526045 0.0041331 0.3707061
v -0.3448373 0.3283542 0.3347271
v -0.3448373 0.3283542 0.3347271
v -0.3448373 0.3283542 0.3347271
v -0.3448373 0.3283542 0.3347271
v -0.3484734 0.3284881 0.3356907
v -0.3484734 0.3284881 0.3356907
v -0.3484734 0.3284881 0.3356907
v -0.3448373 0.3248867 0.3361911
v -0.3448373 0.3248867 0.3361911
v -0.3448373 0.3248867 0.3361911
v -0.3448373 0.3935004 0.3256741
v -0.3448373 0.3935004 0.3256741
v -0.3448373 0.3935004 0.3256741
v -0.3448373 0.3935004 0.3256741
v 0.3506040 0.3283542 0.3347271
v 0.3506040 0.3283542 0.3347271
v 0.3506040 0.3283542 0.3347271
v 0.3506040 0.3283542 0.3347271
v 0.3506040 0.3248867 0.3361911
v 0.3506040 0.3248867 0.3361911
v 0.3506040 0.3248867 0.3361911
v 0.3542400 0.3284881 0.3356907
v 0.3542400 0.3284881 0.3356907
v 0.3542400 0.3284881 0.3356907
v 0.3506040 0.3935004 0.3256741
v 0.3506040 0.3935004 0.3256741
v 0.3506040 0.3935004 0.3256741
v 0.3506040 0.3935004 0.3256741
v 0.3542400 0.3935960 0.3266441
v 0.3542400 0.3935960 0.3266441
v 0.3542400 0.3935960 0.3266441
v 0.3506040 0.3971998 0.3261406
v 0.3506040 0.3971998 0.3261406
v 0.3506040 0.3971998 0.3261406
v 0.3540861 0.3971401 0.3271039
v 0.3540861 0.3971401 0.3271039
v 0.3506040 0.4001136 0.3284321
v 0.3506040 0.4001136 0.3284321
v 0.3506040 0.4001136 0.3284321
v -0.3448373 0.3971997 0.3261406
v -0.3448373 0.3971997 0.3261406
v -0.3448373 0.3971997 0.3261406
v -0.3448373 0.4001136 0.3284321
v -0.3448373 0.4001136 0.3284321
v -0.3448373 0.4001136 0.3284321
v -0.3483195 0.3971400 0.3271039
v -0.3483195 0.3971400 0.3271039
v -0.3483195 0.3991915 0.3287172
v -0.3484734 0.3935959 0.3266440
v -0.3484734 0.3935959 0.3266440
v -0.3484734 0.3935959 0.3266440
v -0.3502012 0.3973264 0.3289778
v -0.3511462 0.3938606 0.3293057
v -0.3511462 0.3938606 0.3293057
v -0.3511462 0.3938606 0.3293057
v -0.3511462 0.3978251 0.3324265
v -0.3521190 0.3942218 0.3329256
v -0.3521190 0.3942218 0.3329256
v -0.3521190 0.3942218 0.3329256
v -0.3502012 0.3980216 0.3359139
v -0.3502012 0.3980216 0.3359139
v -0.3484734 0.4004738 0.3320531
v -0.3448373 0.4014399 0.3319278
v -0.3448373 0.4014399 0.3319278
v -0.3483195 0.3998869 0.3356560
v -0.3483195 0.3998869 0.3356560
v -0.3448373 0.4008400 0.3356805
v -0.3448373 0.4008400 0.3356805
v -0.3448373 0.4008400 0.3356805
v -0.3448373 0.4008400 0.3356805
v -0.3483195 0.3982106 0.3377874
v -0.3483195 0.3982106 0.3377874
v -0.3484734 0.3948548 0.3392061
v -0.3484734 0.3948548 0.3392061
v -0.3448373 0.3984591 0.3387079
v -0.3448373 0.3984591 0.3387079
v -0.3448373 0.3949536 0.3401755
v -0.3448373 0.3949536 0.3401755
v -0.3448373 0.3949536 0.3401755
v -0.3448373 0.3949536 0.3401755
v 0.3506040 0.3984591 0.3387079
v 0.3506040 0.3984591 0.3387079
v 0.3506040 0.3949537 0.3401755
v 0.3506040 0.3949537 0.3401755
v 0.3506040 0.3949537 0.3401755
v 0.3506040 0.3949537 0.3401755
v 0.3540861 0.3982106 0.3377874
v 0.3540861 0.3982106 0.3377874
v 0.3506040 0.4008400 0.3356806
v 0.3506040 0.4008400 0.3356806
v 0.3506040 0.4008400 0.3356806
v 0.3506040 0.4008400 0.3356806
v 0.3506040 0.4014399 0.3319279
v 0.3506040 0.4014399 0.3319279
v 0.3540861 0.3998868 0.3356561
v 0.3540861 0.3998868 0.3356561
v 0.3559679 0.3980215 0.3359139
v 0.3559679 0.3980215 0.3359139
v 0.3542400 0.4004738 0.3320531
v 0.3540861 0.3991915 0.3287172
v 0.3569128 0.3978251 0.3324266
v 0.3578856 0.3942218 0.3329256
v 0.3578856 0.3942218 0.3329256
v 0.3578856 0.3942218 0.3329256
v 0.3559679 0.3973265 0.3289778
v 0.3569128 0.3938608 0.3293058
v 0.3569128 0.3938608 0.3293058
v 0.3569128 0.3938608 0.3293058
v 0.3569128 0.3288560 0.3383380
v 0.3569128 0.3288560 0.3383380
v 0.3569128 0.3288560 0.3383380
v 0.3559679 0.3254281 0.3389698
v 0.3578856 0.3293565 0.3419395
v 0.3578856 0.3293565 0.3419395
v 0.3578856 0.3293565 0.3419395
v 0.3569128 0.3257550 0.3424400
v 0.3569128 0.3298570 0.3455410
v 0.3569128 0.3298570 0.3455410
v 0.3569128 0.3298570 0.3455410
v 0.3569128 0.3298570 0.3455410
v 0.3559679 0.3263867 0.3458678
v 0.3559679 0.3263867 0.3458678
v 0.3542400 0.3302248 0.3481884
v 0.3542400 0.3302248 0.3481884
v 0.3569128 0.3945861 0.3365450
v 0.3569128 0.3945861 0.3365450
v 0.3569128 0.3945861 0.3365450
v 0.3569128 0.3945861 0.3365450
v 0.3542400 0.3948548 0.3392061
v 0.3542400 0.3948548 0.3392061
v 0.3540861 0.3266457 0.3477317
v 0.3540861 0.3266457 0.3477317
v 0.3506040 0.3303587 0.3491518
v 0.3506040 0.3303587 0.3491518
v 0.3506040 0.3303587 0.3491518
v 0.3506040 0.3303587 0.3491518
v 0.3506040 0.3266234 0.3486888
v 0.3506040 0.3266234 0.3486888
v 0.3506040 0.3266234 0.3486888
v -0.3448373 0.3303587 0.3491518
v -0.3448373 0.3303587 0.3491518
v -0.3448373 0.3303587 0.3491518
v -0.3448373 0.3303587 0.3491518
v -0.3448373 0.3266234 0.3486888
v -0.3448373 0.3266234 0.3486888
v -0.3448373 0.3266234 0.3486888
v -0.3484734 0.3302248 0.3481884
v -0.3484734 0.3302248 0.3481884
v -0.3483195 0.3266457 0.3477317
v -0.3483195 0.3266457 0.3477317
v -0.3511462 0.3298570 0.3455410
v -0.3511462 0.3298570 0.3455410
v -0.3511462 0.3298570 0.3455410
v -0.3511462 0.3298570 0.3455410
v -0.3521190 0.3293565 0.3419395
v -0.3521190 0.3293565 0.3419395
v -0.3521190 0.3293565 0.3419395
v -0.3502012 0.3263867 0.3458678
v -0.3502012 0.3263867 0.3458678
v -0.3511462 0.3945862 0.3365449
v -0.3511462 0.3945862 0.3365449
v -0.3511462 0.3945862 0.3365449
v -0.3511462 0.3945862 0.3365449
v -0.3511462 0.3257550 0.3424400
v -0.3483195 0.3245229 0.3461269
v -0.3483195 0.3245229 0.3461269
v -0.3448373 0.3236081 0.3464093
v -0.3448373 0.3236081 0.3464093
v -0.3448373 0.3236081 0.3464093
v -0.3448373 0.3236081 0.3464093
v -0.3484734 0.3231077 0.3428078
v -0.3483195 0.3235643 0.3392287
v -0.3448373 0.3221441 0.3429418
v -0.3448373 0.3221441 0.3429418
v 0.3506040 0.3221441 0.3429418
v 0.3506040 0.3221441 0.3429418
v -0.3448373 0.3226072 0.3392064
v -0.3448373 0.3226072 0.3392064
v -0.3448373 0.3226072 0.3392064
v 0.3506040 0.3226072 0.3392064
v 0.3506040 0.3226072 0.3392064
v 0.3506040 0.3226072 0.3392064
v 0.3540861 0.3235643 0.3392287
v 0.3542400 0.3231077 0.3428078
v 0.3540861 0.3251691 0.3371059
v 0.3540861 0.3251691 0.3371059
v 0.3540861 0.3245229 0.3461269
v 0.3540861 0.3245229 0.3461269
v 0.3506040 0.3236081 0.3464093
v 0.3506040 0.3236081 0.3464093
v 0.3506040 0.3236081 0.3464093
v 0.3506040 0.3236081 0.3464093
v -0.3483195 0.3251691 0.3371059
v -0.3483195 0.3251691 0.3371059
v -0.3502012 0.3254281 0.3389698
v -0.3511462 0.3288560 0.3383380
v -0.3511462 0.3288560 0.3383380
v -0.3511462 0.3288560 0.3383380
v -0.3480474 0.4047769 0.3652268
v -0.3480474 0.4047769 0.3652268
v -0.3500128 0.4053001 0.3651745
v -0.3500128 0.4053001 0.3651745
v -0.3500128 0.4053001 0.3651745
v -0.3480762 0.4054960 0.3671297
v -0.3480762 0.4054960 0.3671297
v -0.3378187 0.3350601 -0.3304685
v -0.3378187 0.3350601 -0.3304685
v -0.3470362 0.4047769 0.3652268
v -0.3470362 0.4047769 0.3652268
v -0.3470646 0.4054977 0.3671322
v -0.3470646 0.4054977 0.3671322
v -0.3369507 0.3350601 -0.3304685
v -0.3369507 0.3350601 -0.3304685
v 0.3547743 0.4047769 0.3652268
v 0.3547743 0.4047769 0.3652268
v 0.3567397 0.4053001 0.3651745
v 0.3567397 0.4053001 0.3651745
v 0.3445456 0.3350601 -0.3304685
v 0.3445456 0.3350601 -0.3304685
v 0.3548031 0.4054977 0.3671322
v 0.3548031 0.4054977 0.3671322
v 0.3548242 0.4070747 0.3684220
v 0.3548242 0.4070747 0.3684220
v 0.3548242 0.4070747 0.3684220
v 0.3566842 0.4059959 0.3669962
v 0.3577014 0.4070079 0.3668949
v 0.3577014 0.4070079 0.3668949
v 0.3566992 0.4071093 0.3679068
v 0.3566992 0.4071093 0.3679068
v 0.3566992 0.4071093 0.3679068
v 0.3567899 0.4090330 0.3682274
v 0.3567899 0.4090330 0.3682274
v 0.3582135 0.4088889 0.3667901
v 0.3548323 0.4090853 0.3687504
v 0.3567899 0.4244018 0.3666872
v 0.3567899 0.4244018 0.3666872
v 0.3548323 0.4244542 0.3672103
v 0.3566992 0.4262236 0.3659913
v 0.3566992 0.4262236 0.3659913
v 0.3566992 0.4262236 0.3659913
v 0.3582135 0.4242577 0.3652500
v 0.3577014 0.4261222 0.3649794
v 0.3577014 0.4261222 0.3649794
v 0.3587104 0.4240618 0.3632946
v 0.3587104 0.4240618 0.3632946
v 0.3581845 0.4260173 0.3630985
v 0.3581845 0.4260173 0.3630985
v 0.3581845 0.4260173 0.3630985
v 0.3581845 0.4260173 0.3630985
v 0.3587104 0.4086930 0.3648347
v 0.3587104 0.4086930 0.3648347
v 0.3484817 0.3543450 -0.3324015
v 0.3484817 0.3543450 -0.3324015
v 0.3479558 0.3563005 -0.3325973
v 0.3479558 0.3563005 -0.3325973
v 0.3479558 0.3563005 -0.3325973
v 0.3479558 0.3563005 -0.3325973
v 0.3479273 0.3541491 -0.3343568
v 0.3479273 0.3541491 -0.3343568
v 0.3484817 0.3389762 -0.3308614
v 0.3484817 0.3389762 -0.3308614
v 0.3479273 0.3387802 -0.3328167
v 0.3479273 0.3387802 -0.3328167
v 0.3479558 0.3370207 -0.3306653
v 0.3479558 0.3370207 -0.3306653
v 0.3479558 0.3370207 -0.3306653
v 0.3479558 0.3370207 -0.3306653
v 0.3474176 0.3369159 -0.3325462
v 0.3474176 0.3369159 -0.3325462
v 0.3474176 0.3369159 -0.3325462
v 0.3474176 0.3369159 -0.3325462
v 0.3465110 0.3355833 -0.3305211
v 0.3465110 0.3355833 -0.3305211
v 0.3465110 0.3355833 -0.3305211
v 0.3581845 0.4067374 0.3650306
v 0.3581845 0.4067374 0.3650306
v 0.3581845 0.4067374 0.3650306
v 0.3581845 0.4067374 0.3650306
v 0.3464004 0.3359038 -0.3324447
v 0.3464004 0.3359038 -0.3324447
v 0.3464004 0.3359038 -0.3324447
v 0.3445170 0.3353873 -0.3324763
v 0.3445170 0.3353873 -0.3324763
v 0.3463857 0.3368144 -0.3335581
v 0.3463857 0.3368144 -0.3335581
v 0.3464615 0.3386362 -0.3342540
v 0.3444958 0.3366783 -0.3340562
v 0.3444958 0.3366783 -0.3340562
v 0.3444958 0.3366783 -0.3340562
v -0.3369016 0.3366783 -0.3340562
v -0.3369016 0.3366783 -0.3340562
v 0.3444885 0.3385838 -0.3347770
v 0.3444881 0.3539526 -0.3363172
v -0.3368939 0.3385838 -0.3347770
v -0.3377616 0.3385838 -0.3347770
v -0.3368939 0.3539526 -0.3363172
v -0.3369016 0.3559632 -0.3359887
v -0.3369016 0.3559632 -0.3359887
v -0.3377616 0.3539526 -0.3363172
v -0.3377691 0.3559605 -0.3359899
v -0.3377691 0.3559605 -0.3359899
v -0.3377691 0.3559605 -0.3359899
v -0.3397346 0.3540050 -0.3357941
v -0.3396588 0.3559287 -0.3354735
v -0.3396588 0.3559287 -0.3354735
v -0.3412004 0.3541491 -0.3343568
v -0.3412004 0.3541491 -0.3343568
v -0.3397346 0.3386362 -0.3342540
v -0.3412004 0.3387802 -0.3328167
v -0.3412004 0.3387802 -0.3328167
v -0.3396588 0.3368144 -0.3335581
v -0.3396588 0.3368144 -0.3335581
v -0.3406907 0.3369159 -0.3325462
v -0.3406907 0.3369159 -0.3325462
v -0.3406907 0.3369159 -0.3325462
v -0.3406907 0.3369159 -0.3325462
v -0.3377692 0.3366807 -0.3340579
v -0.3377692 0.3366807 -0.3340579
v -0.3377692 0.3366807 -0.3340579
v -0.3396735 0.3359038 -0.3324447
v -0.3396735 0.3359038 -0.3324447
v -0.3396735 0.3359038 -0.3324447
v -0.3397841 0.3355833 -0.3305211
v -0.3397841 0.3355833 -0.3305211
v -0.3397841 0.3355833 -0.3305211
v -0.3397841 0.3355833 -0.3305211
v -0.3377901 0.3353873 -0.3324764
v -0.3377901 0.3353873 -0.3324764
v -0.3369223 0.3353886 -0.3324791
v -0.3412289 0.3370207 -0.3306653
v -0.3412289 0.3370207 -0.3306653
v -0.3412289 0.3370207 -0.3306653
v -0.3412289 0.3370207 -0.3306653
v -0.3417548 0.3389762 -0.3308614
v -0.3417548 0.3389762 -0.3308614
v -0.3514575 0.4067374 0.3650306
v -0.3514575 0.4067374 0.3650306
v -0.3514575 0.4067374 0.3650306
v -0.3514575 0.4067374 0.3650306
v -0.3519835 0.4086930 0.3648347
v -0.3519835 0.4086930 0.3648347
v -0.3509744 0.4070079 0.3668949
v -0.3509744 0.4070079 0.3668949
v -0.3514865 0.4088889 0.3667901
v -0.3499722 0.4071093 0.3679067
v -0.3499722 0.4071093 0.3679067
v -0.3499722 0.4071093 0.3679067
v -0.3499572 0.4059959 0.3669961
v -0.3480975 0.4070775 0.3684231
v -0.3480975 0.4070775 0.3684231
v -0.3480975 0.4070775 0.3684231
v -0.3500630 0.4090330 0.3682273
v -0.3500630 0.4090330 0.3682273
v -0.3481054 0.4090853 0.3687504
v -0.3500630 0.4244018 0.3666872
v -0.3500630 0.4244018 0.3666872
v -0.3514865 0.4242577 0.3652500
v -0.3499723 0.4262236 0.3659913
v -0.3499723 0.4262236 0.3659913
v -0.3499723 0.4262236 0.3659913
v -0.3481054 0.4244542 0.3672103
v -0.3480976 0.4263573 0.3664910
v -0.3480976 0.4263573 0.3664910
v -0.3480976 0.4263573 0.3664910
v -0.3470930 0.4244542 0.3672103
v -0.3470853 0.4263597 0.3664894
v -0.3470853 0.4263597 0.3664894
v -0.3470930 0.4090853 0.3687504
v -0.3470853 0.4070747 0.3684220
v -0.3470853 0.4070747 0.3684220
v -0.3470646 0.4276494 0.3649124
v -0.3470646 0.4276494 0.3649124
v 0.3548245 0.4263573 0.3664910
v 0.3548245 0.4263573 0.3664910
v 0.3548245 0.4263573 0.3664910
v 0.3548031 0.4276494 0.3649124
v 0.3548031 0.4276494 0.3649124
v 0.3547743 0.4279778 0.3629018
v 0.3547743 0.4279778 0.3629018
v 0.3566842 0.4271342 0.3648779
v 0.3567397 0.4274547 0.3629543
v 0.3567397 0.4274547 0.3629543
v 0.3465110 0.3577379 -0.3327412
v 0.3465110 0.3577379 -0.3327412
v 0.3465110 0.3577379 -0.3327412
v 0.3445456 0.3582611 -0.3327935
v 0.3445456 0.3582611 -0.3327935
v 0.3464005 0.3570420 -0.3345629
v 0.3464005 0.3570420 -0.3345629
v 0.3464005 0.3570420 -0.3345629
v 0.3445171 0.3575420 -0.3346964
v 0.3445171 0.3575420 -0.3346964
v 0.3474176 0.3560301 -0.3344616
v 0.3474176 0.3560301 -0.3344616
v 0.3474176 0.3560301 -0.3344616
v 0.3474176 0.3560301 -0.3344616
v 0.3463857 0.3559287 -0.3354735
v 0.3463857 0.3559287 -0.3354735
v 0.3464615 0.3540050 -0.3357941
v 0.3444961 0.3559605 -0.3359899
v 0.3444961 0.3559605 -0.3359899
v 0.3444961 0.3559605 -0.3359899
v -0.3369223 0.3575403 -0.3346990
v -0.3377901 0.3575420 -0.3346964
v -0.3377901 0.3575420 -0.3346964
v -0.3369507 0.3582611 -0.3327935
v -0.3369507 0.3582611 -0.3327935
v -0.3378187 0.3582611 -0.3327935
v -0.3378187 0.3582611 -0.3327935
v -0.3470362 0.4279778 0.3629018
v -0.3470362 0.4279778 0.3629018
v -0.3480474 0.4279778 0.3629018
v -0.3480474 0.4279778 0.3629018
v -0.3480763 0.4276506 0.3649096
v -0.3480763 0.4276506 0.3649096
v -0.3500128 0.4274547 0.3629543
v -0.3500128 0.4274547 0.3629543
v -0.3500128 0.4274547 0.3629543
v -0.3499573 0.4271342 0.3648779
v -0.3514575 0.4260173 0.3630985
v -0.3514575 0.4260173 0.3630985
v -0.3514575 0.4260173 0.3630985
v -0.3514575 0.4260173 0.3630985
v -0.3397841 0.3577379 -0.3327412
v -0.3397841 0.3577379 -0.3327412
v -0.3397841 0.3577379 -0.3327412
v -0.3397841 0.3577379 -0.3327412
v -0.3396735 0.3570420 -0.3345629
v -0.3396735 0.3570420 -0.3345629
v -0.3396735 0.3570420 -0.3345629
v -0.3412289 0.3563005 -0.3325973
v -0.3412289 0.3563005 -0.3325973
v -0.3412289 0.3563005 -0.3325973
v -0.3412289 0.3563005 -0.3325973
v -0.3417548 0.3543450 -0.3324015
v -0.3417548 0.3543450 -0.3324015
v -0.3406907 0.3560301 -0.3344616
v -0.3406907 0.3560301 -0.3344616
v -0.3406907 0.3560301 -0.3344616
v -0.3406907 0.3560301 -0.3344616
v -0.3519835 0.4240618 0.3632946
v -0.3519835 0.4240618 0.3632946
v -0.3509744 0.4261222 0.3649794
v -0.3509744 0.4261222 0.3649794
vt 0.0155926 0.2792372
vt 0.1319419 0.1378120
vt 0.3537967 0.1809119
vt 0.1319011 0.0946064
vt 0.1321306 0.1231529
vt 0.2480626 0.4445184
vt 0.1317039 0.1813159
vt 0.2336929 0.2372021
vt 0.4841769 0.4869540
vt 0.3513954 0.1228811
vt 0.4632606 0.4865534
vt 0.4771745 0.4869540
vt 0.0155926 0.4445184
vt 0.1328411 0.1592890
vt 0.2972232 0.1378120
vt 0.2480626 0.2792372
vt 0.2971824 0.0946064
vt 0.3512722 0.1085874
vt 0.2336930 0.4865534
vt 0.3549339 0.1596930
vt 0.4841769 0.2376026
vt 0.1320074 0.1083157
vt 0.4632606 0.2372021
vt 0.4771745 0.2376026
vt 0.1317039 0.1408741
vt 0.3549339 0.1842777
vt 0.1322010 0.1837631
vt 0.4816949 0.4873545
vt 0.1317039 0.1626546
vt 0.2974612 0.1408741
vt 0.3544369 0.1621401
vt 0.4816949 0.2372021
vt 0.1317039 0.1443601
vt 0.3542510 0.1876734
vt 0.1323868 0.1660504
vt 0.2974612 0.1443601
vt 0.3534573 0.1652538
vt 0.4784343 0.2372021
vt 0.1331806 0.1868768
vt 0.4784343 0.4873545
vt 0.0215153 0.2781935
vt 0.3477848 0.1805978
vt 0.1317039 0.1234376
vt 0.1317039 0.0941328
vt 0.1317446 0.1452655
vt 0.3538780 0.1885107
vt 0.1317638 0.1822248
vt 0.4832921 0.4872859
vt 0.2339254 0.2433634
vt 0.4844425 0.4807925
vt 0.3539045 0.1638323
vt 0.4799229 0.2372021
vt 0.1319153 0.1645859
vt 0.2974611 0.1428210
vt 0.2477476 0.2833128
vt 0.2931068 0.0942913
vt 0.1359767 0.0942914
vt 0.2477476 0.4404428
vt 0.1379043 0.1230813
vt 0.2537416 0.4455622
vt 0.0215153 0.4455622
vt 0.1388530 0.1589748
vt 0.2537416 0.2781935
vt 0.3454984 0.1085159
vt 0.4634047 0.4803921
vt 0.4771490 0.4807925
vt 0.0153330 0.2833128
vt 0.1317369 0.0781777
vt 0.1360175 0.1374465
vt 0.3548740 0.1606017
vt 0.4832921 0.2372707
vt 0.1327598 0.1668876
vt 0.2973796 0.0941328
vt 0.2974204 0.1452655
vt 0.3516988 0.1088723
vt 0.2287240 0.4858600
vt 0.3499184 0.1594889
vt 0.3463621 0.1231639
vt 0.4582673 0.4858600
vt 0.1383317 0.1626495
vt 0.1321226 0.1606048
vt 0.2974204 0.1389421
vt 0.1317446 0.1389421
vt 0.3545152 0.1822278
vt 0.1327333 0.1854553
vt 0.4799228 0.4873545
vt 0.4817835 0.2436467
vt 0.4817835 0.4809098
vt 0.3483061 0.1842725
vt 0.1359755 0.1407028
vt 0.1373808 0.1838239
vt 0.0153330 0.4404429
vt 0.2888670 0.0781777
vt 0.2931476 0.1374465
vt 0.2339254 0.4803921
vt 0.4844425 0.2437640
vt 0.1370406 0.1085986
vt 0.4582674 0.2378956
vt 0.4634047 0.2433634
vt 0.4771490 0.2437640
vt 0.2931895 0.1407028
vt 0.1317039 0.1428210
vt 0.3547225 0.1862090
vt 0.1317039 0.1085943
vt 0.3531498 0.1660839
vt 0.4775512 0.2372707
vt 0.1334881 0.1877069
vt 0.3516988 0.1231596
vt 0.4775512 0.4872859
vt 0.3483011 0.1653215
vt 0.2931895 0.1442115
vt 0.1367194 0.1811119
vt 0.2287240 0.2378956
vt 0.1387195 0.1660428
vt 0.4785229 0.4809098
vt 0.3479183 0.1876658
vt 0.1359755 0.1442115
vt 0.1383367 0.1869445
vt 0.3492570 0.1622009
vt 0.4785230 0.2436467
vt 0.1386169 0.1877805
vt 0.3465909 0.1237371
vt 0.1359437 0.0934243
vt 0.1359845 0.1451408
vt 0.2537374 0.4412676
vt 0.3497137 0.1606228
vt 0.1385676 0.1605740
vt 0.1369241 0.1822459
vt 0.1378406 0.1234956
vt 0.3477326 0.1885115
vt 0.4776283 0.4808893
vt 0.0216236 0.2824881
vt 0.1384466 0.1645769
vt 0.4776283 0.2436673
vt 0.1368118 0.1091717
vt 0.3480209 0.1661575
vt 0.2288811 0.2442960
vt 0.1379003 0.1855218
vt 0.2931398 0.0934243
vt 0.2931805 0.1451408
vt 0.4834029 0.4808893
vt 0.3480702 0.1821970
vt 0.1317039 0.0795012
vt 0.1359845 0.1387540
vt 0.2889000 0.0795012
vt 0.2931805 0.1387540
vt 0.2288812 0.4794595
vt 0.4800116 0.4809098
vt 0.3481912 0.1861999
vt 0.4800116 0.2436467
vt 0.3487375 0.1638988
vt 0.1359755 0.1426568
vt 0.4582533 0.4794595
vt 0.4582533 0.2442960
vt 0.1389052 0.1668885
vt 0.3455621 0.1089302
vt 0.2931895 0.1426568
vt 0.0216236 0.4412676
vt 0.4834029 0.2436673
vt 0.2537374 0.2824881
vt 0.2279091 0.7366202
vt 0.2284668 0.7323334
vt 0.3094524 0.8302695
vt 0.2268285 0.7365800
vt 0.2273737 0.7323729
vt 0.2288265 0.7319410
vt 0.3094555 0.8296931
vt 0.2281297 0.7367960
vt 0.3097343 0.8301663
vt 0.2281977 0.7372339
vt 0.3102023 0.8302599
vt 0.3099318 0.8294663
vt 0.2268504 0.7368001
vt 0.2268541 0.7372487
vt 0.2176522 0.7368205
vt 0.2176149 0.7373085
vt 0.2176702 0.7365649
vt 0.2180949 0.7324244
vt 0.1941618 0.7369136
vt 0.1941253 0.7374707
vt 0.1621053 0.7370347
vt 0.1941797 0.7366243
vt 0.1945059 0.7323444
vt 0.1621189 0.7367026
vt 0.1630924 0.7323341
vt 0.1945242 0.7318146
vt 0.1631020 0.7317972
vt 0.2181193 0.7319406
vt 0.1945391 0.7290611
vt 0.2181299 0.7291171
vt 0.1630946 0.7290525
vt 0.1945392 0.7246479
vt 0.2181301 0.7245927
vt 0.1630947 0.7246556
vt 0.1945243 0.7218944
vt 0.1631021 0.7219110
vt 0.2181194 0.7217692
vt 0.1945061 0.7213647
vt 0.1954097 0.7174025
vt 0.1630926 0.7213740
vt 0.1633490 0.7173242
vt 0.2180951 0.7212853
vt 0.2189002 0.7174619
vt 0.1953919 0.7171131
vt 0.2188823 0.7172062
vt 0.1953554 0.7165561
vt 0.1633353 0.7169921
vt 0.1386718 0.7168978
vt 0.1633074 0.7163435
vt 0.1386504 0.7161770
vt 0.1626060 0.7001088
vt 0.1381146 0.6981225
vt 0.1944067 0.7026210
vt 0.1625687 0.6991932
vt 0.2451567 0.7859117
vt 0.1943547 0.7018229
vt 0.2451610 0.8170627
vt 0.1380881 0.6971101
vt 0.2450642 0.7613807
vt 0.2456877 0.7858809
vt 0.2455699 0.7613549
vt 0.2456850 0.8170362
vt 0.2484213 0.7858653
vt 0.2484259 0.8170431
vt 0.2483656 0.7613462
vt 0.2528026 0.7858638
vt 0.2528192 0.8170416
vt 0.2528429 0.7613448
vt 0.2555362 0.7858776
vt 0.2556385 0.7613518
vt 0.2555601 0.8170328
vt 0.1613387 0.7548336
vt 0.2560672 0.7859080
vt 0.1931247 0.7522038
vt 0.2560841 0.8170590
vt 0.1368581 0.7569168
vt 0.2561441 0.7613773
vt 0.1613760 0.7539179
vt 0.1368846 0.7559043
vt 0.1931767 0.7514057
vt 0.1620774 0.7376833
vt 0.1374204 0.7378498
vt 0.1262069 0.7379339
vt 0.1374419 0.7371290
vt 0.1262268 0.7371746
vt 0.1374523 0.7367628
vt 0.1384655 0.7323908
vt 0.1262363 0.7367902
vt 0.1272296 0.7324001
vt 0.1384731 0.7318658
vt 0.1272367 0.7318670
vt 0.1384742 0.7290826
vt 0.1272380 0.7290833
vt 0.1384742 0.7246253
vt 0.1272380 0.7246247
vt 0.1384731 0.7218421
vt 0.1272367 0.7218409
vt 0.1384655 0.7213171
vt 0.1386823 0.7172641
vt 0.1272296 0.7213079
vt 0.1274663 0.7172366
vt 0.1234192 0.7213021
vt 0.1236633 0.7172226
vt 0.1274567 0.7168522
vt 0.1274369 0.7160930
vt 0.1236527 0.7168250
vt 0.1236300 0.7160370
vt 0.1219278 0.7167949
vt 0.1216934 0.7212949
vt 0.1219408 0.7172086
vt 0.1203755 0.7167614
vt 0.1218992 0.7159702
vt 0.1203389 0.7158933
vt 0.1212973 0.6954357
vt 0.1199011 0.6943026
vt 0.1231106 0.6963326
vt 0.1213668 0.6944413
vt 0.2450191 0.7442122
vt 0.1231288 0.6952870
vt 0.2449896 0.7461818
vt 0.1200918 0.6934270
vt 0.2450560 0.7425806
vt 0.2455020 0.7441709
vt 0.2455205 0.7425908
vt 0.2454924 0.7461339
vt 0.2483374 0.7441878
vt 0.2483339 0.7461254
vt 0.2483452 0.7426326
vt 0.2528609 0.7441867
vt 0.2528656 0.7461243
vt 0.2528525 0.7426318
vt 0.2556958 0.7441683
vt 0.2556765 0.7425887
vt 0.2557068 0.7461310
vt 0.1201369 0.7595856
vt 0.2561787 0.7442093
vt 0.1218988 0.7587398
vt 0.2562095 0.7461786
vt 0.1188618 0.7605999
vt 0.2561408 0.7425783
vt 0.1200674 0.7585911
vt 0.1186712 0.7597244
vt 0.1218807 0.7576942
vt 0.1206692 0.7380567
vt 0.1191089 0.7381336
vt 0.1224000 0.7379899
vt 0.1206979 0.7372320
vt 0.1191455 0.7372655
vt 0.1207108 0.7368183
vt 0.1216934 0.7324131
vt 0.1224227 0.7372018
vt 0.1224333 0.7368043
vt 0.1234192 0.7324058
vt 0.1234270 0.7318673
vt 0.1217026 0.7318678
vt 0.1234282 0.7290834
vt 0.1217037 0.7290835
vt 0.1234282 0.7246245
vt 0.1217037 0.7246245
vt 0.1234270 0.7218407
vt 0.1217026 0.7218402
vt 0.1201515 0.7218396
vt 0.1168005 0.7218394
vt 0.1201410 0.7212866
vt 0.1203916 0.7171938
vt 0.1201529 0.7246243
vt 0.1168020 0.7246243
vt 0.1201529 0.7290836
vt 0.1168020 0.7290837
vt 0.1201515 0.7318683
vt 0.1168005 0.7318686
vt 0.1191616 0.7368330
vt 0.1201410 0.7324214
vt 0.1158177 0.7368440
vt 0.1167898 0.7324271
vt 0.1037786 0.7368369
vt 0.1047248 0.7324238
vt 0.1157985 0.7372906
vt 0.1157525 0.7381927
vt 0.1037572 0.7372775
vt 0.1036960 0.7381683
vt 0.0942899 0.7372198
vt 0.0848227 0.7371621
vt 0.0943095 0.7368072
vt 0.0952344 0.7324117
vt 0.0942329 0.7380486
vt 0.0847698 0.7379289
vt 0.0168341 0.8214211
vt 0.0866941 0.7636656
vt 0.2095783 0.7878791
vt 0.2807276 0.6838318
vt 0.0819826 0.7585056
vt 0.2736038 0.6837003
vt 0.0383579 0.8212972
vt 0.1877906 0.7884613
vt 0.1018178 0.7629988
vt 0.2102851 0.8031921
vt 0.0170107 0.8219435
vt 0.2807576 0.6843786
vt 0.0170708 0.8247198
vt 0.2806704 0.6871150
vt 0.2736266 0.6842313
vt 0.0384349 0.8218604
vt 0.0793559 0.8218474
vt 0.0384640 0.8246264
vt 0.0793680 0.8245655
vt 0.0384825 0.8290563
vt 0.0793781 0.8288578
vt 0.0170940 0.8291675
vt 0.2806692 0.6914839
vt 0.0384764 0.8318211
vt 0.0793789 0.8315754
vt 0.0170636 0.8319434
vt 0.2807568 0.6942183
vt 0.0384052 0.8323848
vt 0.0408265 0.8350571
vt 0.0168933 0.8324666
vt 0.0190389 0.8344749
vt 0.0879241 0.6903614
vt 0.2807269 0.6947649
vt 0.0793519 0.8324630
vt 0.0829177 0.8352672
vt 0.0423196 0.8497392
vt 0.0857326 0.8496577
vt 0.0183321 0.8497878
vt 0.1030478 0.6910280
vt 0.0440874 0.8629296
vt 0.0886700 0.8625636
vt 0.0203267 0.8634187
vt 0.1164901 0.6890085
vt 0.0378646 0.7732570
vt 0.0442496 0.8642473
vt 0.0144600 0.7732474
vt 0.0205126 0.8646181
vt 0.1176714 0.6888129
vt 0.2451807 0.7373059
vt 0.0811497 0.7730974
vt 0.0889487 0.8639328
vt 0.0378861 0.7738281
vt 0.0812065 0.7740350
vt 0.0144078 0.7737458
vt 0.2456622 0.7374283
vt 0.0378748 0.7765886
vt 0.0811963 0.7767594
vt 0.0143804 0.7765224
vt 0.2484064 0.7375312
vt 0.0378655 0.7810110
vt 0.0811881 0.7810178
vt 0.0143695 0.7809720
vt 0.2527901 0.7375329
vt 0.0378651 0.7837715
vt 0.0811878 0.7837424
vt 0.0143841 0.7837490
vt 0.2555325 0.7374285
vt 0.0378425 0.7843426
vt 0.1843675 0.8176516
vt 0.0144340 0.7842478
vt 0.1164415 0.7652140
vt 0.2081045 0.8180224
vt 0.2560137 0.7373059
vt 0.0811394 0.7846799
vt 0.1396685 0.8173372
vt 0.1845297 0.8163338
vt 0.1399471 0.8159679
vt 0.1152602 0.7650185
vt 0.2082904 0.8168230
vt 0.1862975 0.8031435
vt 0.1428846 0.8030618
vt 0.0847732 0.8029968
vt 0.0793173 0.8209597
vt 0.1456994 0.7886715
vt 0.0896520 0.7887244
vt 0.1342358 0.8208482
vt 0.0452842 0.7884575
vt 0.1775011 0.8210344
vt 0.1341729 0.8217565
vt 0.1774015 0.8216107
vt 0.1341800 0.8244790
vt 0.1773987 0.8243717
vt 0.1341847 0.8287601
vt 0.1774024 0.8287956
vt 0.1341838 0.8314822
vt 0.1774101 0.8315568
vt 0.1342658 0.8323902
vt 0.1389651 0.8353201
vt 0.1775167 0.8321329
vt 0.1833329 0.8350531
vt 0.1438439 0.8495923
vt 0.1897377 0.8496442
vt 0.1481865 0.8625342
vt 0.1954367 0.8630550
vt 0.1389509 0.7731696
vt 0.1485711 0.8639268
vt 0.1846708 0.7734241
vt 0.1959101 0.8644100
vt 0.1390251 0.7741276
vt 0.1847239 0.7740238
vt 0.1390295 0.7768561
vt 0.1847348 0.7767781
vt 0.1390256 0.7811023
vt 0.1847390 0.7811911
vt 0.1390160 0.7838314
vt 0.1847332 0.7839466
vt 0.0800460 0.8173312
vt 0.1389572 0.7847894
vt 0.0327071 0.8178145
vt 0.1846872 0.7845467
vt 0.0804306 0.8159386
vt 0.0331804 0.8164593
vt 0.0070624 0.8166505
vt 0.1305624 0.6902897
vt 0.0388794 0.8030486
vt 0.0131769 0.8029964
vt 0.1451950 0.6898872
vt 0.0094083 0.5988990
vt 0.0202278 0.7881417
vt 0.1613118 0.6898029
vt 0.2021790 0.8210273
vt 0.1440206 0.6873133
vt 0.1428124 0.6841027
vt 0.0121655 0.5987147
vt 0.1602692 0.6870651
vt 0.1292999 0.6879252
vt 0.1276839 0.6852484
vt 0.1278774 0.6880956
vt 0.3651172 0.5198008
vt 0.0065679 0.8180224
vt 0.1291428 0.6904364
vt 0.2102670 0.7844522
vt 0.3624850 0.5197604
vt 0.1262418 0.6854811
vt 0.3681740 0.5198368
vt 0.3651722 0.5192928
vt 0.2103079 0.7839388
vt 0.3625409 0.5192546
vt 0.3682354 0.5193282
vt 0.3651988 0.5165310
vt 0.2102976 0.7811620
vt 0.3625703 0.5165126
vt 0.3682590 0.5165484
vt 0.3651989 0.5121094
vt 0.2102852 0.7767152
vt 0.3625701 0.5121278
vt 0.3682593 0.5120924
vt 0.3651726 0.5093474
vt 0.2102793 0.7739406
vt 0.3625409 0.5093853
vt 0.3682363 0.5093123
vt 0.1225061 0.6034714
vt 0.3651175 0.5088393
vt 0.1237715 0.6011306
vt 0.2102353 0.7734281
vt 0.2220493 0.8646181
vt 0.3624850 0.5088795
vt 0.1208706 0.6060860
vt 0.3681749 0.5088035
vt 0.1239286 0.6036419
vt 0.1251911 0.6012774
vt 0.2215548 0.8632462
vt 0.1223126 0.6063186
vt 0.1386493 0.6042537
vt 0.1398237 0.6016798
vt 0.2154403 0.8495921
vt 0.1374412 0.6074644
vt 0.0121655 0.6094061
vt 0.1548979 0.6045020
vt 0.0156663 0.6097330
vt 0.1542248 0.6081189
vt 0.0094083 0.6092219
vt 0.1559406 0.6017640
vt 0.2021700 0.8321137
vt 0.2083893 0.8347374
vt 0.0120894 0.6089135
vt 0.0093320 0.6087397
vt 0.2020493 0.8316087
vt 0.0156733 0.6091998
vt 0.0121825 0.6062219
vt 0.0094279 0.6061351
vt 0.2020288 0.8288130
vt 0.0157723 0.6063352
vt 0.0121825 0.6018989
vt 0.0094279 0.6019858
vt 0.2020314 0.8243300
vt 0.0157723 0.6017855
vt 0.0120893 0.5992073
vt 0.0093320 0.5993811
vt 0.2020564 0.8215324
vt 0.0156733 0.5989211
vt 0.0187452 0.5988407
vt 0.0156662 0.5983878
vt 0.1595961 0.6834482
vt 0.0185520 0.5983291
vt 0.1613177 0.6811416
vt 0.0264143 0.5984983
vt 0.1689463 0.6792697
vt 0.1427647 0.6817922
vt 0.1444690 0.6786766
vt 0.1263964 0.6834128
vt 0.1247899 0.6815596
vt 0.1249091 0.6837320
vt 0.3703528 0.5198683
vt 0.1233506 0.6821638
vt 0.3725554 0.5198987
vt 0.3704220 0.5193571
vt 0.3726263 0.5193850
vt 0.3704473 0.5165601
vt 0.3726427 0.5165694
vt 0.3704478 0.5120811
vt 0.3726434 0.5120723
vt 0.3704232 0.5092838
vt 0.3726279 0.5092565
vt 0.1195378 0.6078349
vt 0.3703541 0.5087724
vt 0.1179793 0.6094033
vt 0.3725571 0.5087428
vt 0.1210251 0.6081543
vt 0.1194186 0.6100075
vt 0.1373934 0.6097748
vt 0.1390977 0.6128904
vt 0.0185521 0.6097916
vt 0.1559464 0.6104254
vt 0.0264143 0.6096224
vt 0.1635751 0.6122974
vt 0.0187452 0.6092800
vt 0.0266595 0.6091282
vt 0.0187717 0.6063713
vt 0.0266825 0.6063150
vt 0.0187717 0.6017494
vt 0.0266825 0.6018057
vt 0.0442544 0.6018399
vt 0.0266595 0.5989925
vt 0.0442121 0.5990607
vt 0.0672577 0.5990614
vt 0.0440300 0.5985537
vt 0.1864926 0.6768163
vt 0.0671652 0.5985396
vt 0.2095966 0.6739882
vt 0.1828788 0.6734111
vt 0.2087302 0.6706241
vt 0.1831371 0.6706110
vt 0.1644071 0.6747767
vt 0.1459354 0.6761423
vt 0.1653268 0.6716864
vt 0.1475164 0.6727619
vt 0.1664953 0.6681594
vt 0.1490395 0.6689680
vt 0.1839510 0.6673509
vt 0.1675192 0.6647520
vt 0.1503637 0.6653042
vt 0.1846748 0.6641998
vt 0.1683151 0.6618728
vt 0.1852195 0.6615380
vt 0.1514107 0.6622076
vt 0.1692040 0.6585152
vt 0.1858163 0.6584341
vt 0.1525918 0.6585963
vt 0.1595508 0.6518189
vt 0.1694715 0.6574783
vt 0.1761436 0.6518232
vt 0.1859939 0.6574746
vt 0.1429579 0.6518147
vt 0.1529491 0.6574820
vt 0.1596071 0.6513156
vt 0.1761810 0.6513288
vt 0.1430332 0.6513025
vt 0.1596195 0.6485252
vt 0.1430491 0.6485119
vt 0.1761899 0.6485385
vt 0.1596231 0.6440545
vt 0.1430527 0.6440412
vt 0.1761935 0.6440679
vt 0.1596152 0.6412641
vt 0.1761891 0.6412777
vt 0.1430413 0.6412505
vt 0.1595597 0.6407606
vt 0.1641003 0.6340888
vt 0.1761525 0.6407832
vt 0.1806227 0.6340925
vt 0.1429669 0.6407380
vt 0.1475778 0.6340851
vt 0.1638328 0.6330519
vt 0.1804451 0.6331330
vt 0.1472206 0.6329708
vt 0.1629439 0.6296942
vt 0.1798484 0.6300290
vt 0.1460394 0.6293595
vt 0.1621480 0.6268151
vt 0.1793036 0.6273673
vt 0.1449924 0.6262628
vt 0.1611240 0.6234076
vt 0.1436682 0.6225991
vt 0.1785798 0.6242161
vt 0.1599555 0.6198806
vt 0.1777659 0.6209560
vt 0.1421451 0.6188052
vt 0.1590358 0.6167904
vt 0.1405641 0.6154248
vt 0.1775076 0.6181560
vt 0.2033591 0.6209430
vt 0.0440300 0.6095669
vt 0.1811214 0.6147507
vt 0.0671653 0.6095809
vt 0.2042255 0.6175789
vt 0.0442121 0.6090599
vt 0.0672577 0.6090591
vt 0.0442544 0.6062807
vt 0.0673015 0.6062748
vt 0.0848234 0.6062944
vt 0.0673015 0.6018456
vt 0.0848234 0.6018260
vt 0.0929615 0.6017376
vt 0.0847749 0.5990068
vt 0.0928849 0.5988206
vt 0.0847209 0.5984656
vt 0.2271308 0.6720209
vt 0.0928381 0.5982606
vt 0.2352487 0.6714684
vt 0.2263216 0.6689891
vt 0.2344060 0.6685284
vt 0.2258201 0.6670337
vt 0.2085541 0.6683861
vt 0.2252434 0.6647615
vt 0.2337871 0.6666476
vt 0.2330602 0.6644627
vt 0.2372727 0.6669819
vt 0.2364897 0.6647010
vt 0.2379209 0.6689525
vt 0.2401839 0.6677725
vt 0.2392372 0.6651692
vt 0.2453911 0.6674504
vt 0.2409143 0.6701483
vt 0.2431168 0.6715230
vt 0.0989259 0.5981251
vt 0.2409250 0.6734499
vt 0.0962035 0.5981389
vt 0.2385920 0.6720003
vt 0.1008881 0.5981851
vt 0.2422062 0.6749581
vt 0.0989008 0.5987263
vt 0.1008492 0.5988102
vt 0.0962279 0.5987064
vt 0.0986901 0.6017134
vt 0.1005724 0.6017543
vt 0.0962100 0.6016960
vt 0.0986901 0.6064069
vt 0.1005725 0.6063659
vt 0.0962099 0.6064243
vt 0.0989008 0.6093940
vt 0.1008492 0.6093102
vt 0.0962279 0.6094139
vt 0.0989260 0.6099951
vt 0.2355540 0.6181170
vt 0.0962035 0.6099813
vt 0.2332210 0.6195667
vt 0.1008882 0.6099352
vt 0.2368351 0.6166088
vt 0.2355433 0.6214186
vt 0.2325499 0.6226144
vt 0.2377458 0.6200439
vt 0.2348130 0.6237944
vt 0.2400200 0.6241165
vt 0.2338662 0.6263977
vt 0.2319016 0.6245850
vt 0.2311187 0.6268660
vt 0.2284161 0.6249194
vt 0.2290350 0.6230385
vt 0.2276891 0.6271043
vt 0.2204490 0.6245332
vt 0.2209505 0.6225779
vt 0.2198724 0.6268055
vt 0.2031830 0.6231809
vt 0.2030702 0.6257865
vt 0.2029743 0.6283883
vt 0.2028931 0.6306343
vt 0.2192978 0.6290845
vt 0.2269592 0.6292957
vt 0.2188036 0.6310592
vt 0.2263305 0.6311947
vt 0.2182309 0.6333898
vt 0.2027959 0.6332778
vt 0.2256100 0.6334363
vt 0.2137815 0.6408375
vt 0.2180679 0.6341228
vt 0.2211644 0.6408597
vt 0.2254148 0.6341428
vt 0.1984067 0.6408148
vt 0.2027690 0.6341022
vt 0.2137532 0.6413099
vt 0.2211332 0.6413292
vt 0.1984026 0.6412956
vt 0.2137452 0.6440992
vt 0.1983999 0.6440858
vt 0.2211187 0.6441121
vt 0.2137416 0.6485680
vt 0.1983963 0.6485565
vt 0.2211152 0.6485671
vt 0.2137449 0.6513573
vt 0.2211250 0.6513500
vt 0.1983945 0.6513467
vt 0.2137726 0.6518297
vt 0.2234390 0.6574442
vt 0.2211555 0.6518196
vt 0.2307858 0.6574243
vt 0.1983978 0.6518275
vt 0.2081402 0.6574648
vt 0.2236020 0.6581772
vt 0.2081670 0.6582893
vt 0.2309809 0.6581308
vt 0.2241746 0.6605078
vt 0.2082642 0.6609328
vt 0.2317015 0.6603723
vt 0.2246689 0.6624824
vt 0.2083454 0.6631787
vt 0.2323301 0.6622713
vt 0.2356978 0.6624323
vt 0.2350165 0.6604786
vt 0.2382905 0.6627393
vt 0.2374853 0.6607270
vt 0.2425132 0.6625879
vt 0.2413918 0.6610212
vt 0.2442634 0.6647133
vt 0.2433837 0.6621521
vt 0.2438774 0.6616985
vt 0.2446837 0.6633200
vt 0.2424113 0.6610304
vt 0.2430800 0.6610650
vt 0.2416627 0.6596973
vt 0.2429227 0.6602483
vt 0.2403721 0.6592572
vt 0.2322360 0.6517742
vt 0.2415858 0.6592123
vt 0.2307511 0.6517771
vt 0.2402066 0.6586802
vt 0.2337475 0.6517712
vt 0.2429519 0.6598415
vt 0.2322134 0.6513183
vt 0.2337343 0.6513164
vt 0.2307191 0.6513191
vt 0.2322142 0.6485586
vt 0.2337347 0.6485586
vt 0.2307197 0.6485584
vt 0.2322176 0.6441383
vt 0.2337381 0.6441407
vt 0.2307232 0.6441362
vt 0.2322212 0.6413786
vt 0.2337421 0.6413828
vt 0.2307270 0.6413754
vt 0.2322444 0.6409228
vt 0.2362149 0.6323547
vt 0.2307596 0.6409174
vt 0.2348356 0.6328868
vt 0.2337560 0.6409281
vt 0.2375810 0.6317254
vt 0.2362918 0.6318697
vt 0.2375518 0.6313187
vt 0.2350012 0.6323098
vt 0.2370403 0.6305365
vt 0.2360209 0.6305458
vt 0.2377090 0.6305019
vt 0.2380127 0.6294149
vt 0.2371423 0.6289790
vt 0.2393128 0.6282469
vt 0.2385064 0.6298685
vt 0.2396004 0.6290266
vt 0.2387770 0.6306343
vt 0.2399547 0.6298506
vt 0.2352632 0.6409324
vt 0.2388951 0.6310019
vt 0.2367575 0.6409357
vt 0.2401423 0.6301892
vt 0.2352546 0.6413871
vt 0.2367520 0.6413908
vt 0.2352502 0.6441429
vt 0.2367476 0.6441448
vt 0.2352467 0.6485587
vt 0.2367441 0.6485592
vt 0.2352468 0.6513145
vt 0.2367442 0.6513132
vt 0.2352547 0.6517692
vt 0.2442660 0.6605650
vt 0.2367489 0.6517683
vt 0.2455133 0.6613778
vt 0.2441481 0.6609326
vt 0.2453256 0.6617163
vt 0.2474603 0.6634820
vt 0.2449713 0.6625403
vt 0.2468446 0.6637690
vt 0.2471928 0.6644806
vt 0.2477326 0.6656479
vt 0.2483836 0.6645018
vt 0.2492543 0.6656516
vt 0.2411942 0.6517854
vt 0.2488096 0.6643302
vt 0.2397066 0.6517749
vt 0.2477839 0.6632580
vt 0.2427129 0.6518044
vt 0.2497769 0.6654986
vt 0.2412114 0.6513233
vt 0.2397140 0.6513170
vt 0.2427377 0.6513359
vt 0.2412161 0.6485656
vt 0.2397165 0.6485621
vt 0.2427459 0.6485721
vt 0.2412196 0.6441454
vt 0.2397200 0.6441464
vt 0.2427495 0.6441412
vt 0.2412192 0.6413876
vt 0.2397217 0.6413916
vt 0.2427456 0.6413774
vt 0.2412028 0.6409255
vt 0.2434387 0.6272367
vt 0.2397152 0.6409336
vt 0.2424130 0.6283090
vt 0.2427215 0.6409090
vt 0.2444060 0.6260683
vt 0.2430127 0.6270651
vt 0.2420894 0.6280850
vt 0.2438834 0.6259152
vt 0.2418219 0.6270862
vt 0.2414737 0.6277980
vt 0.2423617 0.6259191
vt 0.2431489 0.6243322
vt 0.2388924 0.6268536
vt 0.2459893 0.6187817
vt 0.4668720 0.6649226
vt 0.2447863 0.6245458
vt 0.2475896 0.6194818
vt 0.4667846 0.6632705
vt 0.2443696 0.6408751
vt 0.2453651 0.6247275
vt 0.2482036 0.6197603
vt 0.2500924 0.6406307
vt 0.4659654 0.6516324
vt 0.4667632 0.6626319
vt 0.2443950 0.6413523
vt 0.2501119 0.6411393
vt 0.4659577 0.6510557
vt 0.2444034 0.6441308
vt 0.2501236 0.6440413
vt 0.4659855 0.6477644
vt 0.2443999 0.6485853
vt 0.2501199 0.6486838
vt 0.4659855 0.6425069
vt 0.2443870 0.6513637
vt 0.2501037 0.6515857
vt 0.4659577 0.6392156
vt 0.2443610 0.6518409
vt 0.2507361 0.6668394
vt 0.2500833 0.6520942
vt 0.2535746 0.6718065
vt 0.4560725 0.6248364
vt 0.4659654 0.6386390
vt 0.2501572 0.6670210
vt 0.2529605 0.6720851
vt 0.4560940 0.6241976
vt 0.2485199 0.6672348
vt 0.2513603 0.6727851
vt 0.4561815 0.6225449
vt 0.4494642 0.6225559
vt 0.2485648 0.6740646
vt 0.4562919 0.6196363
vt 0.4493723 0.6196408
vt 0.2456929 0.6756778
vt 0.4561555 0.6165236
vt 0.4491456 0.6166810
vt 0.1042172 0.5983368
vt 0.2439875 0.6778119
vt 0.2632037 0.5925008
vt 0.4550895 0.6141714
vt 0.2707465 0.5922092
vt 0.4486630 0.6143020
vt 0.1041526 0.5989815
vt 0.2632225 0.5932285
vt 0.2707236 0.5929731
vt 0.1038159 0.6018543
vt 0.2631071 0.5965086
vt 0.2705459 0.5964054
vt 0.1038159 0.6062659
vt 0.2631071 0.6015836
vt 0.2705459 0.6016868
vt 0.1041526 0.6091387
vt 0.2632225 0.6048638
vt 0.2707236 0.6051192
vt 0.1042173 0.6097833
vt 0.2386165 0.6137550
vt 0.2632037 0.6055915
vt 0.4657803 0.6732931
vt 0.2707465 0.6058831
vt 0.4593556 0.6731620
vt 0.2403219 0.6158891
vt 0.4668461 0.6709416
vt 0.4598391 0.6707844
vt 0.2431937 0.6175022
vt 0.4669824 0.6678302
vt 0.4600653 0.6678256
vt 0.4480575 0.6678590
vt 0.4601572 0.6649116
vt 0.4482060 0.6650198
vt 0.4601807 0.6632200
vt 0.4482447 0.6633155
vt 0.4580762 0.6519001
vt 0.4601848 0.6625604
vt 0.4436755 0.6519970
vt 0.4482525 0.6622481
vt 0.4580799 0.6512875
vt 0.4436965 0.6511851
vt 0.4581387 0.6478503
vt 0.4439232 0.6477225
vt 0.4581387 0.6424209
vt 0.4439232 0.6425486
vt 0.4580799 0.6389838
vt 0.4436965 0.6390861
vt 0.4494918 0.6249079
vt 0.4580763 0.6383711
vt 0.4375560 0.6252195
vt 0.4436755 0.6382741
vt 0.4494878 0.6242481
vt 0.4375485 0.6241521
vt 0.3957551 0.6241155
vt 0.4375103 0.6224477
vt 0.3956845 0.6223493
vt 0.4373628 0.6196085
vt 0.3955574 0.6193976
vt 0.4371320 0.6167817
vt 0.3954411 0.6164758
vt 0.2846909 0.5920427
vt 0.4368473 0.6140275
vt 0.3260032 0.5905354
vt 0.3954170 0.6135036
vt 0.2846316 0.5929995
vt 0.3259387 0.5917517
vt 0.2842949 0.5964797
vt 0.3257656 0.5958867
vt 0.2842949 0.6016126
vt 0.3257656 0.6022055
vt 0.2846316 0.6050928
vt 0.3259387 0.6063404
vt 0.2846910 0.6060494
vt 0.4475500 0.6734411
vt 0.3260032 0.6075567
vt 0.4061091 0.6739312
vt 0.4478259 0.6706864
vt 0.4061302 0.6709590
vt 0.3756351 0.6713489
vt 0.4062481 0.6680372
vt 0.3757014 0.6681939
vt 0.4063769 0.6650853
vt 0.3757691 0.6650082
vt 0.4064485 0.6633191
vt 0.3757983 0.6631330
vt 0.4023874 0.6535902
vt 0.4064880 0.6620565
vt 0.3711751 0.6550097
vt 0.3758222 0.6620510
vt 0.4024119 0.6523718
vt 0.3712072 0.6539211
vt 0.4024934 0.6482775
vt 0.3714199 0.6489650
vt 0.4024934 0.6419937
vt 0.3714199 0.6413062
vt 0.4024119 0.6378995
vt 0.3712072 0.6363502
vt 0.3957979 0.6253780
vt 0.4023874 0.6366811
vt 0.3651338 0.6253732
vt 0.3711751 0.6352615
vt 0.3337276 0.6254061
vt 0.3400877 0.6340833
vt 0.3651072 0.6242913
vt 0.3337040 0.6243663
vt 0.3650785 0.6224160
vt 0.3337015 0.6224019
vt 0.3650119 0.6192304
vt 0.3336950 0.6190647
vt 0.3649466 0.6160755
vt 0.3336937 0.6157575
vt 0.3570934 0.5890987
vt 0.3649532 0.6131882
vt 0.3337550 0.6128355
vt 0.3880560 0.5879139
vt 0.3570321 0.5901977
vt 0.3879940 0.5890403
vt 0.3567465 0.5951954
vt 0.3877022 0.5946894
vt 0.3567465 0.6028968
vt 0.3877022 0.6034027
vt 0.3570320 0.6078944
vt 0.3879940 0.6090519
vt 0.3570934 0.6089934
vt 0.3756472 0.6742362
vt 0.3444490 0.6745795
vt 0.3880560 0.6101784
vt 0.3169229 0.6747848
vt 0.4151401 0.6110971
vt 0.3443820 0.6716576
vt 0.3168263 0.6719059
vt 0.3443840 0.6683506
vt 0.3167740 0.6684710
vt 0.3443912 0.6650132
vt 0.3167275 0.6650068
vt 0.3443942 0.6630488
vt 0.3167041 0.6629683
vt 0.3400877 0.6561880
vt 0.3444155 0.6620089
vt 0.3128977 0.6571029
vt 0.3167177 0.6620224
vt 0.3401255 0.6550690
vt 0.3129362 0.6559703
vt 0.3403669 0.6494622
vt 0.3132074 0.6498541
vt 0.3403669 0.6408091
vt 0.3132074 0.6404173
vt 0.3401255 0.6352023
vt 0.3129362 0.6343011
vt 0.3060290 0.6253889
vt 0.3128977 0.6331685
vt 0.2935205 0.6339236
vt 0.2816126 0.6339419
vt 0.2860775 0.6254008
vt 0.2934901 0.6327808
vt 0.2937780 0.6402430
vt 0.2818053 0.6402358
vt 0.2937780 0.6500284
vt 0.2818053 0.6500356
vt 0.2935205 0.6563478
vt 0.2816126 0.6563296
vt 0.2934901 0.6574906
vt 0.2967672 0.6620120
vt 0.2816106 0.6574460
vt 0.2844850 0.6620089
vt 0.2967602 0.6629136
vt 0.2844711 0.6628830
vt 0.2968018 0.6649935
vt 0.2845133 0.6649763
vt 0.2968859 0.6685324
vt 0.2846160 0.6685489
vt 0.2969744 0.6720434
vt 0.2847256 0.6720955
vt 0.2970873 0.6749050
vt 0.4344554 0.6114767
vt 0.2848640 0.6749431
vt 0.4462820 0.6114228
vt 0.4344083 0.6103332
vt 0.4150817 0.6099590
vt 0.4462660 0.6103078
vt 0.4341330 0.6039728
vt 0.4147775 0.6037991
vt 0.4460643 0.6039764
vt 0.4341330 0.5941194
vt 0.4147775 0.5942930
vt 0.4460643 0.5941157
vt 0.4344083 0.5877590
vt 0.4150817 0.5881331
vt 0.4462660 0.5877842
vt 0.2863941 0.6125076
vt 0.4344554 0.5866154
vt 0.3062283 0.6126261
vt 0.4151401 0.5869951
vt 0.2741689 0.6124703
vt 0.4462820 0.5866693
vt 0.2862840 0.6153693
vt 0.3061371 0.6155053
vt 0.2740336 0.6153193
vt 0.2861958 0.6188804
vt 0.3060845 0.6189404
vt 0.2739252 0.6188663
vt 0.2861122 0.6224194
vt 0.3060379 0.6224046
vt 0.2738235 0.6224391
vt 0.2860702 0.6244993
vt 0.3060142 0.6244431
vt 0.2737810 0.6245323
vt 0.2737936 0.6254061
vt 0.2816105 0.6328254
vt 0.2675625 0.6245561
vt 0.2650221 0.6245785
vt 0.4404892 0.5677651
vt 0.2676477 0.6253583
vt 0.2757033 0.6331180
vt 0.2675811 0.6224633
vt 0.2650019 0.6224809
vt 0.4424526 0.5679417
vt 0.2676851 0.6188749
vt 0.2651038 0.6188843
vt 0.4457860 0.5680090
vt 0.2678027 0.6153105
vt 0.2652248 0.6153129
vt 0.4491020 0.5679459
vt 0.2680229 0.6125250
vt 0.4521665 0.5869724
vt 0.2659673 0.6126192
vt 0.4518395 0.5679752
vt 0.4541247 0.5872939
vt 0.4522571 0.5880355
vt 0.4518974 0.5667928
vt 0.4546581 0.5883400
vt 0.4521562 0.5942115
vt 0.4523967 0.5610394
vt 0.4546539 0.5943407
vt 0.4521562 0.6038806
vt 0.4524218 0.5520365
vt 0.4546538 0.6037514
vt 0.4522571 0.6100565
vt 0.4519538 0.5462807
vt 0.4546581 0.6097521
vt 0.2787378 0.6748893
vt 0.4521665 0.6111197
vt 0.2766728 0.6748067
vt 0.4519025 0.5450980
vt 0.4541247 0.6107981
vt 0.2784969 0.6721073
vt 0.2759181 0.6721091
vt 0.4491646 0.5451121
vt 0.2783761 0.6685432
vt 0.2757942 0.6685359
vt 0.4458493 0.5450308
vt 0.2782696 0.6649540
vt 0.2756899 0.6649391
vt 0.4425154 0.5450798
vt 0.2782491 0.6628594
vt 0.2757075 0.6628425
vt 0.4405512 0.5452457
vt 0.2757033 0.6571535
vt 0.2783277 0.6620561
vt 0.2737411 0.6568412
vt 0.2762630 0.6621401
vt 0.4396805 0.5450308
vt 0.2756022 0.6560903
vt 0.2732007 0.6558012
vt 0.4395680 0.5462250
vt 0.2756973 0.6499460
vt 0.2732004 0.6498236
vt 0.4390169 0.5519964
vt 0.2756973 0.6403254
vt 0.2732003 0.6404479
vt 0.4389921 0.5610062
vt 0.2756022 0.6341811
vt 0.2732007 0.6344702
vt 0.4395114 0.5667802
vt 0.2655830 0.6252810
vt 0.2737411 0.6334303
vt 0.4396172 0.5679749
vt 0.4407050 0.5661648
vt 0.4424985 0.5661143
vt 0.4405189 0.5608276
vt 0.4424613 0.5607663
vt 0.4405425 0.5521832
vt 0.4407583 0.5468469
vt 0.4424849 0.5522552
vt 0.4425513 0.5469074
vt 0.4457678 0.5522836
vt 0.4457447 0.5607555
vt 0.4490243 0.5522780
vt 0.4457957 0.5468904
vt 0.4490151 0.5469338
vt 0.4490010 0.5607796
vt 0.4489623 0.5661235
vt 0.4457427 0.5661489
vt 0.2329195 0.6288277
vt 0.2321144 0.6308400
vt 0.2303268 0.6291347
vt 0.2296455 0.6310884
vt 0.2288771 0.6333833
vt 0.2312226 0.6331591
vt 0.2244490 0.6408849
vt 0.2286851 0.6341015
vt 0.2268007 0.6409031
vt 0.2310190 0.6338781
vt 0.2244181 0.6413527
vt 0.2267639 0.6413680
vt 0.2244014 0.6441225
vt 0.2267528 0.6441294
vt 0.2243977 0.6485620
vt 0.2267494 0.6485590
vt 0.2244101 0.6513319
vt 0.2267560 0.6513203
vt 0.2244403 0.6517998
vt 0.2340561 0.6574656
vt 0.2267922 0.6517854
vt 0.2363900 0.6576889
vt 0.2342481 0.6581838
vt 0.2365936 0.6584080
vt 0.2084413 0.6657805
vt 0.0847209 0.6096548
vt 0.2217598 0.6195461
vt 0.0928382 0.6098596
vt 0.2298777 0.6200986
vt 0.0847749 0.6091136
vt 0.0928849 0.6092998
vt 0.0929615 0.6063827
vt 0.1198607 0.6152091
vt 0.1148501 0.6164814
vt 0.1215398 0.6185606
vt 0.1167709 0.6117443
vt 0.1134980 0.6130388
vt 0.1158119 0.6108302
vt 0.3751579 0.5087482
vt 0.1130258 0.6120498
vt 0.3782032 0.5087658
vt 0.3752107 0.5092546
vt 0.3782448 0.5092636
vt 0.3752144 0.5120695
vt 0.3782499 0.5120719
vt 0.3752136 0.5165733
vt 0.3782489 0.5165719
vt 0.3752088 0.5193879
vt 0.3782428 0.5193801
vt 0.1211832 0.6807368
vt 0.3751558 0.5198941
vt 0.1183971 0.6795171
vt 0.3782010 0.5198779
vt 0.1221421 0.6798228
vt 0.1188693 0.6785282
vt 0.1252320 0.6763579
vt 0.1202214 0.6750857
vt 0.1269111 0.6730064
vt 0.1284053 0.6691631
vt 0.1212487 0.6720856
vt 0.1167286 0.6713315
vt 0.1223807 0.6685987
vt 0.1177261 0.6680335
vt 0.1234763 0.6651149
vt 0.1296967 0.6654440
vt 0.1187168 0.6647273
vt 0.1244063 0.6621047
vt 0.1307245 0.6622952
vt 0.1195710 0.6618629
vt 0.1254965 0.6585528
vt 0.1205798 0.6584778
vt 0.1318928 0.6586132
vt 0.1157246 0.6517918
vt 0.1258335 0.6574485
vt 0.1221705 0.6518024
vt 0.1322499 0.6574734
vt 0.1107605 0.6517792
vt 0.1208912 0.6574243
vt 0.1157959 0.6512797
vt 0.1108263 0.6512736
vt 0.1222466 0.6512862
vt 0.1158119 0.6484895
vt 0.1222630 0.6484953
vt 0.1108409 0.6484847
vt 0.1158156 0.6440195
vt 0.1222666 0.6440241
vt 0.1108445 0.6440163
vt 0.1158040 0.6412293
vt 0.1108344 0.6412272
vt 0.1222547 0.6412331
vt 0.1157335 0.6407171
vt 0.1204622 0.6341186
vt 0.1221794 0.6407169
vt 0.1268786 0.6340936
vt 0.1107694 0.6407216
vt 0.1155200 0.6341428
vt 0.1201252 0.6330141
vt 0.1152086 0.6330892
vt 0.1265215 0.6329539
vt 0.1190350 0.6294623
vt 0.1253532 0.6292719
vt 0.1141998 0.6297041
vt 0.1181050 0.6264521
vt 0.1133455 0.6268396
vt 0.1170095 0.6229684
vt 0.1243254 0.6261231
vt 0.1230340 0.6224040
vt 0.1123548 0.6235335
vt 0.1158774 0.6194814
vt 0.1113574 0.6202354
vt 0.1014226 0.6211240
vt 0.1104840 0.6173953
vt 0.1007068 0.6184682
vt 0.1094141 0.6140967
vt 0.0998293 0.6153797
vt 0.1090431 0.6131315
vt 0.3823420 0.5087843
vt 0.0995228 0.6144693
vt 0.3919924 0.5088198
vt 0.3823985 0.5092754
vt 0.3920512 0.5093027
vt 0.3824051 0.5120776
vt 0.3920610 0.5120909
vt 0.3824043 0.5165680
vt 0.3920600 0.5165586
vt 0.3823963 0.5193700
vt 0.3920492 0.5193467
vt 0.1144143 0.6784356
vt 0.3823397 0.5198610
vt 0.1048940 0.6770977
vt 0.3919901 0.5198296
vt 0.1147853 0.6774703
vt 0.1052006 0.6761874
vt 0.1158553 0.6741717
vt 0.1060781 0.6730989
vt 0.0848974 0.6714558
vt 0.1067939 0.6704431
vt 0.0852683 0.6690964
vt 0.1076118 0.6673598
vt 0.0856898 0.6663582
vt 0.1084244 0.6642693
vt 0.0861071 0.6636142
vt 0.1091250 0.6615919
vt 0.0864663 0.6612375
vt 0.1099515 0.6584296
vt 0.0868894 0.6584316
vt 0.1000287 0.6517613
vt 0.1102051 0.6574453
vt 0.0768691 0.6516718
vt 0.0870188 0.6575559
vt 0.1000831 0.6512640
vt 0.0769030 0.6511554
vt 0.1000957 0.6484751
vt 0.0769207 0.6484173
vt 0.1000991 0.6440086
vt 0.0769245 0.6440288
vt 0.1000911 0.6412196
vt 0.0769113 0.6412907
vt 0.1000375 0.6407222
vt 0.1048339 0.6341218
vt 0.0768783 0.6407743
vt 0.0816475 0.6340111
vt 0.1045802 0.6331375
vt 0.0815181 0.6331354
vt 0.1037537 0.6299752
vt 0.0810950 0.6303295
vt 0.1030531 0.6272978
vt 0.0807358 0.6279530
vt 0.1022405 0.6242071
vt 0.0803185 0.6252088
vt 0.0516779 0.6263766
vt 0.0798970 0.6224707
vt 0.0795261 0.6201112
vt 0.0517783 0.6240429
vt 0.0518632 0.6220313
vt 0.0310482 0.6251643
vt 0.0305583 0.6272084
vt 0.0314698 0.6234018
vt 0.0228551 0.6255973
vt 0.0222094 0.6275263
vt 0.0206470 0.6676118
vt 0.0216413 0.6256588
vt 0.0234160 0.6239350
vt 0.0206156 0.6658517
vt 0.0222235 0.6240094
vt 0.0240973 0.6220009
vt 0.0204594 0.6637713
vt 0.0229513 0.6220853
vt 0.0319603 0.6213452
vt 0.0243511 0.6214252
vt 0.4670760 0.5088609
vt 0.0203983 0.6630037
vt 0.0234253 0.6215347
vt 0.4680151 0.5088984
vt 0.0321009 0.6207175
vt 0.4592455 0.5088173
vt 0.4671169 0.5092838
vt 0.0199150 0.6631392
vt 0.4682938 0.5092809
vt 0.4592216 0.5092756
vt 0.4671503 0.5120845
vt 0.0170470 0.6629741
vt 0.4683534 0.5120835
vt 0.4592234 0.5120862
vt 0.4671498 0.5165945
vt 0.0124557 0.6629897
vt 0.4683529 0.5165958
vt 0.4592227 0.5165911
vt 0.4671157 0.5193955
vt 0.0095885 0.6631730
vt 0.4682927 0.5193985
vt 0.4592201 0.5194018
vt 0.0297222 0.6701419
vt 0.4670748 0.5198182
vt 0.0091042 0.6630404
vt 0.0287964 0.6700324
vt 0.4680140 0.5197810
vt 0.0374720 0.6708497
vt 0.4592440 0.5198600
vt 0.0294684 0.6695662
vt 0.0090480 0.6638086
vt 0.0283225 0.6694819
vt 0.0373315 0.6702220
vt 0.0287871 0.6676322
vt 0.0089053 0.6658909
vt 0.0275946 0.6675578
vt 0.0368409 0.6681654
vt 0.0282262 0.6659698
vt 0.0088856 0.6676518
vt 0.0270124 0.6659082
vt 0.0275805 0.6640409
vt 0.0364194 0.6664029
vt 0.0359294 0.6643587
vt 0.0571497 0.6675242
vt 0.0572346 0.6695358
vt 0.0570492 0.6651905
vt 0.0569488 0.6628520
vt 0.0568627 0.6608268
vt 0.0354378 0.6623107
vt 0.0269361 0.6621079
vt 0.0350123 0.6605372
vt 0.0263830 0.6604347
vt 0.0345150 0.6584448
vt 0.0257661 0.6584671
vt 0.0567617 0.6584367
vt 0.0249432 0.6517257
vt 0.0343704 0.6577844
vt 0.0161526 0.6516730
vt 0.0256593 0.6578709
vt 0.0472570 0.6516530
vt 0.0567307 0.6576784
vt 0.0249048 0.6512588
vt 0.0160347 0.6512433
vt 0.0472479 0.6511414
vt 0.0248946 0.6484381
vt 0.0472358 0.6483974
vt 0.0159873 0.6484334
vt 0.0248986 0.6439183
vt 0.0472400 0.6439987
vt 0.0159913 0.6439070
vt 0.0249139 0.6410976
vt 0.0160438 0.6410972
vt 0.0472569 0.6412548
vt 0.0249531 0.6406307
vt 0.0289993 0.6337826
vt 0.0161626 0.6406677
vt 0.0202883 0.6336961
vt 0.0472668 0.6407432
vt 0.0513593 0.6338887
vt 0.0291439 0.6331223
vt 0.0203950 0.6331000
vt 0.0513903 0.6331304
vt 0.0296411 0.6310299
vt 0.0514914 0.6307402
vt 0.0210119 0.6311324
vt 0.0300667 0.6292564
vt 0.0515775 0.6287151
vt 0.0215650 0.6294592
vt 0.0203062 0.6294888
vt 0.0206557 0.6716881
vt 0.0197359 0.6311490
vt 0.0206250 0.6734457
vt 0.0206610 0.6696500
vt 0.0209728 0.6275719
vt 0.0197972 0.6719339
vt 0.0197608 0.6736590
vt 0.0198149 0.6699132
vt 0.0170120 0.6719576
vt 0.0170165 0.6736884
vt 0.0170123 0.6699471
vt 0.0125516 0.6719733
vt 0.0125594 0.6737043
vt 0.0125371 0.6699626
vt 0.0097655 0.6719694
vt 0.0098141 0.6736948
vt 0.0097338 0.6699481
vt 0.0089050 0.6717294
vt 0.0256773 0.6620783
vt 0.0089481 0.6734875
vt 0.0251070 0.6604182
vt 0.0088856 0.6696907
vt 0.0263439 0.6639952
vt 0.0091307 0.6755387
vt 0.0244933 0.6584626
vt 0.0090680 0.6761630
vt 0.0151245 0.6516344
vt 0.0246387 0.6579114
vt 0.0099137 0.6755544
vt 0.0125318 0.6757239
vt 0.0096447 0.6762610
vt 0.0147722 0.6512476
vt 0.0125005 0.6766752
vt 0.0146973 0.6484341
vt 0.0147014 0.6439039
vt 0.0170971 0.6766577
vt 0.0147814 0.6410906
vt 0.0199485 0.6762229
vt 0.0170589 0.6757069
vt 0.0196746 0.6755185
vt 0.0191223 0.6331046
vt 0.0204571 0.6754972
vt 0.0151343 0.6407045
vt 0.0192676 0.6336557
vt 0.0205242 0.6761207
vt 0.0097182 0.6679231
vt 0.0097177 0.6661792
vt 0.0125242 0.6679475
vt 0.0125119 0.6662040
vt 0.0170114 0.6679321
vt 0.0170118 0.6661887
vt 0.0198166 0.6678886
vt 0.0198053 0.6661453
vt 0.0197729 0.6641372
vt 0.0170273 0.6641057
vt 0.0124827 0.6641206
vt 0.0097371 0.6641703
vt 0.0573201 0.6718808
vt 0.0844342 0.6742029
vt 0.0573254 0.6725920
vt 0.4393142 0.5197898
vt 0.0842620 0.6750205
vt 0.4127402 0.5197754
vt 0.4393130 0.5193028
vt 0.4127747 0.5192843
vt 0.4393279 0.5165455
vt 0.4127720 0.5165332
vt 0.4393292 0.5121255
vt 0.4127727 0.5121250
vt 0.4393154 0.5093682
vt 0.4127766 0.5093738
vt 0.0519540 0.6189750
vt 0.4393168 0.5088813
vt 0.0788907 0.6165465
vt 0.4127424 0.5088826
vt 0.0519487 0.6196864
vt 0.0790628 0.6173641
vt 0.1171149 0.7613057
vt 0.1177438 0.7619579
vt 0.2561176 0.7408115
vt 0.2556517 0.7409022
vt 0.2528387 0.7409800
vt 0.2483585 0.7409801
vt 0.2455445 0.7409036
vt 0.1189738 0.6920689
vt 0.2450784 0.7408131
vt 0.1183448 0.6927212
vt 0.1169824 0.7158341
vt 0.1049260 0.7158586
vt 0.1170284 0.7167362
vt 0.1167898 0.7212809
vt 0.1170476 0.7171828
vt 0.1049871 0.7167493
vt 0.1047247 0.7212842
vt 0.1050085 0.7171900
vt 0.0955198 0.7168070
vt 0.0860526 0.7168647
vt 0.0954628 0.7159783
vt 0.0952343 0.7212964
vt 0.0955395 0.7172196
vt 0.0857440 0.7213086
vt 0.0860704 0.7172492
vt 0.0952400 0.7218398
vt 0.1047317 0.7218396
vt 0.0857482 0.7218401
vt 0.0952397 0.7246243
vt 0.1047317 0.7246243
vt 0.0857477 0.7246243
vt 0.0952397 0.7290838
vt 0.1047317 0.7290837
vt 0.0857477 0.7290838
vt 0.0952400 0.7318683
vt 0.0857483 0.7318681
vt 0.1047318 0.7318684
vt 0.0770032 0.7318674
vt 0.0848404 0.7367777
vt 0.0857440 0.7323995
vt 0.0761086 0.7367228
vt 0.0769921 0.7323784
vt 0.0639206 0.7366731
vt 0.0647780 0.7323676
vt 0.0760894 0.7370582
vt 0.0760460 0.7377188
vt 0.0639011 0.7369794
vt 0.0638627 0.7375771
vt 0.0301647 0.7368443
vt 0.0301472 0.7373579
vt 0.0118506 0.7368379
vt 0.0301782 0.7365755
vt 0.0309767 0.7325524
vt 0.0118678 0.7365854
vt 0.0126824 0.7334194
vt 0.0309874 0.7320604
vt 0.0126851 0.7329046
vt 0.0647921 0.7318682
vt 0.0309909 0.7291776
vt 0.0126935 0.7295853
vt 0.0647950 0.7290843
vt 0.0309909 0.7245312
vt 0.0126935 0.7241235
vt 0.0647950 0.7246241
vt 0.0309874 0.7216483
vt 0.0126851 0.7208042
vt 0.0647920 0.7218401
vt 0.0309767 0.7211563
vt 0.0314083 0.7174513
vt 0.0126824 0.7202895
vt 0.0130980 0.7174414
vt 0.0647780 0.7213407
vt 0.0651506 0.7173538
vt 0.0313948 0.7171825
vt 0.0130808 0.7171888
vt 0.0313773 0.7166689
vt 0.0651310 0.7170475
vt 0.0773193 0.7169687
vt 0.0650926 0.7164498
vt 0.0772760 0.7163081
vt 0.0641030 0.7005395
vt 0.2536426 0.6947870
vt 0.0758258 0.6987476
vt 0.2655276 0.6948321
vt 0.0311355 0.7030509
vt 0.2206519 0.6949615
vt 0.2536453 0.6943036
vt 0.2206531 0.6944849
vt 0.2655387 0.6943406
vt 0.2536498 0.6915259
vt 0.2206520 0.6916140
vt 0.2655405 0.6915420
vt 0.2536498 0.6870737
vt 0.2206520 0.6869857
vt 0.2655403 0.6870571
vt 0.2536452 0.6842961
vt 0.2206531 0.6841148
vt 0.2655383 0.6842585
vt 0.0628730 0.7534873
vt 0.2536425 0.6838127
vt 0.0745959 0.7552792
vt 0.2655271 0.6837670
vt 0.0299054 0.7509761
vt 0.2206519 0.6836383
vt 0.0118558 0.7497675
vt 0.2026547 0.6827846
vt 0.0075267 0.7495562
vt 0.1984341 0.6819105
vt 0.2026552 0.6832758
vt 0.0118402 0.7373108
vt 0.0075849 0.7374197
vt 0.0075939 0.7369562
vt 0.0076166 0.7367063
vt 0.0085265 0.7343128
vt 0.0085223 0.7337701
vt 0.0085404 0.7300045
vt 0.0085404 0.7237043
vt 0.0085223 0.7199387
vt 0.0085265 0.7193961
vt 0.0088469 0.7173204
vt 0.0088241 0.7170706
vt 0.0088152 0.7166072
vt 0.0087570 0.7044707
vt 0.1984341 0.6966894
vt 0.0130704 0.7167161
vt 0.0130860 0.7042594
vt 0.2026546 0.6958152
vt 0.2026552 0.6953241
vt 0.1984368 0.6961794
vt 0.2026572 0.6920196
vt 0.1984493 0.6924348
vt 0.2026572 0.6865803
vt 0.1984493 0.6861650
vt 0.1984368 0.6824205
vt 0.2736324 0.6870472
vt 0.2736325 0.6915511
vt 0.2736271 0.6943668
vt 0.0832126 0.6955214
vt 0.2736044 0.6948978
vt 0.0859997 0.7160980
vt 0.0769921 0.7213299
vt 0.0773385 0.7173041
vt 0.0770031 0.7218408
vt 0.0770050 0.7246245
vt 0.0770050 0.7290837
vt 0.1257244 0.7569515
vt 0.1257122 0.7580026
vt 0.2561823 0.7501011
vt 0.2556735 0.7500696
vt 0.2528581 0.7500516
vt 0.2483435 0.7500528
vt 0.2455280 0.7500726
vt 0.1269421 0.6960242
vt 0.2450193 0.7501044
vt 0.1269543 0.6970754
vt 0.2165373 0.7495486
vt 0.2257127 0.7488008
vt 0.2164718 0.7502460
vt 0.2561986 0.8404995
vt 0.2255653 0.7494374
vt 0.2561572 0.8497702
vt 0.2557251 0.8404841
vt 0.2557229 0.8498397
vt 0.2528965 0.8404891
vt 0.2529040 0.8498840
vt 0.2483645 0.8404907
vt 0.2483635 0.8498856
vt 0.2455361 0.8404876
vt 0.2455446 0.8498433
vt 0.2177019 0.7037807
vt 0.2450624 0.8405032
vt 0.2267953 0.7045894
vt 0.2451101 0.8497739
vt 0.2177673 0.7044782
vt 0.2269427 0.7052260
vt 0.2188450 0.7167182
vt 0.2280841 0.7167780
vt 0.2294278 0.7167928
vt 0.3101600 0.8187324
vt 0.2280805 0.7172266
vt 0.2293597 0.7172307
vt 0.3096926 0.8188295
vt 0.2273738 0.7213371
vt 0.2280585 0.7174467
vt 0.2284669 0.7213767
vt 0.2291391 0.7174065
vt 0.3094099 0.8187283
vt 0.2274759 0.7217782
vt 0.2288266 0.7217690
vt 0.3094173 0.8193048
vt 0.2275271 0.7245893
vt 0.2289086 0.7245864
vt 0.3090305 0.8221759
vt 0.2275271 0.7291207
vt 0.2289085 0.7291237
vt 0.3090475 0.8268249
vt 0.2274758 0.7319319
vt 0.3096675 0.8267953
vt 0.3101596 0.8267751
vt 0.3096506 0.8222008
vt 0.3101428 0.8222175
vt 0.3098952 0.8195280
vt 0.3102841 0.8195735
vt 0.3215348 0.8194933
vt 0.2282777 0.7053269
vt 0.3218462 0.8186996
vt 0.2455389 0.8512191
vt 0.3225258 0.8192729
vt 0.3216225 0.8221861
vt 0.3216392 0.8267221
vt 0.2483619 0.8512924
vt 0.3228129 0.8221470
vt 0.2529065 0.8512908
vt 0.3228298 0.8267524
vt 0.2557294 0.8512156
vt 0.3225639 0.8296286
vt 0.2266441 0.7493083
vt 0.2561187 0.8508737
vt 0.3226801 0.8301679
vt 0.3215713 0.8294154
vt 0.2270476 0.7486999
vt 0.3218884 0.8302068
vt 0.3103203 0.8294179
vt 0.2278741 0.7047184
vt 0.2451495 0.8508775
vt 0.3226380 0.8187327
vt 0.2370627 0.9284853
vt 0.2385031 0.9337580
vt 0.3312357 0.8184228
vt 0.2359822 0.9285254
vt 0.2374099 0.9337186
vt 0.2388628 0.9341503
vt 0.3312436 0.8189996
vt 0.2372834 0.9283096
vt 0.3315187 0.8185236
vt 0.2373514 0.9278716
vt 0.3319863 0.8184261
vt 0.3317221 0.8192226
vt 0.2360041 0.9283054
vt 0.2360077 0.9278568
vt 0.2268059 0.9282850
vt 0.2267686 0.9277970
vt 0.2268238 0.9285407
vt 0.2281313 0.9336671
vt 0.2033154 0.9281920
vt 0.2032789 0.9276348
vt 0.1712587 0.9280709
vt 0.2033333 0.9284812
vt 0.2045424 0.9337473
vt 0.1712724 0.9284030
vt 0.1731289 0.9337578
vt 0.2045607 0.9342771
vt 0.1731385 0.9342948
vt 0.2281558 0.9341509
vt 0.2045756 0.9370306
vt 0.2281665 0.9369744
vt 0.1731311 0.9370394
vt 0.2045757 0.9414438
vt 0.2281666 0.9414988
vt 0.1731313 0.9414363
vt 0.2045609 0.9441973
vt 0.1731387 0.9441810
vt 0.2281560 0.9443223
vt 0.2044961 0.9522140
vt 0.2045427 0.9447269
vt 0.1724354 0.9522923
vt 0.1731292 0.9447179
vt 0.2279865 0.9521545
vt 0.2281317 0.9448061
vt 0.2044782 0.9525033
vt 0.2279686 0.9524102
vt 0.2044418 0.9530604
vt 0.1724217 0.9526244
vt 0.1477583 0.9527187
vt 0.1723938 0.9532729
vt 0.1477368 0.9534395
vt 0.1716924 0.9695077
vt 0.1472010 0.9714940
vt 0.2034931 0.9669955
vt 0.1716551 0.9704233
vt 0.4839182 0.5645812
vt 0.2034411 0.9677935
vt 0.4839206 0.5957320
vt 0.1471746 0.9725065
vt 0.4840055 0.5400503
vt 0.4833873 0.5645505
vt 0.4834999 0.5400245
vt 0.4833966 0.5957056
vt 0.4806536 0.5645354
vt 0.4806557 0.5957130
vt 0.4807042 0.5400164
vt 0.4762724 0.5645348
vt 0.4762625 0.5957125
vt 0.4762270 0.5400160
vt 0.4735388 0.5645493
vt 0.4734313 0.5400236
vt 0.4735216 0.5957043
vt 0.1704921 0.9102719
vt 0.4730078 0.5645798
vt 0.2022783 0.9129018
vt 0.4729975 0.5957306
vt 0.1460114 0.9081888
vt 0.4729257 0.5400492
vt 0.1705294 0.9111875
vt 0.1460380 0.9092013
vt 0.2023302 0.9136997
vt 0.1712308 0.9274223
vt 0.1465738 0.9272559
vt 0.1353602 0.9271717
vt 0.1465952 0.9279766
vt 0.1353801 0.9279311
vt 0.1466056 0.9283428
vt 0.1485021 0.9337014
vt 0.1353897 0.9283154
vt 0.1372662 0.9336922
vt 0.1485097 0.9342264
vt 0.1372733 0.9342252
vt 0.1485108 0.9370096
vt 0.1372746 0.9370090
vt 0.1485108 0.9414668
vt 0.1372746 0.9414675
vt 0.1485098 0.9442500
vt 0.1372733 0.9442513
vt 0.1477687 0.9523525
vt 0.1485022 0.9447751
vt 0.1365528 0.9523799
vt 0.1372662 0.9447843
vt 0.1327498 0.9523940
vt 0.1334559 0.9447902
vt 0.1365432 0.9527643
vt 0.1365233 0.9535236
vt 0.1327392 0.9527916
vt 0.1327164 0.9535797
vt 0.1310143 0.9528217
vt 0.1310273 0.9524080
vt 0.1317300 0.9447974
vt 0.1294620 0.9528552
vt 0.1309856 0.9536464
vt 0.1294254 0.9537233
vt 0.1303838 0.9741808
vt 0.1289876 0.9753140
vt 0.1321971 0.9732839
vt 0.1304533 0.9751753
vt 0.4840471 0.5228817
vt 0.1322153 0.9743296
vt 0.4840770 0.5248514
vt 0.1291783 0.9761895
vt 0.4840098 0.5212504
vt 0.4835642 0.5228406
vt 0.4835454 0.5212606
vt 0.4835742 0.5248035
vt 0.4807289 0.5228581
vt 0.4807328 0.5247956
vt 0.4807209 0.5213028
vt 0.4762052 0.5228578
vt 0.4762010 0.5247954
vt 0.4762132 0.5213026
vt 0.4733701 0.5228401
vt 0.4733889 0.5212604
vt 0.4733597 0.5248029
vt 0.1292901 0.9055201
vt 0.4728872 0.5228813
vt 0.1310521 0.9063658
vt 0.4728570 0.5248506
vt 0.1280151 0.9045057
vt 0.4729246 0.5212502
vt 0.1292206 0.9065145
vt 0.1278245 0.9053813
vt 0.1310340 0.9074113
vt 0.1298225 0.9270489
vt 0.1282623 0.9269720
vt 0.1315533 0.9271158
vt 0.1298512 0.9278736
vt 0.1282988 0.9278402
vt 0.1298642 0.9282874
vt 0.1317300 0.9336792
vt 0.1315760 0.9279038
vt 0.1315866 0.9283013
vt 0.1334558 0.9336864
vt 0.1334637 0.9342251
vt 0.1317392 0.9342246
vt 0.1334648 0.9370089
vt 0.1317404 0.9370089
vt 0.1334648 0.9414678
vt 0.1317404 0.9414679
vt 0.1334637 0.9442517
vt 0.1317392 0.9442520
vt 0.1301881 0.9442526
vt 0.1268371 0.9442530
vt 0.1294781 0.9524227
vt 0.1301776 0.9448057
vt 0.1301895 0.9414680
vt 0.1268386 0.9414681
vt 0.1301895 0.9370087
vt 0.1268386 0.9370086
vt 0.1301881 0.9342240
vt 0.1268371 0.9342238
vt 0.1283149 0.9282726
vt 0.1301776 0.9336709
vt 0.1249709 0.9282616
vt 0.1268264 0.9336652
vt 0.1129319 0.9282688
vt 0.1147614 0.9336685
vt 0.1249518 0.9278150
vt 0.1249057 0.9269129
vt 0.1129104 0.9278281
vt 0.1128493 0.9269373
vt 0.1034432 0.9278858
vt 0.0939759 0.9279435
vt 0.1034628 0.9282984
vt 0.1052710 0.9336807
vt 0.1033861 0.9270571
vt 0.0939230 0.9271768
vt 0.0953430 0.9025729
vt 0.2330180 0.9009743
vt 0.0958474 0.9014401
vt 0.2342437 0.9008728
vt 0.4824238 0.6846303
vt 0.4911901 0.7930230
vt 0.0911359 0.9066001
vt 0.2271210 0.9010054
vt 0.1110236 0.9039844
vt 0.2330661 0.9004095
vt 0.2271437 0.9004744
vt 0.2342736 0.9003261
vt 0.4822513 0.6851530
vt 0.2329945 0.8976166
vt 0.2341859 0.8975905
vt 0.4822095 0.6879289
vt 0.2271493 0.8976587
vt 0.2329956 0.8931977
vt 0.2341864 0.8932230
vt 0.4822145 0.6923769
vt 0.2271492 0.8931551
vt 0.2330669 0.8904042
vt 0.2271437 0.8903391
vt 0.2342745 0.8904877
vt 0.4822630 0.6951537
vt 0.0965062 0.9781226
vt 0.2330188 0.8898394
vt 0.0970106 0.9792552
vt 0.2342446 0.8899411
vt 0.2931863 0.7336690
vt 0.4824375 0.6956769
vt 0.0922992 0.9740952
vt 0.2271209 0.8898082
vt 0.1121868 0.9767109
vt 0.1045493 0.9536383
vt 0.1140125 0.9537580
vt 0.0950862 0.9535186
vt 0.1046064 0.9528096
vt 0.0951391 0.9527519
vt 0.1140736 0.9528673
vt 0.1046260 0.9523970
vt 0.1052710 0.9447960
vt 0.1140951 0.9524267
vt 0.1147614 0.9448082
vt 0.0951569 0.9523674
vt 0.0957806 0.9447838
vt 0.1052766 0.9442526
vt 0.1147684 0.9442527
vt 0.0957849 0.9442524
vt 0.1052763 0.9414681
vt 0.1147683 0.9414680
vt 0.0957843 0.9414681
vt 0.1052763 0.9370086
vt 0.1147683 0.9370086
vt 0.0957843 0.9370086
vt 0.1052766 0.9342242
vt 0.0957849 0.9342244
vt 0.1147684 0.9342240
vt 0.0870398 0.9342251
vt 0.0939937 0.9283279
vt 0.0957806 0.9336929
vt 0.0852619 0.9283829
vt 0.0870288 0.9337140
vt 0.0730739 0.9284326
vt 0.0748146 0.9337249
vt 0.0852426 0.9280474
vt 0.0851993 0.9273869
vt 0.0730543 0.9281262
vt 0.0730160 0.9275285
vt 0.0393182 0.9282612
vt 0.0393007 0.9277476
vt 0.0210042 0.9282676
vt 0.0393316 0.9285300
vt 0.0410133 0.9335402
vt 0.0210214 0.9285201
vt 0.0227191 0.9326733
vt 0.0410240 0.9340323
vt 0.0227217 0.9331882
vt 0.0748287 0.9342244
vt 0.0410275 0.9369152
vt 0.0227301 0.9365075
vt 0.0748316 0.9370083
vt 0.0410275 0.9415616
vt 0.0227301 0.9419693
vt 0.0748316 0.9414685
vt 0.0410240 0.9444444
vt 0.0227217 0.9452885
vt 0.0748287 0.9442524
vt 0.0404946 0.9521651
vt 0.0410133 0.9449364
vt 0.0221842 0.9521750
vt 0.0227191 0.9458033
vt 0.0742371 0.9522628
vt 0.0748146 0.9447519
vt 0.0404812 0.9524339
vt 0.0221669 0.9524275
vt 0.0404637 0.9529476
vt 0.0742175 0.9525691
vt 0.0864058 0.9526479
vt 0.0741791 0.9531668
vt 0.0863625 0.9533086
vt 0.0731895 0.9690771
vt 0.2071595 0.8899199
vt 0.0849123 0.9708689
vt 0.2190442 0.8898746
vt 0.0402218 0.9665657
vt 0.1741686 0.8897454
vt 0.2071621 0.8904033
vt 0.1741697 0.8902220
vt 0.2190554 0.8903661
vt 0.2071668 0.8931810
vt 0.1741686 0.8930929
vt 0.2190574 0.8931646
vt 0.2071668 0.8976333
vt 0.1741686 0.8977213
vt 0.2190575 0.8976494
vt 0.2071621 0.9004109
vt 0.1741697 0.9005922
vt 0.2190556 0.9004481
vt 0.0720263 0.9116184
vt 0.2071595 0.9008943
vt 0.0837492 0.9098264
vt 0.2190445 0.9009395
vt 0.0390589 0.9141296
vt 0.1741685 0.9010687
vt 0.0210094 0.9153382
vt 0.1561711 0.9019223
vt 0.0166804 0.9155495
vt 0.1519504 0.9027965
vt 0.1561716 0.9014312
vt 0.0209937 0.9277948
vt 0.0167385 0.9276859
vt 0.0167475 0.9281493
vt 0.0167703 0.9283992
vt 0.0185632 0.9317800
vt 0.0185590 0.9323226
vt 0.0185770 0.9360883
vt 0.0185770 0.9423884
vt 0.0185590 0.9461541
vt 0.0179330 0.9522959
vt 0.0185632 0.9466968
vt 0.0179102 0.9525458
vt 0.0179013 0.9530092
vt 0.0178430 0.9651458
vt 0.1519504 0.8880174
vt 0.0221566 0.9529004
vt 0.0221722 0.9653572
vt 0.1561711 0.8888916
vt 0.1561716 0.8893828
vt 0.1519531 0.8885275
vt 0.1561736 0.8926873
vt 0.1519657 0.8922720
vt 0.1561736 0.8981267
vt 0.1519657 0.8985419
vt 0.1519531 0.9022865
vt 0.0864251 0.9523125
vt 0.0870287 0.9447626
vt 0.0870398 0.9442517
vt 0.0870417 0.9414680
vt 0.0870417 0.9370087
vt 0.1261341 0.9524338
vt 0.1268265 0.9448115
vt 0.1261149 0.9528804
vt 0.1260689 0.9537824
vt 0.1274313 0.9768955
vt 0.1260575 0.9792469
vt 0.1280603 0.9775476
vt 0.4839871 0.5194831
vt 0.1271878 0.9795278
vt 0.4839297 0.5173137
vt 0.4835211 0.5195737
vt 0.4834515 0.5174471
vt 0.4807076 0.5196505
vt 0.4806816 0.5175502
vt 0.4762265 0.5196507
vt 0.4762527 0.5175499
vt 0.4734132 0.5195737
vt 0.4734826 0.5174471
vt 0.1268971 0.9031477
vt 0.4729473 0.5194831
vt 0.1260246 0.9011675
vt 0.4730045 0.5173138
vt 0.1262681 0.9037999
vt 0.1248944 0.9014485
vt 0.1244135 0.9000872
vt 0.4899022 0.7640792
vt 0.1255948 0.8998916
vt 0.2928753 0.7415602
vt 0.4730497 0.5159774
vt 0.4897163 0.7628797
vt 0.1109711 0.9021068
vt 0.4918969 0.7777100
vt 0.4777160 0.7645593
vt 0.3048397 0.7415516
vt 0.4775908 0.7632419
vt 0.4474456 0.7646641
vt 0.4791639 0.7777703
vt 0.4497828 0.7777790
vt 0.4716468 0.6846291
vt 0.4802678 0.7924936
vt 0.4437201 0.6845342
vt 0.4518979 0.7923856
vt 0.4715497 0.6851621
vt 0.4436590 0.6852471
vt 0.4715270 0.6879388
vt 0.4436501 0.6879787
vt 0.4715301 0.6923860
vt 0.4436477 0.6923522
vt 0.4715569 0.6951634
vt 0.4436534 0.6950848
vt 0.3041085 0.7331396
vt 0.4716389 0.6956962
vt 0.3324784 0.7330315
vt 0.4437204 0.6957980
vt 0.3052124 0.7184163
vt 0.3345934 0.7184250
vt 0.3066603 0.7052053
vt 0.1121343 0.9785886
vt 0.2924795 0.7183560
vt 0.1255766 0.9806081
vt 0.2944742 0.7047253
vt 0.1267579 0.9808037
vt 0.2928732 0.7525606
vt 0.2946601 0.7035258
vt 0.4838844 0.5159774
vt 0.2928222 0.7520618
vt 0.4834031 0.5160999
vt 0.3048432 0.7525661
vt 0.3067855 0.7038879
vt 0.3345174 0.7526941
vt 0.3371475 0.7039785
vt 0.3048538 0.7520581
vt 0.3345495 0.7519395
vt 0.3048522 0.7492817
vt 0.3345369 0.7492087
vt 0.2928031 0.7492844
vt 0.4806611 0.5162030
vt 0.3048505 0.7448349
vt 0.2928037 0.7448351
vt 0.4762731 0.5162029
vt 0.3345324 0.7448581
vt 0.3048500 0.7420593
vt 0.2928243 0.7420587
vt 0.4735310 0.5160999
vt 0.3345392 0.7421274
vt 0.3344992 0.7413729
vt 0.4472287 0.7633325
vt 0.3883832 0.7421291
vt 0.3883882 0.7448643
vt 0.4434111 0.7419982
vt 0.3883106 0.7411227
vt 0.3916402 0.7636853
vt 0.3347644 0.7632884
vt 0.4433421 0.7412022
vt 0.3919773 0.7650928
vt 0.3351915 0.7646483
vt 0.3955855 0.7778754
vt 0.3402453 0.7778809
vt 0.3926518 0.6842975
vt 0.3993998 0.7920868
vt 0.3404198 0.6843780
vt 0.3460204 0.7923547
vt 0.3926722 0.6852531
vt 0.3405291 0.6851306
vt 0.3926632 0.6879818
vt 0.3405258 0.6878605
vt 0.3926574 0.6922324
vt 0.3405224 0.6922173
vt 0.3926588 0.6949612
vt 0.3405214 0.6949464
vt 0.3849764 0.7327328
vt 0.3926394 0.6959168
vt 0.3404308 0.6956986
vt 0.4383558 0.7330008
vt 0.3887907 0.7185214
vt 0.4441309 0.7185270
vt 0.3923989 0.7057388
vt 0.4491846 0.7052943
vt 0.3883417 0.7528195
vt 0.3927360 0.7043314
vt 0.3369306 0.7053101
vt 0.4433732 0.7525858
vt 0.4496118 0.7039344
vt 0.3883956 0.7518129
vt 0.4434264 0.7517896
vt 0.3883936 0.7490776
vt 0.4434333 0.7490605
vt 0.4434265 0.7447271
vt 0.2978785 0.5534187
vt 0.4887200 0.7490550
vt 0.2978499 0.5561618
vt 0.4887223 0.7518296
vt 0.2978795 0.5490332
vt 0.4887193 0.7446079
vt 0.3022453 0.5534464
vt 0.3022221 0.5562196
vt 0.3046947 0.5534589
vt 0.3022448 0.5490045
vt 0.3046933 0.5489909
vt 0.3022201 0.5462322
vt 0.2978500 0.5462918
vt 0.4887213 0.7418310
vt 0.3046683 0.5462043
vt 0.1600680 0.5075883
vt 0.3021622 0.5457239
vt 0.1622320 0.5037428
vt 0.2881796 0.7628798
vt 0.2977940 0.5457861
vt 0.4886790 0.7413176
vt 0.1586627 0.5096120
vt 0.3046033 0.5456952
vt 0.1614967 0.5077888
vt 0.1636516 0.5038897
vt 0.2886741 0.7642516
vt 0.1601259 0.5098807
vt 0.1763631 0.5086676
vt 0.1757169 0.5112665
vt 0.1782843 0.5042921
vt 0.2947886 0.7779058
vt 0.1928085 0.5091296
vt 0.3922825 0.5660071
vt 0.1931255 0.5120132
vt 0.3894711 0.5657630
vt 0.1944011 0.5043764
vt 0.2971095 0.6845117
vt 0.3018396 0.7927604
vt 0.3970148 0.5663559
vt 0.3923328 0.5665151
vt 0.2972325 0.6850172
vt 0.3970911 0.5668380
vt 0.3893679 0.5662940
vt 0.3922275 0.5692904
vt 0.2972601 0.6878151
vt 0.3969952 0.5694426
vt 0.3893026 0.5692147
vt 0.3922275 0.5737442
vt 0.3893026 0.5738198
vt 0.2972678 0.6922985
vt 0.3969952 0.5735919
vt 0.3923327 0.5765195
vt 0.3893679 0.5767406
vt 0.1943581 0.5919584
vt 0.3922823 0.5770276
vt 0.2972501 0.6950945
vt 0.3970911 0.5761967
vt 0.1959507 0.5967116
vt 0.2971298 0.6955993
vt 0.3970148 0.5766788
vt 0.4825367 0.7334065
vt 0.1798338 0.5967959
vt 0.4895876 0.7185519
vt 0.1652012 0.5971984
vt 0.4957022 0.7048977
vt 0.1779127 0.5924205
vt 0.1772664 0.5898216
vt 0.1630463 0.5932993
vt 0.1616754 0.5912073
vt 0.1616175 0.5934997
vt 0.3021645 0.5567281
vt 0.1637816 0.5973452
vt 0.2977940 0.5566677
vt 0.4886798 0.7523423
vt 0.4961967 0.7035258
vt 0.1602122 0.5914761
vt 0.3046063 0.5567554
vt 0.1588259 0.5898442
vt 0.3067323 0.5567898
vt 0.3046711 0.5562461
vt 0.3068043 0.5562766
vt 0.3105207 0.5562897
vt 0.3068258 0.5534688
vt 0.3068242 0.5489796
vt 0.3105238 0.5534748
vt 0.3135593 0.5534717
vt 0.3105221 0.5489710
vt 0.3135575 0.5489717
vt 0.3105167 0.5461563
vt 0.3135508 0.5461635
vt 0.3068009 0.5461725
vt 0.1542724 0.5134425
vt 0.3104636 0.5456501
vt 0.1514863 0.5146621
vt 0.3135087 0.5456657
vt 0.1572764 0.5112437
vt 0.3067285 0.5456594
vt 0.1552314 0.5143565
vt 0.1587674 0.5116671
vt 0.1519586 0.5156511
vt 0.1583213 0.5178214
vt 0.1533107 0.5190936
vt 0.1790246 0.5180370
vt 0.1600004 0.5211729
vt 0.1764404 0.5137039
vt 0.1971577 0.5139521
vt 0.3849706 0.5658741
vt 0.2195818 0.5173630
vt 0.3623930 0.5660104
vt 0.3847359 0.5663706
vt 0.1967126 0.5186202
vt 0.2159680 0.5207683
vt 0.1984160 0.5224929
vt 0.1806056 0.5214175
vt 0.2162264 0.5235683
vt 0.1995845 0.5260199
vt 0.1821288 0.5252115
vt 0.2170402 0.5268284
vt 0.2006085 0.5294273
vt 0.1834529 0.5288751
vt 0.2177640 0.5299795
vt 0.2014043 0.5323066
vt 0.2183087 0.5326413
vt 0.1844999 0.5319718
vt 0.2022933 0.5356641
vt 0.2189055 0.5357453
vt 0.1856810 0.5355830
vt 0.1980435 0.5443606
vt 0.2025607 0.5367010
vt 0.2146363 0.5443748
vt 0.2190831 0.5367047
vt 0.1814507 0.5443464
vt 0.1860383 0.5366974
vt 0.1980993 0.5448639
vt 0.2146731 0.5448691
vt 0.1815254 0.5448588
vt 0.1981086 0.5476544
vt 0.1815382 0.5476494
vt 0.2146790 0.5476595
vt 0.1981073 0.5521250
vt 0.1815369 0.5521200
vt 0.2146777 0.5521300
vt 0.1980962 0.5549155
vt 0.2146701 0.5549203
vt 0.1815224 0.5549107
vt 0.1980402 0.5554188
vt 0.2041104 0.5643869
vt 0.2146330 0.5554146
vt 0.2206329 0.5643833
vt 0.1814474 0.5554231
vt 0.1875879 0.5643905
vt 0.2038430 0.5654237
vt 0.2204553 0.5653426
vt 0.1872306 0.5655048
vt 0.2029540 0.5687814
vt 0.2198586 0.5684466
vt 0.1860495 0.5691162
vt 0.2021581 0.5716606
vt 0.2193137 0.5711085
vt 0.1850025 0.5722129
vt 0.2011342 0.5750681
vt 0.1836783 0.5758766
vt 0.2185900 0.5742595
vt 0.1999657 0.5785951
vt 0.2177761 0.5775197
vt 0.1821552 0.5796705
vt 0.1990460 0.5816854
vt 0.1805742 0.5830510
vt 0.2175178 0.5803198
vt 0.1987074 0.5871359
vt 0.3849705 0.5771604
vt 0.2211316 0.5837250
vt 0.3623929 0.5770238
vt 0.1946751 0.5890749
vt 0.3894710 0.5772716
vt 0.3847359 0.5766640
vt 0.1779899 0.5873840
vt 0.1603169 0.5894209
vt 0.1598708 0.5832666
vt 0.1548602 0.5819944
vt 0.1615499 0.5799150
vt 0.1567809 0.5867315
vt 0.1535080 0.5854369
vt 0.1558219 0.5876455
vt 0.3104680 0.5567960
vt 0.1530358 0.5864258
vt 0.3135133 0.5567778
vt 0.1490531 0.5853442
vt 0.3176521 0.5567583
vt 0.3135549 0.5562800
vt 0.3177083 0.5562673
vt 0.3273610 0.5562383
vt 0.3177147 0.5534653
vt 0.3273703 0.5534501
vt 0.3177129 0.5489748
vt 0.3273687 0.5489824
vt 0.3177044 0.5461727
vt 0.3273573 0.5461943
vt 0.1475036 0.5157437
vt 0.3176477 0.5456816
vt 0.1379833 0.5170816
vt 0.3272981 0.5457114
vt 0.1478746 0.5167090
vt 0.1382899 0.5179920
vt 0.1489446 0.5200076
vt 0.1391674 0.5210804
vt 0.1498179 0.5228478
vt 0.1508153 0.5261458
vt 0.1398832 0.5237362
vt 0.1543379 0.5220937
vt 0.1554700 0.5255806
vt 0.1614946 0.5250162
vt 0.1565655 0.5290644
vt 0.1627859 0.5287353
vt 0.1518061 0.5294520
vt 0.1574956 0.5320746
vt 0.1638137 0.5318841
vt 0.1526603 0.5323164
vt 0.1585858 0.5356264
vt 0.1536691 0.5357015
vt 0.1649820 0.5355661
vt 0.1542173 0.5443392
vt 0.1589227 0.5367308
vt 0.1606632 0.5443357
vt 0.1653391 0.5367059
vt 0.1492531 0.5443463
vt 0.1539805 0.5367550
vt 0.1542880 0.5448514
vt 0.1493184 0.5448520
vt 0.1607388 0.5448520
vt 0.1543010 0.5476417
vt 0.1607521 0.5476430
vt 0.1493299 0.5476410
vt 0.1542997 0.5521116
vt 0.1607507 0.5521141
vt 0.1493286 0.5521094
vt 0.1542850 0.5549019
vt 0.1493154 0.5548983
vt 0.1607358 0.5549051
vt 0.1542140 0.5554139
vt 0.1604723 0.5643571
vt 0.1606599 0.5554213
vt 0.1668887 0.5643821
vt 0.1492499 0.5554039
vt 0.1555300 0.5643330
vt 0.1601353 0.5654615
vt 0.1552186 0.5653865
vt 0.1665315 0.5655218
vt 0.1590451 0.5690134
vt 0.1653632 0.5692038
vt 0.1542098 0.5687715
vt 0.1581151 0.5720236
vt 0.1533556 0.5716360
vt 0.1570195 0.5755073
vt 0.1643355 0.5723526
vt 0.1630441 0.5760717
vt 0.1523649 0.5749422
vt 0.1558874 0.5789943
vt 0.1513674 0.5782403
vt 0.1414327 0.5773516
vt 0.1504941 0.5810804
vt 0.1407168 0.5800075
vt 0.1494241 0.5843790
vt 0.1398394 0.5830959
vt 0.1190729 0.5811115
vt 0.1395328 0.5840064
vt 0.3273023 0.5567212
vt 0.1189008 0.5819291
vt 0.3480521 0.5566551
vt 0.0919642 0.5795005
vt 0.3746264 0.5566536
vt 0.3480861 0.5561640
vt 0.3746248 0.5561667
vt 0.3480819 0.5534129
vt 0.3746383 0.5534095
vt 0.3480810 0.5490046
vt 0.3746366 0.5489894
vt 0.3480832 0.5462535
vt 0.3746214 0.5462321
vt 0.1173514 0.5191588
vt 0.3480488 0.5457624
vt 0.0904147 0.5215873
vt 0.3746226 0.5457451
vt 0.1175235 0.5199764
vt 0.0904094 0.5222985
vt 0.1179867 0.5227234
vt 0.0903239 0.5246434
vt 0.1183577 0.5250830
vt 0.1187791 0.5278212
vt 0.0902390 0.5266551
vt 0.0901386 0.5289890
vt 0.0695086 0.5277765
vt 0.0699302 0.5260140
vt 0.0690186 0.5298206
vt 0.0613154 0.5282094
vt 0.0618763 0.5265472
vt 0.0601016 0.5282710
vt 0.3582772 0.8233126
vt 0.0606697 0.5301385
vt 0.0594331 0.5301841
vt 0.3603156 0.8233126
vt 0.0600253 0.5320715
vt 0.0587665 0.5321010
vt 0.3623540 0.8233318
vt 0.0594722 0.5337447
vt 0.0685270 0.5318686
vt 0.0681016 0.5336422
vt 0.0900381 0.5313273
vt 0.0899521 0.5333525
vt 0.1191964 0.5305652
vt 0.1195556 0.5329419
vt 0.1415136 0.5299100
vt 0.1407011 0.5268195
vt 0.1422143 0.5325874
vt 0.1430407 0.5357497
vt 0.1199787 0.5357476
vt 0.1385213 0.5443524
vt 0.1432944 0.5367340
vt 0.1153616 0.5444167
vt 0.1201081 0.5366234
vt 0.1385751 0.5448498
vt 0.1153949 0.5449333
vt 0.1385846 0.5476387
vt 0.1154096 0.5476713
vt 0.1385832 0.5521051
vt 0.1154088 0.5520597
vt 0.1385721 0.5548940
vt 0.1153927 0.5547977
vt 0.1385180 0.5553915
vt 0.1448439 0.5643539
vt 0.1153591 0.5553142
vt 0.1216576 0.5644646
vt 0.1445902 0.5653383
vt 0.1215282 0.5653403
vt 0.1437638 0.5685005
vt 0.1211051 0.5681460
vt 0.1430632 0.5711780
vt 0.1207459 0.5705227
vt 0.1422506 0.5742685
vt 0.1203285 0.5732668
vt 0.0916881 0.5720990
vt 0.1199071 0.5760049
vt 0.1195362 0.5783645
vt 0.0917886 0.5744327
vt 0.0918734 0.5764443
vt 0.0710585 0.5733113
vt 0.0705686 0.5712672
vt 0.0714801 0.5750738
vt 0.0628655 0.5728783
vt 0.0622198 0.5709493
vt 0.0616517 0.5728167
vt 0.3582350 0.8350725
vt 0.0634264 0.5745405
vt 0.0622340 0.5744662
vt 0.3564753 0.8350406
vt 0.0641076 0.5764745
vt 0.0629617 0.5763903
vt 0.3543953 0.8348837
vt 0.0719707 0.5771304
vt 0.0643615 0.5770503
vt 0.4023856 0.5566702
vt 0.0634357 0.5769408
vt 0.3536279 0.8348224
vt 0.4033248 0.5566326
vt 0.0721112 0.5777581
vt 0.3945551 0.5567151
vt 0.4024265 0.5562475
vt 0.3537636 0.8343391
vt 0.4036034 0.5562501
vt 0.3945310 0.5562568
vt 0.4024595 0.5534467
vt 0.3535993 0.8314719
vt 0.4036625 0.5534475
vt 0.3945325 0.5534462
vt 0.4024582 0.5489366
vt 0.3536158 0.8268813
vt 0.4036611 0.5489351
vt 0.3945312 0.5489413
vt 0.4024236 0.5461359
vt 0.3537994 0.8240150
vt 0.4036005 0.5461327
vt 0.3945282 0.5461307
vt 0.0628114 0.5240374
vt 0.4023826 0.5457132
vt 0.0618856 0.5241469
vt 0.3536670 0.8235308
vt 0.4033217 0.5457503
vt 0.0705613 0.5233296
vt 0.3945521 0.5456725
vt 0.0625575 0.5246131
vt 0.0614116 0.5246974
vt 0.3544349 0.8234746
vt 0.0704208 0.5239573
vt 0.0606838 0.5266216
vt 0.3565166 0.8233322
vt 0.3547964 0.8241636
vt 0.3568048 0.8241445
vt 0.3547464 0.8269086
vt 0.3568294 0.8269382
vt 0.3547305 0.8314525
vt 0.3547615 0.8341974
vt 0.3568132 0.8314373
vt 0.3567691 0.8342305
vt 0.3585565 0.8314375
vt 0.3605714 0.8314389
vt 0.3585725 0.8269506
vt 0.3585121 0.8342423
vt 0.3605364 0.8342414
vt 0.0609832 0.5709037
vt 0.3602729 0.8350872
vt 0.3625570 0.8342245
vt 0.3642821 0.8341889
vt 0.3625818 0.8314393
vt 0.0603167 0.5689868
vt 0.3623109 0.8350828
vt 0.0597463 0.5673265
vt 0.3640684 0.8350528
vt 0.0615754 0.5690164
vt 0.0700770 0.5692192
vt 0.0610224 0.5673432
vt 0.0696515 0.5674457
vt 0.0604054 0.5653757
vt 0.0591327 0.5653710
vt 0.3661196 0.8348858
vt 0.0691542 0.5653533
vt 0.0546440 0.5553556
vt 0.0602987 0.5647795
vt 0.0634344 0.5554021
vt 0.0690096 0.5646930
vt 0.0536158 0.5553177
vt 0.0592780 0.5648199
vt 0.3667430 0.8349533
vt 0.0545257 0.5549260
vt 0.0532632 0.5549312
vt 0.3668454 0.8343778
vt 0.0633958 0.5549352
vt 0.0544763 0.5521162
vt 0.0531863 0.5521179
vt 0.3672812 0.8315284
vt 0.0633834 0.5521145
vt 0.0544771 0.5475898
vt 0.0531872 0.5475878
vt 0.3673024 0.8269247
vt 0.0633842 0.5475948
vt 0.0545276 0.5447801
vt 0.0532650 0.5447745
vt 0.3668849 0.8240689
vt 0.0633976 0.5447741
vt 0.0546459 0.5443506
vt 0.0587485 0.5363084
vt 0.0634364 0.5443072
vt 0.0674597 0.5363950
vt 0.0536177 0.5443880
vt 0.0577278 0.5362680
vt 0.3667863 0.8234924
vt 0.0588552 0.5357122
vt 0.0575825 0.5357168
vt 0.3661623 0.8235556
vt 0.0676043 0.5357347
vt 0.0898510 0.5357426
vt 0.0857498 0.5444039
vt 0.0898200 0.5365009
vt 0.0857402 0.5449154
vt 0.0857252 0.5476593
vt 0.0857247 0.5520579
vt 0.0857385 0.5548019
vt 0.0857480 0.5553135
vt 0.0913695 0.5645870
vt 0.0914005 0.5653453
vt 0.0915016 0.5677354
vt 0.0915877 0.5697606
vt 0.0581962 0.5337613
vt 0.3641116 0.8233744
vt 0.3661786 0.8243384
vt 0.3643192 0.8242401
vt 0.3663499 0.8269567
vt 0.3643302 0.8269858
vt 0.3663317 0.8314887
vt 0.3643127 0.8314446
vt 0.3661413 0.8341036
vt 0.3625986 0.8269783
vt 0.3605878 0.8269638
vt 0.3625941 0.8241922
vt 0.3605730 0.8241606
vt 0.3585483 0.8241451
vt 0.0919589 0.5787892
vt 0.3622110 0.5765167
vt 0.3847252 0.5738078
vt 0.3847252 0.5692267
vt 0.3621686 0.5737375
vt 0.3391214 0.5737317
vt 0.3621686 0.5692968
vt 0.3391214 0.5693023
vt 0.3622110 0.5665175
vt 0.3391652 0.5665181
vt 0.3216481 0.5664635
vt 0.2426859 0.5201912
vt 0.3392577 0.5659963
vt 0.2602201 0.5221584
vt 0.3217022 0.5659224
vt 0.2418194 0.5235553
vt 0.2594109 0.5251902
vt 0.2416434 0.5257932
vt 0.2415306 0.5283988
vt 0.2589093 0.5271456
vt 0.2583327 0.5294178
vt 0.2668764 0.5275317
vt 0.2661495 0.5297166
vt 0.2703620 0.5271974
vt 0.2674952 0.5256509
vt 0.2710102 0.5252267
vt 0.2683380 0.5227109
vt 0.3135849 0.5657175
vt 0.2716813 0.5221790
vt 0.3102196 0.5655957
vt 0.3135382 0.5662773
vt 0.3101951 0.5661631
vt 0.3134615 0.5691943
vt 0.3215996 0.5692827
vt 0.3102131 0.5691528
vt 0.3134616 0.5738394
vt 0.3215996 0.5737511
vt 0.3102131 0.5738810
vt 0.3135380 0.5767565
vt 0.3101951 0.5768706
vt 0.3216480 0.5765703
vt 0.2698878 0.5783770
vt 0.3135849 0.5773163
vt 0.2617700 0.5789295
vt 0.3217021 0.5771114
vt 0.2732312 0.5789090
vt 0.3102196 0.5774379
vt 0.2690451 0.5754371
vt 0.2609608 0.5758978
vt 0.2725601 0.5758612
vt 0.2684262 0.5735562
vt 0.2719118 0.5738906
vt 0.2676993 0.5713714
vt 0.2604592 0.5739423
vt 0.2598826 0.5716702
vt 0.2431932 0.5752948
vt 0.2433693 0.5775326
vt 0.2430804 0.5726892
vt 0.2429845 0.5700873
vt 0.2429033 0.5678414
vt 0.2593081 0.5693911
vt 0.2669693 0.5691800
vt 0.2588138 0.5674164
vt 0.2663407 0.5672810
vt 0.2582411 0.5650858
vt 0.2428061 0.5651979
vt 0.2656201 0.5650394
vt 0.2522621 0.5554020
vt 0.2580782 0.5643529
vt 0.2596452 0.5553879
vt 0.2654249 0.5643330
vt 0.2368872 0.5554077
vt 0.2427793 0.5643734
vt 0.2522343 0.5549296
vt 0.2596146 0.5549182
vt 0.2368836 0.5549269
vt 0.2522294 0.5521402
vt 0.2368841 0.5521367
vt 0.2596031 0.5521354
vt 0.2522307 0.5476714
vt 0.2368854 0.5476659
vt 0.2596042 0.5476802
vt 0.2522372 0.5448821
vt 0.2596171 0.5448974
vt 0.2368867 0.5448757
vt 0.2522653 0.5444097
vt 0.2565283 0.5367351
vt 0.2596480 0.5444279
vt 0.2638752 0.5367550
vt 0.2368905 0.5443950
vt 0.2412294 0.5367146
vt 0.2566913 0.5360020
vt 0.2412562 0.5358900
vt 0.2640702 0.5360485
vt 0.2572639 0.5336715
vt 0.2413535 0.5332465
vt 0.2647908 0.5338070
vt 0.2577582 0.5316968
vt 0.2414347 0.5310006
vt 0.2654195 0.5319080
vt 0.2687871 0.5317470
vt 0.2681058 0.5337008
vt 0.2695790 0.5294783
vt 0.2713798 0.5314400
vt 0.2705747 0.5334523
vt 0.2756025 0.5315913
vt 0.2723265 0.5290101
vt 0.2773527 0.5294659
vt 0.2732733 0.5264068
vt 0.2784804 0.5267289
vt 0.2740036 0.5240310
vt 0.2762060 0.5226563
vt 0.2740143 0.5207294
vt 0.3074971 0.5655818
vt 0.2752953 0.5192212
vt 0.3055349 0.5656419
vt 0.3075223 0.5661830
vt 0.3055739 0.5662669
vt 0.3077330 0.5691701
vt 0.3058506 0.5692110
vt 0.3077330 0.5738636
vt 0.3058506 0.5738226
vt 0.3075223 0.5768507
vt 0.3055738 0.5767667
vt 0.2755642 0.5803585
vt 0.3074970 0.5774518
vt 0.2768452 0.5818669
vt 0.3055349 0.5773918
vt 0.2755534 0.5770570
vt 0.2777559 0.5784316
vt 0.2748231 0.5746812
vt 0.2800302 0.5743591
vt 0.2738763 0.5720779
vt 0.2789026 0.5716220
vt 0.2711289 0.5716097
vt 0.2729296 0.5696480
vt 0.2771524 0.5694967
vt 0.2721245 0.5676357
vt 0.2703370 0.5693411
vt 0.2696557 0.5673872
vt 0.2688873 0.5650924
vt 0.2712328 0.5653166
vt 0.2629301 0.5553662
vt 0.2686953 0.5643742
vt 0.2652820 0.5553505
vt 0.2710292 0.5645975
vt 0.2628996 0.5548983
vt 0.2652456 0.5548854
vt 0.2628858 0.5521284
vt 0.2652373 0.5521241
vt 0.2628867 0.5476888
vt 0.2652384 0.5476943
vt 0.2629020 0.5449190
vt 0.2652479 0.5449329
vt 0.2629326 0.5444511
vt 0.2671454 0.5367137
vt 0.2652845 0.5444680
vt 0.2694794 0.5364903
vt 0.2673374 0.5359955
vt 0.2696829 0.5357713
vt 0.2734614 0.5349221
vt 0.2692434 0.5444800
vt 0.2732959 0.5354991
vt 0.2747520 0.5344819
vt 0.2744811 0.5331581
vt 0.2755006 0.5331488
vt 0.2761692 0.5331143
vt 0.2764730 0.5320271
vt 0.2769668 0.5324808
vt 0.2777730 0.5308592
vt 0.2780606 0.5316390
vt 0.2802821 0.5296986
vt 0.2799339 0.5304103
vt 0.2808219 0.5285314
vt 0.2814730 0.5296774
vt 0.2805496 0.5306973
vt 0.2823437 0.5285276
vt 0.2796868 0.5444822
vt 0.2818989 0.5298490
vt 0.2781991 0.5444911
vt 0.2808732 0.5309213
vt 0.2812056 0.5444645
vt 0.2828662 0.5286806
vt 0.2797035 0.5449441
vt 0.2782061 0.5449491
vt 0.2812299 0.5449331
vt 0.2797056 0.5477020
vt 0.2782058 0.5477039
vt 0.2812354 0.5476969
vt 0.2797047 0.5521224
vt 0.2782050 0.5521198
vt 0.2812346 0.5521280
vt 0.2797016 0.5548802
vt 0.2782041 0.5548747
vt 0.2812280 0.5548919
vt 0.2796848 0.5553423
vt 0.2834488 0.5712389
vt 0.2781971 0.5553327
vt 0.2824231 0.5701667
vt 0.2812035 0.5553604
vt 0.2844161 0.5724073
vt 0.2830229 0.5714105
vt 0.2820995 0.5703907
vt 0.2838936 0.5725603
vt 0.2818320 0.5713893
vt 0.2814839 0.5706776
vt 0.2823717 0.5725565
vt 0.2793229 0.5702287
vt 0.2796105 0.5694489
vt 0.2780229 0.5690608
vt 0.2770505 0.5679392
vt 0.2785166 0.5686072
vt 0.2777191 0.5679737
vt 0.2787872 0.5678414
vt 0.2775619 0.5671569
vt 0.2799648 0.5686251
vt 0.2737449 0.5553296
vt 0.2789051 0.5674737
vt 0.2752392 0.5553278
vt 0.2801525 0.5682865
vt 0.2722376 0.5553324
vt 0.2775911 0.5667502
vt 0.2737367 0.5548748
vt 0.2722242 0.5548777
vt 0.2752343 0.5548727
vt 0.2737350 0.5521190
vt 0.2722230 0.5521197
vt 0.2752325 0.5521186
vt 0.2737359 0.5477031
vt 0.2722239 0.5477017
vt 0.2752334 0.5477040
vt 0.2737387 0.5449472
vt 0.2722262 0.5449437
vt 0.2752362 0.5449499
vt 0.2737471 0.5444924
vt 0.2773553 0.5336142
vt 0.2752413 0.5444948
vt 0.2786026 0.5328015
vt 0.2722399 0.5444890
vt 0.2760413 0.5343378
vt 0.2772373 0.5332466
vt 0.2760120 0.5339310
vt 0.2784149 0.5324629
vt 0.2707283 0.5444846
vt 0.2746751 0.5349670
vt 0.2707053 0.5449404
vt 0.2692110 0.5449380
vt 0.2707033 0.5477002
vt 0.2692089 0.5476988
vt 0.2707024 0.5521205
vt 0.2692079 0.5521212
vt 0.2707032 0.5548803
vt 0.2692089 0.5548821
vt 0.2707261 0.5553362
vt 0.2762250 0.5661210
vt 0.2692412 0.5553401
vt 0.2748457 0.5655888
vt 0.2763019 0.5666060
vt 0.2750113 0.5661659
vt 0.2760310 0.5679299
vt 0.2831591 0.5741434
vt 0.2859994 0.5796939
vt 0.4917705 0.9499035
vt 0.2847964 0.5739298
vt 0.2875997 0.5789938
vt 0.4916830 0.9515562
vt 0.2828517 0.5553958
vt 0.2853752 0.5737481
vt 0.2882137 0.5787153
vt 0.2885743 0.5556458
vt 0.4916614 0.9521950
vt 0.4941374 0.9112543
vt 0.2828774 0.5549186
vt 0.2885943 0.5551372
vt 0.4941298 0.9118309
vt 0.2828886 0.5521401
vt 0.2886089 0.5522351
vt 0.4941576 0.9151223
vt 0.2828895 0.5476854
vt 0.2886097 0.5475925
vt 0.4941576 0.9203798
vt 0.2828793 0.5449069
vt 0.2885962 0.5446905
vt 0.4941298 0.9236711
vt 0.2828537 0.5444297
vt 0.2838254 0.5273399
vt 0.2866638 0.5223727
vt 0.2885765 0.5441819
vt 0.4941374 0.9242477
vt 0.4944939 0.8836163
vt 0.2832465 0.5271581
vt 0.2860498 0.5220941
vt 0.4945154 0.8842549
vt 0.2816092 0.5269445
vt 0.2844495 0.5213941
vt 0.4946028 0.8859071
vt 0.4878879 0.8858961
vt 0.2816540 0.5201145
vt 0.4947132 0.8888147
vt 0.4877960 0.8888102
vt 0.2787822 0.5185014
vt 0.4945769 0.8919262
vt 0.4875697 0.8917688
vt 0.2770768 0.5163673
vt 0.3022058 0.5657937
vt 0.4935112 0.8942776
vt 0.4947387 0.8558127
vt 0.4870863 0.8941466
vt 0.4871958 0.8555211
vt 0.3022705 0.5664383
vt 0.4947198 0.8565403
vt 0.4872186 0.8562850
vt 0.3026072 0.5693111
vt 0.4948352 0.8598206
vt 0.4873964 0.8597174
vt 0.3026073 0.5737225
vt 0.4948352 0.8648956
vt 0.4873964 0.8649988
vt 0.3022705 0.5765954
vt 0.4947198 0.8681757
vt 0.4872186 0.8684312
vt 0.2786267 0.5847206
vt 0.3022058 0.5772400
vt 0.4906784 0.9415300
vt 0.4947387 0.8689035
vt 0.4842519 0.9416606
vt 0.4871958 0.8691950
vt 0.2803321 0.5825865
vt 0.4917445 0.9438822
vt 0.4847346 0.9440397
vt 0.2832039 0.5809734
vt 0.4918807 0.9469949
vt 0.4849612 0.9469994
vt 0.4729519 0.9469672
vt 0.4850533 0.9499146
vt 0.4730994 0.9498065
vt 0.4850768 0.9516068
vt 0.4731376 0.9515108
vt 0.4850808 0.9522666
vt 0.4862483 0.9109865
vt 0.4718476 0.9108896
vt 0.4731451 0.9525782
vt 0.4862520 0.9115992
vt 0.4718685 0.9117016
vt 0.4863108 0.9150363
vt 0.4720953 0.9151641
vt 0.4863108 0.9204658
vt 0.4720953 0.9203380
vt 0.4862520 0.9239029
vt 0.4718684 0.9238006
vt 0.4862483 0.9245156
vt 0.4879156 0.8835448
vt 0.4718474 0.9246125
vt 0.4759831 0.8832325
vt 0.4879115 0.8842044
vt 0.4759754 0.8843000
vt 0.4341790 0.8843035
vt 0.4759367 0.8860043
vt 0.4341074 0.8860698
vt 0.4757882 0.8888435
vt 0.4339786 0.8890216
vt 0.4755567 0.8916709
vt 0.4338607 0.8919435
vt 0.4732513 0.8553548
vt 0.4752807 0.8944256
vt 0.4319391 0.8538475
vt 0.4338396 0.8949157
vt 0.4733107 0.8563116
vt 0.4320035 0.8550639
vt 0.4736474 0.8597916
vt 0.4321767 0.8591988
vt 0.4736474 0.8649247
vt 0.4321767 0.8655176
vt 0.4733107 0.8684047
vt 0.4320035 0.8696525
vt 0.4724363 0.9413862
vt 0.4732513 0.8693615
vt 0.4310063 0.9408624
vt 0.4319391 0.8708688
vt 0.4727211 0.9441403
vt 0.4310305 0.9438345
vt 0.4005360 0.9434342
vt 0.4311467 0.9467564
vt 0.4006012 0.9465892
vt 0.4312738 0.9497081
vt 0.4006679 0.9497747
vt 0.4313445 0.9514743
vt 0.4006966 0.9516500
vt 0.4305595 0.9092965
vt 0.4313874 0.9527366
vt 0.3993473 0.9078770
vt 0.4007232 0.9527320
vt 0.4305840 0.9105148
vt 0.3993794 0.9089656
vt 0.4306655 0.9146091
vt 0.3995921 0.9139216
vt 0.4306655 0.9208930
vt 0.3995921 0.9215804
vt 0.4305840 0.9249872
vt 0.3993794 0.9265364
vt 0.4305595 0.9262055
vt 0.4342185 0.8830410
vt 0.3993473 0.9276251
vt 0.4035526 0.8830354
vt 0.3682598 0.9288033
vt 0.3721460 0.8829933
vt 0.4035287 0.8841174
vt 0.3721247 0.8840332
vt 0.4034996 0.8859926
vt 0.3721217 0.8859978
vt 0.4034319 0.8891784
vt 0.3721144 0.8893350
vt 0.4033656 0.8923334
vt 0.3721125 0.8926420
vt 0.4008489 0.8524108
vt 0.4033777 0.8952206
vt 0.3698862 0.8512260
vt 0.3721795 0.8955640
vt 0.4009103 0.8535098
vt 0.3699482 0.8523524
vt 0.4011957 0.8585075
vt 0.3702399 0.8580016
vt 0.4011958 0.8662089
vt 0.3702399 0.8667148
vt 0.4009103 0.8712065
vt 0.3699482 0.8723640
vt 0.4005426 0.9405470
vt 0.4008489 0.8723055
vt 0.3693442 0.9401941
vt 0.3698862 0.8734905
vt 0.3418176 0.9399848
vt 0.3428020 0.8744092
vt 0.3692829 0.9431162
vt 0.3417263 0.9428641
vt 0.3692842 0.9464233
vt 0.3416738 0.9462991
vt 0.3692908 0.9497607
vt 0.3416272 0.9497633
vt 0.3692933 0.9517250
vt 0.3416034 0.9518018
vt 0.3682598 0.9066987
vt 0.3693169 0.9527649
vt 0.3410697 0.9057839
vt 0.3416183 0.9527476
vt 0.3682976 0.9078177
vt 0.3411082 0.9069164
vt 0.3685390 0.9134245
vt 0.3413795 0.9130327
vt 0.3685390 0.9220777
vt 0.3413795 0.9224694
vt 0.3682976 0.9276844
vt 0.3411082 0.9285856
vt 0.3410697 0.9297183
vt 0.3444482 0.8830069
vt 0.3216926 0.9289632
vt 0.3097846 0.9289449
vt 0.3216622 0.9301059
vt 0.3244978 0.8829966
vt 0.3219501 0.9226438
vt 0.3099773 0.9226509
vt 0.3219501 0.9128584
vt 0.3099773 0.9128511
vt 0.3216925 0.9065390
vt 0.3097846 0.9065572
vt 0.3216622 0.9053962
vt 0.3216667 0.9527596
vt 0.3093828 0.9527649
vt 0.3097826 0.9054407
vt 0.3216594 0.9518580
vt 0.3093701 0.9518911
vt 0.3217014 0.9497781
vt 0.3094126 0.9497977
vt 0.3217851 0.9462391
vt 0.3095143 0.9462250
vt 0.3218732 0.9427279
vt 0.3096229 0.9426780
vt 0.3219833 0.9398662
vt 0.3234868 0.8747886
vt 0.3097580 0.9398289
vt 0.3116603 0.8747349
vt 0.3235339 0.8736452
vt 0.3428605 0.8732712
vt 0.3116762 0.8736199
vt 0.3238091 0.8672849
vt 0.3431647 0.8671112
vt 0.3118779 0.8672886
vt 0.3238091 0.8574315
vt 0.3431648 0.8576051
vt 0.3118779 0.8574277
vt 0.3235340 0.8510711
vt 0.3428605 0.8514452
vt 0.3116762 0.8510964
vt 0.3234868 0.8499277
vt 0.3248179 0.8958894
vt 0.3428020 0.8503072
vt 0.3446535 0.8957692
vt 0.3116603 0.8499814
vt 0.3125947 0.8959275
vt 0.3247050 0.8930278
vt 0.3445569 0.8928903
vt 0.3124563 0.8930799
vt 0.3246165 0.8895168
vt 0.3445045 0.8894554
vt 0.3123467 0.8895334
vt 0.3245324 0.8859781
vt 0.3444581 0.8859912
vt 0.3122441 0.8859608
vt 0.3244908 0.8838980
vt 0.3444346 0.8839527
vt 0.3122018 0.8838675
vt 0.3097826 0.9300613
vt 0.3122157 0.8829933
vt 0.3059798 0.8838438
vt 0.2630243 0.9269110
vt 0.3034382 0.8838270
vt 0.3038754 0.9297688
vt 0.3060584 0.8830407
vt 0.3060003 0.8859385
vt 0.2614650 0.9270427
vt 0.3034207 0.8859236
vt 0.3061068 0.8895277
vt 0.2588184 0.9270815
vt 0.3035249 0.8895204
vt 0.3062276 0.8930918
vt 0.2561866 0.9270170
vt 0.3036489 0.8930935
vt 0.3057757 0.8502845
vt 0.3064685 0.8958738
vt 0.2540130 0.9270281
vt 0.3038175 0.8506061
vt 0.3044035 0.8957911
vt 0.3056851 0.8513477
vt 0.2539725 0.9260893
vt 0.3032841 0.8516521
vt 0.3057861 0.8575237
vt 0.2536010 0.9215201
vt 0.3032884 0.8576529
vt 0.3057861 0.8671927
vt 0.2536207 0.9143733
vt 0.3032884 0.8670634
vt 0.3056851 0.8733686
vt 0.2540173 0.9098061
vt 0.3032841 0.8730642
vt 0.3036120 0.9398837
vt 0.3057756 0.8744318
vt 0.2540631 0.9088675
vt 0.3015564 0.9399779
vt 0.3038175 0.8741102
vt 0.3033919 0.9426692
vt 0.2562366 0.9088906
vt 0.3008139 0.9426717
vt 0.3032742 0.9462336
vt 0.2588688 0.9088408
vt 0.3006930 0.9462429
vt 0.3031703 0.9498221
vt 0.2615150 0.9088942
vt 0.3005911 0.9498396
vt 0.3031517 0.9519148
vt 0.2630736 0.9090344
vt 0.3006112 0.9519372
vt 0.3032368 0.9527171
vt 0.3038754 0.9057333
vt 0.2637655 0.9088677
vt 0.3011721 0.9526397
vt 0.3019131 0.9060456
vt 0.3037742 0.9067965
vt 0.2638497 0.9098161
vt 0.3013727 0.9070855
vt 0.3038693 0.9129407
vt 0.2642619 0.9143998
vt 0.3013724 0.9130632
vt 0.3038693 0.9225614
vt 0.2642421 0.9215522
vt 0.3013724 0.9224390
vt 0.3037742 0.9287057
vt 0.2638047 0.9261335
vt 0.3013727 0.9284166
vt 0.2637153 0.9270815
vt 0.3019131 0.9294565
vt 0.3039937 0.8831245
vt 0.2628597 0.9256400
vt 0.2614364 0.9255918
vt 0.2630310 0.9214037
vt 0.2614893 0.9213465
vt 0.2630499 0.9145416
vt 0.2629021 0.9103046
vt 0.2615080 0.9145904
vt 0.2614785 0.9103448
vt 0.2589016 0.9145985
vt 0.2588830 0.9213239
vt 0.2563166 0.9145797
vt 0.2589031 0.9103171
vt 0.2563472 0.9103374
vt 0.2562979 0.9213286
vt 0.2563053 0.9255710
vt 0.2588609 0.9256052
vt 0.2442357 0.5808969
vt 0.3392577 0.5770376
vt 0.3391652 0.5765159
vt 0.1348777 0.9081541
vt 0.1348655 0.9071029
vt 0.4728851 0.5287731
vt 0.4733939 0.5287414
vt 0.4762093 0.5287228
vt 0.4807239 0.5287230
vt 0.4835394 0.5287422
vt 0.1360286 0.9735924
vt 0.4840482 0.5287740
vt 0.1360408 0.9725411
vt 0.2256910 0.9155569
vt 0.2348664 0.9163047
vt 0.2256255 0.9148594
vt 0.4728880 0.6191710
vt 0.2347189 0.9156681
vt 0.4729315 0.6284417
vt 0.4733616 0.6191555
vt 0.4733659 0.6285112
vt 0.4761901 0.6191599
vt 0.4761848 0.6285549
vt 0.4807222 0.6191605
vt 0.4807254 0.6285554
vt 0.4835506 0.6191568
vt 0.4835442 0.6285123
vt 0.2267883 0.9658357
vt 0.4840242 0.6191723
vt 0.2358817 0.9650270
vt 0.4839786 0.6284429
vt 0.2268538 0.9651382
vt 0.2360291 0.9643904
vt 0.2279314 0.9528981
vt 0.2371704 0.9528384
vt 0.2385141 0.9528235
vt 0.3320278 0.8299450
vt 0.2371669 0.9523897
vt 0.2384460 0.9523857
vt 0.3315600 0.8298506
vt 0.2371449 0.9521697
vt 0.2374105 0.9447541
vt 0.2382255 0.9522099
vt 0.2385036 0.9447145
vt 0.3312781 0.8299533
vt 0.2375126 0.9443130
vt 0.2388633 0.9443221
vt 0.3312820 0.8293769
vt 0.2375636 0.9415019
vt 0.2389450 0.9415047
vt 0.3308794 0.8265100
vt 0.2375633 0.9369707
vt 0.2389448 0.9369676
vt 0.3308602 0.8218738
vt 0.2375121 0.9341595
vt 0.3314814 0.8218971
vt 0.3319730 0.8219130
vt 0.3314986 0.8264815
vt 0.3319900 0.8264618
vt 0.3317586 0.8291513
vt 0.3321470 0.8291035
vt 0.3433990 0.8291137
vt 0.2373640 0.9642895
vt 0.3437154 0.8299061
vt 0.3443921 0.8293283
vt 0.4835502 0.6298881
vt 0.3434697 0.8264180
vt 0.3434525 0.8218768
vt 0.3446619 0.8264494
vt 0.4807273 0.6299621
vt 0.3446415 0.8218366
vt 0.4761826 0.6299617
vt 0.3443546 0.8189641
vt 0.4733596 0.6298870
vt 0.2357978 0.9157971
vt 0.3444667 0.8184240
vt 0.4729702 0.6295453
vt 0.3433638 0.8191847
vt 0.2362013 0.9164056
vt 0.3436750 0.8183910
vt 0.3321113 0.8192677
vt 0.2369605 0.9648980
vt 0.3445077 0.8298682
vt 0.4839396 0.6295465
vt 0.5085064 0.0801433
vt 0.5948146 0.2665834
vt 0.6072862 0.2859401
vt 0.9895428 0.0141960
vt 0.5922944 0.2665834
vt 0.6072857 0.2884603
vt 0.7037882 0.2734719
vt 0.5085064 0.0826631
vt 0.5948150 0.2691031
vt 0.7037882 0.2770360
vt 0.5616992 0.2859401
vt 0.5730185 0.2666078
vt 0.9895428 0.0597830
vt 0.9910076 0.1776994
vt 0.5075299 0.0141960
vt 0.5545817 0.2903128
vt 0.5826567 0.2665834
vt 0.9905193 0.0801433
vt 0.5826563 0.2691031
vt 0.6629602 0.2641479
vt 0.9905193 0.0826631
vt 0.5545812 0.2877926
vt 0.5851769 0.2665834
vt 0.6629602 0.2677119
vt 0.5075299 0.0597830
vt 0.5089948 0.2903128
vt 0.5089948 0.1776994
vt 0.6879212 0.2670032
vt 0.5090212 0.2877926
vt 0.6782835 0.2642675
vt 0.6854009 0.2670032
vt 0.5089948 0.1801950
vt 0.6782835 0.2678329
vt 0.6879475 0.2694986
vt 0.6772978 0.2660314
vt 0.6855326 0.2693915
vt 0.5089946 0.1819780
vt 0.6411572 0.2009754
vt 0.6762044 0.2690917
vt 0.5729923 0.2691031
vt 0.6226093 0.2636290
vt 0.9910076 0.1801949
vt 0.6205303 0.2623702
vt 0.9898470 0.2009753
vt 0.9910076 0.1819779
vt 0.5754070 0.2689961
vt 0.6216236 0.2654305
vt 0.6201599 0.2645442
vt 0.5617257 0.2884603
vt 0.5755388 0.2666078
vt 0.6226093 0.2671944
vt 0.6201599 0.2663894
vt 0.5617966 0.2903128
vt 0.5946004 0.2788219
vt 0.6205303 0.2685565
vt 0.6176999 0.2668441
vt 0.5944003 0.2762206
vt 0.6179823 0.2691032
vt 0.6677091 0.2881063
vt 0.6053289 0.2781677
vt 0.6154725 0.2665215
vt 0.6177022 0.2642232
vt 0.6179752 0.2619632
vt 0.9899841 0.2035590
vt 0.6066341 0.2768635
vt 0.6154707 0.2646763
vt 0.5094830 0.1695734
vt 0.6072862 0.2744499
vt 0.6156319 0.2625083
vt 0.9910076 0.2057363
vt 0.6052813 0.2768635
vt 0.6144037 0.2656339
vt 0.6028427 0.2769701
vt 0.6144713 0.2877926
vt 0.5094830 0.1676520
vt 0.6053647 0.2744499
vt 0.5080182 0.1555160
vt 0.5094830 0.1651061
vt 0.6028188 0.2744499
vt 0.6144952 0.2903128
vt 0.5633289 0.2647305
vt 0.9914959 0.1676519
vt 0.5541984 0.2788226
vt 0.5658748 0.2647305
vt 0.9900311 0.1555160
vt 0.9914959 0.1651060
vt 0.5634122 0.2671440
vt 0.6700777 0.2658280
vt 0.5614074 0.2647305
vt 0.6423177 0.2057364
vt 0.6713060 0.2689536
vt 0.9914959 0.1695733
vt 0.6412942 0.2035592
vt 0.6736493 0.2694986
vt 0.5620596 0.2671440
vt 0.6711448 0.2667855
vt 0.5633647 0.2684482
vt 0.6711467 0.2649404
vt 0.6733763 0.2672387
vt 0.6758341 0.2669177
vt 0.6733740 0.2646177
vt 0.6146037 0.2762206
vt 0.6556067 0.2788219
vt 0.6736564 0.2623587
vt 0.6758341 0.2650725
vt 0.5090922 0.2859401
vt 0.6144037 0.2788219
vt 0.6762044 0.2629054
vt 0.5545800 0.2859401
vt 0.6474673 0.2788226
vt 0.6608492 0.2690219
vt 0.6604496 0.2668521
vt 0.6475965 0.2762206
vt 0.6582879 0.2694986
vt 0.6884245 0.2788226
vt 0.6579772 0.2672399
vt 0.5089947 0.2744499
vt 0.6475952 0.2647305
vt 0.6559537 0.2690219
vt 0.6874630 0.2766161
vt 0.6451815 0.2653848
vt 0.6557613 0.2668523
vt 0.5089965 0.2763024
vt 0.6475965 0.2665830
vt 0.5542900 0.2744499
vt 0.5657832 0.2691032
vt 0.6547140 0.2766161
vt 0.6713122 0.2627675
vt 0.5542224 0.2763024
vt 0.5658508 0.2672506
vt 0.6451824 0.2666891
vt 0.6547140 0.2659299
vt 0.5089972 0.2788226
vt 0.6475965 0.2691032
vt 0.9900311 0.1103148
vt 0.9900311 0.1018664
vt 0.6450757 0.2691025
vt 0.9900311 0.0993456
vt 0.9905193 0.0934862
vt 0.5080182 0.1103148
vt 0.5080182 0.1018664
vt 0.6361039 0.2647305
vt 0.6596964 0.2903128
vt 0.5080182 0.0993456
vt 0.5085065 0.0934862
vt 0.6335831 0.2647305
vt 0.6361032 0.2672507
vt 0.6596971 0.2877926
vt 0.6336891 0.2671440
vt 0.6955420 0.2752538
vt 0.6361014 0.2691032
vt 0.6596989 0.2859401
vt 0.6967817 0.2721619
vt 0.6995652 0.2903128
vt 0.5614075 0.2762206
vt 0.6991158 0.2716851
vt 0.7005268 0.2881063
vt 0.6336878 0.2684482
vt 0.6965892 0.2743316
vt 0.6029104 0.2788227
vt 0.6144037 0.2859401
vt 0.6156381 0.2686943
vt 0.6668164 0.2903121
vt 0.6988051 0.2739439
vt 0.6323835 0.2671440
vt 0.6965892 0.2761761
vt 0.5085065 0.0916319
vt 0.5094830 0.0709071
vt 0.6317287 0.2647305
vt 0.6967816 0.2783458
vt 0.6988052 0.2765638
vt 0.7012774 0.2761761
vt 0.5104874 0.0687468
vt 0.6991158 0.2788226
vt 0.6582879 0.2623612
vt 0.8608466 0.0687467
vt 0.5085065 0.0845144
vt 0.5106167 0.0661448
vt 0.7016770 0.2783458
vt 0.6608492 0.2628379
vt 0.8609760 0.0661447
vt 0.9905193 0.0845143
vt 0.6604495 0.2650077
vt 0.6579772 0.2646199
vt 0.5850698 0.2689964
vt 0.6619359 0.2659299
vt 0.6438769 0.2666887
vt 0.6557613 0.2650077
vt 0.6432214 0.2691020
vt 0.6559537 0.2628380
vt 0.8598422 0.0709071
vt 0.9905193 0.0916318
vt 0.5924014 0.2689965
vt 0.7027637 0.2752539
vt 0.7012774 0.2743316
vt 0.5615368 0.2788226
vt 0.6072845 0.2903128
vt 0.7016770 0.2721619
vt 0.7437560 0.5615196
vt 0.8803364 0.8684765
vt 0.7444279 0.5615199
vt 0.8779513 0.8252298
vt 0.8810083 0.8684767
vt 0.8791975 0.8420181
vt 0.8803462 0.8678049
vt 0.7402594 0.8005362
vt 0.8728491 0.8496715
vt 0.7434103 0.5615196
vt 0.8799907 0.8684765
vt 0.8788517 0.8420176
vt 0.8800004 0.8678041
vt 0.7399626 0.8005362
vt 0.8725524 0.8496715
vt 0.5034940 0.5615196
vt 0.6400744 0.8684760
vt 0.5028221 0.5615198
vt 0.6394025 0.8684762
vt 0.5069907 0.8005362
vt 0.6395805 0.8496715
vt 0.6389158 0.8420168
vt 0.6400645 0.8678036
vt 0.6389086 0.8415242
vt 0.6395806 0.9344082
vt 0.6400573 0.8673120
vt 0.6394215 0.8678332
vt 0.6236646 0.9125568
vt 0.6390737 0.8678338
vt 0.6236646 0.9122140
vt 0.6389396 0.9343789
vt 0.6394163 0.8674862
vt 0.6230212 0.9120389
vt 0.6389086 0.9337355
vt 0.6230212 0.9125259
vt 0.6395778 0.9337355
vt 0.6177409 0.9120389
vt 0.6389086 0.9284553
vt 0.6395779 0.9284553
vt 0.6170976 0.9122140
vt 0.6389396 0.9278119
vt 0.8809944 0.8763055
vt 0.6177409 0.9125258
vt 0.6170976 0.9125568
vt 0.8813370 0.8766533
vt 0.6177409 0.9131952
vt 0.8779539 0.8999007
vt 0.6170691 0.9131978
vt 0.8779513 0.8992289
vt 0.8815022 0.8772965
vt 0.9910992 0.5615208
vt 0.6230212 0.9131952
vt 0.8779539 0.9051810
vt 0.6177409 0.8953834
vt 0.6389111 0.8999007
vt 0.6170691 0.8953859
vt 0.6170840 0.8546491
vt 0.6389086 0.8992289
vt 0.9876025 0.8005375
vt 0.6177409 0.8960578
vt 0.8744892 0.8856217
vt 0.6230212 0.8953834
vt 0.6389111 0.9051810
vt 0.6230212 0.8960578
vt 0.8744892 0.8909019
vt 0.5058250 0.8005375
vt 0.6177157 0.8465020
vt 0.6236930 0.8953859
vt 0.6389086 0.9058528
vt 0.6170691 0.8465020
vt 0.6180834 0.8628121
vt 0.6236646 0.8960318
vt 0.8743151 0.8915454
vt 0.5063189 0.8005366
vt 0.6177305 0.8469957
vt 0.6389086 0.8496718
vt 0.5023282 0.5615208
vt 0.6236930 0.9131978
vt 0.6389086 0.8684771
vt 0.8779513 0.9058528
vt 0.6170796 0.8468496
vt 0.6177202 0.8631436
vt 0.6389464 0.8503155
vt 0.6170691 0.8632889
vt 0.6395903 0.8503436
vt 0.6177310 0.8627961
vt 0.8739623 0.8915454
vt 0.8739882 0.8909019
vt 0.6170842 0.8627961
vt 0.6395975 0.8508379
vt 0.8733162 0.8915747
vt 0.6403782 0.8915755
vt 0.8725355 0.8508379
vt 0.8733137 0.8909019
vt 0.8733135 0.8856217
vt 0.6403807 0.8909028
vt 0.6400841 0.8909028
vt 0.6403807 0.8856226
vt 0.6403781 0.8849499
vt 0.8725355 0.8584922
vt 0.6400841 0.8856226
vt 0.6170837 0.8709423
vt 0.6400816 0.8849508
vt 0.8728321 0.8584917
vt 0.6394097 0.8856226
vt 0.6177303 0.8709423
vt 0.6394356 0.8849792
vt 0.6177410 0.9037112
vt 0.6389086 0.8856227
vt 0.6394097 0.8909028
vt 0.6230212 0.9037112
vt 0.6389086 0.8909028
vt 0.6174216 0.8872364
vt 0.6394356 0.8915462
vt 0.6170691 0.8872519
vt 0.6177305 0.8383550
vt 0.6236646 0.9037372
vt 0.6390828 0.8915462
vt 0.6180682 0.8872364
vt 0.6400816 0.8915747
vt 0.8728321 0.8508384
vt 0.6174318 0.8875839
vt 0.6177200 0.8387025
vt 0.8734832 0.8503155
vt 0.6170691 0.8388487
vt 0.6389086 0.8252298
vt 0.7409313 0.8005366
vt 0.8735210 0.8496719
vt 0.6180827 0.8877301
vt 0.8728393 0.8503436
vt 0.8725427 0.8503445
vt 0.6170840 0.8383550
vt 0.6236930 0.9043831
vt 0.6389155 0.8257237
vt 0.8779539 0.9201301
vt 0.6230212 0.9043856
vt 0.8779515 0.9194582
vt 0.6170691 0.9220100
vt 0.6389112 0.9201301
vt 0.8779582 0.8257236
vt 0.8815021 0.8684776
vt 0.6177410 0.9220074
vt 0.6389086 0.9194582
vt 0.6170976 0.9213690
vt 0.8813370 0.8678343
vt 0.6177410 0.9213381
vt 0.6170976 0.9210262
vt 0.8805177 0.9343798
vt 0.8809944 0.8674867
vt 0.8809893 0.8678337
vt 0.8792048 0.8415242
vt 0.8798768 0.9344082
vt 0.8803535 0.8673120
vt 0.6177410 0.9208512
vt 0.8805488 0.9337364
vt 0.8798795 0.9337364
vt 0.6230212 0.9208512
vt 0.8805488 0.9284561
vt 0.6230212 0.9213381
vt 0.6236646 0.9210262
vt 0.6394163 0.8763056
vt 0.8805178 0.9278128
vt 0.8798795 0.9284561
vt 0.6400572 0.8761310
vt 0.8792049 0.8338708
vt 0.8798769 0.9277843
vt 0.8795335 0.9284561
vt 0.8788589 0.8338700
vt 0.8795308 0.9277834
vt 0.8795334 0.9337363
vt 0.8788587 0.8415251
vt 0.8795308 0.9344091
vt 0.6404103 0.8766230
vt 0.8788518 0.8333775
vt 0.6389086 0.8338704
vt 0.6395805 0.9277834
vt 0.8803535 0.8761310
vt 0.6389159 0.8333771
vt 0.8803462 0.8766230
vt 0.8803363 0.8772954
vt 0.9899334 0.5615196
vt 0.8809893 0.8766527
vt 0.8810082 0.8772957
vt 0.9906053 0.5615199
vt 0.6170691 0.8551428
vt 0.6389086 0.8596583
vt 0.9871086 0.8005366
vt 0.6395805 0.8596587
vt 0.9864367 0.8005362
vt 0.6174318 0.8794369
vt 0.6177200 0.8549966
vt 0.6389464 0.8590146
vt 0.6180828 0.8795830
vt 0.6395903 0.8589866
vt 0.6170692 0.8791048
vt 0.6170976 0.8960318
vt 0.6177305 0.8546491
vt 0.8743150 0.8849784
vt 0.6174216 0.8790893
vt 0.8739622 0.8849784
vt 0.8739882 0.8856217
vt 0.6180682 0.8790893
vt 0.6395974 0.8584917
vt 0.8733162 0.8849499
vt 0.8725427 0.8589856
vt 0.6170691 0.8714359
vt 0.8728393 0.8589865
vt 0.7534648 0.8005362
vt 0.8725523 0.8596587
vt 0.7531680 0.8005362
vt 0.8728491 0.8596587
vt 0.6404200 0.8772954
vt 0.7500170 0.5615196
vt 0.6400743 0.8772954
vt 0.7496714 0.5615196
vt 0.6400645 0.8766239
vt 0.8791977 0.8333771
vt 0.6394024 0.8772957
vt 0.7489995 0.5615199
vt 0.8779513 0.8175763
vt 0.6394215 0.8766527
vt 0.6236930 0.9220100
vt 0.6389086 0.8772966
vt 0.6389112 0.9135062
vt 0.8779582 0.8170826
vt 0.6177305 0.8307016
vt 0.6389086 0.8175765
vt 0.7524962 0.8005366
vt 0.8735210 0.8596582
vt 0.6170796 0.8305555
vt 0.6177201 0.8712898
vt 0.8734831 0.8590146
vt 0.6170692 0.9043831
vt 0.6177156 0.8302080
vt 0.6389155 0.8170826
vt 0.8779539 0.9135062
vt 0.6177410 0.9043856
vt 0.8779514 0.9141780
vt 0.6170691 0.8302080
vt 0.6170976 0.9037372
vt 0.6180827 0.8709578
vt 0.6390828 0.8849792
vt 0.6230212 0.9220074
vt 0.6389086 0.9141780
vt 0.6236646 0.9213690
vt 0.6390737 0.8766533
vn -0.3494389 0.6127568 0.7088170
vn -0.3494389 0.6127568 0.7088170
vn -0.3494389 0.6127568 0.7088170
vn -0.0975796 -0.3237934 -0.9410823
vn -0.0975796 -0.3237934 -0.9410823
vn -0.0975796 -0.3237934 -0.9410823
vn -0.1979288 0.1881372 0.9619920
vn -0.1979288 0.1881372 0.9619920
vn -0.1979288 0.1881372 0.9619920
vn -0.0639205 -0.4647238 -0.8831455
vn -0.0639205 -0.4647238 -0.8831455
vn -0.0639205 -0.4647238 -0.8831455
vn 0.3494380 0.6127577 0.7088168
vn 0.3494380 0.6127577 0.7088168
vn 0.3494380 0.6127577 0.7088168
vn 0.0975668 -0.3237622 -0.9410945
vn 0.0975668 -0.3237622 -0.9410945
vn 0.0975668 -0.3237622 -0.9410945
vn 0.1979663 0.1881488 0.9619820
vn 0.1979663 0.1881488 0.9619820
vn 0.1979663 0.1881488 0.9619820
vn 0.0638950 -0.4647436 -0.8831369
vn 0.0638950 -0.4647436 -0.8831369
vn 0.0638950 -0.4647436 -0.8831369
vn -0.7974945 0.5694787 -0.1992406
vn -0.7974945 0.5694787 -0.1992406
vn -0.6616319 -0.7433568 0.0983045
vn -0.6616319 -0.7433568 0.0983045
vn 0.7974951 0.5694730 -0.1992534
vn 0.7974951 0.5694730 -0.1992534
vn 0.6616293 -0.7433581 0.0983131
vn 0.6616293 -0.7433581 0.0983131
vn -0.7639196 0.4518026 -0.4607616
vn -0.7639196 0.4518026 -0.4607616
vn 0.7639169 0.4518036 -0.4607653
vn 0.7639169 0.4518036 -0.4607653
vn 0.6494835 -0.7591705 0.0427949
vn 0.6494835 -0.7591705 0.0427949
vn -0.6494843 -0.7591708 0.0427779
vn -0.6494843 -0.7591708 0.0427779
vn -0.3018438 0.4329899 0.8493586
vn -0.3018438 0.4329899 0.8493586
vn -0.6368164 0.2428057 -0.7317855
vn -0.6368164 0.2428057 -0.7317855
vn -0.6368164 0.2428057 -0.7317855
vn -0.6368164 0.2428057 -0.7317855
vn -0.6803502 -0.6751570 0.2851078
vn -0.6803502 -0.6751570 0.2851078
vn -0.0015790 0.1175551 0.9930650
vn -0.0015790 0.1175551 0.9930650
vn 0.6560436 -0.7509564 0.0753074
vn 0.6560436 -0.7509564 0.0753074
vn 0.7896962 0.5014240 -0.3534880
vn 0.7896962 0.5014240 -0.3534880
vn 0.0007030 -0.3317257 -0.9433756
vn 0.0007030 -0.3317257 -0.9433756
vn -0.0007100 -0.3317270 -0.9433752
vn -0.0007100 -0.3317270 -0.9433752
vn -0.0873984 -0.3859122 -0.9183862
vn -0.0873984 -0.3859122 -0.9183862
vn 0.3018475 0.4329907 0.8493569
vn 0.3018475 0.4329907 0.8493569
vn 0.0874065 -0.3859355 -0.9183757
vn 0.0874065 -0.3859355 -0.9183757
vn -0.0004571 -0.4839419 -0.8751000
vn -0.0004571 -0.4839419 -0.8751000
vn -0.0030697 0.6389856 0.7692126
vn -0.0030697 0.6389856 0.7692126
vn -0.0030697 0.6389856 0.7692126
vn 0.6803530 -0.6751574 0.2851005
vn 0.6803530 -0.6751574 0.2851005
vn 0.6368132 0.2428109 -0.7317868
vn 0.6368132 0.2428109 -0.7317868
vn 0.6368132 0.2428109 -0.7317868
vn 0.6368132 0.2428109 -0.7317868
vn 0.2971981 0.4297436 0.8526393
vn 0.2971981 0.4297436 0.8526393
vn -0.0864839 -0.3870480 -0.9179949
vn -0.0864839 -0.3870480 -0.9179949
vn 0.9801719 0.1955444 -0.0320209
vn 0.7560959 0.6532655 0.0395377
vn 0.7560959 0.6532655 0.0395377
vn -0.7560963 0.6532654 0.0395312
vn -0.7560963 0.6532654 0.0395312
vn -0.6560399 -0.7509615 0.0752888
vn -0.6560399 -0.7509615 0.0752888
vn 0.0013251 -0.9935673 0.1132341
vn -0.0013269 -0.9935950 0.1129919
vn -0.9801719 0.1955441 -0.0320217
vn -0.0054391 0.9432176 -0.3321309
vn -0.9805885 0.1937342 -0.0302204
vn 0.0030716 0.6389856 0.7692126
vn 0.0030716 0.6389856 0.7692126
vn 0.0030716 0.6389856 0.7692126
vn 0.0015047 0.1175480 0.9930660
vn 0.0015047 0.1175480 0.9930660
vn 0.0864858 -0.3870716 -0.9179847
vn 0.0864858 -0.3870716 -0.9179847
vn 0.0004338 -0.4839384 -0.8751019
vn 0.0004338 -0.4839384 -0.8751019
vn 0.0054407 0.9432185 -0.3321285
vn -0.7896965 0.5014426 -0.3534611
vn -0.7896965 0.5014426 -0.3534611
vn 0.5478908 -0.7832949 -0.2937092
vn 0.5478908 -0.7832949 -0.2937092
vn 0.5478908 -0.7832949 -0.2937092
vn -0.5479092 -0.7832843 -0.2937025
vn -0.5479092 -0.7832843 -0.2937025
vn -0.5479092 -0.7832843 -0.2937025
vn 0.9814925 0.1664338 -0.0947227
vn 0.0045609 0.6768236 -0.7361311
vn -0.2971912 0.4297334 0.8526469
vn -0.2971912 0.4297334 0.8526469
vn 0.9809030 0.1682283 -0.0976138
vn -0.0012992 -0.9966899 0.0812876
vn -0.9809027 0.1682280 -0.0976170
vn -0.0045655 0.6768300 -0.7361251
vn -0.9814919 0.1664330 -0.0947302
vn 0.9805883 0.1937353 -0.0302182
vn 0.0012977 -0.9966897 0.0812900
vn -0.8956274 -0.0056795 -0.4447689
vn -0.8956274 -0.0056795 -0.4447689
vn -0.0029378 0.3394046 -0.9406359
vn -0.0029378 0.3394046 -0.9406359
vn -0.0006509 -0.4029034 -0.9152424
vn 0.9585605 0.2562249 0.1245409
vn 0.9587495 0.2570723 0.1212986
vn -0.9585605 0.2562252 0.1245413
vn -0.8957187 -0.0028347 -0.4446124
vn -0.8957187 -0.0028347 -0.4446124
vn -0.0010614 -0.9890387 -0.1476524
vn -0.0026802 0.3994937 0.9167321
vn 0.9811182 0.1830009 -0.0625911
vn 0.0010622 -0.9890393 -0.1476484
vn 0.8956228 -0.0056764 -0.4447783
vn 0.8956228 -0.0056764 -0.4447783
vn -0.0026287 0.3950309 0.9186640
vn -0.9816047 0.1812433 -0.0600240
vn 0.0028884 0.3393773 -0.9406458
vn 0.0028884 0.3393773 -0.9406458
vn -0.0012331 -0.9725983 0.2324892
vn -0.9587494 0.2570741 0.1212951
vn -0.0041518 0.9983516 0.0572430
vn -0.0041518 0.9983516 0.0572430
vn 0.0041525 0.9983514 0.0572472
vn 0.0041525 0.9983514 0.0572472
vn 0.0026286 0.3950315 0.9186638
vn -0.0013118 -0.9950075 0.0997908
vn -0.9811181 0.1830021 -0.0625905
vn 0.0013602 -0.9949956 0.0999097
vn 0.9816050 0.1812447 -0.0600164
vn -0.0052874 0.7997329 -0.6003326
vn -0.0006437 -0.4040796 -0.9147237
vn 0.0006441 -0.4040781 -0.9147243
vn 0.8957204 -0.0028313 -0.4446089
vn 0.8957204 -0.0028313 -0.4446089
vn 0.0052859 0.7997323 -0.6003336
vn 0.0026859 0.3994904 0.9167334
vn 0.0012298 -0.9725990 0.2324862
vn 0.0006508 -0.4029036 -0.9152422
vn 0.5988817 -0.0523268 0.7991261
vn 0.5988817 -0.0523268 0.7991261
vn 0.5988817 -0.0523268 0.7991261
vn 0.6279784 0.0715204 0.7749374
vn 0.6279784 0.0715204 0.7749374
vn 0.1043729 -0.0674075 0.9922512
vn 0.1043729 -0.0674075 0.9922512
vn 0.9518805 -0.2072456 0.2257712
vn 0.9518805 -0.2072456 0.2257712
vn 0.9693964 -0.2412512 -0.0454803
vn 0.9693964 -0.2412512 -0.0454803
vn 0.2044357 -0.6135259 0.7627529
vn 0.9914023 0.0065913 0.1306830
vn 0.9987206 -0.0145132 -0.0484416
vn 0.9907404 0.0177046 0.1346111
vn 0.9988305 -0.0018761 -0.0483117
vn 0.6618927 0.0791203 0.7454113
vn 0.6618927 0.0791203 0.7454113
vn 0.9925362 0.0180684 0.1206042
vn 0.9988204 0.0001968 -0.0485573
vn 0.9945858 0.0163410 0.1026274
vn 0.7031448 0.0771711 0.7068465
vn 0.7031448 0.0771711 0.7068465
vn 0.7431751 0.0732047 0.6650801
vn 0.7431751 0.0732047 0.6650801
vn 0.1253390 0.1024019 0.9868151
vn 0.1346611 0.1024837 0.9855777
vn 0.1157018 0.1003531 0.9882016
vn 0.0572485 0.1025278 0.9930814
vn 0.0564978 0.1002672 0.9933550
vn 0.0578800 0.1027022 0.9930267
vn 0.0462598 0.1025273 0.9936539
vn 0.0471404 0.1003431 0.9938354
vn 0.0455785 0.1027029 0.9936674
vn -0.0220554 0.1023910 0.9944996
vn -0.0314638 0.1024835 0.9942370
vn -0.0123231 0.0987709 0.9950339
vn -0.6258581 0.0771628 0.7761105
vn -0.6258581 0.0771628 0.7761105
vn -0.6700147 0.0732041 0.7387296
vn -0.6700147 0.0732041 0.7387296
vn -0.5808141 0.0791341 0.8101807
vn -0.5808141 0.0791341 0.8101807
vn -0.9746237 0.0180691 0.2231188
vn -0.9713771 0.0177052 0.2368820
vn -0.9984558 0.0001983 0.0555515
vn -0.9785298 0.0163401 0.2054564
vn -0.9813299 0.0148982 0.1917543
vn -0.9984787 0.0003249 0.0551369
vn -0.9984935 0.0003061 0.0548700
vn -0.9990585 -0.0016301 0.0433525
vn -0.9990242 -0.0015146 0.0441429
vn -0.9991019 -0.0019850 0.0423262
vn -0.8991955 -0.0893007 -0.4283372
vn -0.8991955 -0.0893007 -0.4283372
vn -0.8760390 -0.0972816 -0.4723263
vn -0.8760390 -0.0972816 -0.4723263
vn -0.9152285 -0.0848835 -0.3938927
vn -0.9152285 -0.0848835 -0.3938927
vn -0.1202880 -0.1855058 -0.9752530
vn -0.1265999 -0.1893649 -0.9737111
vn -0.1125391 -0.1853577 -0.9762056
vn -0.0559863 -0.1860592 -0.9809421
vn -0.0553884 -0.1858264 -0.9810202
vn -0.0563996 -0.1899922 -0.9801642
vn -0.0463004 -0.1860596 -0.9814469
vn -0.0468066 -0.1858389 -0.9814648
vn -0.0457790 -0.1900296 -0.9807104
vn 0.0182301 -0.1855032 -0.9824747
vn 0.0246704 -0.1893624 -0.9815972
vn 0.0104218 -0.1849976 -0.9826837
vn 0.8497580 -0.0893071 -0.5195534
vn 0.8497580 -0.0893071 -0.5195534
vn 0.8221834 -0.0972822 -0.5608480
vn 0.8221834 -0.0972822 -0.5608480
vn 0.8692873 -0.0848920 -0.4869628
vn 0.8692873 -0.0848920 -0.4869628
vn 0.9981521 -0.0016307 -0.0607436
vn 0.9981999 -0.0015142 -0.0599539
vn 0.9980886 -0.0019850 -0.0617661
vn 0.9988002 0.0003292 -0.0489688
vn 0.9987872 0.0003062 -0.0492346
vn 0.9987781 0.0002888 -0.0494190
vn 0.9959471 0.0148991 0.0886987
vn 0.9966938 0.0141364 0.0800109
vn 0.7743686 0.0696591 0.6288887
vn 0.7743686 0.0696591 0.6288887
vn 0.7940363 0.0674224 0.6041197
vn 0.7940363 0.0674224 0.6041197
vn 0.1428944 0.1024388 0.9844224
vn 0.1488243 0.1024394 0.9835434
vn 0.0585539 0.1027095 0.9929865
vn 0.0589979 0.1027231 0.9929588
vn 0.0449529 0.1027228 0.9936938
vn 0.0446049 0.1027224 0.9937094
vn -0.0397799 0.1025511 0.9939319
vn -0.0457128 0.1024397 0.9936882
vn -0.7047982 0.0696583 0.7059795
vn -0.7047982 0.0696583 0.7059795
vn -0.7269324 0.0674205 0.6833914
vn -0.7269324 0.0674205 0.6833914
vn -0.7416720 0.0668889 0.6674192
vn -0.7416720 0.0668889 0.6674192
vn -0.9829754 0.0141352 0.1831932
vn -0.9985035 0.0002885 0.0546880
vn -0.9840443 0.0142647 0.1773508
vn -0.9985110 0.0002966 0.0545488
vn -0.9851377 0.0147251 0.1711341
vn -0.7566046 0.0668214 0.6504494
vn -0.7566046 0.0668214 0.6504494
vn -0.9861965 0.0130945 0.1650601
vn -0.9985141 0.0003200 0.0544940
vn -0.9984956 0.0002675 0.0548323
vn -0.9989376 -0.0048415 0.0458296
vn -0.9988331 -0.0047661 0.0480592
vn -0.9989808 -0.0028077 0.0450512
vn -0.8914074 -0.2941518 -0.3447717
vn -0.8914074 -0.2941518 -0.3447717
vn -0.9174531 -0.1616410 -0.3635271
vn -0.9174531 -0.1616410 -0.3635271
vn -0.8740213 -0.3938476 -0.2845538
vn -0.8740213 -0.3938476 -0.2845538
vn -0.0989773 -0.5874829 -0.8031608
vn -0.0772046 -0.7625415 -0.6423160
vn -0.1206886 -0.3592475 -0.9254056
vn -0.0456541 -0.5854241 -0.8094407
vn -0.0533980 -0.3587919 -0.9318889
vn -0.0360147 -0.7611223 -0.6476076
vn -0.0387474 -0.5854246 -0.8098004
vn -0.0437732 -0.3587939 -0.9323899
vn -0.0315114 -0.7611212 -0.6478437
vn 0.0149404 -0.5874847 -0.8090974
vn 0.0100137 -0.7625450 -0.6468577
vn 0.0238230 -0.3592370 -0.9329423
vn 0.8507332 -0.2941487 -0.4355797
vn 0.8507332 -0.2941487 -0.4355797
vn 0.8746864 -0.1616328 -0.4569450
vn 0.8746864 -0.1616328 -0.4569450
vn 0.8396966 -0.3938583 -0.3738787
vn 0.8396966 -0.3938583 -0.3738787
vn 0.9982889 -0.0048401 -0.0582746
vn 0.9984165 -0.0047726 -0.0560492
vn 0.9982510 -0.0028044 -0.0590528
vn 0.9987689 0.0003144 -0.0496039
vn 0.9987854 0.0002694 -0.0492726
vn 0.9987714 0.0002967 -0.0495553
vn 0.9975911 0.0147221 0.0677888
vn 0.9980119 0.0130927 0.0616489
vn 0.8201298 0.0668259 0.5682618
vn 0.8201298 0.0668259 0.5682618
vn 0.9971504 0.0142694 0.0740778
vn 0.8070432 0.0668892 0.5866916
vn 0.8070432 0.0668892 0.5866916
vn 0.1529860 0.1027286 0.9828745
vn 0.1573334 0.1032198 0.9821364
vn 0.0592587 0.1027895 0.9929364
vn 0.0596407 0.1028944 0.9929027
vn 0.0442469 0.1027930 0.9937182
vn 0.0440077 0.1028929 0.9937185
vn -0.0499730 0.1027667 0.9934494
vn -0.0543767 0.1032207 0.9931711
vn -0.0589420 0.1026771 0.9929669
vn -0.0604741 0.1020377 0.9929407
vn -0.7714586 0.0633347 0.6331196
vn -0.7714586 0.0633347 0.6331196
vn 0.0436901 0.1027957 0.9937425
vn 0.0435862 0.1026697 0.9937601
vn 0.0599113 0.1027967 0.9928964
vn 0.0599675 0.1027036 0.9929028
vn 0.1618525 0.1026720 0.9814591
vn 0.1633701 0.1022534 0.9812515
vn 0.8330921 0.0633340 0.5494964
vn 0.8330921 0.0633340 0.5494964
vn 0.8377681 0.0602400 0.5426931
vn 0.8377681 0.0602400 0.5426931
vn 0.8335592 0.0604634 0.5491113
vn 0.8335592 0.0604634 0.5491113
vn 0.9981645 0.0115637 0.0594446
vn 0.9987886 -0.0010025 -0.0491973
vn 0.9980528 0.0113259 0.0613374
vn 0.9987198 0.0030141 -0.0504954
vn 0.9975939 0.0117299 0.0683282
vn 0.9967734 0.0124714 0.0792924
vn 0.8178836 0.0622106 0.5720108
vn 0.8178836 0.0622106 0.5720108
vn 0.9985747 0.0054255 -0.0530955
vn 0.9984358 0.0015351 -0.0558901
vn 0.9980314 0.0220107 -0.0587299
vn 0.9980314 0.0220107 -0.0587299
vn 0.9980314 0.0220107 -0.0587299
vn 0.9980314 0.0220107 -0.0587299
vn 0.9970982 0.0105744 -0.0753878
vn 0.9970982 0.0105744 -0.0753878
vn 0.9975555 0.0408965 -0.0566602
vn 0.9975555 0.0408965 -0.0566602
vn 0.9986060 0.0039531 -0.0526330
vn 0.9986060 0.0039531 -0.0526330
vn 0.0829823 0.9528582 -0.2918482
vn 0.0829823 0.9528582 -0.2918482
vn -0.0083437 0.9575796 -0.2880477
vn -0.0083437 0.9575796 -0.2880477
vn 0.0480308 0.4870288 -0.8720642
vn 0.0849738 0.9896559 -0.1155883
vn 0.0814279 0.9907556 -0.1085025
vn -0.0000157 0.9937537 -0.1115961
vn -0.0000289 0.9945754 -0.1040175
vn -0.0115873 0.9937536 -0.1109927
vn -0.0107871 0.9945754 -0.1034568
vn -0.0216255 0.9575796 -0.2873565
vn -0.0216255 0.9575796 -0.2873565
vn -0.0965227 0.9896564 -0.1061295
vn -0.0922711 0.9908248 -0.0987535
vn -0.1129154 0.9528479 -0.2816574
vn -0.1129154 0.9528479 -0.2816574
vn -0.9980361 0.0409130 0.0474342
vn -0.9980361 0.0409130 0.0474342
vn -0.9987289 0.0220101 0.0453463
vn -0.9987289 0.0220101 0.0453463
vn -0.9987289 0.0220101 0.0453463
vn -0.9987289 0.0220101 0.0453463
vn -0.9979945 0.0415813 0.0477274
vn -0.9979945 0.0415813 0.0477274
vn -0.9986663 0.0048835 0.0513979
vn -0.9986588 0.0053210 0.0515012
vn -0.9986665 0.0039528 0.0514733
vn -0.9986665 0.0039528 0.0514733
vn -0.9984984 -0.0128878 0.0532430
vn -0.9984912 -0.0128735 0.0533808
vn -0.9985376 -0.0134984 0.0523485
vn -0.9985376 -0.0134984 0.0523485
vn -0.9265835 -0.3665502 0.0841652
vn -0.9265835 -0.3665502 0.0841652
vn -0.9218630 -0.3824002 0.0627593
vn -0.9218630 -0.3824002 0.0627593
vn -0.9218630 -0.3824002 0.0627593
vn -0.9218630 -0.3824002 0.0627593
vn -0.9289531 -0.3600816 0.0859498
vn -0.9289531 -0.3600816 0.0859498
vn -0.0713853 -0.9923064 0.1011542
vn -0.0726763 -0.9915836 0.1071448
vn -0.0704333 -0.9964234 0.0466856
vn -0.0704333 -0.9964234 0.0466856
vn 0.0006143 -0.9952139 0.0977174
vn 0.0008381 -0.9946134 0.1036505
vn -0.0020527 -0.9990515 0.0434967
vn -0.0020527 -0.9990515 0.0434967
vn 0.0095465 -0.9952140 0.0972522
vn 0.0098934 -0.9946136 0.1031791
vn 0.0065427 -0.9990516 0.0430474
vn 0.0065427 -0.9990516 0.0430474
vn 0.0815205 -0.9923067 0.0931771
vn 0.0833838 -0.9915866 0.0990105
vn 0.0749142 -0.9964229 0.0391043
vn 0.0749142 -0.9964229 0.0391043
vn 0.9303152 -0.3665431 -0.0126420
vn 0.9303152 -0.3665431 -0.0126420
vn 0.9233939 -0.3823953 -0.0334292
vn 0.9233939 -0.3823953 -0.0334292
vn 0.9233939 -0.3823953 -0.0334292
vn 0.9233939 -0.3823953 -0.0334292
vn 0.9328400 -0.3601201 -0.0110902
vn 0.9328400 -0.3601201 -0.0110902
vn 0.9986228 -0.0128876 -0.0508567
vn 0.9986300 -0.0128734 -0.0507170
vn 0.9985688 -0.0135027 -0.0517507
vn 0.9985688 -0.0135027 -0.0517507
vn 0.9985964 0.0053640 -0.0526926
vn 0.9986048 0.0049864 -0.0525700
vn 0.9986021 0.0053156 -0.0525893
vn 0.9975490 0.0415728 -0.0562831
vn 0.9975490 0.0415728 -0.0562831
vn 0.9975406 0.0417092 -0.0563313
vn 0.9975406 0.0417092 -0.0563313
vn 0.9975867 0.0413781 -0.0557549
vn 0.9975867 0.0413781 -0.0557549
vn 0.0758451 0.9913251 -0.1073410
vn 0.0706917 0.9921257 -0.1033880
vn -0.0005523 0.9946039 -0.1037443
vn -0.0009166 0.9949818 -0.1000522
vn -0.0102371 0.9946039 -0.1032394
vn -0.0094612 0.9949782 -0.0996425
vn -0.0865816 0.9913262 -0.0988733
vn -0.0810471 0.9921267 -0.0954786
vn -0.9979926 0.0416670 0.0476930
vn -0.9979926 0.0416670 0.0476930
vn -0.9979776 0.0413868 0.0482488
vn -0.9979776 0.0413868 0.0482488
vn -0.9986580 0.0054588 0.0514996
vn -0.9986410 0.0047798 0.0518979
vn -0.9984905 -0.0128798 0.0533938
vn -0.9984791 -0.0130568 0.0535613
vn -0.9297898 -0.3579408 0.0858456
vn -0.9297898 -0.3579408 0.0858456
vn -0.9306399 -0.3555866 0.0864141
vn -0.9306399 -0.3555866 0.0864141
vn -0.0737190 -0.9914787 0.1074022
vn -0.0745916 -0.9911734 0.1095965
vn 0.0008035 -0.9945915 0.1038607
vn 0.0008113 -0.9943658 0.1059998
vn 0.0099996 -0.9945900 0.1033953
vn 0.0102146 -0.9943658 0.1055098
vn 0.0844974 -0.9914810 0.0991245
vn 0.0855852 -0.9911731 0.1012477
vn 0.9336774 -0.3579361 -0.0113219
vn 0.9336774 -0.3579361 -0.0113219
vn 0.9345801 -0.3555884 -0.0108084
vn 0.9345801 -0.3555884 -0.0108084
vn 0.9986306 -0.0128828 -0.0507042
vn 0.9986369 -0.0130611 -0.0505364
vn 0.9986577 -0.0135899 -0.0499797
vn 0.9986577 -0.0135899 -0.0499797
vn 0.9986210 0.0049111 -0.0522682
vn 0.9986776 0.0040791 -0.0512500
vn 0.9986776 0.0040791 -0.0512500
vn 0.9977292 0.0403930 -0.0538983
vn 0.9977292 0.0403930 -0.0538983
vn 0.9977292 0.0403930 -0.0538983
vn 0.9977292 0.0403930 -0.0538983
vn 0.9989598 0.0009213 -0.0455914
vn 0.9989243 0.0004750 -0.0463680
vn 0.9985287 0.0351815 -0.0412618
vn 0.9985287 0.0351815 -0.0412618
vn 0.9987971 -0.0151329 -0.0466420
vn 0.9987632 -0.0149004 -0.0474354
vn 0.9362275 -0.3510145 0.0163334
vn 0.9362275 -0.3510145 0.0163334
vn 0.9352675 -0.3538430 -0.0083623
vn 0.9352675 -0.3538430 -0.0083623
vn 0.9352675 -0.3538430 -0.0083623
vn 0.9352675 -0.3538430 -0.0083623
vn 0.9380202 -0.3443862 0.0389398
vn 0.9380202 -0.3443862 0.0389398
vn 0.0898289 -0.9798919 0.1781645
vn 0.0865011 -0.9903133 0.1086154
vn 0.0865011 -0.9903133 0.1086154
vn 0.0932235 -0.9649789 0.2452048
vn 0.0142515 -0.9830582 0.1827383
vn 0.0106502 -0.9935442 0.1129448
vn 0.0106502 -0.9935442 0.1129448
vn 0.0177563 -0.9680667 0.2500634
vn 0.0048236 -0.9830582 0.1832300
vn 0.0011530 -0.9935443 0.1134390
vn 0.0011530 -0.9935443 0.1134390
vn 0.0083372 -0.9680668 0.2505538
vn -0.0708791 -0.9801475 0.1851677
vn -0.0747398 -0.9903133 0.1170201
vn -0.0747398 -0.9903133 0.1170201
vn -0.0672146 -0.9649748 0.2535860
vn -0.9294544 -0.3510202 0.1135747
vn -0.9294544 -0.3510202 0.1135747
vn -0.9310705 -0.3538391 0.0889132
vn -0.9310705 -0.3538391 0.0889132
vn -0.9310705 -0.3538391 0.0889132
vn -0.9310705 -0.3538391 0.0889132
vn -0.9288857 -0.3443981 0.1362404
vn -0.9288857 -0.3443981 0.1362404
vn -0.9982337 -0.0151318 0.0574502
vn -0.9984421 -0.0135857 0.0541165
vn -0.9984421 -0.0135857 0.0541165
vn -0.9982821 -0.0149014 0.0566618
vn -0.9982863 0.0009207 0.0585121
vn -0.9985940 0.0040788 0.0528540
vn -0.9985940 0.0040788 0.0528540
vn -0.9983316 0.0004750 0.0577392
vn -0.9974061 0.0351808 0.0627967
vn -0.9974061 0.0351808 0.0627967
vn -0.9968710 0.0291172 0.0734887
vn -0.9968710 0.0291172 0.0734887
vn -0.9979267 0.0403953 0.0501049
vn -0.9979267 0.0403953 0.0501049
vn -0.9979267 0.0403953 0.0501049
vn -0.9979267 0.0403953 0.0501049
vn -0.0750003 0.9937971 0.0821119
vn -0.0776843 0.9936020 -0.0819765
vn -0.0776843 0.9936020 -0.0819765
vn -0.0695716 0.8622858 0.5016203
vn -0.0003065 0.9969689 0.0778015
vn -0.0085161 0.9962574 -0.0860151
vn -0.0085161 0.9962574 -0.0860151
vn 0.0201599 0.8659552 0.4997150
vn 0.0083894 0.9969655 0.0773923
vn -0.0004752 0.9962574 -0.0864358
vn -0.0004752 0.9962574 -0.0864358
vn 0.0318959 0.8659531 0.4991072
vn 0.0831330 0.9937966 0.0738725
vn 0.0687442 0.9936015 -0.0896111
vn 0.0687442 0.9936015 -0.0896111
vn 0.1213472 0.8622847 0.4916706
vn 0.1342429 0.0650567 0.9888106
vn 0.9991099 0.0291134 -0.0305279
vn 0.9991099 0.0291134 -0.0305279
vn 0.9999495 0.0097553 -0.0024294
vn 0.9999495 0.0097553 -0.0024294
vn 0.9997748 -0.0109636 0.0181742
vn 0.9997748 -0.0109636 0.0181742
vn 0.9986172 0.0017229 -0.0525451
vn 0.9988469 -0.0004571 -0.0480055
vn 0.9985284 -0.0114211 -0.0530145
vn 0.9987627 -0.0096482 -0.0487848
vn 0.9441818 -0.3211278 0.0734693
vn 0.9441818 -0.3211278 0.0734693
vn 0.9485035 -0.2904305 0.1264568
vn 0.9485035 -0.2904305 0.1264568
vn 0.0992923 -0.9278503 0.3594924
vn 0.1059966 -0.8501347 0.5157865
vn 0.0237856 -0.9307772 0.3648125
vn 0.0318915 -0.8527234 0.5213884
vn 0.0142689 -0.9307772 0.3653082
vn 0.0224855 -0.8527228 0.5218796
vn -0.0613249 -0.9278538 0.3678677
vn -0.0518030 -0.8501348 0.5240107
vn -0.9314246 -0.3211350 0.1712325
vn -0.9314246 -0.3211350 0.1712325
vn -0.9302022 -0.2904670 0.2243943
vn -0.9302022 -0.2904670 0.2243943
vn -0.9986292 -0.0114231 0.0510807
vn -0.9984226 -0.0096489 0.0553097
vn -0.9986696 0.0016795 0.0515412
vn -0.9984251 -0.0004571 0.0560993
vn -0.9947845 0.0097847 0.1015299
vn -0.9947845 0.0097847 0.1015299
vn -0.9924679 -0.0109285 0.1220167
vn -0.9924679 -0.0109285 0.1220167
vn -0.0307240 0.0650552 0.9974086
vn -0.0362713 -0.1820814 0.9826143
vn 0.0446252 0.0629816 0.9970165
vn 0.0400987 -0.1844918 0.9820158
vn 0.0606883 0.0629589 0.9961692
vn 0.0622131 -0.1844920 0.9808630
vn 0.0695511 -0.2231748 0.9722940
vn 0.1382711 -0.1820791 0.9735134
vn 0.1639105 -0.2201592 0.9615940
vn 0.1962086 -0.2305934 0.9530629
vn 0.9959472 -0.0304974 0.0846120
vn 0.9959472 -0.0304974 0.0846120
vn 0.9940307 -0.0367371 0.1027292
vn 0.9940307 -0.0367371 0.1027292
vn 0.9995667 -0.0050574 -0.0289978
vn 0.9996855 -0.0066730 -0.0241698
vn 0.9985893 0.0004265 -0.0530961
vn 0.9992580 -0.0022546 -0.0384487
vn 0.9988282 -0.0003015 -0.0483964
vn 0.9985626 0.0005370 -0.0535950
vn 0.9985635 0.0003169 -0.0535803
vn 0.9985923 0.0003277 -0.0530417
vn 0.9985985 0.0002131 -0.0529261
vn 0.9986001 0.0003057 -0.0528927
vn 0.9985960 0.0003077 -0.0529715
vn 0.9986010 0.0002549 -0.0528755
vn 0.9985963 0.0003121 -0.0529661
vn 0.9983361 0.0019377 -0.0576302
vn 0.9983028 0.0021239 -0.0581968
vn 0.9983639 0.0017909 -0.0571545
vn 0.9957716 0.0138739 -0.0908108
vn 0.9953712 0.0153339 -0.0948747
vn 0.9959860 0.0131068 -0.0885444
vn 0.8802181 0.1464430 -0.4514093
vn 0.8802181 0.1464430 -0.4514093
vn 0.8596447 0.1594175 -0.4853834
vn 0.8596447 0.1594175 -0.4853834
vn 0.8916183 0.1386630 -0.4310329
vn 0.8916183 0.1386630 -0.4310329
vn 0.0273571 0.3402278 -0.9399450
vn 0.0195259 0.3412417 -0.9397727
vn 0.0328021 0.3391863 -0.9401472
vn -0.0437924 0.3413501 -0.9389155
vn -0.0434172 0.3404133 -0.9392729
vn -0.0442828 0.3421889 -0.9385871
vn -0.0540641 0.3413393 -0.9383841
vn -0.0544750 0.3404133 -0.9386966
vn -0.0535402 0.3421896 -0.9381043
vn -0.1249085 0.3405668 -0.9318864
vn -0.1171361 0.3412573 -0.9326428
vn -0.1303459 0.3391868 -0.9316450
vn -0.9223741 0.1464439 -0.3574637
vn -0.9223741 0.1464439 -0.3574637
vn -0.9054548 0.1594136 -0.3933689
vn -0.9054548 0.1594136 -0.3933689
vn -0.9315936 0.1386695 -0.3360121
vn -0.9315936 0.1386695 -0.3360121
vn -0.9998165 0.0138734 0.0132123
vn -0.9998409 0.0153317 0.0091250
vn -0.9997941 0.0131070 0.0154875
vn -0.9989176 0.0019379 0.0464751
vn -0.9989474 0.0021550 0.0458193
vn -0.9988955 0.0017907 0.0469515
vn -0.9986917 0.0003076 0.0511342
vn -0.9986915 0.0003123 0.0511397
vn -0.9986869 0.0002547 0.0512298
vn -0.9986954 0.0003278 0.0510637
vn -0.9986895 0.0002131 0.0511802
vn -0.9986877 0.0003059 0.0512134
vn -0.9987231 0.0005368 0.0505143
vn -0.9986980 0.0004264 0.0510103
vn -0.9987226 0.0003171 0.0505291
vn -0.9978401 -0.0022549 0.0656510
vn -0.9984468 -0.0003013 0.0557119
vn -0.9971645 -0.0050573 0.0750818
vn -0.9967811 -0.0066727 0.0798934
vn -0.9817570 -0.0305510 0.1876695
vn -0.9817570 -0.0305510 0.1876695
vn -0.9779666 -0.0367346 0.2055040
vn -0.9779666 -0.0367346 0.2055040
vn -0.0630697 -0.2201657 0.9734215
vn -0.0960775 -0.2305897 0.9682961
vn 0.0319126 -0.2231749 0.9742559
vn 0.0211720 -0.2349355 0.9717805
vn 0.0091397 -0.2561235 0.9666007
vn 0.0799751 -0.2349339 0.9687157
vn 0.0914039 -0.2561244 0.9623126
vn 0.1003721 -0.3469906 0.9324821
vn 0.2296161 -0.2495458 0.9407461
vn 0.2586350 -0.3373446 0.9051556
vn 0.9922897 -0.0435552 0.1160346
vn 0.9922897 -0.0435552 0.1160346
vn 0.9912320 -0.0598460 0.1178034
vn 0.9912320 -0.0598460 0.1178034
vn 0.9997447 -0.0081643 -0.0210689
vn 0.9997465 -0.0098224 -0.0202618
vn 0.9986246 0.0003638 -0.0524298
vn 0.9986150 0.0002345 -0.0526116
vn 0.9986191 0.0003661 -0.0525340
vn 0.9986348 0.0015932 -0.0522108
vn 0.9986334 0.0012289 -0.0522476
vn 0.9986603 0.0034277 -0.0516323
vn 0.9986818 0.0029268 -0.0512463
vn 0.9995582 -0.0174245 -0.0240806
vn 0.9984823 -0.0023862 -0.0550223
vn 0.9986318 -0.0009375 -0.0522843
vn 0.9975971 -0.0069652 -0.0689320
vn 0.9988264 -0.0258142 -0.0409807
vn 0.9972506 -0.0349215 -0.0653580
vn 0.9875178 -0.1536424 0.0346811
vn 0.9875178 -0.1536424 0.0346811
vn 0.9899735 -0.1097646 0.0889049
vn 0.9899735 -0.1097646 0.0889049
vn 0.9819556 -0.1869579 -0.0284578
vn 0.9819556 -0.1869579 -0.0284578
vn 0.2972296 -0.8484344 0.4379651
vn 0.3157225 -0.9292779 0.1917343
vn 0.2807502 -0.6253974 0.7280503
vn 0.0962062 -0.8853185 0.4549236
vn 0.0935051 -0.9728904 0.2115211
vn 0.1014814 -0.6471047 0.7556170
vn -0.0483918 -0.8853206 0.4624561
vn -0.0710089 -0.9728911 0.2200925
vn -0.0223742 -0.6471025 0.7620747
vn -0.2500884 -0.8484276 0.4665044
vn -0.2941203 -0.9292649 0.2235170
vn -0.2035448 -0.6253939 0.7532941
vn -0.9785579 -0.1536267 0.1371977
vn -0.9785579 -0.1536267 0.1371977
vn -0.9753662 -0.1097432 0.1913560
vn -0.9753662 -0.1097432 0.1913560
vn -0.9795910 -0.1869665 0.0737910
vn -0.9795910 -0.1869665 0.0737910
vn -0.9976776 -0.0258031 0.0630369
vn -0.9966419 -0.0174580 0.0800031
vn -0.9986414 -0.0349204 0.0386760
vn -0.9987919 -0.0023863 0.0490828
vn -0.9993575 -0.0069650 0.0351578
vn -0.9986578 -0.0010249 0.0517820
vn -0.9986164 0.0034286 0.0524737
vn -0.9985977 0.0029270 0.0528590
vn -0.9986500 0.0016872 0.0519172
vn -0.9964350 -0.0098227 0.0837889
vn -0.9986536 0.0012298 0.0518604
vn -0.9986638 0.0003641 0.0516758
vn -0.9965175 -0.0081646 0.0829830
vn -0.9986690 0.0003661 0.0515761
vn -0.9986731 0.0002344 0.0514957
vn -0.9986773 0.0002277 0.0514153
vn -0.9986911 0.0003052 0.0511471
vn -0.9989681 0.0023055 0.0453580
vn -0.9986871 0.0004355 0.0512239
vn -0.9986724 0.0008483 0.0515035
vn -0.9990029 0.0026133 0.0445700
vn -0.9989989 0.0031329 0.0446222
vn -0.9998187 0.0190091 -0.0011722
vn -0.9998459 0.0169819 0.0044577
vn -0.9997751 0.0207808 -0.0042204
vn -0.8605824 0.1872475 -0.4736417
vn -0.8605824 0.1872475 -0.4736417
vn -0.8452903 0.1974910 -0.4964691
vn -0.8452903 0.1974910 -0.4964691
vn -0.8852648 0.1730211 -0.4317055
vn -0.8852648 0.1730211 -0.4317055
vn -0.1035316 0.3408223 -0.9344097
vn -0.1001071 0.3434953 -0.9338037
vn -0.1100880 0.3417270 -0.9333292
vn -0.0526118 0.3414682 -0.9384197
vn -0.0529649 0.3425335 -0.9380114
vn -0.0523140 0.3439635 -0.9375246
vn -0.0452323 0.3414678 -0.9388045
vn -0.0447939 0.3425301 -0.9384383
vn -0.0454355 0.3439624 -0.9378835
vn 0.0057859 0.3408190 -0.9401112
vn 0.0024989 0.3434898 -0.9391531
vn 0.0124143 0.3414025 -0.9398352
vn 0.8066832 0.1872384 -0.5605390
vn 0.8066832 0.1872384 -0.5605390
vn 0.7890739 0.1974939 -0.5816860
vn 0.7890739 0.1974939 -0.5816860
vn 0.8355926 0.1730149 -0.5213932
vn 0.8355926 0.1730149 -0.5213932
vn 0.9942789 0.0190096 -0.1051101
vn 0.9948912 0.0169787 -0.0995151
vn 0.9939187 0.0207796 -0.1081377
vn 0.9982314 0.0025865 -0.0593917
vn 0.9982891 0.0021945 -0.0584302
vn 0.9982190 0.0031170 -0.0595737
vn 0.9986006 0.0004350 -0.0528836
vn 0.9985965 0.0003054 -0.0529618
vn 0.9986174 0.0009326 -0.0525589
vn 0.9986800 0.0022211 -0.0513153
vn 0.9982994 0.0040599 -0.0581532
vn 0.9987043 -0.0004301 -0.0508874
vn 0.9983487 0.0029606 -0.0573690
vn 0.9987006 -0.0018734 -0.0509284
vn 0.9983190 0.0024746 -0.0579048
vn 0.9985264 -0.0019178 -0.0542364
vn 0.9986570 -0.0011483 -0.0517958
vn 0.9978839 0.0156020 -0.0631229
vn 0.9985784 -0.0007664 -0.0532967
vn 0.9980363 0.0058981 -0.0623613
vn 0.9974134 0.0179220 -0.0696085
vn 0.9849098 0.0860475 -0.1501622
vn 0.9772170 0.1266218 -0.1703343
vn 0.9923101 0.0436043 -0.1158422
vn 0.6151675 0.5209031 -0.5918013
vn 0.6151675 0.5209031 -0.5918013
vn 0.7088240 0.3991190 -0.5816120
vn 0.7088240 0.3991190 -0.5816120
vn 0.5812225 0.5793895 -0.5713914
vn 0.5812225 0.5793895 -0.5713914
vn 0.0046856 0.6843494 -0.7291391
vn 0.0067142 0.7309291 -0.6824204
vn 0.0036997 0.5959489 -0.8030139
vn -0.0344460 0.6849561 -0.7277696
vn -0.0319692 0.7314496 -0.6811457
vn -0.0384159 0.5967011 -0.8015435
vn -0.0414510 0.6849490 -0.7274109
vn -0.0390677 0.7314516 -0.6807733
vn -0.0451215 0.5967019 -0.8011934
vn -0.0804374 0.6843580 -0.7246957
vn -0.0776630 0.7308982 -0.6780535
vn -0.0871323 0.5959437 -0.7982850
vn -0.6733777 0.5208969 -0.5246226
vn -0.6733777 0.5208969 -0.5246226
vn -0.7654592 0.3991139 -0.5047578
vn -0.7654592 0.3991139 -0.5047578
vn -0.6374674 0.5793926 -0.5078773
vn -0.6374674 0.5793926 -0.5078773
vn -0.9951845 0.0860452 -0.0469486
vn -0.9896308 0.1266184 -0.0678136
vn -0.9989761 0.0436073 -0.0120505
vn -0.9991122 0.0059353 0.0417065
vn -0.9989292 0.0024751 0.0461979
vn -0.9992452 0.0179181 0.0344655
vn -0.9986235 -0.0014603 0.0524309
vn -0.9985837 -0.0018734 0.0531705
vn -0.9987009 -0.0007297 0.0509517
vn -0.9990389 0.0155986 0.0409627
vn -0.9990240 0.0161229 0.0411247
vn -0.9901928 0.1303025 -0.0503918
vn -0.9897051 0.1385130 -0.0360228
vn -0.6301407 0.6213039 -0.4657298
vn -0.6301407 0.6213039 -0.4657298
vn -0.6329538 0.6695321 -0.3887108
vn -0.6329538 0.6695321 -0.3887108
vn -0.0753446 0.7782412 -0.6234290
vn -0.0722723 0.8446645 -0.5303949
vn -0.0361880 0.7787458 -0.6262951
vn -0.0316361 0.8452854 -0.5333776
vn -0.0288784 0.7787722 -0.6266418
vn -0.0239892 0.8452818 -0.5337818
vn 0.0101435 0.7782441 -0.6278797
vn 0.0167370 0.8446599 -0.5350415
vn 0.5782758 0.6213274 -0.5287242
vn 0.5782758 0.6213274 -0.5287242
vn 0.5890953 0.6695379 -0.4524220
vn 0.5890953 0.6695379 -0.4524220
vn 0.9795879 0.1303053 -0.1530620
vn 0.9805928 0.1385216 -0.1387428
vn 0.9798985 0.1508926 -0.1305012
vn 0.9978855 0.0161250 -0.0629627
vn 0.9977388 0.0206848 -0.0639484
vn 0.9983407 0.0084851 -0.0569553
vn 0.9981868 0.0055924 -0.0599337
vn 0.9866176 0.1285692 -0.1002785
vn 0.9915258 0.0963724 -0.0871139
vn 0.6581243 0.6896974 -0.3019764
vn 0.6581243 0.6896974 -0.3019764
vn 0.6040639 0.6919698 -0.3953285
vn 0.6040639 0.6919698 -0.3953285
vn 0.7169966 0.6536149 -0.2422876
vn 0.7169966 0.6536149 -0.2422876
vn 0.0318824 0.9290854 -0.3684883
vn 0.0220094 0.8830548 -0.4687536
vn 0.0404604 0.9526171 -0.3014689
vn -0.0148035 0.9299514 -0.3673847
vn -0.0203756 0.8837298 -0.4675538
vn -0.0109731 0.9538734 -0.3000082
vn -0.0234240 0.9299538 -0.3669294
vn -0.0283423 0.8837293 -0.4671394
vn -0.0203128 0.9538627 -0.2995552
vn -0.0699938 0.9294817 -0.3621668
vn -0.0706322 0.8830547 -0.4639240
vn -0.0716139 0.9525353 -0.2958850
vn -0.6859791 0.6896746 -0.2319089
vn -0.6859791 0.6896746 -0.2319089
vn -0.6419163 0.6919539 -0.3303685
vn -0.6419163 0.6919539 -0.3303685
vn -0.7383091 0.6536053 -0.1664319
vn -0.7383091 0.6536053 -0.1664319
vn -0.9916971 0.1285646 0.0028477
vn -0.9881600 0.1508670 -0.0279095
vn -0.9952095 0.0963733 0.0164376
vn -0.9988517 0.0084875 0.0471502
vn -0.9989784 0.0205804 0.0402329
vn -0.9990082 0.0055937 0.0441710
vn -0.9996236 0.0036414 0.0271938
vn -0.9987489 -0.0023899 0.0499491
vn -0.9998763 -0.0006373 0.0157279
vn -0.9998763 -0.0006373 0.0157279
vn -0.9968993 0.0779848 0.0105000
vn -0.9973291 0.0729199 0.0041698
vn -0.9973291 0.0729199 0.0041698
vn -0.7896051 0.6066167 -0.0924119
vn -0.7896051 0.6066167 -0.0924119
vn -0.8004761 0.5952742 -0.0699041
vn -0.8004761 0.5952742 -0.0699041
vn -0.8004761 0.5952742 -0.0699041
vn -0.8004761 0.5952742 -0.0699041
vn -0.0733857 0.9803777 -0.1829596
vn -0.0738006 0.9879451 -0.1360815
vn -0.0738006 0.9879451 -0.1360815
vn -0.0149587 0.9824922 -0.1857020
vn -0.0127709 0.9903577 -0.1379440
vn -0.0127709 0.9903577 -0.1379440
vn -0.0044253 0.9824920 -0.1862529
vn -0.0016399 0.9903576 -0.1385239
vn -0.0016399 0.9903576 -0.1385239
vn 0.0539532 0.9803821 -0.1895787
vn 0.0592308 0.9879463 -0.1430170
vn 0.0592308 0.9879463 -0.1430170
vn 0.7757513 0.6065781 -0.1739916
vn 0.7757513 0.6065781 -0.1739916
vn 0.7888943 0.5952430 -0.1527469
vn 0.7888943 0.5952430 -0.1527469
vn 0.7888943 0.5952430 -0.1527469
vn 0.7888943 0.5952430 -0.1527469
vn 0.9925891 0.0779775 -0.0932010
vn 0.9923588 0.0729110 -0.0995395
vn 0.9923588 0.0729110 -0.0995395
vn 0.9970317 0.0036033 -0.0769079
vn 0.9960924 -0.0005892 -0.0883144
vn 0.9960924 -0.0005892 -0.0883144
vn 0.9953847 -0.0044874 -0.0958600
vn 0.9962526 -0.0113331 -0.0857461
vn 0.9962526 -0.0113331 -0.0857461
vn 0.9954151 -0.0137611 -0.0946537
vn 0.9956762 -0.0443738 -0.0816091
vn 0.9956762 -0.0443738 -0.0816091
vn 0.9946744 -0.0500032 -0.0901241
vn 0.9750943 -0.2145247 -0.0563051
vn 0.9750943 -0.2145247 -0.0563051
vn 0.9750943 -0.2145247 -0.0563051
vn 0.9750943 -0.2145247 -0.0563051
vn 0.9694636 -0.2363544 -0.0653976
vn 0.9694636 -0.2363544 -0.0653976
vn 0.3183241 -0.9415290 0.1104211
vn 0.3183241 -0.9415290 0.1104211
vn 0.3023825 -0.9493511 0.0854236
vn 0.0917074 -0.9866488 0.1345876
vn 0.0917074 -0.9866488 0.1345876
vn 0.0859517 -0.9902266 0.1098347
vn -0.0772133 -0.9866493 0.1433920
vn -0.0772133 -0.9866493 0.1433920
vn -0.0740627 -0.9902268 0.1181762
vn -0.3051073 -0.9415327 0.1429189
vn -0.3051073 -0.9415327 0.1429189
vn -0.2918592 -0.9493520 0.1164003
vn -0.9756727 -0.2144862 0.0453705
vn -0.9756727 -0.2144862 0.0453705
vn -0.9756727 -0.2144862 0.0453705
vn -0.9756727 -0.2144862 0.0453705
vn -0.9710085 -0.2363564 0.0357487
vn -0.9710085 -0.2363564 0.0357487
vn -0.9987651 -0.0443738 0.0223480
vn -0.9987651 -0.0443738 0.0223480
vn -0.9986566 -0.0499557 0.0137628
vn -0.9997657 -0.0112241 0.0185070
vn -0.9997657 -0.0112241 0.0185070
vn -0.9998620 -0.0137958 0.0092591
vn -0.9999001 -0.0118549 0.0076932
vn -0.9999565 -0.0045357 0.0081451
vn -0.9999762 -0.0009830 0.0068255
vn -0.9972374 0.0742785 -0.0006100
vn -0.9953781 0.0959774 -0.0032320
vn -0.7907045 0.6090403 -0.0620988
vn -0.7907045 0.6090403 -0.0620988
vn -0.7291117 0.6809753 -0.0683295
vn -0.7291117 0.6809753 -0.0683295
vn -0.0722055 0.9910257 -0.1124919
vn -0.0645050 0.9920149 -0.1083774
vn -0.0117135 0.9934407 -0.1137463
vn -0.0114894 0.9939278 -0.1094320
vn -0.0001755 0.9934406 -0.1143491
vn -0.0000339 0.9939328 -0.1099894
vn 0.0601103 0.9910261 -0.1193898
vn 0.0528804 0.9920151 -0.1144966
vn 0.7799578 0.6090465 -0.1439732
vn 0.7799578 0.6090465 -0.1439732
vn 0.7180536 0.6809778 -0.1437648
vn 0.7180536 0.6809778 -0.1437648
vn 0.9917707 0.0742764 -0.1042779
vn 0.9896488 0.0959712 -0.1067002
vn 0.9876456 0.1140236 -0.1074934
vn 0.9952664 -0.0009331 -0.0971799
vn 0.9953089 0.0030344 -0.0967004
vn 0.9952816 -0.0119022 -0.0962951
vn 0.9953845 -0.0090171 -0.0955436
vn 0.9941896 -0.0571266 -0.0912331
vn 0.9939835 -0.0626442 -0.0898465
vn 0.9550087 -0.2900589 -0.0618411
vn 0.9550087 -0.2900589 -0.0618411
vn 0.9415520 -0.3322209 -0.0557582
vn 0.9415520 -0.3322209 -0.0557582
vn 0.2310843 -0.9692343 0.0847645
vn 0.1836967 -0.9789563 0.0888823
vn 0.0644653 -0.9925423 0.1034593
vn 0.0506346 -0.9933258 0.1036336
vn -0.0533585 -0.9925420 0.1096050
vn -0.0395855 -0.9933258 0.1083363
vn -0.2210291 -0.9692301 0.1083467
vn -0.1734631 -0.9789557 0.1074996
vn -0.9562656 -0.2900538 0.0377492
vn -0.9562656 -0.2900538 0.0377492
vn -0.9422488 -0.3322148 0.0424334
vn -0.9422488 -0.3322148 0.0424334
vn -0.9982872 -0.0571249 0.0126232
vn -0.9979379 -0.0626433 0.0139805
vn -0.9972777 -0.0714971 0.0180341
vn -0.9999202 -0.0095549 0.0082573
vn -0.9999273 -0.0049161 0.0110051
vn -0.9999688 0.0030324 0.0073026
vn -0.9999013 0.0101509 0.0097171
vn -0.9934738 0.1139825 -0.0042253
vn -0.9896361 0.1435315 -0.0043628
vn -0.6825853 0.7271680 -0.0728291
vn -0.6825853 0.7271680 -0.0728291
vn -0.6137281 0.7856573 -0.0779771
vn -0.6137281 0.7856573 -0.0779771
vn -0.0596413 0.9923729 -0.1078844
vn -0.0532726 0.9927531 -0.1077199
vn -0.0112447 0.9939942 -0.1088534
vn -0.0111572 0.9940180 -0.1086445
vn -0.0001343 0.9939927 -0.1094461
vn -0.0001534 0.9940177 -0.1092187
vn 0.0480946 0.9923726 -0.1135049
vn 0.0417881 0.9927528 -0.1126748
vn 0.6713575 0.7271280 -0.1434012
vn 0.6713575 0.7271280 -0.1434012
vn 0.6023011 0.7856532 -0.1413597
vn 0.6023011 0.7856532 -0.1413597
vn 0.5648058 0.8135468 -0.1383327
vn 0.5648058 0.8135468 -0.1383327
vn 0.9838193 0.1435335 -0.1072266
vn 0.9814388 0.1610686 -0.1040905
vn 0.9954929 0.0101524 -0.0942917
vn 0.9958488 0.0148625 -0.0898026
vn 0.9956528 -0.0049177 -0.0930127
vn 0.9960857 -0.0017013 -0.0883755
vn 0.9937484 -0.0714971 -0.0857462
vn 0.9938518 -0.0762926 -0.0802369
vn 0.9149979 -0.4011265 -0.0433172
vn 0.9149979 -0.4011265 -0.0433172
vn 0.8957285 -0.4433888 -0.0328159
vn 0.8957285 -0.4433888 -0.0328159
vn 0.1201904 -0.9881780 0.0951753
vn 0.0854939 -0.9914352 0.0987264
vn 0.0324032 -0.9939581 0.1048693
vn 0.0223556 -0.9941424 0.1057411
vn -0.0213260 -0.9939578 0.1076709
vn -0.0112445 -0.9941423 0.1074928
vn -0.1096273 -0.9881812 0.1071440
vn -0.0747470 -0.9914367 0.1070795
vn -0.9145560 -0.4014426 0.0493061
vn -0.9145560 -0.4014426 0.0493061
vn -0.8942773 -0.4434063 0.0604882
vn -0.8942773 -0.4434063 0.0604882
vn -0.8799403 -0.4697048 0.0712914
vn -0.8799403 -0.4697048 0.0712914
vn -0.9968079 -0.0762931 0.0235245
vn -0.9964316 -0.0775500 0.0333191
vn -0.9998712 -0.0015696 0.0159718
vn -0.9996788 0.0010518 0.0253170
vn -0.9997878 0.0149093 0.0142162
vn -0.9995589 0.0180376 0.0235941
vn -0.9869440 0.1610570 -0.0014892
vn -0.9854053 0.1700899 0.0067866
vn -0.5761236 0.8135493 -0.0788615
vn -0.5761236 0.8135493 -0.0788615
vn -0.5544938 0.8287104 -0.0759975
vn -0.5544938 0.8287104 -0.0759975
vn -0.0498150 0.9929499 -0.1075584
vn -0.0473137 0.9931233 -0.1070869
vn -0.0110575 0.9940310 -0.1085376
vn -0.0106841 0.9940692 -0.1082235
vn -0.0003832 0.9940315 -0.1090923
vn -0.0006274 0.9940692 -0.1087479
vn 0.0383741 0.9929492 -0.1121575
vn 0.0359389 0.9931226 -0.1114281
vn 0.5435985 0.8287031 -0.1332351
vn 0.5435985 0.8287031 -0.1332351
vn 0.0339372 0.9933766 -0.1097772
vn 0.0313823 0.9940047 -0.1047361
vn 0.5386401 0.8333799 -0.1238734
vn 0.5386401 0.8333799 -0.1238734
vn -0.0008604 0.9942023 -0.1075226
vn -0.0012020 0.9946827 -0.1029793
vn -0.0103261 0.9942023 -0.1070292
vn -0.0095407 0.9946867 -0.1025059
vn -0.0451110 0.9933794 -0.1056520
vn -0.0420611 0.9940559 -0.1004179
vn -0.5485905 0.8333858 -0.0672038
vn -0.5485905 0.8333858 -0.0672038
vn -0.5556499 0.8300685 -0.0473223
vn -0.5556499 0.8300685 -0.0473223
vn -0.9856938 0.1666445 0.0252465
vn -0.9871035 0.1469376 0.0635299
vn -0.9989085 0.0191308 0.0426115
vn -0.9965183 0.0183183 0.0813368
vn -0.9990029 0.0033994 0.0445147
vn -0.9964759 0.0061827 0.0836514
vn -0.9959997 -0.0728829 0.0516987
vn -0.9943654 -0.0594014 0.0878016
vn -0.8751435 -0.4758268 0.0878219
vn -0.8751435 -0.4758268 0.0878219
vn -0.8803685 -0.4594001 0.1179110
vn -0.8803685 -0.4594001 0.1179110
vn -0.0350968 -0.9935028 0.1082614
vn -0.0506849 -0.9929385 0.1072573
vn -0.0252743 -0.9933787 0.1120716
vn 0.0001645 -0.9941247 0.1082412
vn -0.0043103 -0.9941928 0.1075269
vn 0.0028748 -0.9937483 0.1116069
vn 0.0111346 -0.9941244 0.1076701
vn 0.0154619 -0.9941929 0.1064961
vn 0.0087191 -0.9937531 0.1112597
vn 0.0461683 -0.9935020 0.1040293
vn 0.0615737 -0.9929377 0.1014078
vn 0.0367839 -0.9934027 0.1086192
vn 0.8795082 -0.4758700 -0.0036139
vn 0.8795082 -0.4758700 -0.0036139
vn 0.8825886 -0.4696952 -0.0205844
vn 0.8825886 -0.4696952 -0.0205844
vn 0.8878572 -0.4593980 0.0257506
vn 0.8878572 -0.4593980 0.0257506
vn 0.9959770 -0.0728823 -0.0521322
vn 0.9944958 -0.0775492 -0.0704567
vn 0.9981050 -0.0594008 -0.0160548
vn 0.9982172 0.0033996 -0.0595885
vn 0.9968861 0.0010358 -0.0788473
vn 0.9997718 0.0061787 -0.0204496
vn 0.9979255 0.0191310 -0.0614712
vn 0.9965951 0.0180383 -0.0804537
vn 0.9995743 0.0183177 -0.0227076
vn 0.9830421 0.1667233 -0.0763641
vn 0.9807696 0.1700945 -0.0957017
vn 0.9883597 0.1469349 -0.0394361
vn 0.5477173 0.8300692 -0.1048380
vn 0.5477173 0.8300692 -0.1048380
vn 0.9924825 0.1115942 0.0502532
vn 0.8944319 0.1594752 0.4178026
vn 0.8944319 0.1594752 0.4178026
vn 0.5660354 0.8224365 -0.0565867
vn 0.5660354 0.8224365 -0.0565867
vn 0.9973347 0.0189433 0.0704600
vn 0.8969697 0.0425026 0.4400445
vn 0.8969697 0.0425026 0.4400445
vn 0.9971902 0.0122582 0.0739023
vn 0.8949346 0.0372336 0.4446410
vn 0.8949346 0.0372336 0.4446410
vn 0.9970025 -0.0341385 0.0694299
vn 0.8932958 -0.0202321 0.4490134
vn 0.8932958 -0.0202321 0.4490134
vn 0.9031134 -0.4188347 0.0946763
vn 0.9031134 -0.4188347 0.0946763
vn 0.8390532 -0.3113827 0.4461281
vn 0.8390532 -0.3113827 0.4461281
vn 0.8390532 -0.3113827 0.4461281
vn 0.0302258 -0.9915815 0.1259068
vn 0.1188293 -0.7348893 0.6676954
vn 0.1188293 -0.7348893 0.6676954
vn 0.0081872 -0.9918061 0.1274891
vn 0.0366559 -0.7609006 0.6478323
vn 0.0366559 -0.7609006 0.6478323
vn 0.0051106 -0.9918066 0.1276460
vn 0.0308952 -0.7609013 0.6481316
vn 0.0308952 -0.7609013 0.6481316
vn -0.0169707 -0.9915823 0.1283615
vn -0.0487641 -0.7348968 0.6764236
vn -0.0487641 -0.7348968 0.6764236
vn -0.8883694 -0.4188285 0.1881019
vn -0.8883694 -0.4188285 0.1881019
vn -0.7881258 -0.3113805 0.5309427
vn -0.7881258 -0.3113805 0.5309427
vn -0.7881258 -0.3113805 0.5309427
vn -0.9843809 -0.0341410 0.1727095
vn -0.8417747 -0.0202302 0.5394498
vn -0.8417747 -0.0202302 0.5394498
vn -0.9841022 0.0122589 0.1771789
vn -0.8438592 0.0372338 0.5352713
vn -0.8438592 0.0372338 0.5352713
vn -0.9846041 0.0189477 0.1737690
vn -0.8463590 0.0425014 0.5309146
vn -0.8463590 0.0425014 0.5309146
vn -0.9818794 0.1115935 0.1531657
vn -0.8461495 0.1594772 0.5085252
vn -0.8461495 0.1594772 0.5085252
vn -0.5688481 0.8224385 0.0025692
vn -0.5688481 0.8224385 0.0025692
vn -0.5534039 0.7974475 0.2404616
vn -0.5534039 0.7974475 0.2404616
vn -0.5534039 0.7974475 0.2404616
vn -0.0358918 0.9960140 -0.0816578
vn -0.0370864 0.9894943 0.1397342
vn -0.0370864 0.9894943 0.1397342
vn -0.0077345 0.9965276 -0.0829038
vn 0.0037110 0.9919135 0.1268620
vn 0.0037110 0.9919135 0.1268620
vn -0.0009299 0.9965275 -0.0832585
vn 0.0094947 0.9919127 0.1265669
vn 0.0094947 0.9919127 0.1265669
vn 0.0272118 0.9960144 -0.0849412
vn 0.0514159 0.9894924 0.1351340
vn 0.0514159 0.9894924 0.1351340
vn 0.5754064 0.7974451 0.1816280
vn 0.5754064 0.7974451 0.1816280
vn 0.5754064 0.7974451 0.1816280
vn 0.1999980 0.4794971 0.8544490
vn 0.2347373 0.0946644 0.9674385
vn 0.0512371 0.5291768 0.8469632
vn 0.0611379 0.1014965 0.9929555
vn 0.0372583 0.5291845 0.8476884
vn -0.1100847 0.4794971 0.8706112
vn 0.0424281 0.1014963 0.9939308
vn -0.1328848 0.0946622 0.9866005
vn 0.0421579 0.0719534 0.9965166
vn 0.0616745 0.0719541 0.9954993
vn 0.0442012 -0.1598393 0.9861528
vn -0.1346111 0.0714087 0.9883221
vn -0.1067784 -0.1308457 0.9856358
vn 0.0585643 -0.1598419 0.9854038
vn 0.2086679 -0.1308504 0.9691935
vn 0.2366778 0.0714072 0.9689606
vn -0.9985828 -0.0004296 0.0532173
vn -0.9989067 0.0027859 0.0466658
vn -0.9986030 0.0022214 0.0527936
vn -0.9989354 0.0040594 0.0459531
vn -0.9997120 0.0238328 -0.0028111
vn -0.9994426 0.0330609 -0.0046421
vn -0.8404508 0.2242239 -0.4933213
vn -0.8404508 0.2242239 -0.4933213
vn -0.8078492 0.3226636 -0.4932218
vn -0.8078492 0.3226636 -0.4932218
vn -0.0983387 0.3846423 -0.9178125
vn -0.0921748 0.5193959 -0.8495479
vn -0.0514270 0.3850747 -0.9214515
vn -0.0478218 0.5200647 -0.8527870
vn -0.0446402 0.3851198 -0.9217862
vn -0.0410968 0.5201077 -0.8531114
vn 0.0023716 0.3846378 -0.9230645
vn 0.0033467 0.5193791 -0.8545375
vn 0.7846017 0.2242221 -0.5780352
vn 0.7846017 0.2242221 -0.5780352
vn 0.7521981 0.3226632 -0.5745315
vn 0.7521981 0.3226632 -0.5745315
vn 0.9940026 0.0238282 -0.1067279
vn 0.9935440 0.0330607 -0.1085237
vn 0.9986108 0.0002276 -0.0526917
vn -0.9748409 -0.0435667 0.2186031
vn -0.9748409 -0.0435667 0.2186031
vn -0.9736184 -0.0598643 0.2201899
vn -0.9736184 -0.0598643 0.2201899
vn -0.1305892 -0.2495449 0.9595175
vn -0.1630974 -0.3373628 0.9271384
vn -0.0028969 -0.3470290 0.9378499
vn -0.9986058 -0.0018239 0.0527555
vn -0.9984396 -0.0027622 0.0557760
vn -0.9986762 -0.0001909 0.0514372
vn -0.9978617 -0.0124441 0.0641644
vn -0.9966471 -0.0208792 0.0791101
vn -0.9169558 -0.2704092 0.2933783
vn -0.9169558 -0.2704092 0.2933783
vn -0.8945749 -0.2542484 0.3675505
vn -0.8945749 -0.2542484 0.3675505
vn -0.0402971 -0.7402883 0.6710808
vn -0.0296545 -0.6224667 0.7820843
vn 0.0302783 -0.7424203 0.6692497
vn 0.0363168 -0.6241177 0.7804859
vn 0.0394670 -0.7424214 0.6687695
vn 0.0450294 -0.6241207 0.7800295
vn 0.1098351 -0.7403004 0.6632433
vn 0.1107845 -0.6224733 0.7747605
vn 0.9425019 -0.2703690 0.1964454
vn 0.9425019 -0.2703690 0.1964454
vn 0.9279340 -0.2542639 0.2725589
vn 0.9279340 -0.2542639 0.2725589
vn 0.9991252 -0.0124427 -0.0399245
vn 0.9994708 -0.0208773 -0.0249408
vn 0.9986769 -0.0018037 -0.0513928
vn 0.9988276 -0.0027615 -0.0483306
vn 0.9985874 -0.0000646 -0.0531334
vn 0.9986207 0.0000063 -0.0525045
vn 0.9986578 -0.0002966 -0.0517936
vn 0.9986660 -0.0002320 -0.0516357
vn 0.9986399 -0.0000319 -0.0521362
vn 0.9986439 -0.0000041 -0.0520620
vn 0.9986198 0.0001755 -0.0525227
vn 0.9986120 0.0001790 -0.0526703
vn 0.9986197 0.0001940 -0.0525232
vn 0.9983737 0.0019175 -0.0569736
vn 0.9983675 0.0018056 -0.0570889
vn 0.9983746 0.0019019 -0.0569604
vn 0.9959834 0.0135965 -0.0884992
vn 0.9957434 0.0143431 -0.0910456
vn 0.9960471 0.0129922 -0.0878714
vn 0.8917455 0.1398221 -0.4303946
vn 0.8917455 0.1398221 -0.4303946
vn 0.8949656 0.1364888 -0.4247439
vn 0.8949656 0.1364888 -0.4247439
vn 0.8801976 0.1456847 -0.4516946
vn 0.8801976 0.1456847 -0.4516946
vn 0.0332315 0.3396272 -0.9399729
vn 0.0277300 0.3353552 -0.9416835
vn 0.0346682 0.3387454 -0.9402391
vn -0.0432979 0.3405499 -0.9392289
vn -0.0432776 0.3399407 -0.9394505
vn -0.0437392 0.3361512 -0.9407918
vn -0.0545367 0.3405501 -0.9386433
vn -0.0547245 0.3399577 -0.9388471
vn -0.0542674 0.3361247 -0.9402528
vn -0.1307813 0.3396277 -0.9314233
vn -0.1254974 0.3353580 -0.9336945
vn -0.1322520 0.3399304 -0.9311051
vn -0.9316645 0.1398241 -0.3353363
vn -0.9316645 0.1398241 -0.3353363
vn -0.9342712 0.1365243 -0.3293911
vn -0.9342712 0.1365243 -0.3293911
vn -0.9223973 0.1456824 -0.3577148
vn -0.9223973 0.1456824 -0.3577148
vn -0.9997869 0.0135957 0.0155343
vn -0.9998130 0.0143413 0.0129768
vn -0.9997850 0.0129892 0.0161645
vn -0.9989014 0.0020302 0.0468147
vn -0.9988860 0.0017701 0.0471551
vn -0.9988863 0.0019015 0.0471427
vn -0.9986689 0.0001754 0.0515804
vn -0.9986688 0.0001939 0.0515808
vn -0.9986487 -0.0000315 0.0519690
vn -0.9986763 0.0001790 0.0514348
vn -0.9986678 0.0000067 0.0516023
vn -0.9986449 -0.0000044 0.0520429
vn -0.9986307 -0.0002972 0.0523137
vn -0.9986225 -0.0002331 0.0524699
vn -0.9986188 -0.0002224 0.0525403
vn -0.9983735 -0.0026529 0.0569507
vn -0.9983348 -0.0026212 0.0576243
vn -0.9959406 -0.0201998 0.0877172
vn -0.9954880 -0.0198207 0.0927937
vn -0.8714600 -0.2240035 0.4363254
vn -0.8714600 -0.2240035 0.4363254
vn -0.8504509 -0.2139825 0.4805671
vn -0.8504509 -0.2139825 0.4805671
vn -0.0191963 -0.4981630 0.8668709
vn -0.0117804 -0.4412591 0.8973024
vn 0.0411309 -0.4992963 0.8654543
vn 0.0430743 -0.4421300 0.8959161
vn 0.0490760 -0.4992955 0.8650408
vn 0.0503036 -0.4421285 0.8955401
vn 0.1092012 -0.4981412 0.8601921
vn 0.1050008 -0.4412586 0.8912159
vn 0.9120924 -0.2240226 0.3433674
vn 0.9120924 -0.2240226 0.3433674
vn 0.8958268 -0.2139668 0.3895032
vn 0.8958268 -0.2139668 0.3895032
vn 0.9996630 -0.0201967 -0.0163073
vn 0.9997407 -0.0198215 -0.0112104
vn 0.9988734 -0.0025885 -0.0473862
vn 0.9989158 -0.0026213 -0.0464797
vn 0.9989473 -0.0028410 -0.0457874
vn 0.9986696 -0.0002222 -0.0515668
vn 0.9986731 -0.0002492 -0.0514966
vn 0.9986442 -0.0000007 -0.0520549
vn 0.9986441 -0.0000069 -0.0520567
vn 0.9986176 0.0002002 -0.0525625
vn 0.9986141 0.0002151 -0.0526290
vn 0.9983317 0.0021009 -0.0577003
vn 0.9982842 0.0023648 -0.0585082
vn 0.9954001 0.0153204 -0.0945720
vn 0.9948937 0.0169682 -0.0994915
vn 0.8635724 0.1539567 -0.4801460
vn 0.8635724 0.1539567 -0.4801460
vn 0.8394844 0.1667001 -0.5171818
vn 0.8394844 0.1667001 -0.5171818
vn 0.0211799 0.3318437 -0.9430965
vn 0.0137309 0.3307725 -0.9436107
vn -0.0444073 0.3324796 -0.9420643
vn -0.0449582 0.3313031 -0.9424526
vn -0.0538626 0.3325089 -0.9415609
vn -0.0533613 0.3313073 -0.9420128
vn -0.1191120 0.3330705 -0.9353482
vn -0.1117773 0.3307682 -0.9370688
vn -0.9088215 0.1539464 -0.3877421
vn -0.9088215 0.1539464 -0.3877421
vn -0.8887099 0.1666919 -0.4270929
vn -0.8887099 0.1666919 -0.4270929
vn -0.9998382 0.0153194 0.0094306
vn -0.9998459 0.0169680 0.0044851
vn -0.9989267 0.0021491 0.0462691
vn -0.9989570 0.0023643 0.0455983
vn -0.9986707 0.0002003 0.0515436
vn -0.9986743 0.0002153 0.0514739
vn -0.9986445 -0.0000005 0.0520517
vn -0.9986445 -0.0000063 0.0520497
vn -0.9986473 -0.0002678 0.0519950
vn -0.9986149 -0.0002490 0.0526124
vn -0.9982941 -0.0028410 0.0583174
vn -0.9986127 -0.0005527 0.0526530
vn -0.9982330 -0.0034206 0.0593227
vn -0.9986176 -0.0032977 0.0524598
vn -0.9986531 -0.0028479 0.0518070
vn -0.9982069 -0.0063537 0.0595182
vn -0.9984550 -0.0196404 0.0519799
vn -0.9985024 -0.0189410 0.0513237
vn -0.9556358 -0.2905006 0.0486786
vn -0.9556358 -0.2905006 0.0486786
vn -0.9980111 -0.0226963 0.0588104
vn -0.9522278 -0.2999898 0.0571670
vn -0.9522278 -0.2999898 0.0571670
vn -0.9933478 -0.0433705 0.1066723
vn -0.9351115 -0.3326011 0.1222425
vn -0.9351115 -0.3326011 0.1222425
vn -0.9935946 -0.0290046 0.1092170
vn -0.7316051 -0.2822496 0.6205556
vn -0.7316051 -0.2822496 0.6205556
vn -0.6787110 -0.4760891 0.5591875
vn -0.6787110 -0.4760891 0.5591875
vn -0.6787110 -0.4760891 0.5591875
vn -0.7515746 -0.2626525 0.6051028
vn -0.7515746 -0.2626525 0.6051028
vn 0.0138103 -0.4293122 0.9030505
vn -0.0185780 -0.6579411 0.7528403
vn -0.0185780 -0.6579411 0.7528403
vn 0.0075363 -0.4204849 0.9072683
vn 0.0449394 -0.4301602 0.9016334
vn 0.0354562 -0.6558770 0.7540345
vn 0.0354562 -0.6558770 0.7540345
vn 0.0447146 -0.4210246 0.9059463
vn 0.0490429 -0.4301591 0.9014199
vn 0.0431323 -0.6559135 0.7536027
vn 0.0431323 -0.6559135 0.7536027
vn 0.0496347 -0.4209189 0.9057393
vn 0.0801813 -0.4293168 0.8995876
vn 0.0967407 -0.6579450 0.7468263
vn 0.0967407 -0.6579450 0.7468263
vn 0.0867939 -0.4209947 0.9029011
vn 0.7921535 -0.2822636 0.5411285
vn 0.7921535 -0.2822636 0.5411285
vn 0.7331705 -0.4760832 0.4855982
vn 0.7331705 -0.4760832 0.4855982
vn 0.7331705 -0.4760832 0.4855982
vn 0.8103967 -0.2626628 0.5237036
vn 0.8103967 -0.2626628 0.5237036
vn 0.9990555 -0.0433614 0.0028075
vn 0.9427521 -0.3326042 0.0243513
vn 0.9427521 -0.3326042 0.0243513
vn 0.9995653 -0.0289983 0.0053245
vn 0.9987168 -0.0226967 -0.0452722
vn 0.9530107 -0.2999902 -0.0421451
vn 0.9530107 -0.2999902 -0.0421451
vn 0.9989854 -0.0063540 -0.0445839
vn 0.9984478 -0.0196435 -0.0521168
vn 0.9555182 -0.2904983 -0.0509483
vn 0.9555182 -0.2904983 -0.0509483
vn 0.9984272 -0.0189418 -0.0527665
vn 0.9986602 -0.0032495 -0.0516463
vn 0.9986269 -0.0028951 -0.0523051
vn 0.9986752 -0.0005530 -0.0514537
vn 0.9989701 -0.0033287 -0.0452522
vn 0.9986413 -0.0002680 -0.0521117
vn 0.9986067 -0.0000098 -0.0527690
vn 0.9982319 0.0024778 -0.0593861
vn 0.9985918 -0.0027041 -0.0529802
vn 0.9984046 -0.0182782 -0.0534249
vn 0.9981906 0.0001860 -0.0601287
vn 0.9980678 -0.0149434 -0.0603113
vn 0.9937589 0.0181557 -0.1100628
vn 0.9941354 0.0036537 -0.1080798
vn 0.9942321 0.0189120 -0.1055683
vn 0.7783213 0.1934844 -0.5973106
vn 0.7783213 0.1934844 -0.5973106
vn 0.7644436 0.1890054 -0.6163627
vn 0.7644436 0.1890054 -0.6163627
vn 0.8083546 0.1818326 -0.5599106
vn 0.8083546 0.1818326 -0.5599106
vn -0.0013359 0.3289109 -0.9443600
vn -0.0090645 0.3186785 -0.9478195
vn 0.0061077 0.3304146 -0.9438161
vn -0.0459729 0.3291140 -0.9431704
vn -0.0452907 0.3307904 -0.9426168
vn -0.0466670 0.3182052 -0.9468725
vn -0.0523888 0.3290373 -0.9428626
vn -0.0530033 0.3307889 -0.9422151
vn -0.0520245 0.3182053 -0.9465932
vn -0.0968493 0.3289097 -0.9393821
vn -0.0895413 0.3186727 -0.9436260
vn -0.1042414 0.3304823 -0.9380379
vn -0.8362290 0.1934900 -0.5131108
vn -0.8362290 0.1934900 -0.5131108
vn -0.8243867 0.1889968 -0.5335417
vn -0.8243867 0.1889968 -0.5335417
vn -0.8621832 0.1818376 -0.4728374
vn -0.8621832 0.1818376 -0.4728374
vn -0.9998164 0.0181534 -0.0061402
vn -0.9999847 0.0036533 -0.0041414
vn -0.9998198 0.0189086 -0.0016240
vn -0.9990322 0.0001397 0.0439822
vn -0.9989966 0.0024777 0.0447165
vn -0.9989294 -0.0149440 0.0437797
vn -0.9986884 -0.0026078 0.0511343
vn -0.9986813 -0.0000095 0.0513381
vn -0.9985487 -0.0182777 0.0506606
vn -0.9593076 -0.2784087 0.0470908
vn -0.9593076 -0.2784087 0.0470908
vn -0.9623633 -0.2690653 0.0382203
vn -0.9623633 -0.2690653 0.0382203
vn -0.9575096 -0.2843944 0.0479083
vn -0.9575096 -0.2843944 0.0479083
vn -0.2356794 -0.9717910 0.0087939
vn -0.2402784 -0.9705827 -0.0153475
vn -0.2308141 -0.9729380 0.0107927
vn -0.0145464 -0.9998925 -0.0018958
vn -0.0159861 -0.9994811 -0.0279651
vn -0.0141118 -0.9999002 0.0004630
vn 0.0142703 -0.9998924 -0.0033981
vn 0.0129921 -0.9994811 -0.0294756
vn 0.0140833 -0.9999002 -0.0010069
vn 0.2353192 -0.9717901 -0.0157720
vn 0.2373798 -0.9705831 -0.0402427
vn 0.2306390 -0.9729491 -0.0132546
vn 0.9590059 -0.2784042 -0.0529042
vn 0.9590059 -0.2784042 -0.0529042
vn 0.9611219 -0.2690650 -0.0620393
vn 0.9611219 -0.2690650 -0.0620393
vn 0.9573032 -0.2843875 -0.0519073
vn 0.9573032 -0.2843875 -0.0519073
vn 0.9607273 -0.2449497 -0.1303949
vn 0.9607273 -0.2449497 -0.1303949
vn 0.7834691 -0.0311875 -0.6206476
vn 0.7834691 -0.0311875 -0.6206476
vn 0.7834691 -0.0311875 -0.6206476
vn 0.2207141 -0.9258768 -0.3066553
vn -0.0020302 -0.9479986 -0.3182678
vn 0.0296255 -0.0264260 -0.9992117
vn 0.0296255 -0.0264260 -0.9992117
vn -0.0464571 -0.0205760 -0.9987084
vn -0.0464571 -0.0205760 -0.9987084
vn -0.0576233 -0.0205742 -0.9981263
vn -0.0576233 -0.0205742 -0.9981263
vn -0.1333361 -0.0264389 -0.9907181
vn -0.1333361 -0.0264389 -0.9907181
vn -0.0310677 -0.9479995 -0.3167524
vn -0.2514045 -0.9258747 -0.2820493
vn -0.9690778 -0.2449465 -0.0298234
vn -0.9690778 -0.2449465 -0.0298234
vn -0.8437410 -0.0311951 -0.5358433
vn -0.8437410 -0.0311951 -0.5358433
vn -0.8437410 -0.0311951 -0.5358433
vn 0.2255870 -0.9741617 -0.0109360
vn 0.2161732 -0.9763004 0.0103376
vn 0.0138743 -0.9999031 0.0011205
vn 0.0141615 -0.9996293 0.0232559
vn -0.0136804 -0.9999030 0.0025948
vn -0.0117114 -0.9996292 0.0245835
vn -0.2254972 -0.9741632 0.0125394
vn -0.2139245 -0.9763008 0.0327575
vn -0.1650597 -0.9606667 0.2233269
vn 0.0012997 -0.9735674 0.2283964
vn 0.0224463 -0.9735671 0.2272954
vn 0.1873793 -0.9606698 0.2049450
vn 0.9997037 -0.0243311 0.0006039
vn 0.9997527 -0.0214522 -0.0058456
vn 0.8416238 -0.2432884 0.4821617
vn 0.8416238 -0.2432884 0.4821617
vn 0.8725835 -0.2245919 0.4337700
vn 0.8725835 -0.2245919 0.4337700
vn 0.0930847 -0.4206635 0.9024286
vn 0.0992913 -0.4252608 0.8996080
vn 0.0499592 -0.4212281 0.9055777
vn 0.0503399 -0.4259420 0.9033489
vn 0.0445557 -0.4212496 0.9058496
vn 0.0438505 -0.4259405 0.9036879
vn 0.0012311 -0.4206657 0.9072149
vn -0.0052230 -0.4252605 0.9050561
vn -0.7869496 -0.2432733 0.5670348
vn -0.7869496 -0.2432733 0.5670348
vn -0.8227628 -0.2245882 0.5221316
vn -0.8227628 -0.2245882 0.5221316
vn -0.9942235 -0.0243301 0.1045352
vn -0.9949429 -0.0214522 0.0981245
vn 0.9986333 -0.0032587 -0.0521629
vn 0.8791904 -0.4238459 -0.2176670
vn 0.8791904 -0.4238459 -0.2176670
vn 0.0313770 -0.9329498 -0.3586366
vn -0.0158633 -0.9343966 -0.3558812
vn -0.0212159 -0.9343970 -0.3556013
vn -0.0684732 -0.9329433 -0.3534520
vn -0.8970581 -0.4238441 -0.1250724
vn -0.8970581 -0.4238441 -0.1250724
vn -0.9986444 -0.0032496 0.0519510
vn -0.9984908 -0.0009990 0.0549108
vn -0.9985573 0.0030111 0.0536128
vn -0.9865751 0.0115632 0.1628981
vn -0.7768121 0.0605484 0.6268147
vn -0.7768121 0.0605484 0.6268147
vn -0.9862665 0.0113260 0.1647727
vn -0.7719565 0.0604622 0.6327933
vn -0.7719565 0.0604622 0.6327933
vn -0.9850829 0.0117294 0.1716804
vn -0.9831270 0.0124705 0.1824987
vn -0.9986832 0.0054245 0.0510177
vn -0.7539854 0.0622118 0.6539386
vn -0.7539854 0.0622118 0.6539386
vn -0.7257479 0.0649198 0.6848908
vn -0.7257479 0.0649198 0.6848908
vn -0.0527231 0.1017607 0.9934109
vn -0.0586361 0.1018670 0.9930685
vn -0.0444843 0.1016615 0.9938239
vn 0.0441630 0.1025979 0.9937420
vn 0.0437365 0.1026267 0.9937579
vn 0.0447018 0.1025593 0.9937219
vn 0.0594403 0.1025758 0.9929476
vn 0.0598177 0.1026269 0.9929197
vn 0.0589019 0.1025579 0.9929816
vn 0.1557154 0.1014133 0.9825823
vn 0.1475703 0.1011254 0.9838682
vn 0.1616080 0.1018637 0.9815838
vn 0.1364064 0.1018314 0.9854053
vn 0.7930232 0.0649156 0.6057228
vn 0.7930232 0.0649156 0.6057228
vn 0.7528323 0.0697520 0.6545061
vn 0.7528323 0.0697520 0.6545061
vn 0.7039809 0.0733980 0.7064161
vn 0.7039809 0.0733980 0.7064161
vn 0.9951771 0.0142387 0.0970552
vn 0.9983619 0.0005404 -0.0572118
vn 0.9927284 0.0131438 0.1196564
vn 0.9983152 -0.0043609 -0.0578602
vn 0.9910799 0.0000170 0.1332687
vn 0.9981877 -0.0196013 -0.0568965
vn 0.9867784 -0.0537260 0.1529112
vn 0.6773849 0.0676626 0.7325104
vn 0.6773849 0.0676626 0.7325104
vn 0.6458087 0.0402348 0.7624384
vn 0.6458087 0.0402348 0.7624384
vn 0.1274723 0.1016380 0.9866208
vn 0.1338740 0.0993680 0.9860039
vn 0.1272114 0.1020648 0.9866104
vn 0.0604144 0.1025004 0.9928967
vn 0.0656342 0.1017812 0.9926393
vn 0.0581096 0.1026170 0.9930221
vn 0.0431402 0.1025422 0.9937928
vn 0.0379217 0.1017801 0.9940838
vn 0.0453974 0.1026114 0.9936850
vn -0.0242021 0.1016279 0.9945279
vn -0.0306813 0.0993820 0.9945762
vn -0.0239408 0.1012950 0.9945683
vn -0.5975649 0.0676572 0.7989610
vn -0.5975649 0.0676572 0.7989610
vn -0.5630004 0.0402575 0.8254756
vn -0.5630004 0.0402575 0.8254756
vn -0.6267160 0.0734140 0.7757818
vn -0.6267160 0.0734140 0.7757818
vn -0.9718561 0.0000133 0.2355755
vn -0.9655353 -0.0537214 0.2546676
vn -0.9986934 -0.0196009 0.0471950
vn -0.9749058 0.0131416 0.2222296
vn -0.9796925 0.0142337 0.2000005
vn -0.9989204 -0.0043599 0.0462513
vn -0.9988996 0.0005369 0.0468940
vn -0.9998821 -0.0048975 0.0145535
vn -0.9998821 -0.0048975 0.0145535
vn -0.9997873 0.0039781 0.0202321
vn -0.9997873 0.0039781 0.0202321
vn -0.9997031 -0.0209620 0.0124243
vn -0.9997031 -0.0209620 0.0124243
vn -0.1101400 -0.0081762 -0.9938824
vn -0.0959496 -0.0303953 -0.9949220
vn -0.1248108 0.1556919 -0.9798889
vn -0.0551739 -0.0077276 -0.9984468
vn -0.0516009 -0.0286624 -0.9982564
vn -0.0565911 0.1567118 -0.9860217
vn -0.0489323 -0.0077276 -0.9987721
vn -0.0524642 -0.0286623 -0.9982114
vn -0.0462313 0.1567119 -0.9865618
vn 0.0062189 -0.0081679 -0.9999473
vn -0.0080000 -0.0303953 -0.9995059
vn 0.0222630 0.1556872 -0.9875554
vn 0.9959770 -0.0049328 -0.0894734
vn 0.9959770 -0.0049328 -0.0894734
vn 0.9964731 0.0039769 -0.0838180
vn 0.9964731 0.0039769 -0.0838180
vn 0.9955777 -0.0209619 -0.0915729
vn 0.9955777 -0.0209619 -0.0915729
vn 0.9922364 -0.0858799 -0.0899533
vn 0.9922364 -0.0858799 -0.0899533
vn 0.9740798 -0.2118929 -0.0791840
vn 0.9740798 -0.2118929 -0.0791840
vn -0.0342973 -0.0381428 -0.9986836
vn 0.9956800 -0.0772838 -0.0514641
vn 0.9771713 -0.2092236 -0.0369013
vn 0.9687806 -0.1817263 0.1686408
vn 0.6290563 -0.0270766 0.7768881
vn 0.6290563 -0.0270766 0.7768881
vn 0.1458518 0.0936347 0.9848655
vn 0.0719468 0.0998049 0.9924025
vn 0.0316674 0.0997994 0.9945035
vn -0.0426549 0.0936329 0.9946926
vn -0.5448527 -0.0270812 0.8380944
vn -0.5448527 -0.0270812 0.8380944
vn -0.9459987 -0.1817305 0.2684405
vn -0.9757314 -0.2091437 0.0648638
vn -0.9770319 -0.2119003 0.0225136
vn -0.9770319 -0.2119003 0.0225136
vn -0.9956350 -0.0772886 0.0523207
vn -0.9962109 -0.0858855 0.0136867
vn -0.9962109 -0.0858855 0.0136867
vn -0.0697099 -0.0381452 -0.9968377
vn -0.0423926 -0.0513575 -0.9977801
vn -0.0445190 -0.0327983 -0.9984699
vn -0.0366216 -0.0396945 -0.9985405
vn -0.0595293 -0.0327973 -0.9976876
vn -0.0673443 -0.0396856 -0.9969402
vn -0.0616135 -0.0513368 -0.9967789
vn -0.0384651 0.4902298 -0.8707440
vn -0.0522661 0.4901907 -0.8700467
vn -0.1384288 0.4870622 -0.8623270
vn -0.9995331 0.0105609 0.0286738
vn -0.9995331 0.0105609 0.0286738
vn -0.9988357 0.0015302 0.0482162
vn -0.6806983 0.0697512 0.7292356
vn -0.6806983 0.0697512 0.7292356
vn -0.0332164 0.1018127 0.9942488
vn 0.0455095 0.1025676 0.9936844
vn 0.0579978 0.1025686 0.9930336
vn 0.9982296 -0.0016701 -0.0594551
vn 0.8784993 -0.0951390 -0.4681746
vn 0.8784993 -0.0951390 -0.4681746
vn 0.0273119 -0.2192054 -0.9752964
vn -0.0453882 -0.2196992 -0.9745112
vn -0.0561745 -0.2196992 -0.9739490
vn -0.1285690 -0.2192093 -0.9671698
vn -0.9224166 -0.0951627 -0.3742880
vn -0.9224166 -0.0951627 -0.3742880
vn -0.9990014 -0.0016667 0.0446477
vn 0.9980361 -0.0042043 -0.0624989
vn 0.9979455 -0.0165994 -0.0618813
vn 0.7941974 -0.1064005 -0.5982720
vn 0.7941974 -0.1064005 -0.5982720
vn 0.7783536 -0.1206397 -0.6161264
vn 0.7783536 -0.1206397 -0.6161264
vn 0.0022520 -0.1871097 -0.9823365
vn -0.0063137 -0.1984321 -0.9800944
vn -0.0474116 -0.1876084 -0.9810991
vn -0.0479152 -0.1994323 -0.9787395
vn -0.0548442 -0.1876085 -0.9807115
vn -0.0540986 -0.1994338 -0.9784168
vn -0.1043772 -0.1871149 -0.9767770
vn -0.0956274 -0.1984380 -0.9754372
vn -0.8520967 -0.1064171 -0.5124514
vn -0.8520967 -0.1064171 -0.5124514
vn -0.8381972 -0.1206412 -0.5318562
vn -0.8381972 -0.1206412 -0.5318562
vn -0.9991253 -0.0042126 0.0416034
vn -0.9989711 -0.0166023 0.0422019
vn -0.9984401 -0.0018770 0.0558003
vn -0.9983449 -0.0145106 0.0556508
vn -0.9688699 -0.2412633 0.0555261
vn -0.9688699 -0.2412633 0.0555261
vn -0.9724405 0.0065921 0.2330579
vn -0.9232488 -0.2072516 0.3235098
vn -0.9232488 -0.2072516 0.3235098
vn -0.5440403 0.0714808 0.8360087
vn -0.5440403 0.0714808 0.8360087
vn -0.5125316 -0.0523236 0.8570727
vn -0.5125316 -0.0523236 0.8570727
vn -0.5125316 -0.0523236 0.8570727
vn -0.0018195 0.0868341 0.9962211
vn -0.0006237 -0.0674398 0.9977232
vn -0.0006237 -0.0674398 0.9977232
vn 0.0479286 0.0859743 0.9951439
vn 0.0476484 -0.0687333 0.9964966
vn 0.0476484 -0.0687333 0.9964966
vn 0.0557893 0.0859746 0.9947342
vn 0.0562113 -0.0687366 0.9960500
vn 0.0562113 -0.0687366 0.9960500
vn 0.1053794 0.0868308 0.9906340
vn 0.0516596 -0.6064165 0.7934672
vn 0.0160565 -0.9997257 0.0170566
vn 0.0311147 -0.6064141 0.7945399
vn -0.0141802 -0.9997259 0.0186330
vn -0.1240258 -0.6135176 0.7798805
vn -0.2555574 -0.9663304 0.0299332
vn -0.2535075 -0.9663236 -0.0441869
vn -0.9688752 -0.2447711 0.0369882
vn -0.9688752 -0.2447711 0.0369882
vn -0.1197728 -0.4732770 -0.8727332
vn -0.1197728 -0.4732770 -0.8727332
vn -0.0207405 -0.9978884 -0.0615495
vn 0.0142295 -0.9978885 -0.0633722
vn -0.0510892 -0.4709876 -0.8806592
vn -0.0510892 -0.4709876 -0.8806592
vn -0.0407456 -0.4709865 -0.8811990
vn -0.0407456 -0.4709865 -0.8811990
vn 0.0283918 -0.4732440 -0.8804737
vn 0.0283918 -0.4732440 -0.8804737
vn 0.7511346 -0.3067938 -0.5845293
vn 0.7511346 -0.3067938 -0.5845293
vn 0.7511346 -0.3067938 -0.5845293
vn 0.2475668 -0.9663187 -0.0702776
vn 0.9674670 -0.2447858 -0.0639344
vn 0.9674670 -0.2447858 -0.0639344
vn 0.2572700 -0.9663342 0.0032275
vn -0.8078396 -0.3067888 -0.5032652
vn -0.8078396 -0.3067888 -0.5032652
vn -0.8078396 -0.3067888 -0.5032652
vn -0.5988713 -0.0523201 0.7991343
vn -0.5988713 -0.0523201 0.7991343
vn -0.5988713 -0.0523201 0.7991343
vn -0.6279742 0.0715063 0.7749420
vn -0.6279742 0.0715063 0.7749420
vn -0.1043679 -0.0674090 0.9922518
vn -0.1043679 -0.0674090 0.9922518
vn -0.9518816 -0.2072556 0.2257580
vn -0.9518816 -0.2072556 0.2257580
vn -0.9693965 -0.2412479 -0.0454939
vn -0.9693965 -0.2412479 -0.0454939
vn -0.2044352 -0.6135420 0.7627401
vn -0.9914039 0.0065899 0.1306705
vn -0.9987198 -0.0145094 -0.0484585
vn -0.9907364 0.0177081 0.1346394
vn -0.9988305 -0.0018767 -0.0483117
vn -0.6619086 0.0791327 0.7453958
vn -0.6619086 0.0791327 0.7453958
vn -0.9925381 0.0180687 0.1205896
vn -0.9988206 0.0001985 -0.0485533
vn -0.9945850 0.0163362 0.1026354
vn -0.7031606 0.0771635 0.7068316
vn -0.7031606 0.0771635 0.7068316
vn -0.7431694 0.0732030 0.6650870
vn -0.7431694 0.0732030 0.6650870
vn -0.1253378 0.1024051 0.9868149
vn -0.1346651 0.1024851 0.9855770
vn -0.1157050 0.1003487 0.9882016
vn -0.0572001 0.1025285 0.9930841
vn -0.0564684 0.1003051 0.9933530
vn -0.0579763 0.1027026 0.9930211
vn -0.0463076 0.1025092 0.9936537
vn -0.0471111 0.1003052 0.9938407
vn -0.0456743 0.1027148 0.9936616
vn 0.0220984 0.1024254 0.9944952
vn 0.0314583 0.1025772 0.9942274
vn 0.0123326 0.1003488 0.9948758
vn 0.6258622 0.0771590 0.7761076
vn 0.6258622 0.0771590 0.7761076
vn 0.6700100 0.0732065 0.7387336
vn 0.6700100 0.0732065 0.7387336
vn 0.5808216 0.0791196 0.8101768
vn 0.5808216 0.0791196 0.8101768
vn 0.9746267 0.0180675 0.2231064
vn 0.9713700 0.0177096 0.2369105
vn 0.9984584 0.0001924 0.0555047
vn 0.9785287 0.0163393 0.2054619
vn 0.9813290 0.0149004 0.1917590
vn 0.9984784 0.0003234 0.0551426
vn 0.9984932 0.0003032 0.0548751
vn 0.9990584 -0.0016278 0.0433548
vn 0.9990237 -0.0015087 0.0441529
vn 0.9991019 -0.0019791 0.0423250
vn 0.8991969 -0.0892966 -0.4283353
vn 0.8991969 -0.0892966 -0.4283353
vn 0.8760402 -0.0972836 -0.4723237
vn 0.8760402 -0.0972836 -0.4723237
vn 0.9152307 -0.0848739 -0.3938900
vn 0.9152307 -0.0848739 -0.3938900
vn 0.1202849 -0.1854873 -0.9752569
vn 0.1265923 -0.1893687 -0.9737114
vn 0.1125425 -0.1853443 -0.9762077
vn 0.0560818 -0.1860618 -0.9809362
vn 0.0554370 -0.1858269 -0.9810174
vn 0.0563996 -0.1899920 -0.9801643
vn 0.0463493 -0.1860583 -0.9814449
vn 0.0468556 -0.1858268 -0.9814647
vn 0.0458098 -0.1899928 -0.9807161
vn -0.0182338 -0.1851496 -0.9825412
vn -0.0246785 -0.1911478 -0.9812510
vn -0.0104391 -0.1853440 -0.9826183
vn -0.8497922 -0.0892942 -0.5194994
vn -0.8497922 -0.0892942 -0.5194994
vn -0.8221876 -0.0972849 -0.5608417
vn -0.8221876 -0.0972849 -0.5608417
vn -0.8693196 -0.0848727 -0.4869088
vn -0.8693196 -0.0848727 -0.4869088
vn -0.9981521 -0.0016313 -0.0607425
vn -0.9982004 -0.0015094 -0.0599492
vn -0.9980881 -0.0019796 -0.0617750
vn -0.9988022 0.0003298 -0.0489261
vn -0.9987868 0.0003032 -0.0492422
vn -0.9987777 0.0002881 -0.0494241
vn -0.9959460 0.0149016 0.0887097
vn -0.9966934 0.0141357 0.0800152
vn -0.7743644 0.0696492 0.6288950
vn -0.7743644 0.0696492 0.6288950
vn -0.7940350 0.0674274 0.6041210
vn -0.7940350 0.0674274 0.6041210
vn -0.1429048 0.1024379 0.9844210
vn -0.1487788 0.1024456 0.9835497
vn -0.0586017 0.1027103 0.9929837
vn -0.0589488 0.1027227 0.9929618
vn -0.0450490 0.1027098 0.9936908
vn -0.0445573 0.1027536 0.9937084
vn 0.0397771 0.1024364 0.9939439
vn 0.0457656 0.1027419 0.9936547
vn 0.7047963 0.0696575 0.7059816
vn 0.7047963 0.0696575 0.7059816
vn 0.7269343 0.0666756 0.6834624
vn 0.7269343 0.0666756 0.6834624
vn 0.7416704 0.0668895 0.6674210
vn 0.7416704 0.0668895 0.6674210
vn 0.9829758 0.0141364 0.1831905
vn 0.9985034 0.0002871 0.0546884
vn 0.9840453 0.0142657 0.1773452
vn 0.9985110 0.0002920 0.0545497
vn 0.9851369 0.0147198 0.1711393
vn 0.7565960 0.0668200 0.6504596
vn 0.7565960 0.0668200 0.6504596
vn 0.9861944 0.0130957 0.1650732
vn 0.9985141 0.0003149 0.0544919
vn 0.9984933 0.0002735 0.0548738
vn 0.9989378 -0.0048351 0.0458230
vn 0.9988329 -0.0047795 0.0480615
vn 0.9989808 -0.0028085 0.0450495
vn 0.8914046 -0.2941458 -0.3447838
vn 0.8914046 -0.2941458 -0.3447838
vn 0.9174498 -0.1616491 -0.3635319
vn 0.9174498 -0.1616491 -0.3635319
vn 0.8740148 -0.3938474 -0.2845740
vn 0.8740148 -0.3938474 -0.2845740
vn 0.0989725 -0.5874949 -0.8031527
vn 0.0772054 -0.7625415 -0.6423159
vn 0.1206776 -0.3592505 -0.9254059
vn 0.0456541 -0.5854251 -0.8094401
vn 0.0534017 -0.3587919 -0.9318888
vn 0.0360040 -0.7611530 -0.6475722
vn 0.0387489 -0.5854246 -0.8098003
vn 0.0437746 -0.3587921 -0.9323905
vn 0.0315173 -0.7611516 -0.6478078
vn -0.0149346 -0.5874947 -0.8090903
vn -0.0100846 -0.7629861 -0.6463363
vn -0.0238218 -0.3592523 -0.9329364
vn -0.8507247 -0.2941528 -0.4355934
vn -0.8507247 -0.2941528 -0.4355934
vn -0.8746887 -0.1616473 -0.4569352
vn -0.8746887 -0.1616473 -0.4569352
vn -0.8396937 -0.3938675 -0.3738754
vn -0.8396937 -0.3938675 -0.3738754
vn -0.9982888 -0.0048492 -0.0582749
vn -0.9984167 -0.0047831 -0.0560466
vn -0.9982510 -0.0028093 -0.0590523
vn -0.9987686 0.0003135 -0.0496106
vn -0.9987851 0.0002704 -0.0492774
vn -0.9987712 0.0002927 -0.0495582
vn -0.9975921 0.0147248 0.0677731
vn -0.9980128 0.0130927 0.0616371
vn -0.8201305 0.0668242 0.5682609
vn -0.8201305 0.0668242 0.5682609
vn -0.9971505 0.0142653 0.0740759
vn -0.8070388 0.0668923 0.5866973
vn -0.8070388 0.0668923 0.5866973
vn -0.1529800 0.1027418 0.9828739
vn -0.1573247 0.1032044 0.9821395
vn -0.0593062 0.1027947 0.9929332
vn -0.0595922 0.1028950 0.9929055
vn -0.0442955 0.1027931 0.9937159
vn -0.0439609 0.1028966 0.9937201
vn 0.0499661 0.1027585 0.9934506
vn 0.0543680 0.1043718 0.9930512
vn 0.0589388 0.1027097 0.9929638
vn 0.0604713 0.1022547 0.9929186
vn 0.7714440 0.0633340 0.6331376
vn 0.7714440 0.0633340 0.6331376
vn -0.0436905 0.1027941 0.9937426
vn -0.0435365 0.1026703 0.9937622
vn -0.0598623 0.1027900 0.9929001
vn -0.0599685 0.1026685 0.9929063
vn -0.1618373 0.1036388 0.9813601
vn -0.1633679 0.1020349 0.9812746
vn -0.8330914 0.0633404 0.5494968
vn -0.8330914 0.0633404 0.5494968
vn -0.8377571 0.0605488 0.5426757
vn -0.8377571 0.0605488 0.5426757
vn -0.8335544 0.0604637 0.5491186
vn -0.8335544 0.0604637 0.5491186
vn -0.9981646 0.0115617 0.0594450
vn -0.9987946 -0.0010973 -0.0490740
vn -0.9980525 0.0113282 0.0613422
vn -0.9987274 0.0028823 -0.0503515
vn -0.9975937 0.0117297 0.0683307
vn -0.9967744 0.0124675 0.0792789
vn -0.8178942 0.0622123 0.5719954
vn -0.8178942 0.0622123 0.5719954
vn -0.9985822 0.0052810 -0.0529693
vn -0.9984368 0.0013798 -0.0558734
vn -0.9981619 0.0097872 -0.0598080
vn -0.9981619 0.0097872 -0.0598080
vn -0.9975355 0.0379531 -0.0590137
vn -0.9975355 0.0379531 -0.0590137
vn -0.9975355 0.0379531 -0.0590137
vn -0.9975355 0.0379531 -0.0590137
vn -0.9971171 0.0093688 -0.0752981
vn -0.9971171 0.0093688 -0.0752981
vn -0.9986235 0.0028033 -0.0523762
vn -0.0686430 0.6679224 -0.7410585
vn -0.0469232 0.4469756 -0.8933146
vn -0.0855600 0.9785071 -0.1876256
vn -0.0855600 0.9785071 -0.1876256
vn 0.0304644 0.6725942 -0.7393842
vn 0.0032558 0.9829946 -0.1836048
vn 0.0032558 0.9829946 -0.1836048
vn 0.0395780 0.4502126 -0.8920438
vn 0.0465655 0.6726261 -0.7385160
vn 0.0158349 0.9830027 -0.1829068
vn 0.0158349 0.9830027 -0.1829068
vn 0.0533789 0.4502127 -0.8913244
vn 0.1453020 0.6679188 -0.7299122
vn 0.1395902 0.4469789 -0.8835862
vn 0.1045958 0.9785094 -0.1777050
vn 0.1045958 0.9785094 -0.1777050
vn 0.9989710 0.0097871 0.0442824
vn 0.9989710 0.0097871 0.0442824
vn 0.9982654 0.0379687 0.0449962
vn 0.9982654 0.0379687 0.0449962
vn 0.9982654 0.0379687 0.0449962
vn 0.9982654 0.0379687 0.0449962
vn 0.9995421 0.0093719 0.0287738
vn 0.9995421 0.0093719 0.0287738
vn 0.9986536 0.0027420 0.0518025
vn 0.9986755 0.0052791 0.0511811
vn 0.9985496 0.0028778 0.0537642
vn 0.9988355 0.0013860 0.0482259
vn 0.9850829 0.0117295 0.1716804
vn 0.9831275 0.0124700 0.1824956
vn 0.9862657 0.0113261 0.1647772
vn 0.7539431 0.0622162 0.6539869
vn 0.7539431 0.0622162 0.6539869
vn 0.7719474 0.0604618 0.6328045
vn 0.7719474 0.0604618 0.6328045
vn 0.7257423 0.0649154 0.6848971
vn 0.7257423 0.0649154 0.6848971
vn 0.0527157 0.1017773 0.9934095
vn 0.0586792 0.1018459 0.9930681
vn 0.0444786 0.1016724 0.9938231
vn -0.0441143 0.1025971 0.9937443
vn -0.0437823 0.1026273 0.9937558
vn -0.0447505 0.1025606 0.9937196
vn -0.0594403 0.1025972 0.9929454
vn -0.0598193 0.1026107 0.9929212
vn -0.0588046 0.1025601 0.9929871
vn -0.1557269 0.1017773 0.9825429
vn -0.1475805 0.1016722 0.9838103
vn -0.1616121 0.1018384 0.9815857
vn -0.1364119 0.1018124 0.9854065
vn -0.7930748 0.0649128 0.6056556
vn -0.7930748 0.0649128 0.6056556
vn -0.7528415 0.0697539 0.6544953
vn -0.7528415 0.0697539 0.6544953
vn -0.7039799 0.0734120 0.7064155
vn -0.7039799 0.0734120 0.7064155
vn -0.9951784 0.0142352 0.0970425
vn -0.9983617 0.0005367 -0.0572165
vn -0.9927350 0.0131353 0.1196021
vn -0.9983149 -0.0043565 -0.0578663
vn -0.9910837 0.0000099 0.1332408
vn -0.9981873 -0.0196046 -0.0569013
vn -0.9867827 -0.0537256 0.1528832
vn -0.6773940 0.0676547 0.7325028
vn -0.6773940 0.0676547 0.7325028
vn -0.6457900 0.0402539 0.7624533
vn -0.6457900 0.0402539 0.7624533
vn -0.1274653 0.1016182 0.9866237
vn -0.1338700 0.0993880 0.9860025
vn -0.1272094 0.1020818 0.9866089
vn -0.0604633 0.1025012 0.9928937
vn -0.0656347 0.1017792 0.9926394
vn -0.0581101 0.1026171 0.9930220
vn -0.0431399 0.1025006 0.9937971
vn -0.0379225 0.1017796 0.9940839
vn -0.0454446 0.1026172 0.9936822
vn 0.0241928 0.1016184 0.9945292
vn 0.0306778 0.0993674 0.9945777
vn 0.0239867 0.1020822 0.9944867
vn 0.5975670 0.0676560 0.7989596
vn 0.5975670 0.0676560 0.7989596
vn 0.5630337 0.0402409 0.8254537
vn 0.5630337 0.0402409 0.8254537
vn 0.6267180 0.0734153 0.7757800
vn 0.6267180 0.0734153 0.7757800
vn 0.9718617 0.0000110 0.2355524
vn 0.9655371 -0.0537264 0.2546598
vn 0.9986938 -0.0196053 0.0471841
vn 0.9749219 0.0131349 0.2221593
vn 0.9796929 0.0142356 0.1999985
vn 0.9989207 -0.0043599 0.0462460
vn 0.9989001 0.0005395 0.0468876
vn 0.9998817 -0.0049787 0.0145478
vn 0.9998817 -0.0049787 0.0145478
vn 0.9997880 0.0039158 0.0202143
vn 0.9997880 0.0039158 0.0202143
vn 0.9997042 -0.0209192 0.0124204
vn 0.9997042 -0.0209192 0.0124204
vn 0.1101315 -0.0081641 -0.9938834
vn 0.0959500 -0.0303912 -0.9949220
vn 0.1248054 0.1556872 -0.9798904
vn 0.0551720 -0.0077276 -0.9984470
vn 0.0516448 -0.0286431 -0.9982547
vn 0.0565903 0.1567108 -0.9860219
vn 0.0489330 -0.0077274 -0.9987722
vn 0.0524201 -0.0286430 -0.9982142
vn 0.0462308 0.1567114 -0.9865618
vn -0.0062227 -0.0081645 -0.9999473
vn 0.0080005 -0.0303966 -0.9995060
vn -0.0222602 0.1557144 -0.9875513
vn -0.9959769 -0.0049783 -0.0894716
vn -0.9959769 -0.0049783 -0.0894716
vn -0.9964725 0.0039174 -0.0838287
vn -0.9964725 0.0039174 -0.0838287
vn -0.9955780 -0.0209503 -0.0915733
vn -0.9955780 -0.0209503 -0.0915733
vn -0.9927275 -0.0791087 -0.0907412
vn -0.9927275 -0.0791087 -0.0907412
vn -0.9740775 -0.2119023 -0.0791863
vn -0.9740775 -0.2119023 -0.0791863
vn 0.0343015 -0.0381359 -0.9986838
vn -0.9956785 -0.0772696 -0.0515140
vn -0.9771853 -0.2091482 -0.0369589
vn -0.9687838 -0.1817317 0.1686171
vn -0.6290741 -0.0270856 0.7768734
vn -0.6290741 -0.0270856 0.7768734
vn -0.1458455 0.0936333 0.9848664
vn -0.0718984 0.0997998 0.9924065
vn -0.0316199 0.0998032 0.9945045
vn 0.0426572 0.0936306 0.9946927
vn 0.5448548 -0.0270747 0.8380932
vn 0.5448548 -0.0270747 0.8380932
vn 0.9459992 -0.1817288 0.2684402
vn 0.9757127 -0.2092289 0.0648697
vn 0.9770319 -0.2119001 0.0225108
vn 0.9770319 -0.2119001 0.0225108
vn 0.9956354 -0.0772871 0.0523118
vn 0.9967871 -0.0790420 0.0129534
vn 0.9967871 -0.0790420 0.0129534
vn 0.0697152 -0.0381298 -0.9968380
vn 0.0423907 -0.0513549 -0.9977804
vn 0.0445192 -0.0327979 -0.9984699
vn 0.0366221 -0.0396933 -0.9985405
vn 0.0595292 -0.0327986 -0.9976876
vn 0.0673443 -0.0396888 -0.9969400
vn 0.0615739 -0.0513570 -0.9967803
vn 0.6806888 0.0697482 0.7292448
vn 0.6806888 0.0697482 0.7292448
vn 0.0332075 0.1018118 0.9942493
vn -0.0455577 0.1025687 0.9936820
vn -0.0579973 0.1025684 0.9930336
vn 0.7768378 0.0602403 0.6268128
vn 0.7768378 0.0602403 0.6268128
vn 0.9865743 0.0115656 0.1629026
vn 0.9984835 -0.0010999 0.0550398
vn 0.9986364 -0.0028975 0.0521265
vn 0.9987777 -0.0149887 0.0470989
vn 0.8957807 -0.4178315 -0.1516363
vn 0.8957807 -0.4178315 -0.1516363
vn 0.9125192 -0.4033501 -0.0679512
vn 0.9125192 -0.4033501 -0.0679512
vn 0.0680005 -0.9114619 -0.4057254
vn 0.0690067 -0.9653108 -0.2518195
vn 0.0236800 -0.9126097 -0.4081455
vn 0.0162621 -0.9671429 -0.2537128
vn 0.0188797 -0.9126082 -0.4083992
vn 0.0102115 -0.9671306 -0.2540748
vn -0.0254470 -0.9114578 -0.4106058
vn -0.0424417 -0.9653142 -0.2576181
vn -0.8751890 -0.4177855 -0.2439252
vn -0.8751890 -0.4177855 -0.2439252
vn -0.9005047 -0.4033499 -0.1624812
vn -0.9005047 -0.4033499 -0.1624812
vn -0.9986445 -0.0028976 -0.0519714
vn -0.9982625 -0.0149850 -0.0569881
vn -0.9985744 -0.0125588 -0.0518777
vn -0.9985744 -0.0125588 -0.0518777
vn -0.9253465 -0.3777271 -0.0324979
vn -0.9253465 -0.3777271 -0.0324979
vn -0.9253465 -0.3777271 -0.0324979
vn -0.9253465 -0.3777271 -0.0324979
vn -0.9985592 0.0048233 -0.0534439
vn -0.9985592 0.0048233 -0.0534439
vn -0.9986185 -0.0128588 -0.0509486
vn -0.9304831 -0.3660617 -0.0141412
vn -0.9304831 -0.3660617 -0.0141412
vn -0.9986298 -0.0128978 -0.0507171
vn -0.9985939 0.0051998 -0.0527564
vn -0.9986045 0.0049730 -0.0525767
vn -0.9975582 0.0406258 -0.0568085
vn -0.9975582 0.0406258 -0.0568085
vn -0.9975470 0.0415250 -0.0563542
vn -0.9975470 0.0415250 -0.0563542
vn -0.0868027 0.9889175 -0.1204466
vn -0.0840371 0.9905722 -0.1081866
vn 0.0000719 0.9932035 -0.1163907
vn -0.0001709 0.9945475 -0.1042835
vn 0.0120298 0.9932035 -0.1157673
vn 0.0110597 0.9945469 -0.1037016
vn 0.0988466 0.9889186 -0.1107669
vn 0.0948824 0.9904472 -0.1000578
vn 0.9980583 0.0406339 0.0472063
vn 0.9980583 0.0406339 0.0472063
vn 0.9979989 0.0414857 0.0477202
vn 0.9979989 0.0414857 0.0477202
vn 0.9986647 0.0053398 0.0513827
vn 0.9986591 0.0049728 0.0515289
vn 0.9985042 -0.0128611 0.0531428
vn 0.9986955 0.0049193 0.0508246
vn 0.9986955 0.0049193 0.0508246
vn 0.9985564 -0.0125637 0.0522232
vn 0.9985564 -0.0125637 0.0522232
vn 0.9237061 -0.3777344 0.0639047
vn 0.9237061 -0.3777344 0.0639047
vn 0.9237061 -0.3777344 0.0639047
vn 0.9237061 -0.3777344 0.0639047
vn 0.0712456 -0.9963127 0.0478028
vn 0.0712456 -0.9963127 0.0478028
vn 0.9269122 -0.3660575 0.0826778
vn 0.9269122 -0.3660575 0.0826778
vn 0.9286057 -0.3609858 0.0859105
vn 0.9286057 -0.3609858 0.0859105
vn 0.0714801 -0.9926655 0.0974977
vn 0.0722041 -0.9916536 0.1068166
vn -0.0004476 -0.9955684 0.0940379
vn -0.0008649 -0.9946472 0.1033256
vn 0.0020265 -0.9990106 0.0444252
vn 0.0020265 -0.9990106 0.0444252
vn -0.0093354 -0.9955685 0.0935749
vn -0.0066341 -0.9990106 0.0439748
vn -0.0066341 -0.9990106 0.0439748
vn -0.0099293 -0.9946476 0.1028476
vn -0.0812199 -0.9926674 0.0895243
vn -0.0758159 -0.9963139 0.0401312
vn -0.0758159 -0.9963139 0.0401312
vn -0.0829066 -0.9916819 0.0984561
vn -0.9325026 -0.3609923 -0.0111217
vn -0.9325026 -0.3609923 -0.0111217
vn -0.0839024 -0.9915422 0.0990170
vn -0.0099246 -0.9946021 0.1032856
vn -0.0851986 -0.9912511 0.1008093
vn -0.9332519 -0.3590475 -0.0112150
vn -0.9332519 -0.3590475 -0.0112150
vn -0.9343413 -0.3562113 -0.0109560
vn -0.9343413 -0.3562113 -0.0109560
vn -0.9986305 -0.0128624 -0.0507123
vn -0.9986343 -0.0131138 -0.0505732
vn -0.9986050 0.0049933 -0.0525660
vn -0.9986169 0.0049015 -0.0523494
vn -0.9975414 0.0416533 -0.0563579
vn -0.9975414 0.0416533 -0.0563579
vn -0.9975795 0.0413464 -0.0559063
vn -0.9975795 0.0413464 -0.0559063
vn -0.0786846 0.9910780 -0.1075789
vn -0.0724376 0.9918718 -0.1046096
vn 0.0003391 0.9945878 -0.1038983
vn 0.0007740 0.9948687 -0.1011704
vn 0.0105113 0.9945881 -0.1033633
vn 0.0097478 0.9948687 -0.1007028
vn 0.0894468 0.9910777 -0.0988147
vn 0.0829020 0.9919525 -0.0956946
vn 0.9979924 0.0416526 0.0477094
vn 0.9979924 0.0416526 0.0477094
vn 0.9979885 0.0413226 0.0480767
vn 0.9979885 0.0413226 0.0480767
vn 0.9986585 0.0049931 0.0515398
vn 0.9986449 0.0045752 0.0518390
vn 0.9984911 -0.0128525 0.0533885
vn 0.9984807 -0.0131068 0.0535218
vn 0.9293585 -0.3590463 0.0858982
vn 0.9293585 -0.3590463 0.0858982
vn 0.9984911 -0.0128916 0.0533804
vn 0.9304180 -0.3562117 0.0862309
vn 0.9304180 -0.3562117 0.0862309
vn 0.0731892 -0.9915295 0.1072961
vn 0.0742627 -0.9912745 0.1089028
vn -0.0008670 -0.9946023 0.1037574
vn -0.0008009 -0.9944357 0.1053431
vn -0.0101553 -0.9944357 0.1048557
vn -0.0011200 -0.9936572 0.1124457
vn -0.0011200 -0.9936572 0.1124457
vn 0.0745721 -0.9904393 0.1160557
vn 0.0745721 -0.9904393 0.1160557
vn -0.0105806 -0.9936517 0.1120009
vn -0.0105806 -0.9936517 0.1120009
vn -0.0056854 -0.9797828 0.1999834
vn 0.0699847 -0.9766243 0.2032415
vn -0.0111288 -0.9525970 0.3040318
vn -0.0151365 -0.9797827 0.1994915
vn -0.0205195 -0.9526107 0.3034990
vn -0.0907340 -0.9766205 0.1948841
vn -0.0862302 -0.9904403 0.1076673
vn -0.0862302 -0.9904403 0.1076673
vn -0.0960142 -0.9495847 0.2984464
vn -0.9367452 -0.3493237 0.0219420
vn -0.9367452 -0.3493237 0.0219420
vn -0.9351588 -0.3541223 -0.0086750
vn -0.9351588 -0.3541223 -0.0086750
vn -0.9351588 -0.3541223 -0.0086750
vn -0.9351588 -0.3541223 -0.0086750
vn -0.9404790 -0.3352642 0.0556524
vn -0.9404790 -0.3352642 0.0556524
vn -0.9987896 -0.0151416 -0.0467975
vn -0.9986529 -0.0135711 -0.0500824
vn -0.9986529 -0.0135711 -0.0500824
vn -0.9986568 -0.0136469 -0.0499828
vn -0.9989538 0.0008943 -0.0457227
vn -0.9987794 0.0010169 -0.0493833
vn -0.9986684 0.0041158 -0.0514244
vn -0.9986684 0.0041158 -0.0514244
vn -0.9986842 0.0336789 -0.0386731
vn -0.9986842 0.0336789 -0.0386731
vn -0.9996051 0.0213370 -0.0182884
vn -0.9996051 0.0213370 -0.0182884
vn -0.9977143 0.0404074 -0.0541621
vn -0.9977143 0.0404074 -0.0541621
vn -0.9977143 0.0404074 -0.0541621
vn -0.9977143 0.0404074 -0.0541621
vn -0.0931295 0.9807134 0.1718386
vn -0.0699260 0.9935459 -0.0893132
vn -0.0699260 0.9935459 -0.0893132
vn -0.1410514 0.4629814 0.8750730
vn -0.0139241 0.9842617 0.1761676
vn 0.0003450 0.9962919 -0.0860363
vn 0.0003450 0.9962919 -0.0860363
vn -0.0530295 0.4631758 0.8846786
vn -0.0044535 0.9842610 0.1766647
vn -0.0392394 0.4631743 0.8853982
vn 0.0086045 0.9962920 -0.0856056
vn 0.0086045 0.9962920 -0.0856056
vn 0.0747416 0.9807128 0.1805990
vn 0.0493142 0.4629782 0.8849968
vn 0.9972919 0.0336973 0.0653720
vn 0.9972919 0.0336973 0.0653720
vn 0.0788368 0.9935459 -0.0815561
vn 0.0788368 0.9935459 -0.0815561
vn 0.9979388 0.0404054 0.0498567
vn 0.9979388 0.0404054 0.0498567
vn 0.9979388 0.0404054 0.0498567
vn 0.9979388 0.0404054 0.0498567
vn 0.9986050 0.0041437 0.0526413
vn 0.9986050 0.0041437 0.0526413
vn 0.9984481 -0.0135675 0.0540112
vn 0.9984481 -0.0135675 0.0540112
vn 0.9982946 0.0007988 0.0583706
vn 0.9985024 0.0009767 0.0546987
vn 0.9982426 -0.0151422 0.0572941
vn 0.9984415 -0.0136443 0.0541165
vn 0.9293873 -0.3493173 0.1192341
vn 0.9293873 -0.3493173 0.1192341
vn 0.9309947 -0.3541186 0.0885940
vn 0.9309947 -0.3541186 0.0885940
vn 0.9309947 -0.3541186 0.0885940
vn 0.9309947 -0.3541186 0.0885940
vn 0.9295953 -0.3352715 0.1531202
vn 0.9295953 -0.3352715 0.1531202
vn 0.9272638 -0.3052398 0.2168193
vn 0.9272638 -0.3052398 0.2168193
vn 0.0644642 -0.9495840 0.3068135
vn 0.0534260 -0.8704424 0.4893625
vn 0.0424353 -0.7676355 0.6394802
vn -0.0206769 -0.8730749 0.4871473
vn -0.0300817 -0.8730742 0.4866586
vn -0.0286048 -0.7698281 0.6376097
vn -0.0363184 -0.6241147 0.7804881
vn -0.0378436 -0.7698303 0.6371258
vn -0.0450314 -0.6241178 0.7800314
vn -0.1086855 -0.7676498 0.6315864
vn -0.1107833 -0.6224824 0.7747532
vn -0.1040176 -0.8704402 0.4811592
vn -0.9417762 -0.2812297 0.1843019
vn -0.9417762 -0.2812297 0.1843019
vn -0.9279374 -0.2542622 0.2725491
vn -0.9279374 -0.2542622 0.2725491
vn -0.9447843 -0.3052287 0.1192390
vn -0.9447843 -0.3052287 0.1192390
vn -0.9990753 -0.0141553 -0.0405985
vn -0.9988032 -0.0122169 -0.0473590
vn -0.9994709 -0.0208737 -0.0249407
vn -0.9986294 -0.0018935 -0.0523028
vn -0.9988277 -0.0027625 -0.0483284
vn -0.9986997 0.0004648 -0.0509753
vn -0.9985875 -0.0000646 -0.0531312
vn -0.9987826 -0.0005404 -0.0493268
vn -0.9997831 -0.0088811 0.0188421
vn -0.9997831 -0.0088811 0.0188421
vn -0.9955745 -0.0300080 0.0890559
vn -0.9955745 -0.0300080 0.0890559
vn -0.1376193 -0.1531186 0.9785783
vn -0.9991932 -0.0012384 -0.0401417
vn -0.9995514 -0.0044104 -0.0296260
vn -0.9985417 0.0006725 -0.0539810
vn -0.9985486 0.0003511 -0.0538578
vn -0.9985800 0.0005106 -0.0532710
vn -0.9985920 0.0003288 -0.0530439
vn -0.9985983 0.0002134 -0.0529281
vn -0.9985999 0.0003069 -0.0528987
vn -0.9985959 0.0003081 -0.0529742
vn -0.9986010 0.0002559 -0.0528787
vn -0.9985963 0.0003115 -0.0529665
vn -0.9983627 0.0017772 -0.0571729
vn -0.9983084 0.0020906 -0.0581009
vn -0.9983640 0.0017900 -0.0571503
vn -0.9957720 0.0138734 -0.0908053
vn -0.9953708 0.0153323 -0.0948777
vn -0.9959866 0.0131095 -0.0885371
vn -0.8802133 0.1464257 -0.4514248
vn -0.8802133 0.1464257 -0.4514248
vn -0.8596402 0.1594151 -0.4853921
vn -0.8596402 0.1594151 -0.4853921
vn -0.8916208 0.1386675 -0.4310262
vn -0.8916208 0.1386675 -0.4310262
vn -0.0273483 0.3402281 -0.9399452
vn -0.0195242 0.3412554 -0.9397679
vn -0.0328044 0.3391916 -0.9401451
vn 0.0436962 0.3413496 -0.9389200
vn 0.0433705 0.3404158 -0.9392743
vn 0.0442337 0.3421852 -0.9385908
vn 0.0540625 0.3413500 -0.9383802
vn 0.0545204 0.3404160 -0.9386930
vn 0.0535877 0.3421854 -0.9381031
vn 0.1248838 0.3402408 -0.9320087
vn 0.1171014 0.3412541 -0.9326483
vn 0.1303525 0.3399445 -0.9313679
vn 0.9223786 0.1464521 -0.3574487
vn 0.9223786 0.1464521 -0.3574487
vn 0.9054306 0.1594243 -0.3934200
vn 0.9054306 0.1594243 -0.3934200
vn 0.9316004 0.1386822 -0.3359882
vn 0.9316004 0.1386822 -0.3359882
vn 0.9998165 0.0138803 0.0132060
vn 0.9998409 0.0153366 0.0091108
vn 0.9997942 0.0131080 0.0154830
vn 0.9989175 0.0019373 0.0464766
vn 0.9989392 0.0020915 0.0460010
vn 0.9989018 0.0018378 0.0468158
vn 0.9986917 0.0003078 0.0511347
vn 0.9986914 0.0003116 0.0511410
vn 0.9986868 0.0002550 0.0512311
vn 0.9986953 0.0003282 0.0510646
vn 0.9986895 0.0002137 0.0511804
vn 0.9986878 0.0003060 0.0512122
vn 0.9987232 0.0005372 0.0505141
vn 0.9986981 0.0004270 0.0510110
vn 0.9987225 0.0003169 0.0505308
vn 0.9979515 -0.0012383 0.0639625
vn 0.9985589 0.0005130 0.0536630
vn 0.9972110 -0.0046284 0.0744911
vn 0.9929477 -0.0082242 0.1182677
vn 0.9929477 -0.0082242 0.1182677
vn 0.9816700 -0.0294968 0.1882921
vn 0.9816700 -0.0294968 0.1882921
vn 0.9960926 0.0213309 0.0856998
vn 0.9960926 0.0213309 0.0856998
vn 0.0351667 -0.1531184 0.9875820
vn 0.9985038 -0.0003012 0.0546823
vn 0.9983144 -0.0122158 0.0567385
vn 0.9986576 -0.0018740 0.0517612
vn 0.9984395 -0.0027619 0.0557749
vn 0.9986927 -0.0001027 0.0511165
vn 0.9978821 -0.0141612 0.0634877
vn 0.9966471 -0.0208774 0.0791109
vn 0.9175122 -0.2812307 0.2812129
vn 0.9175122 -0.2812307 0.2812129
vn 0.8945741 -0.2542653 0.3675409
vn 0.8945741 -0.2542653 0.3675409
vn 0.8714631 -0.2240049 0.4363188
vn 0.8714631 -0.2240049 0.4363188
vn 0.0296547 -0.6224647 0.7820858
vn 0.0192012 -0.4981632 0.8668706
vn 0.0117868 -0.4412571 0.8973034
vn -0.0411315 -0.4992960 0.8654547
vn -0.0430757 -0.4421295 0.8959162
vn -0.0490761 -0.4992953 0.8650410
vn -0.0503027 -0.4421286 0.8955400
vn -0.1092050 -0.4981409 0.8601918
vn -0.1050170 -0.4412672 0.8912097
vn -0.9120981 -0.2240108 0.3433602
vn -0.9120981 -0.2240108 0.3433602
vn -0.8958098 -0.2139782 0.3895355
vn -0.8958098 -0.2139782 0.3895355
vn -0.9996629 -0.0201982 -0.0163152
vn -0.9997407 -0.0198216 -0.0112095
vn -0.9988841 -0.0026527 -0.0471548
vn -0.9989158 -0.0026213 -0.0464780
vn -0.9986659 -0.0002318 -0.0516376
vn -0.9986436 -0.0000043 -0.0520667
vn -0.9986693 -0.0002209 -0.0515705
vn -0.9986579 -0.0002974 -0.0517914
vn -0.9986399 -0.0000320 -0.0521378
vn -0.9986207 0.0000065 -0.0525045
vn -0.9986197 0.0001747 -0.0525236
vn -0.9986119 0.0001797 -0.0526715
vn -0.9986197 0.0001925 -0.0525238
vn -0.9983738 0.0019170 -0.0569721
vn -0.9983943 0.0016879 -0.0566235
vn -0.9983748 0.0019004 -0.0569582
vn -0.9959843 0.0135900 -0.0884918
vn -0.9957440 0.0143397 -0.0910401
vn -0.9960478 0.0129885 -0.0878638
vn -0.8917361 0.1398281 -0.4304124
vn -0.8917361 0.1398281 -0.4304124
vn -0.8949654 0.1365233 -0.4247334
vn -0.8949654 0.1365233 -0.4247334
vn -0.8802062 0.1456890 -0.4516767
vn -0.8802062 0.1456890 -0.4516767
vn -0.0332075 0.3396167 -0.9399775
vn -0.0277441 0.3353516 -0.9416844
vn -0.0347203 0.3387626 -0.9402310
vn 0.0434372 0.3405494 -0.9392226
vn 0.0432298 0.3399492 -0.9394497
vn 0.0438149 0.3360980 -0.9408073
vn 0.0544424 0.3405504 -0.9386487
vn 0.0546299 0.3399421 -0.9388582
vn 0.0542683 0.3361225 -0.9402535
vn 0.1307815 0.3406256 -0.9310588
vn 0.1254967 0.3353529 -0.9336964
vn 0.1322440 0.3387638 -0.9315313
vn 0.9316683 0.1398190 -0.3353280
vn 0.9316683 0.1398190 -0.3353280
vn 0.9342783 0.1365184 -0.3293735
vn 0.9342783 0.1365184 -0.3293735
vn 0.9223985 0.1456790 -0.3577129
vn 0.9223985 0.1456790 -0.3577129
vn 0.9997870 0.0135928 0.0155304
vn 0.9998131 0.0143346 0.0129756
vn 0.9997851 0.0129919 0.0161585
vn 0.9988973 0.0019988 0.0469049
vn 0.9988925 0.0018053 0.0470169
vn 0.9989073 0.0020599 0.0466907
vn 0.9986688 0.0001763 0.0515808
vn 0.9986687 0.0001933 0.0515822
vn 0.9986486 -0.0000320 0.0519706
vn 0.9986764 0.0001809 0.0514345
vn 0.9986677 0.0000073 0.0516024
vn 0.9986448 -0.0000051 0.0520433
vn 0.9986305 -0.0002982 0.0523161
vn 0.9986222 -0.0002342 0.0524727
vn 0.9986187 -0.0002228 0.0525419
vn 0.9983869 -0.0025887 0.0567175
vn 0.9983402 -0.0025864 0.0575352
vn 0.9959410 -0.0202020 0.0877116
vn 0.9954886 -0.0198208 0.0927870
vn 0.9949430 -0.0214551 0.0981229
vn 0.8504575 -0.2139786 0.4805571
vn 0.8504575 -0.2139786 0.4805571
vn 0.8227267 -0.2245801 0.5221921
vn 0.8227267 -0.2245801 0.5221921
vn 0.7869373 -0.2432941 0.5670429
vn 0.7869373 -0.2432941 0.5670429
vn 0.0052198 -0.4252668 0.9050530
vn -0.0012386 -0.4206571 0.9072187
vn -0.0438518 -0.4259415 0.9036874
vn -0.0443707 -0.4212086 0.9058778
vn -0.0502979 -0.4259187 0.9033623
vn -0.0500041 -0.4212185 0.9055796
vn -0.0992880 -0.4258754 0.8993175
vn -0.0930924 -0.4203613 0.9025686
vn -0.8725611 -0.2246078 0.4338069
vn -0.8725611 -0.2246078 0.4338069
vn -0.8416282 -0.2432890 0.4821539
vn -0.8416282 -0.2432890 0.4821539
vn -0.9997528 -0.0214564 -0.0058406
vn -0.9997037 -0.0243340 0.0006040
vn -0.9989414 -0.0027821 -0.0459176
vn -0.9989701 -0.0033297 -0.0452512
vn -0.9986731 -0.0002484 -0.0514957
vn -0.9986440 -0.0000052 -0.0520602
vn -0.9986751 -0.0005525 -0.0514560
vn -0.9986410 -0.0002660 -0.0521162
vn -0.9986604 -0.0032025 -0.0516433
vn -0.9989863 -0.0063096 -0.0445696
vn -0.9986264 -0.0029415 -0.0523137
vn -0.9984481 -0.0196414 -0.0521117
vn -0.9987170 -0.0227009 -0.0452634
vn -0.9555166 -0.2905049 -0.0509420
vn -0.9555166 -0.2905049 -0.0509420
vn -0.9984262 -0.0189903 -0.0527686
vn -0.9573027 -0.2843897 -0.0519031
vn -0.9573027 -0.2843897 -0.0519031
vn -0.9984044 -0.0182778 -0.0534291
vn -0.9590060 -0.2784030 -0.0529084
vn -0.9590060 -0.2784030 -0.0529084
vn -0.9980677 -0.0149397 -0.0603137
vn -0.9985930 -0.0025597 -0.0529682
vn -0.9981907 0.0001856 -0.0601265
vn -0.9986069 -0.0000106 -0.0527659
vn -0.9982324 0.0024752 -0.0593784
vn -0.9986142 0.0002141 -0.0526286
vn -0.9982925 0.0023140 -0.0583669
vn -0.9986176 0.0001995 -0.0525629
vn -0.9986441 0.0000004 -0.0520587
vn -0.9983320 0.0021001 -0.0576961
vn -0.9954001 0.0153143 -0.0945729
vn -0.9948936 0.0169650 -0.0994938
vn -0.8635868 0.1539532 -0.4801211
vn -0.8635868 0.1539532 -0.4801211
vn -0.8394786 0.1666978 -0.5171922
vn -0.8394786 0.1666978 -0.5171922
vn -0.0212066 0.3318404 -0.9430972
vn -0.0137269 0.3307806 -0.9436079
vn 0.0443130 0.3325089 -0.9420585
vn 0.0449111 0.3313054 -0.9424542
vn 0.0539534 0.3325359 -0.9415460
vn 0.0533113 0.3313044 -0.9420167
vn 0.1191323 0.3318296 -0.9357867
vn 0.1117689 0.3312342 -0.9369053
vn 0.9088228 0.1539705 -0.3877294
vn 0.9088228 0.1539705 -0.3877294
vn 0.8886886 0.1667060 -0.4271320
vn 0.8886886 0.1667060 -0.4271320
vn 0.9998382 0.0153148 0.0094316
vn 0.9998459 0.0169689 0.0044858
vn 0.9989204 0.0021012 0.0464063
vn 0.9989571 0.0023644 0.0455969
vn 0.9986708 0.0002002 0.0515430
vn 0.9986742 0.0002142 0.0514779
vn 0.9986444 -0.0000009 0.0520521
vn 0.9986444 -0.0000071 0.0520507
vn 0.9986473 -0.0002682 0.0519969
vn 0.9986151 -0.0002491 0.0526105
vn 0.9982889 -0.0028795 0.0584029
vn 0.9986128 -0.0005524 0.0526505
vn 0.9982417 -0.0033917 0.0591760
vn 0.9986176 -0.0032976 0.0524577
vn 0.9986531 -0.0029438 0.0518016
vn 0.9982067 -0.0063074 0.0595287
vn 0.9984556 -0.0196343 0.0519708
vn 0.9985018 -0.0189871 0.0513214
vn 0.9556370 -0.2904984 0.0486680
vn 0.9556370 -0.2904984 0.0486680
vn 0.9980115 -0.0226894 0.0588046
vn 0.9522291 -0.2999858 0.0571688
vn 0.9522291 -0.2999858 0.0571688
vn 0.9933485 -0.0433614 0.1066703
vn 0.9351072 -0.3326153 0.1222358
vn 0.9351072 -0.3326153 0.1222358
vn 0.9935950 -0.0289986 0.1092151
vn 0.7316098 -0.2822426 0.6205531
vn 0.7316098 -0.2822426 0.6205531
vn 0.6787195 -0.4761147 0.5591553
vn 0.6787195 -0.4761147 0.5591553
vn 0.6787195 -0.4761147 0.5591553
vn 0.7515687 -0.2626539 0.6051093
vn 0.7515687 -0.2626539 0.6051093
vn -0.0138176 -0.4293103 0.9030513
vn 0.0185771 -0.6579504 0.7528322
vn 0.0185771 -0.6579504 0.7528322
vn -0.0075405 -0.4204786 0.9072711
vn -0.0449395 -0.4301633 0.9016319
vn -0.0354547 -0.6558807 0.7540315
vn -0.0354547 -0.6558807 0.7540315
vn -0.0448017 -0.4209160 0.9059926
vn -0.0490424 -0.4301560 0.9014214
vn -0.0431333 -0.6558724 0.7536384
vn -0.0431333 -0.6558724 0.7536384
vn -0.0496341 -0.4209175 0.9057400
vn -0.0801814 -0.4293166 0.8995879
vn -0.0967387 -0.6579566 0.7468164
vn -0.0967387 -0.6579566 0.7468164
vn -0.0868037 -0.4204811 0.9031394
vn -0.7921513 -0.2822666 0.5411301
vn -0.7921513 -0.2822666 0.5411301
vn -0.7331708 -0.4760788 0.4856022
vn -0.7331708 -0.4760788 0.4856022
vn -0.7331708 -0.4760788 0.4856022
vn -0.8104023 -0.2626588 0.5236970
vn -0.8104023 -0.2626588 0.5236970
vn -0.9990550 -0.0433726 0.0028209
vn -0.9427546 -0.3325952 0.0243764
vn -0.9427546 -0.3325952 0.0243764
vn -0.9995654 -0.0289955 0.0053187
vn -0.9530102 -0.2999928 -0.0421419
vn -0.9530102 -0.2999928 -0.0421419
vn -0.1873863 -0.9606678 0.2049482
vn -0.2161674 -0.9763016 0.0103339
vn -0.0224533 -0.9735669 0.2272956
vn -0.0141616 -0.9996292 0.0232555
vn -0.0013029 -0.9735671 0.2283975
vn 0.1650604 -0.9606702 0.2233107
vn 0.0117118 -0.9996292 0.0245841
vn 0.2139207 -0.9763018 0.0327519
vn 0.0136827 -0.9999031 0.0025572
vn 0.0141600 -0.9998996 0.0004645
vn -0.0138763 -0.9999031 0.0011585
vn 0.2254945 -0.9741637 0.0125445
vn 0.2308121 -0.9729385 0.0107919
vn 0.9575095 -0.2843953 0.0479028
vn 0.9575095 -0.2843953 0.0479028
vn 0.2356773 -0.9717917 0.0087823
vn 0.2402743 -0.9705843 -0.0153037
vn 0.0145464 -0.9998925 -0.0018958
vn 0.9593087 -0.2784055 0.0470882
vn 0.9593087 -0.2784055 0.0470882
vn 0.9623641 -0.2690617 0.0382212
vn 0.9623641 -0.2690617 0.0382212
vn 0.9985487 -0.0182744 0.0506613
vn 0.9986885 -0.0026078 0.0511333
vn 0.9989296 -0.0149360 0.0437794
vn 0.9990324 0.0001396 0.0439798
vn 0.9999847 0.0036520 -0.0041355
vn 0.9690804 -0.2449366 -0.0298187
vn 0.9690804 -0.2449366 -0.0298187
vn 0.9998160 0.0181612 -0.0061772
vn 0.8243726 0.1890185 -0.5335557
vn 0.8243726 0.1890185 -0.5335557
vn 0.8361989 0.1934906 -0.5131596
vn 0.8361989 0.1934906 -0.5131596
vn 0.8437477 -0.0311833 -0.5358334
vn 0.8437477 -0.0311833 -0.5358334
vn 0.8437477 -0.0311833 -0.5358334
vn 0.0895262 0.3186865 -0.9436228
vn 0.1333403 -0.0264281 -0.9907179
vn 0.1333403 -0.0264281 -0.9907179
vn 0.0968360 0.3289118 -0.9393826
vn 0.0520297 0.3182098 -0.9465916
vn 0.0576195 -0.0205798 -0.9981266
vn 0.0576195 -0.0205798 -0.9981266
vn 0.0523361 0.3291128 -0.9428391
vn 0.0466680 0.3182024 -0.9468734
vn 0.0464606 -0.0205647 -0.9987084
vn 0.0464606 -0.0205647 -0.9987084
vn 0.0459498 0.3290749 -0.9431852
vn 0.0090650 0.3186785 -0.9478195
vn -0.0296248 -0.0264152 -0.9992119
vn -0.0296248 -0.0264152 -0.9992119
vn 0.0013638 0.3276937 -0.9447830
vn -0.7644424 0.1890034 -0.6163649
vn -0.7644424 0.1890034 -0.6163649
vn -0.7783620 0.1934882 -0.5972561
vn -0.7783620 0.1934882 -0.5972561
vn -0.7834606 -0.0311857 -0.6206586
vn -0.7834606 -0.0311857 -0.6206586
vn -0.7834606 -0.0311857 -0.6206586
vn -0.9941367 0.0036540 -0.1080688
vn -0.9607301 -0.2449367 -0.1303986
vn -0.9607301 -0.2449367 -0.1303986
vn -0.9937547 0.0181675 -0.1100970
vn -0.9942324 0.0189106 -0.1055675
vn -0.8083580 0.1818358 -0.5599047
vn -0.8083580 0.1818358 -0.5599047
vn -0.0061111 0.3304129 -0.9438167
vn 0.0453900 0.3307933 -0.9426111
vn 0.0528103 0.3307944 -0.9422241
vn 0.1042419 0.3304830 -0.9380376
vn 0.8621904 0.1818366 -0.4728244
vn 0.8621904 0.1818366 -0.4728244
vn 0.9998198 0.0189079 -0.0016180
vn 0.9990004 0.0025206 0.0446301
vn 0.9986811 -0.0000106 0.0513416
vn -0.9611226 -0.2690629 -0.0620352
vn -0.9611226 -0.2690629 -0.0620352
vn -0.2207381 -0.9258753 -0.3066425
vn -0.2373769 -0.9705853 -0.0402013
vn 0.0020526 -0.9479948 -0.3182792
vn -0.0129920 -0.9994811 -0.0294749
vn 0.0310482 -0.9480028 -0.3167443
vn 0.0159864 -0.9994811 -0.0279652
vn 0.2514156 -0.9258832 -0.2820112
vn -0.0142704 -0.9998924 -0.0033981
vn -0.0141314 -0.9998996 -0.0010103
vn -0.2353206 -0.9717901 -0.0157547
vn -0.2306424 -0.9729484 -0.0132438
vn -0.2255778 -0.9741637 -0.0109476
vn 0.9942228 -0.0243350 0.1045409
vn 0.0577811 -0.2138101 0.9751649
vn -0.0394570 -0.1554837 0.9870501
vn -0.0633762 -0.1554834 0.9858035
vn -0.0332241 -0.2166922 0.9756745
vn -0.0211715 -0.2349353 0.9717805
vn -0.0683923 -0.2166923 0.9738414
vn -0.0799740 -0.2349340 0.9687157
vn -0.1588446 -0.2138010 0.9638763
vn -0.1961987 -0.2305995 0.9530634
vn -0.2296123 -0.2495452 0.9407473
vn -0.9940367 -0.0366956 0.1026862
vn -0.9940367 -0.0366956 0.1026862
vn -0.9922889 -0.0435811 0.1160318
vn -0.9922889 -0.0435811 0.1160318
vn -0.9996856 -0.0066735 -0.0241673
vn -0.9997448 -0.0081642 -0.0210664
vn -0.9986152 0.0002339 -0.0526078
vn -0.9986105 0.0002288 -0.0526969
vn -0.9986249 0.0003618 -0.0524247
vn -0.9986190 0.0003667 -0.0525364
vn -0.9986349 0.0015928 -0.0522073
vn -0.9986296 0.0010545 -0.0523232
vn -0.9986603 0.0034298 -0.0516332
vn -0.9997466 -0.0098243 -0.0202596
vn -0.9995581 -0.0174259 -0.0240824
vn -0.9912325 -0.0598754 0.1177834
vn -0.9912325 -0.0598754 0.1177834
vn -0.9899737 -0.1097651 0.0889028
vn -0.9899737 -0.1097651 0.0889028
vn -0.2586400 -0.3373504 0.9051520
vn -0.2807515 -0.6253992 0.7280484
vn -0.1003713 -0.3469906 0.9324822
vn -0.0914032 -0.2561229 0.9623131
vn -0.1014808 -0.6471055 0.7556165
vn 0.0028946 -0.3470309 0.9378492
vn -0.0091398 -0.2561237 0.9666007
vn 0.0223716 -0.6471038 0.7620735
vn 0.1631004 -0.3373401 0.9271460
vn 0.2035377 -0.6253884 0.7533006
vn 0.1305942 -0.2495238 0.9595222
vn 0.9736177 -0.0598300 0.2202019
vn 0.9736177 -0.0598300 0.2202019
vn 0.9748423 -0.0435664 0.2185966
vn 0.9748423 -0.0435664 0.2185966
vn 0.9753644 -0.1097366 0.1913689
vn 0.9753644 -0.1097366 0.1913689
vn 0.9964352 -0.0098234 0.0837887
vn 0.9965172 -0.0081646 0.0829866
vn 0.9966415 -0.0174582 0.0800062
vn 0.9986510 0.0015930 0.0518985
vn 0.9986164 0.0034281 0.0524742
vn 0.9986535 0.0012301 0.0518616
vn 0.9986636 0.0003623 0.0516804
vn 0.9986691 0.0003647 0.0515751
vn 0.9986731 0.0002347 0.0514973
vn 0.9967807 -0.0066728 0.0798982
vn 0.9986773 0.0002272 0.0514156
vn 0.9986911 0.0003048 0.0511457
vn 0.9989743 0.0023531 0.0452211
vn 0.9986873 0.0004356 0.0512213
vn 0.9986726 0.0008498 0.0514995
vn 0.9989966 0.0025880 0.0447100
vn 0.9989840 0.0031844 0.0449528
vn 0.9998187 0.0190064 -0.0011664
vn 0.9998457 0.0169853 0.0044560
vn 0.9997751 0.0207825 -0.0042208
vn 0.8605840 0.1872380 -0.4736424
vn 0.8605840 0.1872380 -0.4736424
vn 0.8452877 0.1975001 -0.4964699
vn 0.8452877 0.1975001 -0.4964699
vn 0.8852631 0.1730209 -0.4317095
vn 0.8852631 0.1730209 -0.4317095
vn 0.1035244 0.3408293 -0.9344078
vn 0.1001002 0.3434938 -0.9338052
vn 0.1100891 0.3417214 -0.9333311
vn 0.0526567 0.3414526 -0.9384228
vn 0.0531089 0.3425238 -0.9380069
vn 0.0523324 0.3440064 -0.9375077
vn 0.0452766 0.3414829 -0.9387969
vn 0.0447450 0.3425269 -0.9384419
vn 0.0454168 0.3440051 -0.9378688
vn -0.0058143 0.3401464 -0.9403545
vn -0.0025087 0.3434990 -0.9391496
vn -0.0124161 0.3417259 -0.9397177
vn -0.8066791 0.1872356 -0.5605457
vn -0.8066791 0.1872356 -0.5605457
vn -0.7890791 0.1975079 -0.5816742
vn -0.7890791 0.1975079 -0.5816742
vn -0.8355888 0.1730202 -0.5213975
vn -0.8355888 0.1730202 -0.5213975
vn -0.9942794 0.0190094 -0.1051065
vn -0.9948913 0.0169822 -0.0995134
vn -0.9939183 0.0207811 -0.1081402
vn -0.9982516 0.0025237 -0.0590538
vn -0.9982626 0.0023511 -0.0588751
vn -0.9982303 0.0031474 -0.0593819
vn -0.9986008 0.0004344 -0.0528791
vn -0.9985967 0.0003050 -0.0529583
vn -0.9986207 0.0010610 -0.0524923
vn -0.9986801 0.0022204 -0.0513144
vn -0.9983078 0.0040541 -0.0580101
vn -0.9986818 0.0029290 -0.0512447
vn -0.9987038 -0.0005274 -0.0508964
vn -0.9983515 0.0030931 -0.0573127
vn -0.9986878 -0.0021033 -0.0511687
vn -0.9986307 -0.0009820 -0.0523039
vn -0.9985286 -0.0022518 -0.0541809
vn -0.9984821 -0.0023872 -0.0550263
vn -0.9975969 -0.0069657 -0.0689327
vn -0.9988248 -0.0258057 -0.0410272
vn -0.9972505 -0.0349249 -0.0653567
vn -0.9875156 -0.1536589 0.0346696
vn -0.9875156 -0.1536589 0.0346696
vn -0.9819554 -0.1869608 -0.0284469
vn -0.9819554 -0.1869608 -0.0284469
vn -0.2972230 -0.8484341 0.4379704
vn -0.3157166 -0.9292801 0.1917327
vn -0.0962042 -0.8853198 0.4549215
vn -0.0935058 -0.9728904 0.2115203
vn 0.0483928 -0.8853194 0.4624583
vn 0.0710054 -0.9728906 0.2200955
vn 0.2500812 -0.8484409 0.4664841
vn 0.2941114 -0.9292643 0.2235309
vn 0.9785599 -0.1536540 0.1371528
vn 0.9785599 -0.1536540 0.1371528
vn 0.9795903 -0.1869717 0.0737860
vn 0.9795903 -0.1869717 0.0737860
vn 0.9976807 -0.0257929 0.0629935
vn 0.9986414 -0.0349189 0.0386773
vn 0.9987918 -0.0023856 0.0490843
vn 0.9993575 -0.0069642 0.0351580
vn 0.9986578 -0.0010238 0.0517822
vn 0.9987537 -0.0019178 0.0498726
vn 0.9985976 0.0029267 0.0528592
vn 0.9985824 -0.0003350 0.0532254
vn 0.9985960 -0.0020981 0.0529305
vn 0.9989028 0.0029628 0.0467376
vn 0.9986031 0.0022214 0.0527906
vn 0.9989355 0.0040582 0.0459511
vn 0.9997122 0.0238285 -0.0028089
vn 0.9994428 0.0330536 -0.0046416
vn 0.8404495 0.2242341 -0.4933191
vn 0.8404495 0.2242341 -0.4933191
vn 0.8078576 0.3226527 -0.4932153
vn 0.8078576 0.3226527 -0.4932153
vn 0.0983376 0.3846310 -0.9178174
vn 0.0921755 0.5193838 -0.8495553
vn 0.0514362 0.3851201 -0.9214321
vn 0.0478201 0.5201055 -0.8527622
vn 0.0446398 0.3851192 -0.9217864
vn 0.0410991 0.5201060 -0.8531125
vn -0.0023897 0.3846315 -0.9230671
vn -0.0033546 0.5193925 -0.8545293
vn -0.7846093 0.2242107 -0.5780292
vn -0.7846093 0.2242107 -0.5780292
vn -0.7522086 0.3226495 -0.5745255
vn -0.7522086 0.3226495 -0.5745255
vn -0.9940028 0.0238258 -0.1067276
vn -0.9935455 0.0330543 -0.1085118
vn -0.9923090 0.0435896 -0.1158561
vn -0.7088581 0.3990894 -0.5815908
vn -0.7088581 0.3990894 -0.5815908
vn -0.9849104 0.0860442 -0.1501596
vn -0.9983217 0.0024486 -0.0578618
vn -0.9980342 0.0059459 -0.0623882
vn -0.9974126 0.0179314 -0.0696181
vn -0.9986658 -0.0015961 -0.0516165
vn -0.9978762 0.0157143 -0.0632156
vn -0.9986033 -0.0006514 -0.0528301
vn -0.9978856 0.0161182 -0.0629625
vn -0.9983422 0.0084373 -0.0569359
vn -0.9977476 0.0205802 -0.0638452
vn -0.9981861 0.0056390 -0.0599400
vn -0.9866217 0.1285450 -0.1002694
vn -0.9798981 0.1508984 -0.1304967
vn -0.9915242 0.0963880 -0.0871156
vn -0.6580997 0.6897162 -0.3019873
vn -0.6580997 0.6897162 -0.3019873
vn -0.6040488 0.6919791 -0.3953351
vn -0.6040488 0.6919791 -0.3953351
vn -0.7169890 0.6536209 -0.2422940
vn -0.7169890 0.6536209 -0.2422940
vn -0.0318762 0.9290817 -0.3684984
vn -0.0219962 0.8830541 -0.4687555
vn -0.0404611 0.9526122 -0.3014845
vn 0.0148051 0.9299507 -0.3673859
vn 0.0203798 0.8837290 -0.4675552
vn 0.0109733 0.9538733 -0.3000087
vn 0.0234711 0.9299496 -0.3669371
vn 0.0283435 0.8837292 -0.4671395
vn 0.0203126 0.9538623 -0.2995563
vn 0.0700025 0.9290804 -0.3631934
vn 0.0706420 0.8830523 -0.4639271
vn 0.0715996 0.9526113 -0.2956438
vn 0.6859755 0.6896752 -0.2319177
vn 0.6859755 0.6896752 -0.2319177
vn 0.6419192 0.6919482 -0.3303748
vn 0.6419192 0.6919482 -0.3303748
vn 0.7383072 0.6536076 -0.1664317
vn 0.7383072 0.6536076 -0.1664317
vn 0.9916968 0.1285667 0.0028362
vn 0.9881573 0.1508832 -0.0279170
vn 0.9952098 0.0963707 0.0164369
vn 0.9988515 0.0084379 0.0471643
vn 0.9989793 0.0206513 0.0401738
vn 0.9990084 0.0055874 0.0441700
vn 0.9987079 -0.0007701 0.0508135
vn 0.9990245 0.0161612 0.0410949
vn 0.9986203 -0.0015951 0.0524857
vn 0.9991127 0.0059756 0.0416909
vn 0.9990398 0.0156341 0.0409268
vn 0.9992444 0.0178913 0.0345055
vn 0.9901933 0.1303010 -0.0503889
vn 0.9896327 0.1266076 -0.0678050
vn 0.9897047 0.1385149 -0.0360308
vn 0.6301618 0.6212944 -0.4657139
vn 0.6301618 0.6212944 -0.4657139
vn 0.6329674 0.6695192 -0.3887109
vn 0.6329674 0.6695192 -0.3887109
vn 0.6374848 0.5793859 -0.5078633
vn 0.6374848 0.5793859 -0.5078633
vn 0.0753585 0.7782388 -0.6234303
vn 0.0776246 0.7309231 -0.6780310
vn 0.0722426 0.8446664 -0.5303960
vn 0.0362327 0.7787527 -0.6262839
vn 0.0391158 0.7314509 -0.6807714
vn 0.0316338 0.8452877 -0.5333741
vn 0.0289231 0.7787690 -0.6266436
vn 0.0320619 0.7314398 -0.6811517
vn 0.0239879 0.8452842 -0.5337783
vn -0.0101533 0.7784855 -0.6275806
vn -0.0067183 0.7309241 -0.6824258
vn -0.0167292 0.8446616 -0.5350392
vn -0.5782595 0.6213309 -0.5287379
vn -0.5782595 0.6213309 -0.5287379
vn -0.5890832 0.6695470 -0.4524246
vn -0.5890832 0.6695470 -0.4524246
vn -0.5812256 0.5793895 -0.5713883
vn -0.5812256 0.5793895 -0.5713883
vn -0.9795856 0.1303095 -0.1530733
vn -0.9772159 0.1266320 -0.1703335
vn -0.9805926 0.1385298 -0.1387358
vn -0.6151639 0.5209082 -0.5918006
vn -0.6151639 0.5209082 -0.5918006
vn -0.0046868 0.6843526 -0.7291363
vn -0.0036976 0.5959396 -0.8030208
vn 0.0346302 0.6849900 -0.7277291
vn 0.0384181 0.5967025 -0.8015424
vn 0.0413084 0.6849732 -0.7273963
vn 0.0451222 0.5967036 -0.8011920
vn 0.0804737 0.6836932 -0.7253189
vn 0.0871395 0.5959380 -0.7982887
vn 0.6734022 0.5208828 -0.5246052
vn 0.6734022 0.5208828 -0.5246052
vn 0.7654707 0.3991049 -0.5047472
vn 0.7654707 0.3991049 -0.5047472
vn 0.9951854 0.0860390 -0.0469406
vn 0.9989767 0.0435959 -0.0120387
vn 0.9989332 0.0025274 0.0461104
vn 0.9996237 0.0036392 0.0271934
vn 0.9998764 -0.0005419 0.0157177
vn 0.9998764 -0.0005419 0.0157177
vn 0.9969004 0.0779703 0.0105029
vn 0.9973304 0.0729015 0.0041728
vn 0.9973304 0.0729015 0.0041728
vn 0.7896047 0.6066185 -0.0924031
vn 0.7896047 0.6066185 -0.0924031
vn 0.8005155 0.5952235 -0.0698864
vn 0.8005155 0.5952235 -0.0698864
vn 0.8005155 0.5952235 -0.0698864
vn 0.8005155 0.5952235 -0.0698864
vn 0.0733753 0.9803801 -0.1829508
vn 0.0737936 0.9879461 -0.1360762
vn 0.0737936 0.9879461 -0.1360762
vn 0.0149606 0.9824921 -0.1857019
vn 0.0127995 0.9903520 -0.1379827
vn 0.0127995 0.9903520 -0.1379827
vn 0.0044235 0.9824918 -0.1862532
vn 0.0016372 0.9903577 -0.1385240
vn 0.0016372 0.9903577 -0.1385240
vn -0.0539591 0.9803801 -0.1895873
vn -0.0592393 0.9879438 -0.1430305
vn -0.0592393 0.9879438 -0.1430305
vn -0.7757201 0.6066148 -0.1740025
vn -0.7757201 0.6066148 -0.1740025
vn -0.7888975 0.5952407 -0.1527393
vn -0.7888975 0.5952407 -0.1527393
vn -0.7888975 0.5952407 -0.1527393
vn -0.7888975 0.5952407 -0.1527393
vn -0.9925885 0.0779779 -0.0932075
vn -0.9923585 0.0729127 -0.0995409
vn -0.9923585 0.0729127 -0.0995409
vn -0.9970316 0.0036073 -0.0769090
vn -0.9960927 -0.0006360 -0.0883099
vn -0.9960927 -0.0006360 -0.0883099
vn -0.9953846 -0.0044896 -0.0958597
vn -0.9962526 -0.0113327 -0.0857458
vn -0.9962526 -0.0113327 -0.0857458
vn -0.9954152 -0.0137608 -0.0946535
vn -0.9956767 -0.0443307 -0.0816256
vn -0.9956767 -0.0443307 -0.0816256
vn -0.9946756 -0.0499565 -0.0901379
vn -0.9750913 -0.2145320 -0.0563277
vn -0.9750913 -0.2145320 -0.0563277
vn -0.9750913 -0.2145320 -0.0563277
vn -0.9750913 -0.2145320 -0.0563277
vn -0.9694622 -0.2363579 -0.0654075
vn -0.9694622 -0.2363579 -0.0654075
vn -0.3183211 -0.9415305 0.1104176
vn -0.3183211 -0.9415305 0.1104176
vn -0.3023792 -0.9493533 0.0854119
vn -0.0917061 -0.9866488 0.1345884
vn -0.0917061 -0.9866488 0.1345884
vn -0.0859505 -0.9902266 0.1098351
vn 0.0772130 -0.9866494 0.1433911
vn 0.0772130 -0.9866494 0.1433911
vn 0.0740634 -0.9902264 0.1181787
vn 0.3051097 -0.9415334 0.1429087
vn 0.3051097 -0.9415334 0.1429087
vn 0.2918606 -0.9493514 0.1164013
vn 0.9756730 -0.2144848 0.0453726
vn 0.9756730 -0.2144848 0.0453726
vn 0.9756730 -0.2144848 0.0453726
vn 0.9756730 -0.2144848 0.0453726
vn 0.9710083 -0.2363588 0.0357407
vn 0.9710083 -0.2363588 0.0357407
vn 0.9987651 -0.0443715 0.0223467
vn 0.9987651 -0.0443715 0.0223467
vn 0.9986565 -0.0499555 0.0137626
vn 0.9997657 -0.0112228 0.0185068
vn 0.9997657 -0.0112228 0.0185068
vn 0.9998616 -0.0137603 0.0093469
vn 0.9998996 -0.0119008 0.0077020
vn 0.9999565 -0.0045353 0.0081444
vn 0.9999763 -0.0009362 0.0068217
vn 0.9972376 0.0742753 -0.0006046
vn 0.9953781 0.0959786 -0.0032399
vn 0.7907062 0.6090373 -0.0621061
vn 0.7907062 0.6090373 -0.0621061
vn 0.7291055 0.6809818 -0.0683302
vn 0.7291055 0.6809818 -0.0683302
vn 0.0722045 0.9910260 -0.1124901
vn 0.0645002 0.9920142 -0.1083859
vn 0.0117537 0.9934373 -0.1137724
vn 0.0114458 0.9939303 -0.1094147
vn 0.0001361 0.9934372 -0.1143787
vn -0.0000095 0.9939303 -0.1100113
vn -0.0601613 0.9910237 -0.1193846
vn -0.0528794 0.9920158 -0.1144913
vn -0.7799553 0.6090489 -0.1439769
vn -0.7799553 0.6090489 -0.1439769
vn -0.7180517 0.6809802 -0.1437628
vn -0.7180517 0.6809802 -0.1437628
vn -0.9917697 0.0742783 -0.1042859
vn -0.9896485 0.0959734 -0.1066997
vn -0.9876454 0.1140234 -0.1074952
vn -0.9952668 -0.0009851 -0.0971752
vn -0.9953085 0.0030785 -0.0967024
vn -0.9952813 -0.0118561 -0.0963038
vn -0.9953702 -0.0093324 -0.0956607
vn -0.9941905 -0.0571221 -0.0912271
vn -0.9939839 -0.0626421 -0.0898457
vn -0.9550100 -0.2900549 -0.0618393
vn -0.9550100 -0.2900549 -0.0618393
vn -0.9415550 -0.3322168 -0.0557317
vn -0.9415550 -0.3322168 -0.0557317
vn -0.2310850 -0.9692332 0.0847755
vn -0.1836953 -0.9789582 0.0888631
vn -0.0644645 -0.9925423 0.1034594
vn -0.0506329 -0.9933259 0.1036334
vn 0.0533586 -0.9925423 0.1096016
vn 0.0395860 -0.9933256 0.1083376
vn 0.2210305 -0.9692304 0.1083425
vn 0.1734639 -0.9789577 0.1074803
vn 0.9562663 -0.2900509 0.0377562
vn 0.9562663 -0.2900509 0.0377562
vn 0.9422472 -0.3322155 0.0424632
vn 0.9422472 -0.3322155 0.0424632
vn 0.9982872 -0.0571240 0.0126287
vn 0.9979380 -0.0626432 0.0139814
vn 0.9972776 -0.0714985 0.0180332
vn 0.9999202 -0.0095552 0.0082574
vn 0.9999273 -0.0049171 0.0110055
vn 0.9999686 0.0030770 0.0073006
vn 0.9999012 0.0101498 0.0097168
vn 0.9934741 0.1139807 -0.0042310
vn 0.9896362 0.1435307 -0.0043654
vn 0.6826237 0.7271321 -0.0728270
vn 0.6826237 0.7271321 -0.0728270
vn 0.6137275 0.7856582 -0.0779723
vn 0.6137275 0.7856582 -0.0779723
vn 0.0596392 0.9923726 -0.1078870
vn 0.0532701 0.9927539 -0.1077132
vn 0.0112928 0.9939939 -0.1088512
vn 0.0112041 0.9940177 -0.1086430
vn 0.0000849 0.9939939 -0.1094353
vn 0.0002009 0.9940180 -0.1092153
vn -0.0480814 0.9923736 -0.1135024
vn -0.0417766 0.9927545 -0.1126652
vn -0.6713475 0.7271371 -0.1434017
vn -0.6713475 0.7271371 -0.1434017
vn -0.6022926 0.7856600 -0.1413569
vn -0.6022926 0.7856600 -0.1413569
vn -0.5648096 0.8135448 -0.1383291
vn -0.5648096 0.8135448 -0.1383291
vn -0.9838186 0.1435286 -0.1072398
vn -0.9814392 0.1610615 -0.1040980
vn -0.9954920 0.0101961 -0.0942961
vn -0.9958490 0.0148581 -0.0898016
vn -0.9956527 -0.0049168 -0.0930126
vn -0.9961134 -0.0015688 -0.0880673
vn -0.9937483 -0.0714969 -0.0857458
vn -0.9938518 -0.0762913 -0.0802379
vn -0.9147294 -0.4014356 -0.0460418
vn -0.9147294 -0.4014356 -0.0460418
vn -0.8960013 -0.4430670 -0.0295529
vn -0.8960013 -0.4430670 -0.0295529
vn -0.1201850 -0.9881780 0.0951837
vn -0.0854883 -0.9914351 0.0987332
vn -0.0324056 -0.9939578 0.1048706
vn -0.0224064 -0.9941418 0.1057355
vn 0.0212794 -0.9939590 0.1076708
vn 0.0112447 -0.9941424 0.1074923
vn 0.1096298 -0.9881794 0.1071580
vn 0.0747555 -0.9914356 0.1070838
vn 0.9145349 -0.4011450 0.0520463
vn 0.9145349 -0.4011450 0.0520463
vn 0.8942791 -0.4434031 0.0604864
vn 0.8942791 -0.4434031 0.0604864
vn 0.8799418 -0.4696988 0.0713111
vn 0.8799418 -0.4696988 0.0713111
vn 0.9968078 -0.0762942 0.0235240
vn 0.9964357 -0.0775018 0.0333081
vn 0.9998779 -0.0017568 0.0155300
vn 0.9996802 0.0010428 0.0252698
vn 0.9997877 0.0149112 0.0142167
vn 0.9995589 0.0180370 0.0235943
vn 0.9869398 0.1610849 -0.0012268
vn 0.9854069 0.1700826 0.0067081
vn 0.5761252 0.8135486 -0.0788575
vn 0.5761252 0.8135486 -0.0788575
vn 0.5544955 0.8287094 -0.0759963
vn 0.5544955 0.8287094 -0.0759963
vn 0.0498129 0.9929498 -0.1075599
vn 0.0473149 0.9931234 -0.1070857
vn 0.0110579 0.9940308 -0.1085377
vn 0.0106839 0.9940692 -0.1082235
vn 0.0003836 0.9940316 -0.1090924
vn 0.0006254 0.9940705 -0.1087354
vn -0.0383757 0.9929493 -0.1121565
vn -0.0359400 0.9931221 -0.1114317
vn -0.5436016 0.8287014 -0.1332341
vn -0.5436016 0.8287014 -0.1332341
vn -0.0338959 0.9933790 -0.1097695
vn -0.0313890 0.9940051 -0.1047322
vn -0.5386428 0.8333780 -0.1238741
vn -0.5386428 0.8333780 -0.1238741
vn 0.0009065 0.9942017 -0.1075283
vn 0.0012319 0.9946788 -0.1030163
vn 0.0103723 0.9942030 -0.1070187
vn 0.0095392 0.9946866 -0.1025058
vn 0.0451543 0.9933773 -0.1056546
vn 0.0420966 0.9940056 -0.1009005
vn 0.5485833 0.8333909 -0.0672029
vn 0.5485833 0.8333909 -0.0672029
vn 0.5556391 0.8300757 -0.0473244
vn 0.5556391 0.8300757 -0.0473244
vn 0.9856936 0.1666470 0.0252395
vn 0.9871020 0.1469451 0.0635342
vn 0.9989086 0.0191279 0.0426129
vn 0.9965143 0.0183301 0.0813847
vn 0.9990029 0.0033986 0.0445144
vn 0.9964759 0.0061823 0.0836518
vn 0.9959996 -0.0728840 0.0516977
vn 0.9943654 -0.0594007 0.0878013
vn 0.8751440 -0.4758306 0.0877964
vn 0.8751440 -0.4758306 0.0877964
vn 0.8803688 -0.4594121 0.1178613
vn 0.8803688 -0.4594121 0.1178613
vn 0.0350972 -0.9935020 0.1082686
vn 0.0506893 -0.9929386 0.1072545
vn 0.0252205 -0.9933810 0.1120631
vn -0.0001654 -0.9941247 0.1082410
vn 0.0043578 -0.9941928 0.1075254
vn -0.0028947 -0.9937531 0.1115629
vn -0.0111347 -0.9941244 0.1076697
vn -0.0155098 -0.9941929 0.1064893
vn -0.0086964 -0.9937580 0.1112180
vn -0.0461688 -0.9935016 0.1040334
vn -0.0615736 -0.9929373 0.1014113
vn -0.0367359 -0.9933801 0.1088423
vn -0.8795046 -0.4758764 -0.0036579
vn -0.8795046 -0.4758764 -0.0036579
vn -0.8825904 -0.4696930 -0.0205608
vn -0.8825904 -0.4696930 -0.0205608
vn -0.8878532 -0.4594091 0.0256916
vn -0.8878532 -0.4594091 0.0256916
vn -0.9959770 -0.0728826 -0.0521322
vn -0.9944988 -0.0774998 -0.0704677
vn -0.9981050 -0.0594020 -0.0160567
vn -0.9982172 0.0034020 -0.0595893
vn -0.9968787 0.0010225 -0.0789417
vn -0.9997727 0.0061835 -0.0204028
vn -0.9979255 0.0191318 -0.0614712
vn -0.9965953 0.0180367 -0.0804527
vn -0.9995743 0.0183201 -0.0227076
vn -0.9829764 0.1666432 -0.0773763
vn -0.9807644 0.1700827 -0.0957757
vn -0.9883521 0.1469852 -0.0394369
vn -0.5477229 0.8300656 -0.1048373
vn -0.5477229 0.8300656 -0.1048373
vn -0.9924835 0.1115897 0.0502430
vn -0.8944363 0.1594684 0.4177959
vn -0.8944363 0.1594684 0.4177959
vn -0.5660385 0.8224345 -0.0565854
vn -0.5660385 0.8224345 -0.0565854
vn -0.9973345 0.0189458 0.0704607
vn -0.8969666 0.0421215 0.4400872
vn -0.8969666 0.0421215 0.4400872
vn -0.9971900 0.0122584 0.0739038
vn -0.8949350 0.0372338 0.4446403
vn -0.8949350 0.0372338 0.4446403
vn -0.9970024 -0.0341416 0.0694300
vn -0.8932952 -0.0202197 0.4490153
vn -0.8932952 -0.0202197 0.4490153
vn -0.9031100 -0.4188350 0.0947087
vn -0.9031100 -0.4188350 0.0947087
vn -0.8390639 -0.3113833 0.4461079
vn -0.8390639 -0.3113833 0.4461079
vn -0.8390639 -0.3113833 0.4461079
vn -0.0302183 -0.9915816 0.1259079
vn -0.1188279 -0.7349046 0.6676789
vn -0.1188279 -0.7349046 0.6676789
vn -0.0081888 -0.9918061 0.1274890
vn -0.0366582 -0.7609001 0.6478329
vn -0.0366582 -0.7609001 0.6478329
vn -0.0051112 -0.9918067 0.1276457
vn -0.0308902 -0.7609016 0.6481316
vn -0.0308902 -0.7609016 0.6481316
vn 0.0169650 -0.9915823 0.1283620
vn 0.0487625 -0.7349017 0.6764183
vn 0.0487625 -0.7349017 0.6764183
vn 0.8883728 -0.4188401 0.1880608
vn 0.8883728 -0.4188401 0.1880608
vn 0.7881424 -0.3113866 0.5309143
vn 0.7881424 -0.3113866 0.5309143
vn 0.7881424 -0.3113866 0.5309143
vn 0.9843813 -0.0341408 0.1727070
vn 0.8417742 -0.0202226 0.5394509
vn 0.8417742 -0.0202226 0.5394509
vn 0.9841026 0.0122587 0.1771777
vn 0.8438594 0.0372354 0.5352709
vn 0.8438594 0.0372354 0.5352709
vn 0.9846041 0.0189393 0.1737704
vn 0.8463522 0.0421179 0.5309559
vn 0.8463522 0.0421179 0.5309559
vn 0.9818797 0.1116010 0.1531577
vn 0.8461534 0.1594747 0.5085195
vn 0.8461534 0.1594747 0.5085195
vn 0.5688453 0.8224405 0.0025521
vn 0.5688453 0.8224405 0.0025521
vn 0.5534115 0.7974445 0.2404537
vn 0.5534115 0.7974445 0.2404537
vn 0.5534115 0.7974445 0.2404537
vn 0.0358907 0.9960142 -0.0816552
vn 0.0370938 0.9894943 0.1397319
vn 0.0370938 0.9894943 0.1397319
vn 0.0077318 0.9965275 -0.0829036
vn -0.0037096 0.9919130 0.1268650
vn -0.0037096 0.9919130 0.1268650
vn 0.0009314 0.9965276 -0.0832582
vn -0.0094916 0.9919124 0.1265685
vn -0.0094916 0.9919124 0.1265685
vn -0.0272022 0.9960147 -0.0849413
vn -0.0514242 0.9894943 0.1351168
vn -0.0514242 0.9894943 0.1351168
vn -0.5754039 0.7974479 0.1816242
vn -0.5754039 0.7974479 0.1816242
vn -0.5754039 0.7974479 0.1816242
vn -0.2000057 0.4794875 0.8544528
vn -0.2347364 0.0946629 0.9674388
vn -0.0512322 0.5291780 0.8469627
vn -0.0611365 0.1014982 0.9929554
vn -0.0370909 0.5291827 0.8476968
vn 0.1100882 0.4795020 0.8706082
vn -0.0424288 0.1014998 0.9939303
vn 0.1328848 0.0946665 0.9866002
vn -0.0421579 0.0719533 0.9965167
vn -0.0616743 0.0719419 0.9955001
vn -0.0442011 -0.1598388 0.9861531
vn 0.1346065 0.0709229 0.9883578
vn 0.1067785 -0.1308206 0.9856391
vn -0.0585651 -0.1598402 0.9854042
vn -0.2086686 -0.1308311 0.9691958
vn -0.2366310 0.0709153 0.9690081
vn 0.9779657 -0.0367051 0.2055136
vn 0.9779657 -0.0367051 0.2055136
vn 0.0960749 -0.2305925 0.9682957
vn -0.9982297 -0.0016629 -0.0594523
vn -0.8785055 -0.0951588 -0.4681590
vn -0.8785055 -0.0951588 -0.4681590
vn -0.0273205 -0.2191832 -0.9753012
vn 0.0453896 -0.2196995 -0.9745112
vn 0.0561743 -0.2196991 -0.9739491
vn 0.1285618 -0.2192020 -0.9671723
vn 0.9224151 -0.0951418 -0.3742973
vn 0.9224151 -0.0951418 -0.3742973
vn 0.9990011 -0.0016692 0.0446526
vn -0.9980362 -0.0042048 -0.0624977
vn -0.9979462 -0.0166020 -0.0618678
vn -0.7942035 -0.1064077 -0.5982627
vn -0.7942035 -0.1064077 -0.5982627
vn -0.7783639 -0.1206364 -0.6161140
vn -0.7783639 -0.1206364 -0.6161140
vn -0.0022631 -0.1871140 -0.9823356
vn 0.0063120 -0.1984397 -0.9800928
vn 0.0474123 -0.1876083 -0.9810989
vn 0.0479158 -0.1994293 -0.9787400
vn 0.0548733 -0.1876461 -0.9807028
vn 0.0541015 -0.1994308 -0.9784172
vn 0.1043733 -0.1880293 -0.9766018
vn 0.0956259 -0.1984440 -0.9754361
vn 0.8521028 -0.1064024 -0.5124446
vn 0.8521028 -0.1064024 -0.5124446
vn 0.8382024 -0.1206386 -0.5318487
vn 0.8382024 -0.1206386 -0.5318487
vn 0.9991253 -0.0042081 0.0416048
vn 0.9989710 -0.0165969 0.0422051
vn 0.9984404 -0.0018780 0.0557964
vn 0.9983449 -0.0145125 0.0556510
vn 0.9688700 -0.2412606 0.0555372
vn 0.9688700 -0.2412606 0.0555372
vn 0.9724433 0.0065907 0.2330469
vn 0.9232410 -0.2072790 0.3235145
vn 0.9232410 -0.2072790 0.3235145
vn 0.5440123 0.0715118 0.8360242
vn 0.5440123 0.0715118 0.8360242
vn 0.5125318 -0.0523297 0.8570722
vn 0.5125318 -0.0523297 0.8570722
vn 0.5125318 -0.0523297 0.8570722
vn 0.0018179 0.0868242 0.9962220
vn 0.0006249 -0.0674116 0.9977251
vn 0.0006249 -0.0674116 0.9977251
vn -0.0479295 0.0859744 0.9951438
vn -0.0476471 -0.0687366 0.9964964
vn -0.0476471 -0.0687366 0.9964964
vn -0.0557907 0.0859723 0.9947342
vn -0.0562134 -0.0687379 0.9960498
vn -0.0562134 -0.0687379 0.9960498
vn -0.1053775 0.0868208 0.9906350
vn -0.0516596 -0.6064126 0.7934702
vn -0.0160413 -0.9997259 0.0170626
vn -0.0311150 -0.6064130 0.7945409
vn 0.0141993 -0.9997255 0.0186374
vn 0.1240149 -0.6135466 0.7798596
vn 0.2555317 -0.9663360 0.0299692
vn 0.2535428 -0.9663159 -0.0441530
vn 0.9688786 -0.2447586 0.0369812
vn 0.9688786 -0.2447586 0.0369812
vn 0.1197285 -0.4732478 -0.8727551
vn 0.1197285 -0.4732478 -0.8727551
vn 0.0180630 -0.9979313 -0.0617006
vn -0.0115805 -0.9979308 -0.0632450
vn 0.0510906 -0.4709842 -0.8806610
vn 0.0510906 -0.4709842 -0.8806610
vn 0.0407456 -0.4709831 -0.8812008
vn 0.0407456 -0.4709831 -0.8812008
vn -0.0283876 -0.4732452 -0.8804733
vn -0.0283876 -0.4732452 -0.8804733
vn -0.7511442 -0.3067892 -0.5845193
vn -0.7511442 -0.3067892 -0.5845193
vn -0.7511442 -0.3067892 -0.5845193
vn -0.2475709 -0.9663177 -0.0702768
vn -0.9674667 -0.2447892 -0.0639260
vn -0.9674667 -0.2447892 -0.0639260
vn -0.2572749 -0.9663330 0.0031997
vn 0.8078371 -0.3067855 -0.5032713
vn 0.8078371 -0.3067855 -0.5032713
vn 0.8078371 -0.3067855 -0.5032713
vn -0.0013777 -0.1514999 -0.9884562
vn -0.0013777 -0.1514999 -0.9884562
vn -0.0013777 -0.1514999 -0.9884562
vn -0.0013777 -0.1514999 -0.9884562
vn -0.4995036 -0.1310242 -0.8563463
vn -0.4995036 -0.1310242 -0.8563463
vn -0.4995036 -0.1310242 -0.8563463
vn -0.0011728 -0.6146877 -0.7887697
vn -0.0011728 -0.6146877 -0.7887697
vn -0.0011728 -0.6146877 -0.7887697
vn -0.0013866 -0.1237670 -0.9923103
vn -0.0013866 -0.1237670 -0.9923103
vn -0.0013866 -0.1237670 -0.9923103
vn -0.0013866 -0.1237670 -0.9923103
vn 0.0013882 -0.1514889 -0.9884579
vn 0.0013882 -0.1514889 -0.9884579
vn 0.0013882 -0.1514889 -0.9884579
vn 0.0013882 -0.1514889 -0.9884579
vn 0.0011702 -0.6146885 -0.7887692
vn 0.0011702 -0.6146885 -0.7887692
vn 0.0011702 -0.6146885 -0.7887692
vn 0.4995028 -0.1310233 -0.8563468
vn 0.4995028 -0.1310233 -0.8563468
vn 0.4995028 -0.1310233 -0.8563468
vn 0.0013892 -0.1237690 -0.9923101
vn 0.0013892 -0.1237690 -0.9923101
vn 0.0013892 -0.1237690 -0.9923101
vn 0.0013892 -0.1237690 -0.9923101
vn 0.4997059 -0.1074177 -0.8595089
vn 0.4997059 -0.1074177 -0.8595089
vn 0.4997059 -0.1074177 -0.8595089
vn 0.0012146 0.3848436 -0.9229810
vn 0.0012146 0.3848436 -0.9229810
vn 0.0012146 0.3848436 -0.9229810
vn 0.4236798 0.3084909 -0.8516624
vn 0.4236798 0.3084909 -0.8516624
vn 0.0012004 0.8067054 -0.5909526
vn 0.0012004 0.8067054 -0.5909526
vn 0.0012004 0.8067054 -0.5909526
vn -0.0012143 0.3848262 -0.9229882
vn -0.0012143 0.3848262 -0.9229882
vn -0.0012143 0.3848262 -0.9229882
vn -0.0012053 0.8067080 -0.5909490
vn -0.0012053 0.8067080 -0.5909490
vn -0.0012053 0.8067080 -0.5909490
vn -0.4236831 0.3084901 -0.8516610
vn -0.4236831 0.3084901 -0.8516610
vn -0.4235815 0.7551386 -0.5003444
vn -0.4997163 -0.1074145 -0.8595032
vn -0.4997163 -0.1074145 -0.8595032
vn -0.4997163 -0.1074145 -0.8595032
vn -0.8122991 0.3606320 -0.4583825
vn -0.8662556 -0.0569311 -0.4963469
vn -0.8662556 -0.0569311 -0.4963469
vn -0.8662556 -0.0569311 -0.4963469
vn -0.8745319 0.4825497 -0.0483695
vn -0.9999037 0.0137815 -0.0016496
vn -0.9999037 0.0137815 -0.0016496
vn -0.9999037 0.0137815 -0.0016496
vn -0.8014922 0.4701680 0.3695300
vn -0.8014922 0.4701680 0.3695300
vn -0.4849871 0.8701620 -0.0872098
vn -0.0013801 0.9950145 -0.0997198
vn -0.0013801 0.9950145 -0.0997198
vn -0.4129776 0.8493577 0.3286958
vn -0.4129776 0.8493577 0.3286958
vn -0.0011640 0.9154645 0.4023971
vn -0.0011640 0.9154645 0.4023971
vn -0.0011640 0.9154645 0.4023971
vn -0.0011640 0.9154645 0.4023971
vn -0.4128923 0.5198925 0.7478182
vn -0.4128923 0.5198925 0.7478182
vn -0.4995412 0.1310835 0.8563152
vn -0.4995412 0.1310835 0.8563152
vn -0.0011383 0.6068484 0.7948167
vn -0.0011383 0.6068484 0.7948167
vn -0.0013984 0.1516036 0.9884403
vn -0.0013984 0.1516036 0.9884403
vn -0.0013984 0.1516036 0.9884403
vn -0.0013984 0.1516036 0.9884403
vn 0.0011424 0.6068460 0.7948185
vn 0.0011424 0.6068460 0.7948185
vn 0.0013995 0.1516032 0.9884404
vn 0.0013995 0.1516032 0.9884404
vn 0.0013995 0.1516032 0.9884404
vn 0.0013995 0.1516032 0.9884404
vn 0.4128919 0.5198909 0.7478194
vn 0.4128919 0.5198909 0.7478194
vn 0.0011663 0.9154665 0.4023921
vn 0.0011663 0.9154665 0.4023921
vn 0.0011663 0.9154665 0.4023921
vn 0.0011663 0.9154665 0.4023921
vn 0.0013774 0.9950140 -0.0997244
vn 0.0013774 0.9950140 -0.0997244
vn 0.4129837 0.8493524 0.3287021
vn 0.4129837 0.8493524 0.3287021
vn 0.8014925 0.4701702 0.3695265
vn 0.8014925 0.4701702 0.3695265
vn 0.4849870 0.8701634 -0.0871965
vn 0.4235758 0.7551460 -0.5003379
vn 0.8745329 0.4825490 -0.0483588
vn 0.9999036 0.0137825 -0.0016518
vn 0.9999036 0.0137825 -0.0016518
vn 0.9999036 0.0137825 -0.0016518
vn 0.8122982 0.3606386 -0.4583791
vn 0.8662578 -0.0569280 -0.4963430
vn 0.8662578 -0.0569280 -0.4963430
vn 0.8662578 -0.0569280 -0.4963430
vn 0.8660580 -0.0806026 -0.4934032
vn 0.8660580 -0.0806026 -0.4934032
vn 0.8660580 -0.0806026 -0.4934032
vn 0.8067209 -0.4713854 -0.3563666
vn 0.9999030 -0.0138277 0.0016418
vn 0.9999030 -0.0138277 0.0016418
vn 0.9999030 -0.0138277 0.0016418
vn 0.8745711 -0.4802817 0.0667450
vn 0.8662925 0.0568925 0.4962866
vn 0.8662925 0.0568925 0.4962866
vn 0.8662925 0.0568925 0.4962866
vn 0.8662925 0.0568925 0.4962866
vn 0.8067203 -0.3563645 0.4713880
vn 0.8067203 -0.3563645 0.4713880
vn 0.4997326 0.1073492 0.8595020
vn 0.4997326 0.1073492 0.8595020
vn 0.8660963 0.0806158 0.4933339
vn 0.8660963 0.0806158 0.4933339
vn 0.8660963 0.0806158 0.4933339
vn 0.8660963 0.0806158 0.4933339
vn 0.4995432 0.1310808 0.8563145
vn 0.4995432 0.1310808 0.8563145
vn 0.4178509 -0.3028403 0.8565560
vn 0.4178509 -0.3028403 0.8565560
vn 0.0014045 0.1236384 0.9923264
vn 0.0014045 0.1236384 0.9923264
vn 0.0014045 0.1236384 0.9923264
vn 0.0014045 0.1236384 0.9923264
vn 0.0011732 -0.3763211 0.9264886
vn 0.0011732 -0.3763211 0.9264886
vn 0.0011732 -0.3763211 0.9264886
vn -0.0013942 0.1236255 0.9923279
vn -0.0013942 0.1236255 0.9923279
vn -0.0013942 0.1236255 0.9923279
vn -0.0013942 0.1236255 0.9923279
vn -0.0011738 -0.3763233 0.9264877
vn -0.0011738 -0.3763233 0.9264877
vn -0.0011738 -0.3763233 0.9264877
vn -0.4997311 0.1073468 0.8595031
vn -0.4997311 0.1073468 0.8595031
vn -0.4178479 -0.3028467 0.8565553
vn -0.4178479 -0.3028467 0.8565553
vn -0.8662938 0.0568911 0.4962848
vn -0.8662938 0.0568911 0.4962848
vn -0.8662938 0.0568911 0.4962848
vn -0.8662938 0.0568911 0.4962848
vn -0.9999030 -0.0138274 0.0016370
vn -0.9999030 -0.0138274 0.0016370
vn -0.9999030 -0.0138274 0.0016370
vn -0.8067221 -0.3563672 0.4713830
vn -0.8067221 -0.3563672 0.4713830
vn -0.8660969 0.0806177 0.4933326
vn -0.8660969 0.0806177 0.4933326
vn -0.8660969 0.0806177 0.4933326
vn -0.8660969 0.0806177 0.4933326
vn -0.8745710 -0.4802824 0.0667414
vn -0.4178498 -0.7415326 0.5249103
vn -0.4178498 -0.7415326 0.5249103
vn -0.0011770 -0.7887816 0.6146724
vn -0.0011770 -0.7887816 0.6146724
vn -0.0011770 -0.7887816 0.6146724
vn -0.0011770 -0.7887816 0.6146724
vn -0.4848897 -0.8662515 0.1203752
vn -0.4178444 -0.8565605 -0.3028370
vn -0.0013689 -0.9904837 0.1376225
vn -0.0013689 -0.9904837 0.1376225
vn 0.0013694 -0.9904837 0.1376227
vn 0.0013694 -0.9904837 0.1376227
vn -0.0011739 -0.9264866 -0.3763259
vn -0.0011739 -0.9264866 -0.3763259
vn -0.0011739 -0.9264866 -0.3763259
vn 0.0011715 -0.9264863 -0.3763268
vn 0.0011715 -0.9264863 -0.3763268
vn 0.0011715 -0.9264863 -0.3763268
vn 0.4178399 -0.8565606 -0.3028427
vn 0.4848911 -0.8662512 0.1203716
vn 0.4178407 -0.5249159 -0.7415338
vn 0.4178407 -0.5249159 -0.7415338
vn 0.4178494 -0.7415330 0.5249100
vn 0.4178494 -0.7415330 0.5249100
vn 0.0011774 -0.7887729 0.6146836
vn 0.0011774 -0.7887729 0.6146836
vn 0.0011774 -0.7887729 0.6146836
vn 0.0011774 -0.7887729 0.6146836
vn -0.4178463 -0.5249142 -0.7415320
vn -0.4178463 -0.5249142 -0.7415320
vn -0.8067206 -0.4713885 -0.3563633
vn -0.8660576 -0.0806025 -0.4934040
vn -0.8660576 -0.0806025 -0.4934040
vn -0.8660576 -0.0806025 -0.4934040
vn -0.1781189 -0.9792860 0.0962950
vn -0.1781189 -0.9792860 0.0962950
vn -0.5002569 -0.8622034 0.0796763
vn -0.5002569 -0.8622034 0.0796763
vn -0.5002569 -0.8622034 0.0796763
vn -0.1593155 -0.8088899 0.5659644
vn -0.1593155 -0.8088899 0.5659644
vn -0.1781482 -0.9794257 0.0948087
vn -0.1781482 -0.9794257 0.0948087
vn -0.0000051 -0.9949396 0.1004745
vn -0.0000051 -0.9949396 0.1004745
vn -0.0001453 -0.8117416 0.5840167
vn -0.0001453 -0.8117416 0.5840167
vn -0.0017604 -0.9950888 0.0989719
vn -0.0017604 -0.9950888 0.0989719
vn 0.0007539 -0.9949396 0.1004717
vn 0.0007539 -0.9949396 0.1004717
vn 0.5002444 -0.8622108 0.0796740
vn 0.5002444 -0.8622108 0.0796740
vn 0.0007479 -0.9950898 0.0989746
vn 0.0007479 -0.9950898 0.0989746
vn 0.0006289 -0.8118808 0.5838230
vn 0.0006289 -0.8118808 0.5838230
vn 0.0006511 -0.4111068 0.9115871
vn 0.0006511 -0.4111068 0.9115871
vn 0.0006511 -0.4111068 0.9115871
vn 0.4189274 -0.7636722 0.4912276
vn 0.8106344 -0.3771989 0.4478758
vn 0.8106344 -0.3771989 0.4478758
vn 0.4199062 -0.3374986 0.8424806
vn 0.4199062 -0.3374986 0.8424806
vn 0.4199062 -0.3374986 0.8424806
vn 0.5016949 0.0603401 0.8629376
vn 0.5016949 0.0603401 0.8629376
vn 0.8718927 0.0228735 0.4891626
vn 0.0007362 0.0695377 0.9975791
vn 0.5017179 0.1121110 0.8577356
vn 0.5017179 0.1121110 0.8577356
vn 0.0007505 0.1297598 0.9915452
vn 0.4199275 0.4979745 0.7587373
vn 0.4199275 0.4979745 0.7587373
vn 0.4199275 0.4979745 0.7587373
vn 0.8718988 0.0746434 0.4839634
vn 0.8106401 0.4585679 0.3641128
vn 0.8106401 0.4585679 0.3641128
vn 0.9994477 0.0286600 -0.0168203
vn 0.9994477 0.0286600 -0.0168203
vn 0.8657615 0.4966206 -0.0618471
vn 0.8657615 0.4966206 -0.0618471
vn 0.8657615 0.4966206 -0.0618471
vn 0.8657615 0.4966206 -0.0618471
vn 0.9994477 -0.0314273 -0.0108021
vn 0.9994477 -0.0314273 -0.0108021
vn 0.9994268 0.0284845 -0.0182967
vn 0.9994268 0.0284845 -0.0182967
vn 0.8657576 0.4964679 -0.0631139
vn 0.8657576 0.4964679 -0.0631139
vn 0.8657576 0.4964679 -0.0631139
vn 0.8657576 0.4964679 -0.0631139
vn 0.8609368 -0.0251329 -0.5080910
vn 0.8609368 -0.0251329 -0.5080910
vn 0.9994269 -0.0315550 -0.0122701
vn 0.9994269 -0.0315550 -0.0122701
vn 0.8609380 -0.0761924 -0.5029716
vn 0.8609380 -0.0761924 -0.5029716
vn 0.8657458 -0.4991395 0.0366607
vn 0.8657458 -0.4991395 0.0366607
vn 0.8657458 -0.4991395 0.0366607
vn 0.8657458 -0.4991395 0.0366607
vn 0.8026959 -0.4563943 -0.3839055
vn 0.8026959 -0.4563943 -0.3839055
vn 0.8026959 -0.4563943 -0.3839055
vn 0.8026959 -0.4563943 -0.3839055
vn 0.5002400 -0.8623281 0.0784249
vn 0.5002400 -0.8623281 0.0784249
vn 0.5002400 -0.8623281 0.0784249
vn 0.8657674 -0.4990076 0.0379240
vn 0.8657674 -0.4990076 0.0379240
vn 0.8657674 -0.4990076 0.0379240
vn 0.8657674 -0.4990076 0.0379240
vn 0.4168015 -0.8428684 -0.3403665
vn 0.4168015 -0.8428684 -0.3403665
vn 0.4168015 -0.8428684 -0.3403665
vn 0.0006271 -0.9115835 -0.4111146
vn 0.0006271 -0.9115835 -0.4111146
vn 0.4157083 -0.4944156 -0.7633740
vn 0.4157083 -0.4944156 -0.7633740
vn 0.4953662 -0.1121623 -0.8614127
vn 0.0006283 -0.5839700 -0.8117751
vn 0.0006283 -0.5839700 -0.8117751
vn 0.0006283 -0.5839700 -0.8117751
vn -0.0001075 -0.5840877 -0.8116907
vn -0.0001075 -0.5840877 -0.8116907
vn 0.0007638 -0.1297806 -0.9915424
vn 0.0007694 -0.0695936 -0.9975752
vn 0.0000069 -0.1297840 -0.9915423
vn -0.1821533 -0.1272517 -0.9750011
vn -0.0000035 -0.0695757 -0.9975767
vn 0.0002068 0.4113654 -0.9114705
vn 0.0002068 0.4113654 -0.9114705
vn -0.1821703 -0.0687313 -0.9808618
vn -0.1672525 0.3939114 -0.9038033
vn -0.1672525 0.3939114 -0.9038033
vn -0.1672525 0.3939114 -0.9038033
vn -0.4954000 -0.0610523 -0.8665168
vn -0.4157161 0.3331256 -0.8462904
vn -0.4157161 0.3331256 -0.8462904
vn -0.8609346 -0.0251296 -0.5080948
vn -0.8609346 -0.0251296 -0.5080948
vn -0.4954014 -0.1121001 -0.8614007
vn -0.8609400 -0.0761879 -0.5029688
vn -0.8609400 -0.0761879 -0.5029688
vn -0.4157323 -0.4944215 -0.7633571
vn -0.4157323 -0.4944215 -0.7633571
vn -0.8027042 -0.4563934 -0.3838894
vn -0.8027042 -0.4563934 -0.3838894
vn -0.8027042 -0.4563934 -0.3838894
vn -0.8027042 -0.4563934 -0.3838894
vn -0.1672532 -0.5653976 -0.8076831
vn -0.1672532 -0.5653976 -0.8076831
vn -0.1672532 -0.5653976 -0.8076831
vn -0.4167404 -0.8428426 -0.3405052
vn -0.4167404 -0.8428426 -0.3405052
vn -0.4167404 -0.8428426 -0.3405052
vn -0.5002598 -0.8623166 0.0784230
vn -0.5002598 -0.8623166 0.0784230
vn -0.5002598 -0.8623166 0.0784230
vn -0.5002598 -0.8623166 0.0784230
vn -0.1674021 -0.9024708 -0.3968915
vn -0.1674021 -0.9024708 -0.3968915
vn 0.0001554 -0.9116675 -0.4109285
vn -0.8657480 -0.4991359 0.0366590
vn -0.8657480 -0.4991359 0.0366590
vn -0.8657480 -0.4991359 0.0366590
vn -0.8657480 -0.4991359 0.0366590
vn -0.9994267 -0.0315569 -0.0122691
vn -0.9994267 -0.0315569 -0.0122691
vn -0.8657576 -0.4990239 0.0379316
vn -0.8657576 -0.4990239 0.0379316
vn -0.8657576 -0.4990239 0.0379316
vn -0.8657576 -0.4990239 0.0379316
vn -0.9994482 -0.0314158 -0.0107824
vn -0.9994482 -0.0314158 -0.0107824
vn -0.8106287 -0.3771981 0.4478870
vn -0.8106287 -0.3771981 0.4478870
vn -0.8718901 0.0228713 0.4891670
vn -0.4198571 -0.3376689 0.8424369
vn -0.4198571 -0.3376689 0.8424369
vn -0.4198571 -0.3376689 0.8424369
vn -0.4188678 -0.7636111 0.4913738
vn -0.1593895 -0.3971179 0.9038209
vn -0.1593895 -0.3971179 0.9038209
vn -0.1593895 -0.3971179 0.9038209
vn -0.5017140 0.0603293 0.8629272
vn -0.5017140 0.0603293 0.8629272
vn -0.1744618 0.0686351 0.9822689
vn -0.5017218 0.1121075 0.8577337
vn -0.5017218 0.1121075 0.8577337
vn -0.8718967 0.0746399 0.4839680
vn -0.4198300 0.4980961 0.7587116
vn -0.4198300 0.4980961 0.7587116
vn -0.4198300 0.4980961 0.7587116
vn -0.1744622 0.1276414 0.9763557
vn -0.1593675 0.5685615 0.8070564
vn -0.1593675 0.5685615 0.8070564
vn -0.1593675 0.5685615 0.8070564
vn -0.0000006 0.1297607 0.9915453
vn -0.0001368 0.5839532 0.8117874
vn -0.0001368 0.5839532 0.8117874
vn 0.0000817 0.0695317 0.9975798
vn -0.0001467 -0.4113399 0.9114821
vn -0.0001467 -0.4113399 0.9114821
vn -0.0001142 0.9114640 0.4113798
vn -0.0001142 0.9114640 0.4113798
vn 0.0006320 0.5838330 0.8118735
vn 0.0006320 0.5838330 0.8118735
vn 0.0006320 0.5838330 0.8118735
vn 0.0006133 0.9115109 0.4112754
vn 0.0006133 0.9115109 0.4112754
vn 0.0007753 0.9950898 -0.0989734
vn 0.0007753 0.9950898 -0.0989734
vn 0.4188228 0.8459669 0.3300416
vn 0.5002499 0.8608730 -0.0929927
vn 0.5002499 0.8608730 -0.0929927
vn 0.5002303 0.8607475 -0.0942518
vn 0.5002303 0.8607475 -0.0942518
vn 0.5002303 0.8607475 -0.0942518
vn 0.0007387 0.9949420 -0.1004484
vn 0.0007387 0.9949420 -0.1004484
vn 0.4167153 0.7585326 -0.5009757
vn 0.4167153 0.7585326 -0.5009757
vn 0.4167153 0.7585326 -0.5009757
vn 0.0006798 0.8117715 -0.5839748
vn 0.0006798 0.8117715 -0.5839748
vn 0.8026912 0.3711499 -0.4668345
vn 0.8026912 0.3711499 -0.4668345
vn 0.8026912 0.3711499 -0.4668345
vn 0.8026912 0.3711499 -0.4668345
vn 0.4157243 0.3331276 -0.8462856
vn 0.4157243 0.3331276 -0.8462856
vn 0.4953780 -0.0610087 -0.8665325
vn 0.0006754 0.4113031 -0.9114983
vn 0.0006754 0.4113031 -0.9114983
vn 0.0006754 0.4113031 -0.9114983
vn -0.0001578 0.8117376 -0.5840222
vn -0.1674043 0.8057656 -0.5680823
vn -0.1674043 0.8057656 -0.5680823
vn -0.0000061 0.9949443 -0.1004282
vn -0.0000061 0.9949443 -0.1004282
vn -0.1781060 0.9787726 -0.1014018
vn -0.1781060 0.9787726 -0.1014018
vn 0.0000155 0.9950926 -0.0989472
vn 0.0000155 0.9950926 -0.0989472
vn -0.1780780 0.9789278 -0.0999433
vn -0.1780780 0.9789278 -0.0999433
vn -0.1592728 0.9051172 0.3942018
vn -0.1592728 0.9051172 0.3942018
vn -0.5002538 0.8608703 -0.0929968
vn -0.5002538 0.8608703 -0.0929968
vn -0.5002538 0.8608703 -0.0929968
vn -0.4188331 0.8459613 0.3300428
vn -0.8657607 0.4966217 -0.0618481
vn -0.8657607 0.4966217 -0.0618481
vn -0.8657607 0.4966217 -0.0618481
vn -0.8657607 0.4966217 -0.0618481
vn -0.5002306 0.8607474 -0.0942518
vn -0.5002306 0.8607474 -0.0942518
vn -0.5002306 0.8607474 -0.0942518
vn -0.5002306 0.8607474 -0.0942518
vn -0.4167085 0.7585285 -0.5009878
vn -0.4167085 0.7585285 -0.5009878
vn -0.4167085 0.7585285 -0.5009878
vn -0.8657556 0.4964722 -0.0631085
vn -0.8657556 0.4964722 -0.0631085
vn -0.8657556 0.4964722 -0.0631085
vn -0.8657556 0.4964722 -0.0631085
vn -0.9994266 0.0285022 -0.0182780
vn -0.9994266 0.0285022 -0.0182780
vn -0.8026846 0.3711416 -0.4668527
vn -0.8026846 0.3711416 -0.4668527
vn -0.8026846 0.3711416 -0.4668527
vn -0.8026846 0.3711416 -0.4668527
vn -0.9994476 0.0286611 -0.0168187
vn -0.9994476 0.0286611 -0.0168187
vn -0.8106415 0.4585705 0.3641061
vn -0.8106415 0.4585705 0.3641061
f 122/122/122 78/78/78 10/10/10
f 122/122/122 10/10/10 108/108/108
f 118/118/118 121/121/121 107/107/107
f 118/118/118 107/107/107 39/39/39
f 56/56/56 57/57/57 123/123/123
f 56/56/56 123/123/123 139/139/139
f 123/123/123 57/57/57 4/4/4
f 123/123/123 4/4/4 44/44/44
f 117/117/117 124/124/124 45/45/45
f 117/117/117 45/45/45 33/33/33
f 125/125/125 60/60/60 6/6/6
f 125/125/125 6/6/6 58/58/58
f 77/77/77 20/20/20 70/70/70
f 77/77/77 70/70/70 126/126/126
f 126/126/126 70/70/70 31/31/31
f 126/126/126 31/31/31 119/119/119
f 142/142/142 89/89/89 91/91/91
f 142/142/142 91/91/91 128/128/128
f 14/14/14 62/62/62 127/127/127
f 14/14/14 127/127/127 81/81/81
f 149/149/149 116/116/116 118/118/118
f 149/149/149 118/118/118 138/138/138
f 126/126/126 127/127/127 62/62/62
f 126/126/126 62/62/62 77/77/77
f 81/81/81 127/127/127 80/80/80
f 81/81/81 80/80/80 29/29/29
f 114/114/114 110/110/110 136/136/136
f 114/114/114 136/136/136 155/155/155
f 142/142/142 128/128/128 112/112/112
f 142/142/142 112/112/112 42/42/42
f 91/91/91 27/27/27 47/47/47
f 91/91/91 47/47/47 128/128/128
f 128/128/128 47/47/47 7/7/7
f 128/128/128 7/7/7 112/112/112
f 125/125/125 153/153/153 79/79/79
f 125/125/125 79/79/79 60/60/60
f 34/34/34 46/46/46 130/130/130
f 34/34/34 130/130/130 116/116/116
f 43/43/43 5/5/5 59/59/59
f 43/43/43 59/59/59 129/129/129
f 130/130/130 121/121/121 118/118/118
f 130/130/130 118/118/118 116/116/116
f 40/40/40 109/109/109 131/131/131
f 40/40/40 131/131/131 115/115/115
f 109/109/109 12/12/12 66/66/66
f 109/109/109 66/66/66 131/131/131
f 41/41/41 132/132/132 67/67/67
f 41/41/41 67/67/67 1/1/1
f 29/29/29 80/80/80 133/133/133
f 29/29/29 133/133/133 53/53/53
f 53/53/53 133/133/133 114/114/114
f 53/53/53 114/114/114 35/35/35
f 38/38/38 120/120/120 134/134/134
f 38/38/38 134/134/134 106/106/106
f 131/131/131 134/134/134 120/120/120
f 131/131/131 120/120/120 115/115/115
f 106/106/106 134/134/134 100/100/100
f 106/106/106 100/100/100 24/24/24
f 156/156/156 135/135/135 97/97/97
f 156/156/156 97/97/97 64/64/64
f 110/110/110 37/37/37 105/105/105
f 110/110/110 105/105/105 136/136/136
f 135/135/135 104/104/104 22/22/22
f 135/135/135 22/22/22 97/97/97
f 127/127/127 126/126/126 119/119/119
f 127/127/127 119/119/119 80/80/80
f 150/150/150 148/148/148 115/115/115
f 150/150/150 115/115/115 120/120/120
f 8/8/8 49/49/49 137/137/137
f 8/8/8 137/137/137 113/113/113
f 61/61/61 158/158/158 147/147/147
f 61/61/61 147/147/147 76/76/76
f 101/101/101 90/90/90 144/144/144
f 101/101/101 144/144/144 146/146/146
f 59/59/59 78/78/78 122/122/122
f 59/59/59 122/122/122 129/129/129
f 89/89/89 149/149/149 138/138/138
f 89/89/89 138/138/138 91/91/91
f 118/118/118 39/39/39 85/85/85
f 118/118/118 85/85/85 138/138/138
f 138/138/138 85/85/85 27/27/27
f 138/138/138 27/27/27 91/91/91
f 137/137/137 132/132/132 41/41/41
f 137/137/137 41/41/41 113/113/113
f 111/111/111 36/36/36 74/74/74
f 111/111/111 74/74/74 140/140/140
f 139/139/139 73/73/73 17/17/17
f 139/139/139 17/17/17 56/56/56
f 140/140/140 124/124/124 117/117/117
f 140/140/140 117/117/117 111/111/111
f 9/9/9 48/48/48 141/141/141
f 9/9/9 141/141/141 50/50/50
f 48/48/48 28/28/28 88/88/88
f 48/48/48 88/88/88 141/141/141
f 3/3/3 84/84/84 142/142/142
f 3/3/3 142/142/142 42/42/42
f 84/84/84 26/26/26 89/89/89
f 84/84/84 89/89/89 142/142/142
f 144/144/144 90/90/90 25/25/25
f 144/144/144 25/25/25 83/83/83
f 69/69/69 144/144/144 83/83/83
f 69/69/69 83/83/83 2/2/2
f 94/94/94 15/15/15 82/82/82
f 94/94/94 82/82/82 146/146/146
f 146/146/146 82/82/82 30/30/30
f 146/146/146 30/30/30 101/101/101
f 145/145/145 143/143/143 68/68/68
f 145/145/145 68/68/68 93/93/93
f 66/66/66 100/100/100 134/134/134
f 66/66/66 134/134/134 131/131/131
f 133/133/133 151/151/151 110/110/110
f 133/133/133 110/110/110 114/114/114
f 76/76/76 147/147/147 95/95/95
f 76/76/76 95/95/95 19/19/19
f 28/28/28 86/86/86 148/148/148
f 28/28/28 148/148/148 88/88/88
f 86/86/86 40/40/40 115/115/115
f 86/86/86 115/115/115 148/148/148
f 87/87/87 88/88/88 148/148/148
f 87/87/87 148/148/148 150/150/150
f 152/152/152 157/157/157 111/111/111
f 152/152/152 111/111/111 117/117/117
f 26/26/26 103/103/103 149/149/149
f 26/26/26 149/149/149 89/89/89
f 103/103/103 34/34/34 116/116/116
f 103/103/103 116/116/116 149/149/149
f 32/32/32 87/87/87 150/150/150
f 32/32/32 150/150/150 52/52/52
f 52/52/52 150/150/150 120/120/120
f 52/52/52 120/120/120 38/38/38
f 31/31/31 51/51/51 151/151/151
f 31/31/31 151/151/151 119/119/119
f 51/51/51 37/37/37 110/110/110
f 51/51/51 110/110/110 151/151/151
f 151/151/151 133/133/133 80/80/80
f 151/151/151 80/80/80 119/119/119
f 132/132/132 137/137/137 147/147/147
f 132/132/132 147/147/147 158/158/158
f 153/153/153 154/154/154 99/99/99
f 153/153/153 99/99/99 65/65/65
f 157/157/157 152/152/152 90/90/90
f 157/157/157 90/90/90 101/101/101
f 152/152/152 117/117/117 33/33/33
f 152/152/152 33/33/33 102/102/102
f 90/90/90 152/152/152 102/102/102
f 90/90/90 102/102/102 25/25/25
f 154/154/154 160/160/160 63/63/63
f 154/154/154 63/63/63 98/98/98
f 65/65/65 11/11/11 79/79/79
f 65/65/65 79/79/79 153/153/153
f 147/147/147 137/137/137 49/49/49
f 147/147/147 49/49/49 95/95/95
f 99/99/99 154/154/154 98/98/98
f 99/99/99 98/98/98 23/23/23
f 35/35/35 114/114/114 155/155/155
f 35/35/35 155/155/155 72/72/72
f 75/75/75 156/156/156 64/64/64
f 75/75/75 64/64/64 18/18/18
f 101/101/101 30/30/30 54/54/54
f 101/101/101 54/54/54 157/157/157
f 157/157/157 54/54/54 36/36/36
f 157/157/157 36/36/36 111/111/111
f 125/125/125 160/160/160 154/154/154
f 125/125/125 154/154/154 153/153/153
f 61/61/61 13/13/13 92/92/92
f 61/61/61 92/92/92 158/158/158
f 132/132/132 158/158/158 92/92/92
f 132/132/132 92/92/92 67/67/67
f 21/21/21 96/96/96 159/159/159
f 21/21/21 159/159/159 71/71/71
f 141/141/141 159/159/159 96/96/96
f 141/141/141 96/96/96 50/50/50
f 71/71/71 159/159/159 87/87/87
f 71/71/71 87/87/87 32/32/32
f 125/125/125 58/58/58 55/55/55
f 125/125/125 55/55/55 160/160/160
f 141/141/141 88/88/88 87/87/87
f 141/141/141 87/87/87 159/159/159
f 160/160/160 55/55/55 16/16/16
f 160/160/160 16/16/16 63/63/63
f 165/165/165 1771/1771/1771 166/166/166
f 165/165/165 166/166/166 162/162/162
f 168/168/168 173/173/173 164/164/164
f 168/168/168 164/164/164 161/161/161
f 172/172/172 169/169/169 163/163/163
f 172/172/172 163/163/163 167/167/167
f 170/170/170 174/174/174 173/173/173
f 170/170/170 173/173/173 168/168/168
f 171/171/171 169/169/169 172/172/172
f 171/171/171 172/172/172 1797/1797/1797
f 174/174/174 176/176/176 175/175/175
f 174/174/174 175/175/175 173/173/173
f 173/173/173 175/175/175 177/177/177
f 173/173/173 177/177/177 164/164/164
f 176/176/176 180/180/180 179/179/179
f 176/176/176 179/179/179 175/175/175
f 175/175/175 179/179/179 182/182/182
f 175/175/175 182/182/182 177/177/177
f 180/180/180 241/241/241 181/181/181
f 180/180/180 181/181/181 179/179/179
f 179/179/179 181/181/181 184/184/184
f 179/179/179 184/184/184 182/182/182
f 185/185/185 187/187/187 186/186/186
f 185/185/185 186/186/186 183/183/183
f 186/186/186 188/188/188 178/178/178
f 186/186/186 178/178/178 183/183/183
f 186/186/186 187/187/187 191/191/191
f 186/186/186 191/191/191 189/189/189
f 186/186/186 189/189/189 190/190/190
f 186/186/186 190/190/190 188/188/188
f 190/190/190 189/189/189 192/192/192
f 190/190/190 192/192/192 193/193/193
f 192/192/192 189/189/189 191/191/191
f 192/192/192 191/191/191 194/194/194
f 193/193/193 192/192/192 195/195/195
f 193/193/193 195/195/195 197/197/197
f 194/194/194 196/196/196 195/195/195
f 194/194/194 195/195/195 192/192/192
f 195/195/195 196/196/196 200/200/200
f 195/195/195 200/200/200 198/198/198
f 202/202/202 197/197/197 195/195/195
f 202/202/202 195/195/195 198/198/198
f 201/201/201 207/207/207 204/204/204
f 201/201/201 204/204/204 199/199/199
f 203/203/203 199/199/199 204/204/204
f 203/203/203 204/204/204 205/205/205
f 205/205/205 204/204/204 206/206/206
f 205/205/205 206/206/206 1750/1750/1750
f 204/204/204 207/207/207 209/209/209
f 204/204/204 209/209/209 206/206/206
f 207/207/207 201/201/201 259/259/259
f 207/207/207 259/259/259 208/208/208
f 209/209/209 207/207/207 208/208/208
f 209/209/209 208/208/208 210/210/210
f 209/209/209 210/210/210 212/212/212
f 209/209/209 212/212/212 211/211/211
f 206/206/206 209/209/209 211/211/211
f 206/206/206 211/211/211 213/213/213
f 214/214/214 211/211/211 212/212/212
f 214/214/214 212/212/212 218/218/218
f 213/213/213 211/211/211 214/214/214
f 213/213/213 214/214/214 216/216/216
f 215/215/215 220/220/220 222/222/222
f 215/215/215 222/222/222 217/217/217
f 220/220/220 215/215/215 219/219/219
f 220/220/220 219/219/219 221/221/221
f 223/223/223 220/220/220 221/221/221
f 223/223/223 221/221/221 225/225/225
f 220/220/220 223/223/223 224/224/224
f 220/220/220 224/224/224 222/222/222
f 224/224/224 223/223/223 226/226/226
f 224/224/224 226/226/226 227/227/227
f 223/223/223 225/225/225 228/228/228
f 223/223/223 228/228/228 226/226/226
f 227/227/227 226/226/226 229/229/229
f 227/227/227 229/229/229 231/231/231
f 230/230/230 229/229/229 226/226/226
f 230/230/230 226/226/226 228/228/228
f 233/233/233 229/229/229 230/230/230
f 233/233/233 230/230/230 237/237/237
f 229/229/229 233/233/233 235/235/235
f 229/229/229 235/235/235 231/231/231
f 232/232/232 238/238/238 240/240/240
f 232/232/232 240/240/240 234/234/234
f 239/239/239 238/238/238 232/232/232
f 239/239/239 232/232/232 236/236/236
f 242/242/242 241/241/241 238/238/238
f 242/242/242 238/238/238 239/239/239
f 238/238/238 241/241/241 180/180/180
f 238/238/238 180/180/180 240/240/240
f 241/241/241 242/242/242 244/244/244
f 241/241/241 244/244/244 181/181/181
f 243/243/243 242/242/242 239/239/239
f 243/243/243 239/239/239 1720/1720/1720
f 242/242/242 243/243/243 245/245/245
f 242/242/242 245/245/245 244/244/244
f 244/244/244 245/245/245 248/248/248
f 244/244/244 248/248/248 246/246/246
f 181/181/181 244/244/244 246/246/246
f 181/181/181 246/246/246 184/184/184
f 249/249/249 251/251/251 250/250/250
f 249/249/249 250/250/250 247/247/247
f 247/247/247 250/250/250 187/187/187
f 247/247/247 187/187/187 185/185/185
f 252/252/252 191/191/191 187/187/187
f 252/252/252 187/187/187 250/250/250
f 250/250/250 251/251/251 253/253/253
f 250/250/250 253/253/253 252/252/252
f 254/254/254 252/252/252 253/253/253
f 254/254/254 253/253/253 255/255/255
f 194/194/194 191/191/191 252/252/252
f 194/194/194 252/252/252 254/254/254
f 255/255/255 257/257/257 256/256/256
f 255/255/255 256/256/256 254/254/254
f 196/196/196 194/194/194 254/254/254
f 196/196/196 254/254/254 256/256/256
f 196/196/196 256/256/256 258/258/258
f 196/196/196 258/258/258 200/200/200
f 256/256/256 257/257/257 260/260/260
f 256/256/256 260/260/260 258/258/258
f 261/261/261 264/264/264 208/208/208
f 261/261/261 208/208/208 259/259/259
f 263/263/263 266/266/266 264/264/264
f 263/263/263 264/264/264 261/261/261
f 260/260/260 257/257/257 320/320/320
f 260/260/260 320/320/320 262/262/262
f 208/208/208 264/264/264 265/265/265
f 208/208/208 265/265/265 210/210/210
f 264/264/264 266/266/266 267/267/267
f 264/264/264 267/267/267 265/265/265
f 270/270/270 268/268/268 266/266/266
f 270/270/270 266/266/266 263/263/263
f 266/266/266 268/268/268 272/272/272
f 266/266/266 272/272/272 267/267/267
f 268/268/268 270/270/270 325/325/325
f 268/268/268 325/325/325 271/271/271
f 272/272/272 268/268/268 271/271/271
f 272/272/272 271/271/271 273/273/273
f 272/272/272 273/273/273 275/275/275
f 272/272/272 275/275/275 274/274/274
f 267/267/267 272/272/272 274/274/274
f 267/267/267 274/274/274 276/276/276
f 277/277/277 274/274/274 275/275/275
f 277/277/277 275/275/275 281/281/281
f 276/276/276 274/274/274 277/277/277
f 276/276/276 277/277/277 279/279/279
f 278/278/278 283/283/283 285/285/285
f 278/278/278 285/285/285 280/280/280
f 283/283/283 278/278/278 282/282/282
f 283/283/283 282/282/282 284/284/284
f 286/286/286 283/283/283 284/284/284
f 286/286/286 284/284/284 288/288/288
f 283/283/283 286/286/286 287/287/287
f 283/283/283 287/287/287 285/285/285
f 287/287/287 286/286/286 289/289/289
f 287/287/287 289/289/289 290/290/290
f 286/286/286 288/288/288 291/291/291
f 286/286/286 291/291/291 289/289/289
f 290/290/290 289/289/289 292/292/292
f 290/290/290 292/292/292 294/294/294
f 293/293/293 292/292/292 289/289/289
f 293/293/293 289/289/289 291/291/291
f 296/296/296 292/292/292 293/293/293
f 296/296/296 293/293/293 300/300/300
f 292/292/292 296/296/296 298/298/298
f 292/292/292 298/298/298 294/294/294
f 295/295/295 301/301/301 303/303/303
f 295/295/295 303/303/303 297/297/297
f 302/302/302 301/301/301 295/295/295
f 302/302/302 295/295/295 299/299/299
f 305/305/305 304/304/304 301/301/301
f 305/305/305 301/301/301 302/302/302
f 301/301/301 304/304/304 306/306/306
f 301/301/301 306/306/306 303/303/303
f 304/304/304 305/305/305 308/308/308
f 304/304/304 308/308/308 307/307/307
f 306/306/306 304/304/304 307/307/307
f 306/306/306 307/307/307 311/311/311
f 307/307/307 308/308/308 332/332/332
f 307/307/307 332/332/332 309/309/309
f 311/311/311 307/307/307 309/309/309
f 311/311/311 309/309/309 312/312/312
f 243/243/243 306/306/306 311/311/311
f 243/243/243 311/311/311 245/245/245
f 245/245/245 311/311/311 312/312/312
f 245/245/245 312/312/312 248/248/248
f 310/310/310 315/315/315 314/314/314
f 310/310/310 314/314/314 313/313/313
f 314/314/314 251/251/251 249/249/249
f 314/314/314 249/249/249 313/313/313
f 314/314/314 315/315/315 317/317/317
f 314/314/314 317/317/317 316/316/316
f 314/314/314 316/316/316 253/253/253
f 314/314/314 253/253/253 251/251/251
f 255/255/255 253/253/253 316/316/316
f 255/255/255 316/316/316 318/318/318
f 318/318/318 316/316/316 317/317/317
f 318/318/318 317/317/317 319/319/319
f 255/255/255 318/318/318 320/320/320
f 255/255/255 320/320/320 257/257/257
f 319/319/319 321/321/321 320/320/320
f 319/319/319 320/320/320 318/318/318
f 320/320/320 321/321/321 269/269/269
f 320/320/320 269/269/269 262/262/262
f 321/321/321 322/322/322 324/324/324
f 321/321/321 324/324/324 269/269/269
f 321/321/321 319/319/319 326/326/326
f 321/321/321 326/326/326 322/322/322
f 327/327/327 323/323/323 322/322/322
f 327/327/327 322/322/322 326/326/326
f 322/322/322 323/323/323 1588/1588/1588
f 322/322/322 1588/1588/1588 324/324/324
f 326/326/326 328/328/328 329/329/329
f 326/326/326 329/329/329 327/327/327
f 319/319/319 317/317/317 328/328/328
f 319/319/319 328/328/328 326/326/326
f 330/330/330 331/331/331 329/329/329
f 330/330/330 329/329/329 328/328/328
f 328/328/328 317/317/317 315/315/315
f 328/328/328 315/315/315 330/330/330
f 333/333/333 330/330/330 315/315/315
f 333/333/333 315/315/315 310/310/310
f 335/335/335 331/331/331 330/330/330
f 335/335/335 330/330/330 333/333/333
f 308/308/308 338/338/338 334/334/334
f 308/308/308 334/334/334 332/332/332
f 337/337/337 1611/1611/1611 331/331/331
f 337/337/337 331/331/331 335/335/335
f 338/338/338 340/340/340 336/336/336
f 338/338/338 336/336/336 334/334/334
f 339/339/339 341/341/341 340/340/340
f 339/339/339 340/340/340 338/338/338
f 305/305/305 339/339/339 338/338/338
f 305/305/305 338/338/338 308/308/308
f 342/342/342 344/344/344 336/336/336
f 342/342/342 336/336/336 340/340/340
f 341/341/341 346/346/346 342/342/342
f 341/341/341 342/342/342 340/340/340
f 343/343/343 1613/1613/1613 344/344/344
f 343/343/343 344/344/344 342/342/342
f 346/346/346 347/347/347 343/343/343
f 346/346/346 343/343/343 342/342/342
f 352/352/352 347/347/347 346/346/346
f 352/352/352 346/346/346 349/349/349
f 349/349/349 346/346/346 341/341/341
f 349/349/349 341/341/341 356/356/356
f 351/351/351 359/359/359 362/362/362
f 351/351/351 362/362/362 353/353/353
f 354/354/354 363/363/363 358/358/358
f 354/354/354 358/358/358 348/348/348
f 357/357/357 427/427/427 355/355/355
f 357/357/357 355/355/355 350/350/350
f 358/358/358 363/363/363 365/365/365
f 358/358/358 365/365/365 360/360/360
f 361/361/361 1709/1709/1709 362/362/362
f 361/361/361 362/362/362 359/359/359
f 363/363/363 364/364/364 366/366/366
f 363/363/363 366/366/366 365/365/365
f 363/363/363 354/354/354 430/430/430
f 363/363/363 430/430/430 364/364/364
f 365/365/365 366/366/366 368/368/368
f 365/365/365 368/368/368 367/367/367
f 360/360/360 365/365/365 367/367/367
f 360/360/360 367/367/367 369/369/369
f 372/372/372 371/371/371 367/367/367
f 372/372/372 367/367/367 368/368/368
f 371/371/371 373/373/373 369/369/369
f 371/371/371 369/369/369 367/367/367
f 375/375/375 371/371/371 372/372/372
f 375/375/375 372/372/372 381/381/381
f 371/371/371 375/375/375 377/377/377
f 371/371/371 377/377/377 373/373/373
f 376/376/376 383/383/383 385/385/385
f 376/376/376 385/385/385 378/378/378
f 376/376/376 382/382/382 384/384/384
f 376/376/376 384/384/384 383/383/383
f 388/388/388 387/387/387 383/383/383
f 388/388/388 383/383/383 384/384/384
f 389/389/389 385/385/385 383/383/383
f 389/389/389 383/383/383 387/387/387
f 398/398/398 392/392/392 387/387/387
f 398/398/398 387/387/387 388/388/388
f 387/387/387 392/392/392 394/394/394
f 387/387/387 394/394/394 389/389/389
f 391/391/391 399/399/399 401/401/401
f 391/391/391 401/401/401 393/393/393
f 400/400/400 399/399/399 391/391/391
f 400/400/400 391/391/391 397/397/397
f 404/404/404 403/403/403 399/399/399
f 404/404/404 399/399/399 400/400/400
f 403/403/403 405/405/405 401/401/401
f 403/403/403 401/401/401 399/399/399
f 407/407/407 403/403/403 404/404/404
f 407/407/407 404/404/404 408/408/408
f 403/403/403 407/407/407 409/409/409
f 403/403/403 409/409/409 405/405/405
f 407/407/407 408/408/408 412/412/412
f 407/407/407 412/412/412 411/411/411
f 409/409/409 407/407/407 411/411/411
f 409/409/409 411/411/411 413/413/413
f 415/415/415 411/411/411 412/412/412
f 415/415/415 412/412/412 421/421/421
f 413/413/413 411/411/411 415/415/415
f 413/413/413 415/415/415 417/417/417
f 419/419/419 416/416/416 423/423/423
f 419/419/419 423/423/423 426/426/426
f 423/423/423 416/416/416 422/422/422
f 423/423/423 422/422/422 424/424/424
f 427/427/427 423/423/423 424/424/424
f 427/427/427 424/424/424 428/428/428
f 357/357/357 426/426/426 423/423/423
f 357/357/357 423/423/423 427/427/427
f 427/427/427 428/428/428 431/431/431
f 427/427/427 431/431/431 355/355/355
f 424/424/424 468/468/468 429/429/429
f 424/424/424 429/429/429 428/428/428
f 429/429/429 432/432/432 431/431/431
f 429/429/429 431/431/431 428/428/428
f 433/433/433 436/436/436 364/364/364
f 433/433/433 364/364/364 430/430/430
f 436/436/436 433/433/433 435/435/435
f 436/436/436 435/435/435 437/437/437
f 432/432/432 429/429/429 472/472/472
f 432/432/432 472/472/472 434/434/434
f 438/438/438 436/436/436 437/437/437
f 438/438/438 437/437/437 439/439/439
f 436/436/436 438/438/438 366/366/366
f 436/436/436 366/366/366 364/364/364
f 438/438/438 440/440/440 368/368/368
f 438/438/438 368/368/368 366/366/366
f 440/440/440 438/438/438 439/439/439
f 440/440/440 439/439/439 441/441/441
f 368/368/368 440/440/440 442/442/442
f 368/368/368 442/442/442 372/372/372
f 440/440/440 441/441/441 443/443/443
f 440/440/440 443/443/443 442/442/442
f 446/446/446 444/444/444 442/442/442
f 446/446/446 442/442/442 443/443/443
f 442/442/442 444/444/444 381/381/381
f 442/442/442 381/381/381 372/372/372
f 448/448/448 445/445/445 447/447/447
f 448/448/448 447/447/447 449/449/449
f 448/448/448 384/384/384 382/382/382
f 448/448/448 382/382/382 445/445/445
f 451/451/451 450/450/450 448/448/448
f 451/451/451 448/448/448 449/449/449
f 450/450/450 388/388/388 384/384/384
f 450/450/450 384/384/384 448/448/448
f 455/455/455 453/453/453 450/450/450
f 455/455/455 450/450/450 451/451/451
f 450/450/450 453/453/453 398/398/398
f 450/450/450 398/398/398 388/388/388
f 452/452/452 456/456/456 400/400/400
f 452/452/452 400/400/400 397/397/397
f 454/454/454 457/457/457 456/456/456
f 454/454/454 456/456/456 452/452/452
f 400/400/400 456/456/456 458/458/458
f 400/400/400 458/458/458 404/404/404
f 456/456/456 457/457/457 459/459/459
f 456/456/456 459/459/459 458/458/458
f 459/459/459 461/461/461 460/460/460
f 459/459/459 460/460/460 458/458/458
f 458/458/458 460/460/460 408/408/408
f 458/458/458 408/408/408 404/404/404
f 462/462/462 460/460/460 461/461/461
f 462/462/462 461/461/461 463/463/463
f 460/460/460 462/462/462 412/412/412
f 460/460/460 412/412/412 408/408/408
f 412/412/412 462/462/462 465/465/465
f 412/412/412 465/465/465 421/421/421
f 462/462/462 463/463/463 467/467/467
f 462/462/462 467/467/467 465/465/465
f 422/422/422 464/464/464 468/468/468
f 422/422/422 468/468/468 424/424/424
f 468/468/468 464/464/464 466/466/466
f 468/468/468 466/466/466 469/469/469
f 468/468/468 469/469/469 472/472/472
f 468/468/468 472/472/472 429/429/429
f 473/473/473 472/472/472 469/469/469
f 473/473/473 469/469/469 470/470/470
f 466/466/466 487/487/487 470/470/470
f 466/466/466 470/470/470 469/469/469
f 476/476/476 434/434/434 472/472/472
f 476/476/476 472/472/472 473/473/473
f 482/482/482 477/477/477 474/474/474
f 482/482/482 474/474/474 479/479/479
f 471/471/471 483/483/483 479/479/479
f 471/471/471 479/479/479 474/474/474
f 479/479/479 483/483/483 484/484/484
f 479/479/479 484/484/484 480/480/480
f 480/480/480 551/551/551 482/482/482
f 480/480/480 482/482/482 479/479/479
f 488/488/488 485/485/485 483/483/483
f 488/488/488 483/483/483 471/471/471
f 485/485/485 491/491/491 484/484/484
f 485/485/485 484/484/484 483/483/483
f 495/495/495 493/493/493 486/486/486
f 495/495/495 486/486/486 490/490/490
f 493/493/493 496/496/496 492/492/492
f 493/493/493 492/492/492 486/486/486
f 499/499/499 497/497/497 493/493/493
f 499/499/499 493/493/493 495/495/495
f 497/497/497 500/500/500 496/496/496
f 497/497/497 496/496/496 493/493/493
f 501/501/501 497/497/497 499/499/499
f 501/501/501 499/499/499 503/503/503
f 504/504/504 500/500/500 497/497/497
f 504/504/504 497/497/497 501/501/501
f 505/505/505 501/501/501 503/503/503
f 505/505/505 503/503/503 507/507/507
f 504/504/504 501/501/501 505/505/505
f 504/504/504 505/505/505 508/508/508
f 510/510/510 505/505/505 507/507/507
f 510/510/510 507/507/507 514/514/514
f 516/516/516 508/508/508 505/505/505
f 516/516/516 505/505/505 510/510/510
f 517/517/517 509/509/509 511/511/511
f 517/517/517 511/511/511 518/518/518
f 520/520/520 515/515/515 509/509/509
f 520/520/520 509/509/509 517/517/517
f 521/521/521 517/517/517 518/518/518
f 521/521/521 518/518/518 522/522/522
f 524/524/524 520/520/520 517/517/517
f 524/524/524 517/517/517 521/521/521
f 526/526/526 521/521/521 522/522/522
f 526/526/526 522/522/522 530/530/530
f 528/528/528 524/524/524 521/521/521
f 528/528/528 521/521/521 526/526/526
f 536/536/536 527/527/527 525/525/525
f 536/536/536 525/525/525 533/533/533
f 533/533/533 525/525/525 529/529/529
f 533/533/533 529/529/529 534/534/534
f 537/537/537 533/533/533 534/534/534
f 537/537/537 534/534/534 538/538/538
f 536/536/536 533/533/533 537/537/537
f 536/536/536 537/537/537 540/540/540
f 541/541/541 537/537/537 538/538/538
f 541/541/541 538/538/538 542/542/542
f 544/544/544 540/540/540 537/537/537
f 544/544/544 537/537/537 541/541/541
f 546/546/546 545/545/545 541/541/541
f 546/546/546 541/541/541 542/542/542
f 545/545/545 548/548/548 544/544/544
f 545/545/545 544/544/544 541/541/541
f 475/475/475 481/481/481 545/545/545
f 475/475/475 545/545/545 546/546/546
f 550/550/550 548/548/548 545/545/545
f 550/550/550 545/545/545 481/481/481
f 548/548/548 549/549/549 588/588/588
f 548/548/548 588/588/588 544/544/544
f 548/548/548 550/550/550 552/552/552
f 548/548/548 552/552/552 549/549/549
f 480/480/480 556/556/556 553/553/553
f 480/480/480 553/553/553 551/551/551
f 557/557/557 555/555/555 553/553/553
f 557/557/557 553/553/553 556/556/556
f 554/554/554 591/591/591 549/549/549
f 554/554/554 549/549/549 552/552/552
f 480/480/480 484/484/484 558/558/558
f 480/480/480 558/558/558 556/556/556
f 559/559/559 557/557/557 556/556/556
f 559/559/559 556/556/556 558/558/558
f 560/560/560 562/562/562 559/559/559
f 560/560/560 559/559/559 558/558/558
f 484/484/484 491/491/491 560/560/560
f 484/484/484 560/560/560 558/558/558
f 564/564/564 565/565/565 563/563/563
f 564/564/564 563/563/563 561/561/561
f 492/492/492 496/496/496 564/564/564
f 492/492/492 564/564/564 561/561/561
f 567/567/567 565/565/565 564/564/564
f 567/567/567 564/564/564 566/566/566
f 500/500/500 566/566/566 564/564/564
f 500/500/500 564/564/564 496/496/496
f 569/569/569 567/567/567 566/566/566
f 569/569/569 566/566/566 568/568/568
f 504/504/504 568/568/568 566/566/566
f 504/504/504 566/566/566 500/500/500
f 570/570/570 571/571/571 569/569/569
f 570/570/570 569/569/569 568/568/568
f 568/568/568 504/504/504 508/508/508
f 568/568/568 508/508/508 570/570/570
f 575/575/575 571/571/571 570/570/570
f 575/575/575 570/570/570 573/573/573
f 570/570/570 508/508/508 516/516/516
f 570/570/570 516/516/516 573/573/573
f 577/577/577 574/574/574 572/572/572
f 577/577/577 572/572/572 576/576/576
f 572/572/572 515/515/515 520/520/520
f 572/572/572 520/520/520 576/576/576
f 576/576/576 578/578/578 579/579/579
f 576/576/576 579/579/579 577/577/577
f 576/576/576 520/520/520 524/524/524
f 576/576/576 524/524/524 578/578/578
f 528/528/528 581/581/581 578/578/578
f 528/528/528 578/578/578 524/524/524
f 583/583/583 579/579/579 578/578/578
f 583/583/583 578/578/578 581/581/581
f 585/585/585 582/582/582 580/580/580
f 585/585/585 580/580/580 584/584/584
f 527/527/527 536/536/536 584/584/584
f 527/527/527 584/584/584 580/580/580
f 586/586/586 587/587/587 585/585/585
f 586/586/586 585/585/585 584/584/584
f 584/584/584 536/536/536 540/540/540
f 584/584/584 540/540/540 586/586/586
f 589/589/589 587/587/587 586/586/586
f 589/589/589 586/586/586 588/588/588
f 586/586/586 540/540/540 544/544/544
f 586/586/586 544/544/544 588/588/588
f 591/591/591 589/589/589 588/588/588
f 591/591/591 588/588/588 549/549/549
f 666/666/666 587/587/587 589/589/589
f 666/666/666 589/589/589 590/590/590
f 592/592/592 590/590/590 589/589/589
f 592/592/592 589/589/589 591/591/591
f 594/594/594 592/592/592 591/591/591
f 594/594/594 591/591/591 554/554/554
f 593/593/593 669/669/669 590/590/590
f 593/593/593 590/590/590 592/592/592
f 594/594/594 596/596/596 593/593/593
f 594/594/594 593/593/593 592/592/592
f 598/598/598 599/599/599 597/597/597
f 598/598/598 597/597/597 595/595/595
f 598/598/598 595/595/595 555/555/555
f 598/598/598 555/555/555 601/601/601
f 600/600/600 681/681/681 599/599/599
f 600/600/600 599/599/599 598/598/598
f 603/603/603 600/600/600 598/598/598
f 603/603/603 598/598/598 601/601/601
f 604/604/604 603/603/603 601/601/601
f 604/604/604 601/601/601 602/602/602
f 601/601/601 555/555/555 557/557/557
f 601/601/601 557/557/557 602/602/602
f 603/603/603 604/604/604 606/606/606
f 603/603/603 606/606/606 605/605/605
f 600/600/600 603/603/603 605/605/605
f 600/600/600 605/605/605 607/607/607
f 609/609/609 608/608/608 605/605/605
f 609/609/609 605/605/605 606/606/606
f 608/608/608 610/610/610 607/607/607
f 608/608/608 607/607/607 605/605/605
f 613/613/613 611/611/611 608/608/608
f 613/613/613 608/608/608 609/609/609
f 611/611/611 612/612/612 610/610/610
f 611/611/611 610/610/610 608/608/608
f 614/614/614 615/615/615 612/612/612
f 614/614/614 612/612/612 611/611/611
f 616/616/616 614/614/614 611/611/611
f 616/616/616 611/611/611 613/613/613
f 618/618/618 620/620/620 615/615/615
f 618/618/618 615/615/615 614/614/614
f 622/622/622 618/618/618 614/614/614
f 622/622/622 614/614/614 616/616/616
f 623/623/623 624/624/624 619/619/619
f 623/623/623 619/619/619 617/617/617
f 625/625/625 623/623/623 617/617/617
f 625/625/625 617/617/617 621/621/621
f 628/628/628 624/624/624 623/623/623
f 628/628/628 623/623/623 626/626/626
f 626/626/626 623/623/623 625/625/625
f 626/626/626 625/625/625 627/627/627
f 627/627/627 630/630/630 629/629/629
f 627/627/627 629/629/629 626/626/626
f 626/626/626 629/629/629 631/631/631
f 626/626/626 631/631/631 628/628/628
f 632/632/632 629/629/629 630/630/630
f 632/632/632 630/630/630 634/634/634
f 633/633/633 631/631/631 629/629/629
f 633/633/633 629/629/629 632/632/632
f 637/637/637 633/633/633 632/632/632
f 637/637/637 632/632/632 635/635/635
f 635/635/635 632/632/632 634/634/634
f 635/635/635 634/634/634 639/639/639
f 642/642/642 638/638/638 636/636/636
f 642/642/642 636/636/636 641/641/641
f 641/641/641 636/636/636 640/640/640
f 641/641/641 640/640/640 643/643/643
f 645/645/645 642/642/642 641/641/641
f 645/645/645 641/641/641 644/644/644
f 644/644/644 641/641/641 643/643/643
f 644/644/644 643/643/643 646/646/646
f 647/647/647 648/648/648 645/645/645
f 647/647/647 645/645/645 644/644/644
f 649/649/649 647/647/647 644/644/644
f 649/649/649 644/644/644 646/646/646
f 648/648/648 647/647/647 650/650/650
f 648/648/648 650/650/650 652/652/652
f 647/647/647 649/649/649 651/651/651
f 647/647/647 651/651/651 650/650/650
f 655/655/655 653/653/653 650/650/650
f 655/655/655 650/650/650 651/651/651
f 653/653/653 654/654/654 652/652/652
f 653/653/653 652/652/652 650/650/650
f 654/654/654 653/653/653 656/656/656
f 654/654/654 656/656/656 658/658/658
f 653/653/653 655/655/655 657/657/657
f 653/653/653 657/657/657 656/656/656
f 583/583/583 656/656/656 657/657/657
f 583/583/583 657/657/657 579/579/579
f 661/661/661 658/658/658 656/656/656
f 661/661/661 656/656/656 583/583/583
f 658/658/658 661/661/661 663/663/663
f 658/658/658 663/663/663 659/659/659
f 658/658/658 659/659/659 731/731/731
f 658/658/658 731/731/731 654/654/654
f 665/665/665 662/662/662 660/660/660
f 665/665/665 660/660/660 664/664/664
f 664/664/664 660/660/660 582/582/582
f 664/664/664 582/582/582 585/585/585
f 666/666/666 664/664/664 585/585/585
f 666/666/666 585/585/585 587/587/587
f 666/666/666 667/667/667 665/665/665
f 666/666/666 665/665/665 664/664/664
f 669/669/669 667/667/667 666/666/666
f 669/669/669 666/666/666 590/590/590
f 668/668/668 1248/1248/1248 665/665/665
f 668/668/668 665/665/665 667/667/667
f 670/670/670 668/668/668 667/667/667
f 670/670/670 667/667/667 669/669/669
f 672/672/672 670/670/670 669/669/669
f 672/672/672 669/669/669 593/593/593
f 671/671/671 1250/1250/1250 668/668/668
f 671/671/671 668/668/668 670/670/670
f 673/673/673 671/671/671 670/670/670
f 673/673/673 670/670/670 672/672/672
f 596/596/596 674/674/674 672/672/672
f 596/596/596 672/672/672 593/593/593
f 674/674/674 676/676/676 673/673/673
f 674/674/674 673/673/673 672/672/672
f 597/597/597 599/599/599 678/678/678
f 597/597/597 678/678/678 675/675/675
f 678/678/678 679/679/679 677/677/677
f 678/678/678 677/677/677 675/675/675
f 681/681/681 680/680/680 678/678/678
f 681/681/681 678/678/678 599/599/599
f 680/680/680 683/683/683 679/679/679
f 680/680/680 679/679/679 678/678/678
f 1243/1243/1243 682/682/682 680/680/680
f 1243/1243/1243 680/680/680 681/681/681
f 682/682/682 684/684/684 683/683/683
f 682/682/682 683/683/683 680/680/680
f 683/683/683 684/684/684 686/686/686
f 683/683/683 686/686/686 685/685/685
f 679/679/679 683/683/683 685/685/685
f 679/679/679 685/685/685 687/687/687
f 686/686/686 689/689/689 688/688/688
f 686/686/686 688/688/688 685/685/685
f 685/685/685 688/688/688 691/691/691
f 685/685/685 691/691/691 687/687/687
f 688/688/688 689/689/689 781/781/781
f 688/688/688 781/781/781 690/690/690
f 690/690/690 692/692/692 691/691/691
f 690/690/690 691/691/691 688/688/688
f 687/687/687 691/691/691 694/694/694
f 687/687/687 694/694/694 696/696/696
f 694/694/694 691/691/691 692/692/692
f 694/694/694 692/692/692 698/698/698
f 695/695/695 693/693/693 699/699/699
f 695/695/695 699/699/699 701/701/701
f 699/699/699 693/693/693 697/697/697
f 699/699/699 697/697/697 700/700/700
f 702/702/702 699/699/699 700/700/700
f 702/702/702 700/700/700 703/703/703
f 699/699/699 702/702/702 704/704/704
f 699/699/699 704/704/704 701/701/701
f 706/706/706 705/705/705 702/702/702
f 706/706/706 702/702/702 703/703/703
f 702/702/702 705/705/705 707/707/707
f 702/702/702 707/707/707 704/704/704
f 705/705/705 706/706/706 709/709/709
f 705/705/705 709/709/709 708/708/708
f 707/707/707 705/705/705 708/708/708
f 707/707/707 708/708/708 710/710/710
f 715/715/715 711/711/711 708/708/708
f 715/715/715 708/708/708 709/709/709
f 708/708/708 711/711/711 713/713/713
f 708/708/708 713/713/713 710/710/710
f 718/718/718 714/714/714 712/712/712
f 718/718/718 712/712/712 717/717/717
f 719/719/719 717/717/717 712/712/712
f 719/719/719 712/712/712 716/716/716
f 718/718/718 717/717/717 720/720/720
f 718/718/718 720/720/720 723/723/723
f 717/717/717 719/719/719 721/721/721
f 717/717/717 721/721/721 720/720/720
f 720/720/720 721/721/721 883/883/883
f 720/720/720 883/883/883 722/722/722
f 723/723/723 720/720/720 722/722/722
f 723/723/723 722/722/722 724/724/724
f 726/726/726 718/718/718 723/723/723
f 726/726/726 723/723/723 725/725/725
f 725/725/725 723/723/723 724/724/724
f 725/725/725 724/724/724 727/727/727
f 729/729/729 726/726/726 725/725/725
f 729/729/729 725/725/725 728/728/728
f 728/728/728 725/725/725 727/727/727
f 728/728/728 727/727/727 730/730/730
f 659/659/659 729/729/729 728/728/728
f 659/659/659 728/728/728 731/731/731
f 731/731/731 728/728/728 730/730/730
f 731/731/731 730/730/730 732/732/732
f 654/654/654 731/731/731 732/732/732
f 654/654/654 732/732/732 652/652/652
f 652/652/652 732/732/732 733/733/733
f 652/652/652 733/733/733 648/648/648
f 732/732/732 730/730/730 735/735/735
f 732/732/732 735/735/735 733/733/733
f 648/648/648 733/733/733 734/734/734
f 648/648/648 734/734/734 645/645/645
f 733/733/733 735/735/735 737/737/737
f 733/733/733 737/737/737 734/734/734
f 730/730/730 727/727/727 736/736/736
f 730/730/730 736/736/736 735/735/735
f 735/735/735 736/736/736 738/738/738
f 735/735/735 738/738/738 737/737/737
f 737/737/737 739/739/739 740/740/740
f 737/737/737 740/740/740 734/734/734
f 738/738/738 741/741/741 739/739/739
f 738/738/738 739/739/739 737/737/737
f 739/739/739 743/743/743 747/747/747
f 739/739/739 747/747/747 740/740/740
f 741/741/741 745/745/745 743/743/743
f 741/741/741 743/743/743 739/739/739
f 744/744/744 749/749/749 748/748/748
f 744/744/744 748/748/748 742/742/742
f 748/748/748 750/750/750 746/746/746
f 748/748/748 746/746/746 742/742/742
f 748/748/748 749/749/749 753/753/753
f 748/748/748 753/753/753 751/751/751
f 748/748/748 751/751/751 752/752/752
f 748/748/748 752/752/752 750/750/750
f 751/751/751 754/754/754 755/755/755
f 751/751/751 755/755/755 752/752/752
f 753/753/753 756/756/756 754/754/754
f 753/753/753 754/754/754 751/751/751
f 755/755/755 754/754/754 757/757/757
f 755/755/755 757/757/757 759/759/759
f 756/756/756 758/758/758 757/757/757
f 756/756/756 757/757/757 754/754/754
f 757/757/757 758/758/758 762/762/762
f 757/757/757 762/762/762 760/760/760
f 764/764/764 759/759/759 757/757/757
f 764/764/764 757/757/757 760/760/760
f 763/763/763 768/768/768 766/766/766
f 763/763/763 766/766/766 761/761/761
f 761/761/761 766/766/766 767/767/767
f 761/761/761 767/767/767 765/765/765
f 767/767/767 766/766/766 769/769/769
f 767/767/767 769/769/769 770/770/770
f 766/766/766 768/768/768 771/771/771
f 766/766/766 771/771/771 769/769/769
f 770/770/770 769/769/769 772/772/772
f 770/770/770 772/772/772 773/773/773
f 769/769/769 771/771/771 774/774/774
f 769/769/769 774/774/774 772/772/772
f 773/773/773 772/772/772 682/682/682
f 773/773/773 682/682/682 1243/1243/1243
f 772/772/772 774/774/774 684/684/684
f 772/772/772 684/684/684 682/682/682
f 774/774/774 771/771/771 776/776/776
f 774/774/774 776/776/776 775/775/775
f 684/684/684 774/774/774 775/775/775
f 684/684/684 775/775/775 686/686/686
f 776/776/776 778/778/778 777/777/777
f 776/776/776 777/777/777 775/775/775
f 775/775/775 777/777/777 689/689/689
f 775/775/775 689/689/689 686/686/686
f 777/777/777 778/778/778 780/780/780
f 777/777/777 780/780/780 779/779/779
f 689/689/689 777/777/777 779/779/779
f 689/689/689 779/779/779 781/781/781
f 785/785/785 782/782/782 779/779/779
f 785/785/785 779/779/779 780/780/780
f 782/782/782 784/784/784 781/781/781
f 782/782/782 781/781/781 779/779/779
f 783/783/783 846/846/846 784/784/784
f 783/783/783 784/784/784 782/782/782
f 786/786/786 783/783/783 782/782/782
f 786/786/786 782/782/782 785/785/785
f 780/780/780 789/789/789 787/787/787
f 780/780/780 787/787/787 785/785/785
f 785/785/785 787/787/787 788/788/788
f 785/785/785 788/788/788 786/786/786
f 787/787/787 791/791/791 795/795/795
f 787/787/787 795/795/795 788/788/788
f 793/793/793 791/791/791 787/787/787
f 793/793/793 787/787/787 789/789/789
f 792/792/792 798/798/798 796/796/796
f 792/792/792 796/796/796 790/790/790
f 790/790/790 796/796/796 797/797/797
f 790/790/790 797/797/797 794/794/794
f 796/796/796 799/799/799 800/800/800
f 796/796/796 800/800/800 797/797/797
f 799/799/799 796/796/796 798/798/798
f 799/799/799 798/798/798 801/801/801
f 803/803/803 800/800/800 799/799/799
f 803/803/803 799/799/799 802/802/802
f 802/802/802 799/799/799 801/801/801
f 802/802/802 801/801/801 804/804/804
f 806/806/806 803/803/803 802/802/802
f 806/806/806 802/802/802 805/805/805
f 805/805/805 802/802/802 804/804/804
f 805/805/805 804/804/804 807/807/807
f 812/812/812 806/806/806 805/805/805
f 812/812/812 805/805/805 808/808/808
f 808/808/808 805/805/805 807/807/807
f 808/808/808 807/807/807 810/810/810
f 814/814/814 809/809/809 811/811/811
f 814/814/814 811/811/811 816/816/816
f 815/815/815 813/813/813 809/809/809
f 815/815/815 809/809/809 814/814/814
f 819/819/819 815/815/815 814/814/814
f 819/819/819 814/814/814 817/817/817
f 817/817/817 814/814/814 816/816/816
f 817/817/817 816/816/816 818/818/818
f 817/817/817 818/818/818 821/821/821
f 817/817/817 821/821/821 820/820/820
f 819/819/819 817/817/817 820/820/820
f 819/819/819 820/820/820 823/823/823
f 820/820/820 821/821/821 883/883/883
f 820/820/820 883/883/883 822/822/822
f 823/823/823 820/820/820 822/822/822
f 823/823/823 822/822/822 824/824/824
f 825/825/825 823/823/823 824/824/824
f 825/825/825 824/824/824 826/826/826
f 819/819/819 823/823/823 825/825/825
f 819/819/819 825/825/825 815/815/815
f 815/815/815 825/825/825 828/828/828
f 815/815/815 828/828/828 813/813/813
f 828/828/828 825/825/825 826/826/826
f 828/828/828 826/826/826 830/830/830
f 831/831/831 827/827/827 829/829/829
f 831/831/831 829/829/829 832/832/832
f 812/812/812 827/827/827 831/831/831
f 812/812/812 831/831/831 806/806/806
f 833/833/833 803/803/803 806/806/806
f 833/833/833 806/806/806 831/831/831
f 833/833/833 831/831/831 832/832/832
f 833/833/833 832/832/832 834/834/834
f 803/803/803 833/833/833 835/835/835
f 803/803/803 835/835/835 800/800/800
f 835/835/835 833/833/833 834/834/834
f 835/835/835 834/834/834 836/836/836
f 835/835/835 837/837/837 797/797/797
f 835/835/835 797/797/797 800/800/800
f 837/837/837 835/835/835 836/836/836
f 837/837/837 836/836/836 838/838/838
f 837/837/837 839/839/839 794/794/794
f 837/837/837 794/794/794 797/797/797
f 841/841/841 839/839/839 837/837/837
f 841/841/841 837/837/837 838/838/838
f 842/842/842 844/844/844 843/843/843
f 842/842/842 843/843/843 840/840/840
f 840/840/840 843/843/843 788/788/788
f 840/840/840 788/788/788 795/795/795
f 843/843/843 783/783/783 786/786/786
f 843/843/843 786/786/786 788/788/788
f 846/846/846 783/783/783 843/843/843
f 846/846/846 843/843/843 844/844/844
f 845/845/845 847/847/847 846/846/846
f 845/845/845 846/846/846 844/844/844
f 855/855/855 845/845/845 844/844/844
f 855/855/855 844/844/844 842/842/842
f 848/848/848 784/784/784 846/846/846
f 848/848/848 846/846/846 847/847/847
f 845/845/845 850/850/850 848/848/848
f 845/845/845 848/848/848 847/847/847
f 849/849/849 781/781/781 784/784/784
f 849/849/849 784/784/784 848/848/848
f 848/848/848 850/850/850 851/851/851
f 848/848/848 851/851/851 849/849/849
f 855/855/855 853/853/853 850/850/850
f 855/855/855 850/850/850 845/845/845
f 850/850/850 853/853/853 857/857/857
f 850/850/850 857/857/857 851/851/851
f 859/859/859 858/858/858 852/852/852
f 859/859/859 852/852/852 854/854/854
f 852/852/852 858/858/858 860/860/860
f 852/852/852 860/860/860 856/856/856
f 862/862/862 861/861/861 858/858/858
f 862/862/862 858/858/858 859/859/859
f 861/861/861 863/863/863 860/860/860
f 861/861/861 860/860/860 858/858/858
f 864/864/864 861/861/861 862/862/862
f 864/864/864 862/862/862 865/865/865
f 864/864/864 866/866/866 863/863/863
f 864/864/864 863/863/863 861/861/861
f 867/867/867 864/864/864 865/865/865
f 867/867/867 865/865/865 868/868/868
f 869/869/869 866/866/866 864/864/864
f 869/869/869 864/864/864 867/867/867
f 870/870/870 867/867/867 868/868/868
f 870/870/870 868/868/868 872/872/872
f 874/874/874 869/869/869 867/867/867
f 874/874/874 867/867/867 870/870/870
f 876/876/876 871/871/871 873/873/873
f 876/876/876 873/873/873 877/877/877
f 875/875/875 871/871/871 876/876/876
f 875/875/875 876/876/876 878/878/878
f 879/879/879 876/876/876 877/877/877
f 879/879/879 877/877/877 880/880/880
f 881/881/881 878/878/878 876/876/876
f 881/881/881 876/876/876 879/879/879
f 880/880/880 824/824/824 822/822/822
f 880/880/880 822/822/822 879/879/879
f 879/879/879 822/822/822 883/883/883
f 879/879/879 883/883/883 881/881/881
f 881/881/881 883/883/883 721/721/721
f 881/881/881 721/721/721 882/882/882
f 882/882/882 886/886/886 878/878/878
f 882/882/882 878/878/878 881/881/881
f 722/722/722 883/883/883 821/821/821
f 722/722/722 821/821/821 1219/1219/1219
f 882/882/882 721/721/721 953/953/953
f 882/882/882 953/953/953 884/884/884
f 884/884/884 887/887/887 886/886/886
f 884/884/884 886/886/886 882/882/882
f 886/886/886 890/890/890 875/875/875
f 886/886/886 875/875/875 878/878/878
f 887/887/887 891/891/891 890/890/890
f 887/887/887 890/890/890 886/886/886
f 889/889/889 895/895/895 869/869/869
f 889/889/889 869/869/869 874/874/874
f 889/889/889 892/892/892 896/896/896
f 889/889/889 896/896/896 895/895/895
f 895/895/895 898/898/898 866/866/866
f 895/895/895 866/866/866 869/869/869
f 896/896/896 899/899/899 898/898/898
f 896/896/896 898/898/898 895/895/895
f 898/898/898 901/901/901 863/863/863
f 898/898/898 863/863/863 866/866/866
f 899/899/899 902/902/902 901/901/901
f 899/899/899 901/901/901 898/898/898
f 860/860/860 863/863/863 901/901/901
f 860/860/860 901/901/901 904/904/904
f 901/901/901 902/902/902 905/905/905
f 901/901/901 905/905/905 904/904/904
f 856/856/856 860/860/860 904/904/904
f 856/856/856 904/904/904 907/907/907
f 905/905/905 909/909/909 907/907/907
f 905/905/905 907/907/907 904/904/904
f 857/857/857 908/908/908 913/913/913
f 857/857/857 913/913/913 851/851/851
f 908/908/908 910/910/910 914/914/914
f 908/908/908 914/914/914 913/913/913
f 849/849/849 851/851/851 913/913/913
f 849/849/849 913/913/913 916/916/916
f 913/913/913 914/914/914 917/917/917
f 913/913/913 917/917/917 916/916/916
f 916/916/916 690/690/690 781/781/781
f 916/916/916 781/781/781 849/849/849
f 917/917/917 920/920/920 690/690/690
f 917/917/917 690/690/690 916/916/916
f 918/918/918 915/915/915 977/977/977
f 918/918/918 977/977/977 919/919/919
f 919/919/919 922/922/922 921/921/921
f 919/919/919 921/921/921 918/918/918
f 920/920/920 923/923/923 692/692/692
f 920/920/920 692/692/692 690/690/690
f 925/925/925 924/924/924 921/921/921
f 925/925/925 921/921/921 922/922/922
f 692/692/692 923/923/923 927/927/927
f 692/692/692 927/927/927 698/698/698
f 929/929/929 924/924/924 925/925/925
f 929/929/929 925/925/925 931/931/931
f 926/926/926 932/932/932 700/700/700
f 926/926/926 700/700/700 697/697/697
f 930/930/930 934/934/934 933/933/933
f 930/930/930 933/933/933 928/928/928
f 932/932/932 935/935/935 703/703/703
f 932/932/932 703/703/703 700/700/700
f 933/933/933 934/934/934 937/937/937
f 933/933/933 937/937/937 936/936/936
f 935/935/935 938/938/938 706/706/706
f 935/935/935 706/706/706 703/703/703
f 937/937/937 940/940/940 939/939/939
f 937/937/937 939/939/939 936/936/936
f 709/709/709 706/706/706 938/938/938
f 709/709/709 938/938/938 941/941/941
f 942/942/942 939/939/939 940/940/940
f 942/942/942 940/940/940 943/943/943
f 715/715/715 709/709/709 941/941/941
f 715/715/715 941/941/941 944/944/944
f 946/946/946 942/942/942 943/943/943
f 946/946/946 943/943/943 948/948/948
f 945/945/945 950/950/950 719/719/719
f 945/945/945 719/719/719 716/716/716
f 952/952/952 951/951/951 947/947/947
f 952/952/952 947/947/947 949/949/949
f 719/719/719 950/950/950 953/953/953
f 719/719/719 953/953/953 721/721/721
f 954/954/954 951/951/951 952/952/952
f 954/954/954 952/952/952 955/955/955
f 885/885/885 954/954/954 955/955/955
f 885/885/885 955/955/955 957/957/957
f 952/952/952 1002/1002/1002 956/956/956
f 952/952/952 956/956/956 955/955/955
f 957/957/957 955/955/955 956/956/956
f 957/957/957 956/956/956 958/958/958
f 957/957/957 959/959/959 888/888/888
f 957/957/957 888/888/888 885/885/885
f 958/958/958 960/960/960 959/959/959
f 958/958/958 959/959/959 957/957/957
f 960/960/960 964/964/964 962/962/962
f 960/960/960 962/962/962 959/959/959
f 962/962/962 894/894/894 888/888/888
f 962/962/962 888/888/888 959/959/959
f 897/897/897 893/893/893 961/961/961
f 897/897/897 961/961/961 965/965/965
f 961/961/961 963/963/963 966/966/966
f 961/961/961 966/966/966 965/965/965
f 965/965/965 967/967/967 900/900/900
f 965/965/965 900/900/900 897/897/897
f 966/966/966 968/968/968 967/967/967
f 966/966/966 967/967/967 965/965/965
f 968/968/968 970/970/970 969/969/969
f 968/968/968 969/969/969 967/967/967
f 900/900/900 967/967/967 969/969/969
f 900/900/900 969/969/969 903/903/903
f 906/906/906 903/903/903 969/969/969
f 906/906/906 969/969/969 971/971/971
f 971/971/971 969/969/969 970/970/970
f 971/971/971 970/970/970 972/972/972
f 972/972/972 976/976/976 974/974/974
f 972/972/972 974/974/974 971/971/971
f 974/974/974 912/912/912 906/906/906
f 974/974/974 906/906/906 971/971/971
f 915/915/915 911/911/911 973/973/973
f 915/915/915 973/973/973 977/977/977
f 973/973/973 975/975/975 978/978/978
f 973/973/973 978/978/978 977/977/977
f 919/919/919 977/977/977 978/978/978
f 919/919/919 978/978/978 980/980/980
f 978/978/978 979/979/979 981/981/981
f 978/978/978 981/981/981 980/980/980
f 975/975/975 1023/1023/1023 979/979/979
f 975/975/975 979/979/979 978/978/978
f 980/980/980 982/982/982 922/922/922
f 980/980/980 922/922/922 919/919/919
f 980/980/980 981/981/981 983/983/983
f 980/980/980 983/983/983 982/982/982
f 983/983/983 985/985/985 984/984/984
f 983/983/983 984/984/984 982/982/982
f 982/982/982 984/984/984 925/925/925
f 982/982/982 925/925/925 922/922/922
f 925/925/925 984/984/984 987/987/987
f 925/925/925 987/987/987 931/931/931
f 989/989/989 987/987/987 984/984/984
f 989/989/989 984/984/984 985/985/985
f 986/986/986 990/990/990 934/934/934
f 986/986/986 934/934/934 930/930/930
f 986/986/986 988/988/988 991/991/991
f 986/986/986 991/991/991 990/990/990
f 991/991/991 993/993/993 992/992/992
f 991/991/991 992/992/992 990/990/990
f 990/990/990 992/992/992 937/937/937
f 990/990/990 937/937/937 934/934/934
f 993/993/993 995/995/995 994/994/994
f 993/993/993 994/994/994 992/992/992
f 992/992/992 994/994/994 940/940/940
f 992/992/992 940/940/940 937/937/937
f 995/995/995 997/997/997 996/996/996
f 995/995/995 996/996/996 994/994/994
f 994/994/994 996/996/996 943/943/943
f 994/994/994 943/943/943 940/940/940
f 998/998/998 996/996/996 997/997/997
f 998/998/998 997/997/997 1000/1000/1000
f 948/948/948 943/943/943 996/996/996
f 948/948/948 996/996/996 998/998/998
f 999/999/999 1002/1002/1002 952/952/952
f 999/999/999 952/952/952 949/949/949
f 1001/1001/1001 1003/1003/1003 1002/1002/1002
f 1001/1001/1001 1002/1002/1002 999/999/999
f 1002/1002/1002 1003/1003/1003 1005/1005/1005
f 1002/1002/1002 1005/1005/1005 956/956/956
f 1005/1005/1005 1003/1003/1003 1004/1004/1004
f 1005/1005/1005 1004/1004/1004 1006/1006/1006
f 1004/1004/1004 1003/1003/1003 1001/1001/1001
f 1004/1004/1004 1001/1001/1001 1050/1050/1050
f 1007/1007/1007 1005/1005/1005 1006/1006/1006
f 1007/1007/1007 1006/1006/1006 1008/1008/1008
f 958/958/958 956/956/956 1005/1005/1005
f 958/958/958 1005/1005/1005 1007/1007/1007
f 1008/1008/1008 1010/1010/1010 1009/1009/1009
f 1008/1008/1008 1009/1009/1009 1007/1007/1007
f 1007/1007/1007 1009/1009/1009 960/960/960
f 1007/1007/1007 960/960/960 958/958/958
f 1014/1014/1014 1012/1012/1012 1009/1009/1009
f 1014/1014/1014 1009/1009/1009 1010/1010/1010
f 1009/1009/1009 1012/1012/1012 964/964/964
f 1009/1009/1009 964/964/964 960/960/960
f 1015/1015/1015 1011/1011/1011 1013/1013/1013
f 1015/1015/1015 1013/1013/1013 1016/1016/1016
f 966/966/966 963/963/963 1011/1011/1011
f 966/966/966 1011/1011/1011 1015/1015/1015
f 966/966/966 1015/1015/1015 1017/1017/1017
f 966/966/966 1017/1017/1017 968/968/968
f 1017/1017/1017 1015/1015/1015 1016/1016/1016
f 1017/1017/1017 1016/1016/1016 1018/1018/1018
f 1017/1017/1017 1018/1018/1018 1020/1020/1020
f 1017/1017/1017 1020/1020/1020 1019/1019/1019
f 968/968/968 1017/1017/1017 1019/1019/1019
f 968/968/968 1019/1019/1019 970/970/970
f 1020/1020/1020 1022/1022/1022 1021/1021/1021
f 1020/1020/1020 1021/1021/1021 1019/1019/1019
f 1021/1021/1021 972/972/972 970/970/970
f 1021/1021/1021 970/970/970 1019/1019/1019
f 1024/1024/1024 976/976/976 972/972/972
f 1024/1024/1024 972/972/972 1021/1021/1021
f 1026/1026/1026 1024/1024/1024 1021/1021/1021
f 1026/1026/1026 1021/1021/1021 1022/1022/1022
f 979/979/979 1023/1023/1023 1025/1025/1025
f 979/979/979 1025/1025/1025 1029/1029/1029
f 1073/1073/1073 1028/1028/1028 1026/1026/1026
f 1073/1073/1073 1026/1026/1026 1022/1022/1022
f 1025/1025/1025 1027/1027/1027 1030/1030/1030
f 1025/1025/1025 1030/1030/1030 1029/1029/1029
f 981/981/981 979/979/979 1029/1029/1029
f 981/981/981 1029/1029/1029 1031/1031/1031
f 1031/1031/1031 1029/1029/1029 1030/1030/1030
f 1031/1031/1031 1030/1030/1030 1032/1032/1032
f 1031/1031/1031 1033/1033/1033 983/983/983
f 1031/1031/1031 983/983/983 981/981/981
f 1032/1032/1032 1034/1034/1034 1033/1033/1033
f 1032/1032/1032 1033/1033/1033 1031/1031/1031
f 1034/1034/1034 1036/1036/1036 1035/1035/1035
f 1034/1034/1034 1035/1035/1035 1033/1033/1033
f 1035/1035/1035 985/985/985 983/983/983
f 1035/1035/1035 983/983/983 1033/1033/1033
f 989/989/989 985/985/985 1035/1035/1035
f 989/989/989 1035/1035/1035 1038/1038/1038
f 1038/1038/1038 1035/1035/1035 1036/1036/1036
f 1038/1038/1038 1036/1036/1036 1039/1039/1039
f 1037/1037/1037 1041/1041/1041 991/991/991
f 1037/1037/1037 991/991/991 988/988/988
f 1040/1040/1040 1042/1042/1042 1041/1041/1041
f 1040/1040/1040 1041/1041/1041 1037/1037/1037
f 1042/1042/1042 1044/1044/1044 1043/1043/1043
f 1042/1042/1042 1043/1043/1043 1041/1041/1041
f 993/993/993 991/991/991 1041/1041/1041
f 993/993/993 1041/1041/1041 1043/1043/1043
f 1043/1043/1043 1045/1045/1045 995/995/995
f 1043/1043/1043 995/995/995 993/993/993
f 1044/1044/1044 1046/1046/1046 1045/1045/1045
f 1044/1044/1044 1045/1045/1045 1043/1043/1043
f 1046/1046/1046 1048/1048/1048 1047/1047/1047
f 1046/1046/1046 1047/1047/1047 1045/1045/1045
f 995/995/995 1045/1045/1045 1047/1047/1047
f 995/995/995 1047/1047/1047 997/997/997
f 1000/1000/1000 997/997/997 1047/1047/1047
f 1000/1000/1000 1047/1047/1047 1049/1049/1049
f 1049/1049/1049 1047/1047/1047 1048/1048/1048
f 1049/1049/1049 1048/1048/1048 1052/1052/1052
f 1051/1051/1051 1055/1055/1055 1004/1004/1004
f 1051/1051/1051 1004/1004/1004 1050/1050/1050
f 1052/1052/1052 1048/1048/1048 1104/1104/1104
f 1052/1052/1052 1104/1104/1104 1054/1054/1054
f 1056/1056/1056 1055/1055/1055 1051/1051/1051
f 1056/1056/1056 1051/1051/1051 1053/1053/1053
f 1004/1004/1004 1055/1055/1055 1057/1057/1057
f 1004/1004/1004 1057/1057/1057 1006/1006/1006
f 1057/1057/1057 1055/1055/1055 1056/1056/1056
f 1057/1057/1057 1056/1056/1056 1058/1058/1058
f 1059/1059/1059 1057/1057/1057 1058/1058/1058
f 1059/1059/1059 1058/1058/1058 1060/1060/1060
f 1008/1008/1008 1006/1006/1006 1057/1057/1057
f 1008/1008/1008 1057/1057/1057 1059/1059/1059
f 1059/1059/1059 1061/1061/1061 1010/1010/1010
f 1059/1059/1059 1010/1010/1010 1008/1008/1008
f 1062/1062/1062 1061/1061/1061 1059/1059/1059
f 1062/1062/1062 1059/1059/1059 1060/1060/1060
f 1066/1066/1066 1064/1064/1064 1061/1061/1061
f 1066/1066/1066 1061/1061/1061 1062/1062/1062
f 1061/1061/1061 1064/1064/1064 1014/1014/1014
f 1061/1061/1061 1014/1014/1014 1010/1010/1010
f 1013/1013/1013 1063/1063/1063 1067/1067/1067
f 1013/1013/1013 1067/1067/1067 1016/1016/1016
f 1067/1067/1067 1063/1063/1063 1065/1065/1065
f 1067/1067/1067 1065/1065/1065 1068/1068/1068
f 1069/1069/1069 1067/1067/1067 1068/1068/1068
f 1069/1069/1069 1068/1068/1068 1070/1070/1070
f 1018/1018/1018 1016/1016/1016 1067/1067/1067
f 1018/1018/1018 1067/1067/1067 1069/1069/1069
f 1069/1069/1069 1070/1070/1070 1072/1072/1072
f 1069/1069/1069 1072/1072/1072 1071/1071/1071
f 1069/1069/1069 1071/1071/1071 1020/1020/1020
f 1069/1069/1069 1020/1020/1020 1018/1018/1018
f 1072/1072/1072 1074/1074/1074 1073/1073/1073
f 1072/1072/1072 1073/1073/1073 1071/1071/1071
f 1071/1071/1071 1073/1073/1073 1022/1022/1022
f 1071/1071/1071 1022/1022/1022 1020/1020/1020
f 1074/1074/1074 1076/1076/1076 1028/1028/1028
f 1074/1074/1074 1028/1028/1028 1073/1073/1073
f 1081/1081/1081 1077/1077/1077 1074/1074/1074
f 1081/1081/1081 1074/1074/1074 1072/1072/1072
f 1074/1074/1074 1077/1077/1077 1080/1080/1080
f 1074/1074/1074 1080/1080/1080 1076/1076/1076
f 1080/1080/1080 1077/1077/1077 1078/1078/1078
f 1080/1080/1080 1078/1078/1078 1134/1134/1134
f 1077/1077/1077 1081/1081/1081 1082/1082/1082
f 1077/1077/1077 1082/1082/1082 1078/1078/1078
f 1083/1083/1083 1081/1081/1081 1072/1072/1072
f 1083/1083/1083 1072/1072/1072 1070/1070/1070
f 1083/1083/1083 1084/1084/1084 1082/1082/1082
f 1083/1083/1083 1082/1082/1082 1081/1081/1081
f 1085/1085/1085 1083/1083/1083 1070/1070/1070
f 1085/1085/1085 1070/1070/1070 1068/1068/1068
f 1085/1085/1085 1086/1086/1086 1084/1084/1084
f 1085/1085/1085 1084/1084/1084 1083/1083/1083
f 1087/1087/1087 1085/1085/1085 1068/1068/1068
f 1087/1087/1087 1068/1068/1068 1065/1065/1065
f 1089/1089/1089 1086/1086/1086 1085/1085/1085
f 1089/1089/1089 1085/1085/1085 1087/1087/1087
f 1091/1091/1091 1088/1088/1088 1066/1066/1066
f 1091/1091/1091 1066/1066/1066 1062/1062/1062
f 1090/1090/1090 1088/1088/1088 1091/1091/1091
f 1090/1090/1090 1091/1091/1091 1092/1092/1092
f 1093/1093/1093 1091/1091/1091 1062/1062/1062
f 1093/1093/1093 1062/1062/1062 1060/1060/1060
f 1094/1094/1094 1092/1092/1092 1091/1091/1091
f 1094/1094/1094 1091/1091/1091 1093/1093/1093
f 1095/1095/1095 1093/1093/1093 1060/1060/1060
f 1095/1095/1095 1060/1060/1060 1058/1058/1058
f 1094/1094/1094 1093/1093/1093 1095/1095/1095
f 1094/1094/1094 1095/1095/1095 1096/1096/1096
f 1097/1097/1097 1095/1095/1095 1058/1058/1058
f 1097/1097/1097 1058/1058/1058 1056/1056/1056
f 1098/1098/1098 1096/1096/1096 1095/1095/1095
f 1098/1098/1098 1095/1095/1095 1097/1097/1097
f 1099/1099/1099 1097/1097/1097 1056/1056/1056
f 1099/1099/1099 1056/1056/1056 1053/1053/1053
f 1098/1098/1098 1097/1097/1097 1099/1099/1099
f 1098/1098/1098 1099/1099/1099 1101/1101/1101
f 1103/1103/1103 1100/1100/1100 1054/1054/1054
f 1103/1103/1103 1054/1054/1054 1104/1104/1104
f 1102/1102/1102 1100/1100/1100 1103/1103/1103
f 1102/1102/1102 1103/1103/1103 1105/1105/1105
f 1106/1106/1106 1103/1103/1103 1104/1104/1104
f 1106/1106/1106 1104/1104/1104 1107/1107/1107
f 1106/1106/1106 1108/1108/1108 1105/1105/1105
f 1106/1106/1106 1105/1105/1105 1103/1103/1103
f 1109/1109/1109 1106/1106/1106 1107/1107/1107
f 1109/1109/1109 1107/1107/1107 1110/1110/1110
f 1111/1111/1111 1108/1108/1108 1106/1106/1106
f 1111/1111/1111 1106/1106/1106 1109/1109/1109
f 1112/1112/1112 1109/1109/1109 1110/1110/1110
f 1112/1112/1112 1110/1110/1110 1113/1113/1113
f 1109/1109/1109 1112/1112/1112 1114/1114/1114
f 1109/1109/1109 1114/1114/1114 1111/1111/1111
f 1118/1118/1118 1116/1116/1116 1112/1112/1112
f 1118/1118/1118 1112/1112/1112 1113/1113/1113
f 1112/1112/1112 1116/1116/1116 1120/1120/1120
f 1112/1112/1112 1120/1120/1120 1114/1114/1114
f 1122/1122/1122 1121/1121/1121 1115/1115/1115
f 1122/1122/1122 1115/1115/1115 1117/1117/1117
f 1115/1115/1115 1121/1121/1121 1123/1123/1123
f 1115/1115/1115 1123/1123/1123 1119/1119/1119
f 1125/1125/1125 1124/1124/1124 1121/1121/1121
f 1125/1125/1125 1121/1121/1121 1122/1122/1122
f 1121/1121/1121 1124/1124/1124 1126/1126/1126
f 1121/1121/1121 1126/1126/1126 1123/1123/1123
f 1128/1128/1128 1127/1127/1127 1124/1124/1124
f 1128/1128/1128 1124/1124/1124 1125/1125/1125
f 1124/1124/1124 1127/1127/1127 1129/1129/1129
f 1124/1124/1124 1129/1129/1129 1126/1126/1126
f 1131/1131/1131 1130/1130/1130 1127/1127/1127
f 1131/1131/1131 1127/1127/1127 1128/1128/1128
f 1127/1127/1127 1130/1130/1130 1132/1132/1132
f 1127/1127/1127 1132/1132/1132 1129/1129/1129
f 1075/1075/1075 1079/1079/1079 1130/1130/1130
f 1075/1075/1075 1130/1130/1130 1131/1131/1131
f 1130/1130/1130 1079/1079/1079 1133/1133/1133
f 1130/1130/1130 1133/1133/1133 1132/1132/1132
f 1133/1133/1133 1138/1138/1138 1135/1135/1135
f 1133/1133/1133 1135/1135/1135 1132/1132/1132
f 1129/1129/1129 1132/1132/1132 1135/1135/1135
f 1129/1129/1129 1135/1135/1135 1140/1140/1140
f 1140/1140/1140 1135/1135/1135 1136/1136/1136
f 1140/1140/1140 1136/1136/1136 1141/1141/1141
f 1135/1135/1135 1138/1138/1138 1200/1200/1200
f 1135/1135/1135 1200/1200/1200 1136/1136/1136
f 1129/1129/1129 1140/1140/1140 1143/1143/1143
f 1129/1129/1129 1143/1143/1143 1126/1126/1126
f 1143/1143/1143 1140/1140/1140 1141/1141/1141
f 1143/1143/1143 1141/1141/1141 1144/1144/1144
f 1146/1146/1146 1143/1143/1143 1144/1144/1144
f 1146/1146/1146 1144/1144/1144 1147/1147/1147
f 1123/1123/1123 1126/1126/1126 1143/1143/1143
f 1123/1123/1123 1143/1143/1143 1146/1146/1146
f 1119/1119/1119 1123/1123/1123 1146/1146/1146
f 1119/1119/1119 1146/1146/1146 1149/1149/1149
f 1149/1149/1149 1146/1146/1146 1147/1147/1147
f 1149/1149/1149 1147/1147/1147 1151/1151/1151
f 1120/1120/1120 1150/1150/1150 1154/1154/1154
f 1120/1120/1120 1154/1154/1154 1114/1114/1114
f 1154/1154/1154 1150/1150/1150 1153/1153/1153
f 1154/1154/1154 1153/1153/1153 1156/1156/1156
f 1157/1157/1157 1154/1154/1154 1156/1156/1156
f 1157/1157/1157 1156/1156/1156 1159/1159/1159
f 1154/1154/1154 1157/1157/1157 1111/1111/1111
f 1154/1154/1154 1111/1111/1111 1114/1114/1114
f 1162/1162/1162 1160/1160/1160 1157/1157/1157
f 1162/1162/1162 1157/1157/1157 1159/1159/1159
f 1157/1157/1157 1160/1160/1160 1108/1108/1108
f 1157/1157/1157 1108/1108/1108 1111/1111/1111
f 1160/1160/1160 1162/1162/1162 1165/1165/1165
f 1160/1160/1160 1165/1165/1165 1163/1163/1163
f 1160/1160/1160 1163/1163/1163 1105/1105/1105
f 1160/1160/1160 1105/1105/1105 1108/1108/1108
f 1170/1170/1170 1167/1167/1167 1163/1163/1163
f 1170/1170/1170 1163/1163/1163 1165/1165/1165
f 1163/1163/1163 1167/1167/1167 1102/1102/1102
f 1163/1163/1163 1102/1102/1102 1105/1105/1105
f 1166/1166/1166 1171/1171/1171 1098/1098/1098
f 1166/1166/1166 1098/1098/1098 1101/1101/1101
f 1168/1168/1168 1172/1172/1172 1171/1171/1171
f 1168/1168/1168 1171/1171/1171 1166/1166/1166
f 1171/1171/1171 1174/1174/1174 1096/1096/1096
f 1171/1171/1171 1096/1096/1096 1098/1098/1098
f 1172/1172/1172 1175/1175/1175 1174/1174/1174
f 1172/1172/1172 1174/1174/1174 1171/1171/1171
f 1175/1175/1175 1178/1178/1178 1177/1177/1177
f 1175/1175/1175 1177/1177/1177 1174/1174/1174
f 1174/1174/1174 1177/1177/1177 1094/1094/1094
f 1174/1174/1174 1094/1094/1094 1096/1096/1096
f 1177/1177/1177 1180/1180/1180 1092/1092/1092
f 1177/1177/1177 1092/1092/1092 1094/1094/1094
f 1178/1178/1178 1181/1181/1181 1180/1180/1180
f 1178/1178/1178 1180/1180/1180 1177/1177/1177
f 1181/1181/1181 1186/1186/1186 1184/1184/1184
f 1181/1181/1181 1184/1184/1184 1180/1180/1180
f 1180/1180/1180 1184/1184/1184 1090/1090/1090
f 1180/1180/1180 1090/1090/1090 1092/1092/1092
f 1183/1183/1183 1188/1188/1188 1086/1086/1086
f 1183/1183/1183 1086/1086/1086 1089/1089/1089
f 1185/1185/1185 1189/1189/1189 1188/1188/1188
f 1185/1185/1185 1188/1188/1188 1183/1183/1183
f 1189/1189/1189 1192/1192/1192 1191/1191/1191
f 1189/1189/1189 1191/1191/1191 1188/1188/1188
f 1188/1188/1188 1191/1191/1191 1084/1084/1084
f 1188/1188/1188 1084/1084/1084 1086/1086/1086
f 1192/1192/1192 1195/1195/1195 1194/1194/1194
f 1192/1192/1192 1194/1194/1194 1191/1191/1191
f 1191/1191/1191 1194/1194/1194 1082/1082/1082
f 1191/1191/1191 1082/1082/1082 1084/1084/1084
f 1197/1197/1197 1194/1194/1194 1195/1195/1195
f 1197/1197/1197 1195/1195/1195 1198/1198/1198
f 1194/1194/1194 1197/1197/1197 1078/1078/1078
f 1194/1194/1194 1078/1078/1078 1082/1082/1082
f 1139/1139/1139 1197/1197/1197 1198/1198/1198
f 1139/1139/1139 1198/1198/1198 1201/1201/1201
f 1134/1134/1134 1078/1078/1078 1197/1197/1197
f 1134/1134/1134 1197/1197/1197 1139/1139/1139
f 1199/1199/1199 1196/1196/1196 1205/1205/1205
f 1199/1199/1199 1205/1205/1205 1203/1203/1203
f 1137/1137/1137 1202/1202/1202 1199/1199/1199
f 1137/1137/1137 1199/1199/1199 1203/1203/1203
f 1206/1206/1206 1204/1204/1204 1203/1203/1203
f 1206/1206/1206 1203/1203/1203 1205/1205/1205
f 1142/1142/1142 1137/1137/1137 1203/1203/1203
f 1142/1142/1142 1203/1203/1203 1204/1204/1204
f 1205/1205/1205 1207/1207/1207 1209/1209/1209
f 1205/1205/1205 1209/1209/1209 1206/1206/1206
f 1193/1193/1193 1207/1207/1207 1205/1205/1205
f 1193/1193/1193 1205/1205/1205 1196/1196/1196
f 1193/1193/1193 1190/1190/1190 1208/1208/1208
f 1193/1193/1193 1208/1208/1208 1207/1207/1207
f 1210/1210/1210 1209/1209/1209 1207/1207/1207
f 1210/1210/1210 1207/1207/1207 1208/1208/1208
f 1210/1210/1210 1214/1214/1214 1211/1211/1211
f 1210/1210/1210 1211/1211/1211 1209/1209/1209
f 1209/1209/1209 1211/1211/1211 1212/1212/1212
f 1209/1209/1209 1212/1212/1212 1206/1206/1206
f 1212/1212/1212 1211/1211/1211 1213/1213/1213
f 1212/1212/1212 1213/1213/1213 1216/1216/1216
f 1211/1211/1211 1214/1214/1214 1215/1215/1215
f 1211/1211/1211 1215/1215/1215 1213/1213/1213
f 1176/1176/1176 1214/1214/1214 1210/1210/1210
f 1176/1176/1176 1210/1210/1210 1179/1179/1179
f 1173/1173/1173 1215/1215/1215 1214/1214/1214
f 1173/1173/1173 1214/1214/1214 1176/1176/1176
f 1215/1215/1215 1164/1164/1164 1161/1161/1161
f 1215/1215/1215 1161/1161/1161 1213/1213/1213
f 1164/1164/1164 1215/1215/1215 1173/1173/1173
f 1164/1164/1164 1173/1173/1173 1169/1169/1169
f 1213/1213/1213 1161/1161/1161 1158/1158/1158
f 1213/1213/1213 1158/1158/1158 1216/1216/1216
f 1155/1155/1155 1217/1217/1217 1216/1216/1216
f 1155/1155/1155 1216/1216/1216 1158/1158/1158
f 1217/1217/1217 1218/1218/1218 1212/1212/1212
f 1217/1217/1217 1212/1212/1212 1216/1216/1216
f 1148/1148/1148 1145/1145/1145 1218/1218/1218
f 1148/1148/1148 1218/1218/1218 1217/1217/1217
f 1152/1152/1152 1148/1148/1148 1217/1217/1217
f 1152/1152/1152 1217/1217/1217 1155/1155/1155
f 1145/1145/1145 1142/1142/1142 1204/1204/1204
f 1145/1145/1145 1204/1204/1204 1218/1218/1218
f 1204/1204/1204 1206/1206/1206 1212/1212/1212
f 1204/1204/1204 1212/1212/1212 1218/1218/1218
f 1179/1179/1179 1210/1210/1210 1208/1208/1208
f 1179/1179/1179 1208/1208/1208 1182/1182/1182
f 1182/1182/1182 1208/1208/1208 1190/1190/1190
f 1182/1182/1182 1190/1190/1190 1187/1187/1187
f 1030/1030/1030 1027/1027/1027 1075/1075/1075
f 1030/1030/1030 1075/1075/1075 1131/1131/1131
f 1032/1032/1032 1030/1030/1030 1131/1131/1131
f 1032/1032/1032 1131/1131/1131 1128/1128/1128
f 1128/1128/1128 1125/1125/1125 1034/1034/1034
f 1128/1128/1128 1034/1034/1034 1032/1032/1032
f 1125/1125/1125 1122/1122/1122 1036/1036/1036
f 1125/1125/1125 1036/1036/1036 1034/1034/1034
f 1039/1039/1039 1036/1036/1036 1122/1122/1122
f 1039/1039/1039 1122/1122/1122 1117/1117/1117
f 1118/1118/1118 1113/1113/1113 1042/1042/1042
f 1118/1118/1118 1042/1042/1042 1040/1040/1040
f 1044/1044/1044 1042/1042/1042 1113/1113/1113
f 1044/1044/1044 1113/1113/1113 1110/1110/1110
f 1107/1107/1107 1046/1046/1046 1044/1044/1044
f 1107/1107/1107 1044/1044/1044 1110/1110/1110
f 1046/1046/1046 1107/1107/1107 1104/1104/1104
f 1046/1046/1046 1104/1104/1104 1048/1048/1048
f 877/877/877 826/826/826 824/824/824
f 877/877/877 824/824/824 880/880/880
f 873/873/873 830/830/830 826/826/826
f 873/873/873 826/826/826 877/877/877
f 872/872/872 868/868/868 832/832/832
f 872/872/872 832/832/832 829/829/829
f 865/865/865 834/834/834 832/832/832
f 865/865/865 832/832/832 868/868/868
f 836/836/836 834/834/834 865/865/865
f 836/836/836 865/865/865 862/862/862
f 859/859/859 838/838/838 836/836/836
f 859/859/859 836/836/836 862/862/862
f 854/854/854 841/841/841 838/838/838
f 854/854/854 838/838/838 859/859/859
f 1219/1219/1219 821/821/821 818/818/818
f 1219/1219/1219 818/818/818 1220/1220/1220
f 724/724/724 722/722/722 1219/1219/1219
f 724/724/724 1219/1219/1219 1221/1221/1221
f 1221/1221/1221 1219/1219/1219 1220/1220/1220
f 1221/1221/1221 1220/1220/1220 1222/1222/1222
f 727/727/727 724/724/724 1221/1221/1221
f 727/727/727 1221/1221/1221 736/736/736
f 736/736/736 1221/1221/1221 1222/1222/1222
f 736/736/736 1222/1222/1222 738/738/738
f 1220/1220/1220 1224/1224/1224 1223/1223/1223
f 1220/1220/1220 1223/1223/1223 1222/1222/1222
f 1223/1223/1223 741/741/741 738/738/738
f 1223/1223/1223 738/738/738 1222/1222/1222
f 1224/1224/1224 1228/1228/1228 1226/1226/1226
f 1224/1224/1224 1226/1226/1226 1223/1223/1223
f 745/745/745 741/741/741 1223/1223/1223
f 745/745/745 1223/1223/1223 1226/1226/1226
f 1227/1227/1227 1230/1230/1230 1229/1229/1229
f 1227/1227/1227 1229/1229/1229 1225/1225/1225
f 1225/1225/1225 1229/1229/1229 749/749/749
f 1225/1225/1225 749/749/749 744/744/744
f 749/749/749 1229/1229/1229 1231/1231/1231
f 749/749/749 1231/1231/1231 753/753/753
f 1229/1229/1229 1230/1230/1230 1232/1232/1232
f 1229/1229/1229 1232/1232/1232 1231/1231/1231
f 1232/1232/1232 1234/1234/1234 1233/1233/1233
f 1232/1232/1232 1233/1233/1233 1231/1231/1231
f 753/753/753 1231/1231/1231 1233/1233/1233
f 753/753/753 1233/1233/1233 756/756/756
f 1234/1234/1234 1236/1236/1236 1235/1235/1235
f 1234/1234/1234 1235/1235/1235 1233/1233/1233
f 758/758/758 756/756/756 1233/1233/1233
f 758/758/758 1233/1233/1233 1235/1235/1235
f 758/758/758 1235/1235/1235 1237/1237/1237
f 758/758/758 1237/1237/1237 762/762/762
f 1235/1235/1235 1236/1236/1236 1239/1239/1239
f 1235/1235/1235 1239/1239/1239 1237/1237/1237
f 1240/1240/1240 1242/1242/1242 1241/1241/1241
f 1240/1240/1240 1241/1241/1241 1238/1238/1238
f 768/768/768 763/763/763 1238/1238/1238
f 768/768/768 1238/1238/1238 1241/1241/1241
f 1241/1241/1241 1242/1242/1242 778/778/778
f 1241/1241/1241 778/778/778 776/776/776
f 771/771/771 768/768/768 1241/1241/1241
f 771/771/771 1241/1241/1241 776/776/776
f 1242/1242/1242 789/789/789 780/780/780
f 1242/1242/1242 780/780/780 778/778/778
f 1240/1240/1240 793/793/793 789/789/789
f 1240/1240/1240 789/789/789 1242/1242/1242
f 1239/1239/1239 1236/1236/1236 798/798/798
f 1239/1239/1239 798/798/798 792/792/792
f 1234/1234/1234 801/801/801 798/798/798
f 1234/1234/1234 798/798/798 1236/1236/1236
f 1232/1232/1232 804/804/804 801/801/801
f 1232/1232/1232 801/801/801 1234/1234/1234
f 1230/1230/1230 807/807/807 804/804/804
f 1230/1230/1230 804/804/804 1232/1232/1232
f 1230/1230/1230 1227/1227/1227 810/810/810
f 1230/1230/1230 810/810/810 807/807/807
f 1224/1224/1224 816/816/816 811/811/811
f 1224/1224/1224 811/811/811 1228/1228/1228
f 1220/1220/1220 818/818/818 816/816/816
f 1220/1220/1220 816/816/816 1224/1224/1224
f 610/610/610 773/773/773 1243/1243/1243
f 610/610/610 1243/1243/1243 607/607/607
f 612/612/612 770/770/770 773/773/773
f 612/612/612 773/773/773 610/610/610
f 607/607/607 1243/1243/1243 681/681/681
f 607/607/607 681/681/681 600/600/600
f 615/615/615 767/767/767 770/770/770
f 615/615/615 770/770/770 612/612/612
f 620/620/620 765/765/765 767/767/767
f 620/620/620 767/767/767 615/615/615
f 624/624/624 759/759/759 764/764/764
f 624/624/624 764/764/764 619/619/619
f 755/755/755 759/759/759 624/624/624
f 755/755/755 624/624/624 628/628/628
f 752/752/752 755/755/755 628/628/628
f 752/752/752 628/628/628 631/631/631
f 633/633/633 750/750/750 752/752/752
f 633/633/633 752/752/752 631/631/631
f 746/746/746 750/750/750 633/633/633
f 746/746/746 633/633/633 637/637/637
f 740/740/740 747/747/747 638/638/638
f 740/740/740 638/638/638 642/642/642
f 734/734/734 740/740/740 642/642/642
f 734/734/734 642/642/642 645/645/645
f 1245/1245/1245 729/729/729 659/659/659
f 1245/1245/1245 659/659/659 663/663/663
f 729/729/729 1245/1245/1245 1247/1247/1247
f 729/729/729 1247/1247/1247 726/726/726
f 1248/1248/1248 1244/1244/1244 662/662/662
f 1248/1248/1248 662/662/662 665/665/665
f 1249/1249/1249 1246/1246/1246 1244/1244/1244
f 1249/1249/1249 1244/1244/1244 1248/1248/1248
f 668/668/668 1250/1250/1250 1249/1249/1249
f 668/668/668 1249/1249/1249 1248/1248/1248
f 1250/1250/1250 707/707/707 710/710/710
f 1250/1250/1250 710/710/710 1249/1249/1249
f 713/713/713 1246/1246/1246 1249/1249/1249
f 713/713/713 1249/1249/1249 710/710/710
f 704/704/704 707/707/707 1250/1250/1250
f 704/704/704 1250/1250/1250 671/671/671
f 714/714/714 718/718/718 726/726/726
f 714/714/714 726/726/726 1247/1247/1247
f 671/671/671 673/673/673 701/701/701
f 671/671/671 701/701/701 704/704/704
f 673/673/673 676/676/676 695/695/695
f 673/673/673 695/695/695 701/701/701
f 677/677/677 679/679/679 687/687/687
f 677/677/677 687/687/687 696/696/696
f 657/657/657 1251/1251/1251 579/579/579
f 655/655/655 1253/1253/1253 1251/1251/1251
f 655/655/655 1251/1251/1251 657/657/657
f 1253/1253/1253 1327/1327/1327 1252/1252/1252
f 1253/1253/1253 1252/1252/1252 1251/1251/1251
f 1252/1252/1252 1255/1255/1255 1254/1254/1254
f 1252/1252/1252 1254/1254/1254 1251/1251/1251
f 1251/1251/1251 1254/1254/1254 577/577/577
f 1251/1251/1251 577/577/577 579/579/579
f 1254/1254/1254 1256/1256/1256 574/574/574
f 1254/1254/1254 574/574/574 577/577/577
f 1255/1255/1255 1258/1258/1258 1256/1256/1256
f 1255/1255/1255 1256/1256/1256 1254/1254/1254
f 1259/1259/1259 1261/1261/1261 1260/1260/1260
f 1259/1259/1259 1260/1260/1260 1257/1257/1257
f 1260/1260/1260 571/571/571 575/575/575
f 1260/1260/1260 575/575/575 1257/1257/1257
f 1260/1260/1260 1261/1261/1261 1263/1263/1263
f 1260/1260/1260 1263/1263/1263 1262/1262/1262
f 1260/1260/1260 1262/1262/1262 569/569/569
f 1260/1260/1260 569/569/569 571/571/571
f 1262/1262/1262 1264/1264/1264 567/567/567
f 1262/1262/1262 567/567/567 569/569/569
f 1263/1263/1263 1265/1265/1265 1264/1264/1264
f 1263/1263/1263 1264/1264/1264 1262/1262/1262
f 1264/1264/1264 1266/1266/1266 565/565/565
f 1264/1264/1264 565/565/565 567/567/567
f 1265/1265/1265 1267/1267/1267 1266/1266/1266
f 1265/1265/1265 1266/1266/1266 1264/1264/1264
f 1266/1266/1266 1267/1267/1267 1271/1271/1271
f 1266/1266/1266 1271/1271/1271 1269/1269/1269
f 563/563/563 565/565/565 1266/1266/1266
f 563/563/563 1266/1266/1266 1269/1269/1269
f 1270/1270/1270 1273/1273/1273 1272/1272/1272
f 1270/1270/1270 1272/1272/1272 1268/1268/1268
f 562/562/562 1268/1268/1268 1272/1272/1272
f 562/562/562 1272/1272/1272 559/559/559
f 559/559/559 1272/1272/1272 1274/1274/1274
f 559/559/559 1274/1274/1274 557/557/557
f 1272/1272/1272 1273/1273/1273 1275/1275/1275
f 1272/1272/1272 1275/1275/1275 1274/1274/1274
f 1275/1275/1275 1278/1278/1278 1276/1276/1276
f 1275/1275/1275 1276/1276/1276 1274/1274/1274
f 1274/1274/1274 1276/1276/1276 604/604/604
f 1274/1274/1274 604/604/604 602/602/602
f 557/557/557 1274/1274/1274 602/602/602
f 604/604/604 1276/1276/1276 1277/1277/1277
f 604/604/604 1277/1277/1277 606/606/606
f 1276/1276/1276 1278/1278/1278 1280/1280/1280
f 1276/1276/1276 1280/1280/1280 1277/1277/1277
f 1278/1278/1278 1275/1275/1275 1352/1352/1352
f 1278/1278/1278 1352/1352/1352 1279/1279/1279
f 1280/1280/1280 1278/1278/1278 1279/1279/1279
f 1280/1280/1280 1279/1279/1279 1281/1281/1281
f 1282/1282/1282 1280/1280/1280 1281/1281/1281
f 1282/1282/1282 1281/1281/1281 1284/1284/1284
f 1277/1277/1277 1280/1280/1280 1282/1282/1282
f 1277/1277/1277 1282/1282/1282 1283/1283/1283
f 1283/1283/1283 1282/1282/1282 1285/1285/1285
f 1283/1283/1283 1285/1285/1285 1286/1286/1286
f 1285/1285/1285 1282/1282/1282 1284/1284/1284
f 1285/1285/1285 1284/1284/1284 1287/1287/1287
f 1286/1286/1286 1285/1285/1285 1288/1288/1288
f 1286/1286/1286 1288/1288/1288 1290/1290/1290
f 1288/1288/1288 1285/1285/1285 1287/1287/1287
f 1288/1288/1288 1287/1287/1287 1289/1289/1289
f 1292/1292/1292 1288/1288/1288 1289/1289/1289
f 1292/1292/1292 1289/1289/1289 1296/1296/1296
f 1290/1290/1290 1288/1288/1288 1292/1292/1292
f 1290/1290/1290 1292/1292/1292 1294/1294/1294
f 1293/1293/1293 1291/1291/1291 1297/1297/1297
f 1293/1293/1293 1297/1297/1297 1299/1299/1299
f 1297/1297/1297 1291/1291/1291 1295/1295/1295
f 1297/1297/1297 1295/1295/1295 1298/1298/1298
f 1298/1298/1298 1302/1302/1302 1300/1300/1300
f 1298/1298/1298 1300/1300/1300 1297/1297/1297
f 1297/1297/1297 1300/1300/1300 1301/1301/1301
f 1297/1297/1297 1301/1301/1301 1299/1299/1299
f 1300/1300/1300 1303/1303/1303 1304/1304/1304
f 1300/1300/1300 1304/1304/1304 1301/1301/1301
f 1302/1302/1302 1305/1305/1305 1303/1303/1303
f 1302/1302/1302 1303/1303/1303 1300/1300/1300
f 1304/1304/1304 1303/1303/1303 1306/1306/1306
f 1304/1304/1304 1306/1306/1306 1308/1308/1308
f 1303/1303/1303 1305/1305/1305 1307/1307/1307
f 1303/1303/1303 1307/1307/1307 1306/1306/1306
f 1313/1313/1313 1309/1309/1309 1306/1306/1306
f 1313/1313/1313 1306/1306/1306 1307/1307/1307
f 1306/1306/1306 1309/1309/1309 1311/1311/1311
f 1306/1306/1306 1311/1311/1311 1308/1308/1308
f 1310/1310/1310 1315/1315/1315 1317/1317/1317
f 1310/1310/1310 1317/1317/1317 1312/1312/1312
f 1316/1316/1316 1315/1315/1315 1310/1310/1310
f 1316/1316/1316 1310/1310/1310 1314/1314/1314
f 1320/1320/1320 1318/1318/1318 1315/1315/1315
f 1320/1320/1320 1315/1315/1315 1316/1316/1316
f 1315/1315/1315 1318/1318/1318 1319/1319/1319
f 1315/1315/1315 1319/1319/1319 1317/1317/1317
f 1319/1319/1319 1318/1318/1318 1321/1321/1321
f 1319/1319/1319 1321/1321/1321 1324/1324/1324
f 1318/1318/1318 1320/1320/1320 1322/1322/1322
f 1318/1318/1318 1322/1322/1322 1321/1321/1321
f 1321/1321/1321 1322/1322/1322 1326/1326/1326
f 1321/1321/1321 1326/1326/1326 1323/1323/1323
f 1324/1324/1324 1321/1321/1321 1323/1323/1323
f 1324/1324/1324 1323/1323/1323 1325/1325/1325
f 646/646/646 1319/1319/1319 1324/1324/1324
f 646/646/646 1324/1324/1324 649/649/649
f 649/649/649 1324/1324/1324 1325/1325/1325
f 649/649/649 1325/1325/1325 651/651/651
f 651/651/651 1325/1325/1325 1253/1253/1253
f 651/651/651 1253/1253/1253 655/655/655
f 1325/1325/1325 1323/1323/1323 1327/1327/1327
f 1325/1325/1325 1327/1327/1327 1253/1253/1253
f 1323/1323/1323 1326/1326/1326 1328/1328/1328
f 1323/1323/1323 1328/1328/1328 1327/1327/1327
f 1327/1327/1327 1328/1328/1328 1330/1330/1330
f 1327/1327/1327 1330/1330/1330 1252/1252/1252
f 1326/1326/1326 1387/1387/1387 1329/1329/1329
f 1326/1326/1326 1329/1329/1329 1328/1328/1328
f 1328/1328/1328 1329/1329/1329 1331/1331/1331
f 1328/1328/1328 1331/1331/1331 1330/1330/1330
f 1331/1331/1331 1333/1333/1333 1332/1332/1332
f 1331/1331/1331 1332/1332/1332 1330/1330/1330
f 1332/1332/1332 1255/1255/1255 1252/1252/1252
f 1332/1332/1332 1252/1252/1252 1330/1330/1330
f 1333/1333/1333 1336/1336/1336 1334/1334/1334
f 1333/1333/1333 1334/1334/1334 1332/1332/1332
f 1258/1258/1258 1255/1255/1255 1332/1332/1332
f 1258/1258/1258 1332/1332/1332 1334/1334/1334
f 1337/1337/1337 1339/1339/1339 1338/1338/1338
f 1337/1337/1337 1338/1338/1338 1335/1335/1335
f 1335/1335/1335 1338/1338/1338 1261/1261/1261
f 1335/1335/1335 1261/1261/1261 1259/1259/1259
f 1261/1261/1261 1338/1338/1338 1340/1340/1340
f 1261/1261/1261 1340/1340/1340 1263/1263/1263
f 1338/1338/1338 1339/1339/1339 1341/1341/1341
f 1338/1338/1338 1341/1341/1341 1340/1340/1340
f 1341/1341/1341 1343/1343/1343 1342/1342/1342
f 1341/1341/1341 1342/1342/1342 1340/1340/1340
f 1340/1340/1340 1342/1342/1342 1265/1265/1265
f 1340/1340/1340 1265/1265/1265 1263/1263/1263
f 1343/1343/1343 1345/1345/1345 1344/1344/1344
f 1343/1343/1343 1344/1344/1344 1342/1342/1342
f 1267/1267/1267 1265/1265/1265 1342/1342/1342
f 1267/1267/1267 1342/1342/1342 1344/1344/1344
f 1267/1267/1267 1344/1344/1344 1347/1347/1347
f 1267/1267/1267 1347/1347/1347 1271/1271/1271
f 1344/1344/1344 1345/1345/1345 1349/1349/1349
f 1344/1344/1344 1349/1349/1349 1347/1347/1347
f 1348/1348/1348 1351/1351/1351 1350/1350/1350
f 1348/1348/1348 1350/1350/1350 1346/1346/1346
f 1273/1273/1273 1270/1270/1270 1346/1346/1346
f 1273/1273/1273 1346/1346/1346 1350/1350/1350
f 1350/1350/1350 1351/1351/1351 1353/1353/1353
f 1350/1350/1350 1353/1353/1353 1352/1352/1352
f 1275/1275/1275 1273/1273/1273 1350/1350/1350
f 1275/1275/1275 1350/1350/1350 1352/1352/1352
f 1353/1353/1353 1355/1355/1355 1279/1279/1279
f 1353/1353/1353 1279/1279/1279 1352/1352/1352
f 1355/1355/1355 1353/1353/1353 1354/1354/1354
f 1355/1355/1355 1354/1354/1354 1356/1356/1356
f 1353/1353/1353 1351/1351/1351 1556/1556/1556
f 1353/1353/1353 1556/1556/1556 1354/1354/1354
f 1279/1279/1279 1355/1355/1355 1357/1357/1357
f 1279/1279/1279 1357/1357/1357 1281/1281/1281
f 1357/1357/1357 1355/1355/1355 1356/1356/1356
f 1357/1357/1357 1356/1356/1356 1358/1358/1358
f 1359/1359/1359 1357/1357/1357 1358/1358/1358
f 1359/1359/1359 1358/1358/1358 1360/1360/1360
f 1281/1281/1281 1357/1357/1357 1359/1359/1359
f 1281/1281/1281 1359/1359/1359 1284/1284/1284
f 1284/1284/1284 1359/1359/1359 1361/1361/1361
f 1284/1284/1284 1361/1361/1361 1287/1287/1287
f 1361/1361/1361 1359/1359/1359 1360/1360/1360
f 1361/1361/1361 1360/1360/1360 1362/1362/1362
f 1287/1287/1287 1361/1361/1361 1363/1363/1363
f 1287/1287/1287 1363/1363/1363 1289/1289/1289
f 1362/1362/1362 1364/1364/1364 1363/1363/1363
f 1362/1362/1362 1363/1363/1363 1361/1361/1361
f 1289/1289/1289 1363/1363/1363 1366/1366/1366
f 1289/1289/1289 1366/1366/1366 1296/1296/1296
f 1364/1364/1364 1368/1368/1368 1366/1366/1366
f 1364/1364/1364 1366/1366/1366 1363/1363/1363
f 1295/1295/1295 1365/1365/1365 1369/1369/1369
f 1295/1295/1295 1369/1369/1369 1298/1298/1298
f 1365/1365/1365 1367/1367/1367 1370/1370/1370
f 1365/1365/1365 1370/1370/1370 1369/1369/1369
f 1369/1369/1369 1371/1371/1371 1302/1302/1302
f 1369/1369/1369 1302/1302/1302 1298/1298/1298
f 1369/1369/1369 1370/1370/1370 1372/1372/1372
f 1369/1369/1369 1372/1372/1372 1371/1371/1371
f 1374/1374/1374 1373/1373/1373 1371/1371/1371
f 1374/1374/1374 1371/1371/1371 1372/1372/1372
f 1371/1371/1371 1373/1373/1373 1305/1305/1305
f 1371/1371/1371 1305/1305/1305 1302/1302/1302
f 1373/1373/1373 1374/1374/1374 1376/1376/1376
f 1373/1373/1373 1376/1376/1376 1375/1375/1375
f 1305/1305/1305 1373/1373/1373 1375/1375/1375
f 1305/1305/1305 1375/1375/1375 1307/1307/1307
f 1375/1375/1375 1377/1377/1377 1313/1313/1313
f 1375/1375/1375 1313/1313/1313 1307/1307/1307
f 1376/1376/1376 1379/1379/1379 1377/1377/1377
f 1376/1376/1376 1377/1377/1377 1375/1375/1375
f 1378/1378/1378 1381/1381/1381 1316/1316/1316
f 1378/1378/1378 1316/1316/1316 1314/1314/1314
f 1378/1378/1378 1380/1380/1380 1382/1382/1382
f 1378/1378/1378 1382/1382/1382 1381/1381/1381
f 1381/1381/1381 1383/1383/1383 1320/1320/1320
f 1381/1381/1381 1320/1320/1320 1316/1316/1316
f 1381/1381/1381 1382/1382/1382 1384/1384/1384
f 1381/1381/1381 1384/1384/1384 1383/1383/1383
f 1320/1320/1320 1383/1383/1383 1385/1385/1385
f 1320/1320/1320 1385/1385/1385 1322/1322/1322
f 1383/1383/1383 1384/1384/1384 1386/1386/1386
f 1383/1383/1383 1386/1386/1386 1385/1385/1385
f 1385/1385/1385 1386/1386/1386 1388/1388/1388
f 1385/1385/1385 1388/1388/1388 1387/1387/1387
f 1322/1322/1322 1385/1385/1385 1387/1387/1387
f 1322/1322/1322 1387/1387/1387 1326/1326/1326
f 1387/1387/1387 1388/1388/1388 1390/1390/1390
f 1387/1387/1387 1390/1390/1390 1329/1329/1329
f 1386/1386/1386 1495/1495/1495 1389/1389/1389
f 1386/1386/1386 1389/1389/1389 1388/1388/1388
f 1388/1388/1388 1389/1389/1389 1392/1392/1392
f 1388/1388/1388 1392/1392/1392 1390/1390/1390
f 1390/1390/1390 1392/1392/1392 1393/1393/1393
f 1390/1390/1390 1393/1393/1393 1391/1391/1391
f 1329/1329/1329 1390/1390/1390 1391/1391/1391
f 1329/1329/1329 1391/1391/1391 1331/1331/1331
f 1389/1389/1389 1395/1395/1395 1394/1394/1394
f 1389/1389/1389 1394/1394/1394 1392/1392/1392
f 1392/1392/1392 1394/1394/1394 1396/1396/1396
f 1392/1392/1392 1396/1396/1396 1393/1393/1393
f 1395/1395/1395 1398/1398/1398 1397/1397/1397
f 1395/1395/1395 1397/1397/1397 1394/1394/1394
f 1394/1394/1394 1397/1397/1397 1401/1401/1401
f 1394/1394/1394 1401/1401/1401 1396/1396/1396
f 1397/1397/1397 1398/1398/1398 1502/1502/1502
f 1397/1397/1397 1502/1502/1502 1400/1400/1400
f 1401/1401/1401 1397/1397/1397 1400/1400/1400
f 1401/1401/1401 1400/1400/1400 1403/1403/1403
f 1406/1406/1406 1404/1404/1404 1401/1401/1401
f 1406/1406/1406 1401/1401/1401 1403/1403/1403
f 1401/1401/1401 1404/1404/1404 1407/1407/1407
f 1401/1401/1401 1407/1407/1407 1396/1396/1396
f 1411/1411/1411 1408/1408/1408 1404/1404/1404
f 1411/1411/1411 1404/1404/1404 1406/1406/1406
f 1404/1404/1404 1408/1408/1408 1413/1413/1413
f 1404/1404/1404 1413/1413/1413 1407/1407/1407
f 1415/1415/1415 1409/1409/1409 1412/1412/1412
f 1415/1415/1415 1412/1412/1412 1417/1417/1417
f 1409/1409/1409 1415/1415/1415 1418/1418/1418
f 1409/1409/1409 1418/1418/1418 1414/1414/1414
f 1415/1415/1415 1417/1417/1417 1421/1421/1421
f 1415/1415/1415 1421/1421/1421 1419/1419/1419
f 1418/1418/1418 1415/1415/1415 1419/1419/1419
f 1418/1418/1418 1419/1419/1419 1422/1422/1422
f 1419/1419/1419 1421/1421/1421 1425/1425/1425
f 1419/1419/1419 1425/1425/1425 1423/1423/1423
f 1419/1419/1419 1423/1423/1423 1426/1426/1426
f 1419/1419/1419 1426/1426/1426 1422/1422/1422
f 1425/1425/1425 1429/1429/1429 1427/1427/1427
f 1425/1425/1425 1427/1427/1427 1423/1423/1423
f 1423/1423/1423 1427/1427/1427 1430/1430/1430
f 1423/1423/1423 1430/1430/1430 1426/1426/1426
f 1429/1429/1429 1435/1435/1435 1432/1432/1432
f 1429/1429/1429 1432/1432/1432 1427/1427/1427
f 1427/1427/1427 1432/1432/1432 1437/1437/1437
f 1427/1427/1427 1437/1437/1437 1430/1430/1430
f 1438/1438/1438 1431/1431/1431 1434/1434/1434
f 1438/1438/1438 1434/1434/1434 1440/1440/1440
f 1431/1431/1431 1438/1438/1438 1441/1441/1441
f 1431/1431/1431 1441/1441/1441 1436/1436/1436
f 1442/1442/1442 1438/1438/1438 1440/1440/1440
f 1442/1442/1442 1440/1440/1440 1444/1444/1444
f 1441/1441/1441 1438/1438/1438 1442/1442/1442
f 1441/1441/1441 1442/1442/1442 1445/1445/1445
f 1442/1442/1442 1444/1444/1444 1448/1448/1448
f 1442/1442/1442 1448/1448/1448 1446/1446/1446
f 1442/1442/1442 1446/1446/1446 1450/1450/1450
f 1442/1442/1442 1450/1450/1450 1445/1445/1445
f 1446/1446/1446 1448/1448/1448 1520/1520/1520
f 1446/1446/1446 1520/1520/1520 1449/1449/1449
f 1450/1450/1450 1446/1446/1446 1449/1449/1449
f 1450/1450/1450 1449/1449/1449 1451/1451/1451
f 1445/1445/1445 1450/1450/1450 1452/1452/1452
f 1445/1445/1445 1452/1452/1452 1453/1453/1453
f 1452/1452/1452 1450/1450/1450 1451/1451/1451
f 1452/1452/1452 1451/1451/1451 1454/1454/1454
f 1453/1453/1453 1452/1452/1452 1356/1356/1356
f 1453/1453/1453 1356/1356/1356 1354/1354/1354
f 1356/1356/1356 1452/1452/1452 1454/1454/1454
f 1356/1356/1356 1454/1454/1454 1358/1358/1358
f 1358/1358/1358 1454/1454/1454 1455/1455/1455
f 1358/1358/1358 1455/1455/1455 1360/1360/1360
f 1454/1454/1454 1451/1451/1451 1457/1457/1457
f 1454/1454/1454 1457/1457/1457 1455/1455/1455
f 1455/1455/1455 1457/1457/1457 1459/1459/1459
f 1455/1455/1455 1459/1459/1459 1456/1456/1456
f 1360/1360/1360 1455/1455/1455 1456/1456/1456
f 1360/1360/1360 1456/1456/1456 1362/1362/1362
f 1451/1451/1451 1449/1449/1449 1458/1458/1458
f 1451/1451/1451 1458/1458/1458 1457/1457/1457
f 1457/1457/1457 1458/1458/1458 1460/1460/1460
f 1457/1457/1457 1460/1460/1460 1459/1459/1459
f 1461/1461/1461 1463/1463/1463 1456/1456/1456
f 1461/1461/1461 1456/1456/1456 1459/1459/1459
f 1462/1462/1462 1461/1461/1461 1459/1459/1459
f 1462/1462/1462 1459/1459/1459 1460/1460/1460
f 1465/1465/1465 1461/1461/1461 1462/1462/1462
f 1465/1465/1465 1462/1462/1462 1467/1467/1467
f 1465/1465/1465 1469/1469/1469 1463/1463/1463
f 1465/1465/1465 1463/1463/1463 1461/1461/1461
f 1464/1464/1464 1466/1466/1466 1471/1471/1471
f 1464/1464/1464 1471/1471/1471 1470/1470/1470
f 1472/1472/1472 1468/1468/1468 1464/1464/1464
f 1472/1472/1472 1464/1464/1464 1470/1470/1470
f 1471/1471/1471 1475/1475/1475 1473/1473/1473
f 1471/1471/1471 1473/1473/1473 1470/1470/1470
f 1472/1472/1472 1470/1470/1470 1473/1473/1473
f 1472/1472/1472 1473/1473/1473 1474/1474/1474
f 1474/1474/1474 1473/1473/1473 1476/1476/1476
f 1474/1474/1474 1476/1476/1476 1477/1477/1477
f 1476/1476/1476 1473/1473/1473 1475/1475/1475
f 1476/1476/1476 1475/1475/1475 1478/1478/1478
f 1479/1479/1479 1481/1481/1481 1477/1477/1477
f 1479/1479/1479 1477/1477/1477 1476/1476/1476
f 1476/1476/1476 1478/1478/1478 1480/1480/1480
f 1476/1476/1476 1480/1480/1480 1479/1479/1479
f 1480/1480/1480 1484/1484/1484 1482/1482/1482
f 1480/1480/1480 1482/1482/1482 1479/1479/1479
f 1482/1482/1482 1486/1486/1486 1481/1481/1481
f 1482/1482/1482 1481/1481/1481 1479/1479/1479
f 1488/1488/1488 1483/1483/1483 1485/1485/1485
f 1488/1488/1488 1485/1485/1485 1489/1489/1489
f 1490/1490/1490 1487/1487/1487 1483/1483/1483
f 1490/1490/1490 1483/1483/1483 1488/1488/1488
f 1491/1491/1491 1488/1488/1488 1489/1489/1489
f 1491/1491/1491 1489/1489/1489 1493/1493/1493
f 1492/1492/1492 1490/1490/1490 1488/1488/1488
f 1492/1492/1492 1488/1488/1488 1491/1491/1491
f 1492/1492/1492 1491/1491/1491 1494/1494/1494
f 1492/1492/1492 1494/1494/1494 1495/1495/1495
f 1491/1491/1491 1493/1493/1493 1496/1496/1496
f 1491/1491/1491 1496/1496/1496 1494/1494/1494
f 1495/1495/1495 1494/1494/1494 1395/1395/1395
f 1495/1495/1495 1395/1395/1395 1389/1389/1389
f 1494/1494/1494 1496/1496/1496 1398/1398/1398
f 1494/1494/1494 1398/1398/1398 1395/1395/1395
f 1496/1496/1496 1493/1493/1493 1499/1499/1499
f 1496/1496/1496 1499/1499/1499 1497/1497/1497
f 1398/1398/1398 1496/1496/1496 1497/1497/1497
f 1398/1398/1398 1497/1497/1497 1502/1502/1502
f 1504/1504/1504 1503/1503/1503 1498/1498/1498
f 1504/1504/1504 1498/1498/1498 1500/1500/1500
f 1498/1498/1498 1503/1503/1503 1505/1505/1505
f 1498/1498/1498 1505/1505/1505 1501/1501/1501
f 1503/1503/1503 1504/1504/1504 1507/1507/1507
f 1503/1503/1503 1507/1507/1507 1506/1506/1506
f 1503/1503/1503 1506/1506/1506 1508/1508/1508
f 1503/1503/1503 1508/1508/1508 1505/1505/1505
f 1506/1506/1506 1507/1507/1507 1510/1510/1510
f 1506/1506/1506 1510/1510/1510 1509/1509/1509
f 1506/1506/1506 1509/1509/1509 1511/1511/1511
f 1506/1506/1506 1511/1511/1511 1508/1508/1508
f 1512/1512/1512 1509/1509/1509 1510/1510/1510
f 1512/1512/1512 1510/1510/1510 1513/1513/1513
f 1509/1509/1509 1512/1512/1512 1514/1514/1514
f 1509/1509/1509 1514/1514/1514 1511/1511/1511
f 1515/1515/1515 1512/1512/1512 1513/1513/1513
f 1515/1515/1515 1513/1513/1513 1517/1517/1517
f 1519/1519/1519 1514/1514/1514 1512/1512/1512
f 1519/1519/1519 1512/1512/1512 1515/1515/1515
f 1458/1458/1458 1516/1516/1516 1518/1518/1518
f 1458/1458/1458 1518/1518/1518 1460/1460/1460
f 1449/1449/1449 1520/1520/1520 1516/1516/1516
f 1449/1449/1449 1516/1516/1516 1458/1458/1458
f 1447/1447/1447 1543/1543/1543 1514/1514/1514
f 1447/1447/1447 1514/1514/1514 1519/1519/1519
f 1513/1513/1513 1526/1526/1526 1521/1521/1521
f 1513/1513/1513 1521/1521/1521 1517/1517/1517
f 1522/1522/1522 1462/1462/1462 1460/1460/1460
f 1522/1522/1522 1460/1460/1460 1518/1518/1518
f 1525/1525/1525 1467/1467/1467 1462/1462/1462
f 1525/1525/1525 1462/1462/1462 1522/1522/1522
f 1528/1528/1528 1523/1523/1523 1521/1521/1521
f 1528/1528/1528 1521/1521/1521 1526/1526/1526
f 1513/1513/1513 1510/1510/1510 1527/1527/1527
f 1513/1513/1513 1527/1527/1527 1526/1526/1526
f 1530/1530/1530 1528/1528/1528 1526/1526/1526
f 1530/1530/1530 1526/1526/1526 1527/1527/1527
f 1531/1531/1531 1475/1475/1475 1471/1471/1471
f 1531/1531/1531 1471/1471/1471 1529/1529/1529
f 1471/1471/1471 1466/1466/1466 1524/1524/1524
f 1471/1471/1471 1524/1524/1524 1529/1529/1529
f 1478/1478/1478 1475/1475/1475 1531/1531/1531
f 1478/1478/1478 1531/1531/1531 1532/1532/1532
f 1533/1533/1533 1530/1530/1530 1527/1527/1527
f 1533/1533/1533 1527/1527/1527 1536/1536/1536
f 1535/1535/1535 1533/1533/1533 1536/1536/1536
f 1535/1535/1535 1536/1536/1536 1537/1537/1537
f 1478/1478/1478 1532/1532/1532 1534/1534/1534
f 1478/1478/1478 1534/1534/1534 1480/1480/1480
f 1510/1510/1510 1507/1507/1507 1536/1536/1536
f 1510/1510/1510 1536/1536/1536 1527/1527/1527
f 1507/1507/1507 1504/1504/1504 1537/1537/1537
f 1507/1507/1507 1537/1537/1537 1536/1536/1536
f 1535/1535/1535 1537/1537/1537 1539/1539/1539
f 1535/1535/1535 1539/1539/1539 1542/1542/1542
f 1504/1504/1504 1500/1500/1500 1539/1539/1539
f 1504/1504/1504 1539/1539/1539 1537/1537/1537
f 1489/1489/1489 1485/1485/1485 1541/1541/1541
f 1489/1489/1489 1541/1541/1541 1538/1538/1538
f 1493/1493/1493 1489/1489/1489 1538/1538/1538
f 1493/1493/1493 1538/1538/1538 1499/1499/1499
f 1534/1534/1534 1540/1540/1540 1484/1484/1484
f 1534/1534/1534 1484/1484/1484 1480/1480/1480
f 1543/1543/1543 1545/1545/1545 1511/1511/1511
f 1543/1543/1543 1511/1511/1511 1514/1514/1514
f 1544/1544/1544 1543/1543/1543 1447/1447/1447
f 1544/1544/1544 1447/1447/1447 1443/1443/1443
f 1545/1545/1545 1543/1543/1543 1544/1544/1544
f 1545/1545/1545 1544/1544/1544 1546/1546/1546
f 1547/1547/1547 1545/1545/1545 1546/1546/1546
f 1547/1547/1547 1546/1546/1546 1548/1548/1548
f 1547/1547/1547 1508/1508/1508 1511/1511/1511
f 1547/1547/1547 1511/1511/1511 1545/1545/1545
f 1549/1549/1549 1547/1547/1547 1548/1548/1548
f 1549/1549/1549 1548/1548/1548 1550/1550/1550
f 1549/1549/1549 1505/1505/1505 1508/1508/1508
f 1549/1549/1549 1508/1508/1508 1547/1547/1547
f 1399/1399/1399 1549/1549/1549 1550/1550/1550
f 1399/1399/1399 1550/1550/1550 1402/1402/1402
f 1501/1501/1501 1505/1505/1505 1549/1549/1549
f 1501/1501/1501 1549/1549/1549 1399/1399/1399
f 1548/1548/1548 1552/1552/1552 1551/1551/1551
f 1548/1548/1548 1551/1551/1551 1550/1550/1550
f 1405/1405/1405 1402/1402/1402 1550/1550/1550
f 1405/1405/1405 1550/1550/1550 1551/1551/1551
f 1420/1420/1420 1416/1416/1416 1551/1551/1551
f 1420/1420/1420 1551/1551/1551 1552/1552/1552
f 1416/1416/1416 1410/1410/1410 1405/1405/1405
f 1416/1416/1416 1405/1405/1405 1551/1551/1551
f 1424/1424/1424 1420/1420/1420 1552/1552/1552
f 1424/1424/1424 1552/1552/1552 1553/1553/1553
f 1553/1553/1553 1552/1552/1552 1548/1548/1548
f 1553/1553/1553 1548/1548/1548 1546/1546/1546
f 1546/1546/1546 1544/1544/1544 1554/1554/1554
f 1546/1546/1546 1554/1554/1554 1553/1553/1553
f 1424/1424/1424 1553/1553/1553 1554/1554/1554
f 1424/1424/1424 1554/1554/1554 1428/1428/1428
f 1544/1544/1544 1443/1443/1443 1439/1439/1439
f 1544/1544/1544 1439/1439/1439 1554/1554/1554
f 1428/1428/1428 1554/1554/1554 1439/1439/1439
f 1428/1428/1428 1439/1439/1439 1433/1433/1433
f 1384/1384/1384 1492/1492/1492 1495/1495/1495
f 1384/1384/1384 1495/1495/1495 1386/1386/1386
f 1384/1384/1384 1382/1382/1382 1490/1490/1490
f 1384/1384/1384 1490/1490/1490 1492/1492/1492
f 1382/1382/1382 1380/1380/1380 1487/1487/1487
f 1382/1382/1382 1487/1487/1487 1490/1490/1490
f 1481/1481/1481 1486/1486/1486 1379/1379/1379
f 1481/1481/1481 1379/1379/1379 1376/1376/1376
f 1477/1477/1477 1481/1481/1481 1376/1376/1376
f 1477/1477/1477 1376/1376/1376 1374/1374/1374
f 1374/1374/1374 1372/1372/1372 1474/1474/1474
f 1374/1374/1374 1474/1474/1474 1477/1477/1477
f 1370/1370/1370 1472/1472/1472 1474/1474/1474
f 1370/1370/1370 1474/1474/1474 1372/1372/1372
f 1367/1367/1367 1468/1468/1468 1472/1472/1472
f 1367/1367/1367 1472/1472/1472 1370/1370/1370
f 1368/1368/1368 1364/1364/1364 1463/1463/1463
f 1368/1368/1368 1463/1463/1463 1469/1469/1469
f 1463/1463/1463 1364/1364/1364 1362/1362/1362
f 1463/1463/1463 1362/1362/1362 1456/1456/1456
f 1555/1555/1555 1441/1441/1441 1445/1445/1445
f 1555/1555/1555 1445/1445/1445 1453/1453/1453
f 1556/1556/1556 1555/1555/1555 1453/1453/1453
f 1556/1556/1556 1453/1453/1453 1354/1354/1354
f 1557/1557/1557 1555/1555/1555 1556/1556/1556
f 1557/1557/1557 1556/1556/1556 1559/1559/1559
f 1436/1436/1436 1441/1441/1441 1555/1555/1555
f 1436/1436/1436 1555/1555/1555 1557/1557/1557
f 1437/1437/1437 1558/1558/1558 1561/1561/1561
f 1437/1437/1437 1561/1561/1561 1430/1430/1430
f 1561/1561/1561 1558/1558/1558 1560/1560/1560
f 1561/1561/1561 1560/1560/1560 1562/1562/1562
f 1563/1563/1563 1426/1426/1426 1430/1430/1430
f 1563/1563/1563 1430/1430/1430 1561/1561/1561
f 1564/1564/1564 1563/1563/1563 1561/1561/1561
f 1564/1564/1564 1561/1561/1561 1562/1562/1562
f 1565/1565/1565 1422/1422/1422 1426/1426/1426
f 1565/1565/1565 1426/1426/1426 1563/1563/1563
f 1565/1565/1565 1563/1563/1563 1564/1564/1564
f 1565/1565/1565 1564/1564/1564 1566/1566/1566
f 1422/1422/1422 1565/1565/1565 1567/1567/1567
f 1422/1422/1422 1567/1567/1567 1418/1418/1418
f 1567/1567/1567 1565/1565/1565 1566/1566/1566
f 1567/1567/1567 1566/1566/1566 1568/1568/1568
f 1567/1567/1567 1570/1570/1570 1414/1414/1414
f 1567/1567/1567 1414/1414/1414 1418/1418/1418
f 1570/1570/1570 1567/1567/1567 1568/1568/1568
f 1570/1570/1570 1568/1568/1568 1572/1572/1572
f 1407/1407/1407 1413/1413/1413 1569/1569/1569
f 1407/1407/1407 1569/1569/1569 1573/1573/1573
f 1573/1573/1573 1569/1569/1569 1571/1571/1571
f 1573/1573/1573 1571/1571/1571 1574/1574/1574
f 1393/1393/1393 1573/1573/1573 1574/1574/1574
f 1393/1393/1393 1574/1574/1574 1391/1391/1391
f 1396/1396/1396 1407/1407/1407 1573/1573/1573
f 1396/1396/1396 1573/1573/1573 1393/1393/1393
f 1571/1571/1571 1336/1336/1336 1333/1333/1333
f 1571/1571/1571 1333/1333/1333 1574/1574/1574
f 1574/1574/1574 1333/1333/1333 1331/1331/1331
f 1574/1574/1574 1331/1331/1331 1391/1391/1391
f 1568/1568/1568 1339/1339/1339 1337/1337/1337
f 1568/1568/1568 1337/1337/1337 1572/1572/1572
f 1568/1568/1568 1566/1566/1566 1341/1341/1341
f 1568/1568/1568 1341/1341/1341 1339/1339/1339
f 1566/1566/1566 1564/1564/1564 1343/1343/1343
f 1566/1566/1566 1343/1343/1343 1341/1341/1341
f 1343/1343/1343 1564/1564/1564 1562/1562/1562
f 1343/1343/1343 1562/1562/1562 1345/1345/1345
f 1349/1349/1349 1345/1345/1345 1562/1562/1562
f 1349/1349/1349 1562/1562/1562 1560/1560/1560
f 1351/1351/1351 1348/1348/1348 1559/1559/1559
f 1351/1351/1351 1559/1559/1559 1556/1556/1556
f 1317/1317/1317 1319/1319/1319 646/646/646
f 1317/1317/1317 646/646/646 643/643/643
f 1312/1312/1312 1317/1317/1317 643/643/643
f 1312/1312/1312 643/643/643 640/640/640
f 1308/1308/1308 1311/1311/1311 639/639/639
f 1308/1308/1308 639/639/639 634/634/634
f 1304/1304/1304 1308/1308/1308 634/634/634
f 1304/1304/1304 634/634/634 630/630/630
f 1301/1301/1301 1304/1304/1304 630/630/630
f 1301/1301/1301 630/630/630 627/627/627
f 625/625/625 1299/1299/1299 1301/1301/1301
f 625/625/625 1301/1301/1301 627/627/627
f 621/621/621 1293/1293/1293 1299/1299/1299
f 621/621/621 1299/1299/1299 625/625/625
f 616/616/616 1290/1290/1290 1294/1294/1294
f 616/616/616 1294/1294/1294 622/622/622
f 613/613/613 1286/1286/1286 1290/1290/1290
f 613/613/613 1290/1290/1290 616/616/616
f 609/609/609 1283/1283/1283 1286/1286/1286
f 609/609/609 1286/1286/1286 613/613/613
f 606/606/606 1277/1277/1277 1283/1283/1283
f 606/606/606 1283/1283/1283 609/609/609
f 543/543/543 439/439/439 437/437/437
f 543/543/543 437/437/437 547/547/547
f 547/547/547 437/437/437 435/435/435
f 547/547/547 435/435/435 478/478/478
f 539/539/539 441/441/441 439/439/439
f 539/539/539 439/439/439 543/543/543
f 539/539/539 535/535/535 443/443/443
f 539/539/539 443/443/443 441/441/441
f 531/531/531 446/446/446 443/443/443
f 531/531/531 443/443/443 535/535/535
f 523/523/523 449/449/449 447/447/447
f 523/523/523 447/447/447 532/532/532
f 449/449/449 523/523/523 519/519/519
f 449/449/449 519/519/519 451/451/451
f 513/513/513 455/455/455 451/451/451
f 513/513/513 451/451/451 519/519/519
f 506/506/506 457/457/457 454/454/454
f 506/506/506 454/454/454 512/512/512
f 457/457/457 506/506/506 502/502/502
f 457/457/457 502/502/502 459/459/459
f 498/498/498 461/461/461 459/459/459
f 498/498/498 459/459/459 502/502/502
f 494/494/494 463/463/463 461/461/461
f 494/494/494 461/461/461 498/498/498
f 494/494/494 489/489/489 467/467/467
f 494/494/494 467/467/467 463/463/463
f 425/425/425 356/356/356 1575/1575/1575
f 418/418/418 425/425/425 1575/1575/1575
f 418/418/418 1575/1575/1575 1576/1576/1576
f 1576/1576/1576 1575/1575/1575 302/302/302
f 1576/1576/1576 302/302/302 299/299/299
f 339/339/339 305/305/305 302/302/302
f 339/339/339 302/302/302 1575/1575/1575
f 356/356/356 341/341/341 339/339/339
f 356/356/356 339/339/339 1575/1575/1575
f 1578/1578/1578 1577/1577/1577 300/300/300
f 1578/1578/1578 300/300/300 293/293/293
f 414/414/414 420/420/420 1577/1577/1577
f 414/414/414 1577/1577/1577 1578/1578/1578
f 291/291/291 1579/1579/1579 1578/1578/1578
f 291/291/291 1578/1578/1578 293/293/293
f 410/410/410 414/414/414 1578/1578/1578
f 410/410/410 1578/1578/1578 1579/1579/1579
f 410/410/410 1579/1579/1579 1580/1580/1580
f 410/410/410 1580/1580/1580 406/406/406
f 288/288/288 1580/1580/1580 1579/1579/1579
f 288/288/288 1579/1579/1579 291/291/291
f 402/402/402 406/406/406 1580/1580/1580
f 402/402/402 1580/1580/1580 1581/1581/1581
f 1581/1581/1581 1580/1580/1580 288/288/288
f 1581/1581/1581 288/288/288 284/284/284
f 1583/1583/1583 1581/1581/1581 284/284/284
f 1583/1583/1583 284/284/284 282/282/282
f 402/402/402 1581/1581/1581 1583/1583/1583
f 402/402/402 1583/1583/1583 396/396/396
f 275/275/275 1584/1584/1584 1582/1582/1582
f 275/275/275 1582/1582/1582 281/281/281
f 390/390/390 395/395/395 1582/1582/1582
f 390/390/390 1582/1582/1582 1584/1584/1584
f 273/273/273 1585/1585/1585 1584/1584/1584
f 273/273/273 1584/1584/1584 275/275/275
f 390/390/390 1584/1584/1584 386/386/386
f 1584/1584/1584 1585/1585/1585 1586/1586/1586
f 1584/1584/1584 1586/1586/1586 386/386/386
f 271/271/271 1587/1587/1587 1585/1585/1585
f 271/271/271 1585/1585/1585 273/273/273
f 1587/1587/1587 1590/1590/1590 1586/1586/1586
f 1587/1587/1587 1586/1586/1586 1585/1585/1585
f 1589/1589/1589 1587/1587/1587 271/271/271
f 1589/1589/1589 271/271/271 325/325/325
f 1592/1592/1592 1590/1590/1590 1587/1587/1587
f 1592/1592/1592 1587/1587/1587 1589/1589/1589
f 1597/1597/1597 1593/1593/1593 1590/1590/1590
f 1597/1597/1597 1590/1590/1590 1592/1592/1592
f 1590/1590/1590 1593/1593/1593 1595/1595/1595
f 1590/1590/1590 1595/1595/1595 1586/1586/1586
f 1599/1599/1599 1594/1594/1594 1593/1593/1593
f 1599/1599/1599 1593/1593/1593 1597/1597/1597
f 1593/1593/1593 1594/1594/1594 1714/1714/1714
f 1593/1593/1593 1714/1714/1714 1595/1595/1595
f 1601/1601/1601 1600/1600/1600 1596/1596/1596
f 1601/1601/1601 1596/1596/1596 1591/1591/1591
f 1600/1600/1600 1602/1602/1602 1598/1598/1598
f 1600/1600/1600 1598/1598/1598 1596/1596/1596
f 1603/1603/1603 1600/1600/1600 1601/1601/1601
f 1603/1603/1603 1601/1601/1601 1604/1604/1604
f 1605/1605/1605 1602/1602/1602 1600/1600/1600
f 1605/1605/1605 1600/1600/1600 1603/1603/1603
f 1603/1603/1603 1604/1604/1604 1607/1607/1607
f 1603/1603/1603 1607/1607/1607 1606/1606/1606
f 1605/1605/1605 1603/1603/1603 1606/1606/1606
f 1605/1605/1605 1606/1606/1606 1608/1608/1608
f 1611/1611/1611 1609/1609/1609 1606/1606/1606
f 1611/1611/1611 1606/1606/1606 1607/1607/1607
f 1609/1609/1609 1610/1610/1610 1608/1608/1608
f 1609/1609/1609 1608/1608/1608 1606/1606/1606
f 1609/1609/1609 345/345/345 1614/1614/1614
f 1609/1609/1609 1614/1614/1614 1610/1610/1610
f 1611/1611/1611 337/337/337 345/345/345
f 1611/1611/1611 345/345/345 1609/1609/1609
f 1607/1607/1607 329/329/329 331/331/331
f 1607/1607/1607 331/331/331 1611/1611/1611
f 1612/1612/1612 1610/1610/1610 1614/1614/1614
f 1612/1612/1612 1614/1614/1614 1616/1616/1616
f 1612/1612/1612 1719/1719/1719 1608/1608/1608
f 1612/1612/1612 1608/1608/1608 1610/1610/1610
f 343/343/343 1619/1619/1619 1615/1615/1615
f 343/343/343 1615/1615/1615 1613/1613/1613
f 1632/1632/1632 1612/1612/1612 1616/1616/1616
f 1632/1632/1632 1616/1616/1616 1618/1618/1618
f 1621/1621/1621 1617/1617/1617 1615/1615/1615
f 1621/1621/1621 1615/1615/1615 1619/1619/1619
f 1620/1620/1620 1622/1622/1622 1621/1621/1621
f 1620/1620/1620 1621/1621/1621 1619/1619/1619
f 1620/1620/1620 1619/1619/1619 343/343/343
f 1620/1620/1620 343/343/343 347/347/347
f 1624/1624/1624 1623/1623/1623 1621/1621/1621
f 1624/1624/1624 1621/1621/1621 1622/1622/1622
f 1621/1621/1621 1623/1623/1623 1626/1626/1626
f 1621/1621/1621 1626/1626/1626 1617/1617/1617
f 1624/1624/1624 1684/1684/1684 1625/1625/1625
f 1624/1624/1624 1625/1625/1625 1623/1623/1623
f 1625/1625/1625 1628/1628/1628 1626/1626/1626
f 1625/1625/1625 1626/1626/1626 1623/1623/1623
f 1629/1629/1629 1631/1631/1631 1630/1630/1630
f 1629/1629/1629 1630/1630/1630 1627/1627/1627
f 1632/1632/1632 1618/1618/1618 1627/1627/1627
f 1632/1632/1632 1627/1627/1627 1630/1630/1630
f 1631/1631/1631 1634/1634/1634 1633/1633/1633
f 1631/1631/1631 1633/1633/1633 1630/1630/1630
f 1632/1632/1632 1630/1630/1630 1633/1633/1633
f 1632/1632/1632 1633/1633/1633 1635/1635/1635
f 1636/1636/1636 1633/1633/1633 1634/1634/1634
f 1636/1636/1636 1634/1634/1634 1637/1637/1637
f 1638/1638/1638 1635/1635/1635 1633/1633/1633
f 1638/1638/1638 1633/1633/1633 1636/1636/1636
f 1636/1636/1636 1637/1637/1637 1640/1640/1640
f 1636/1636/1636 1640/1640/1640 1639/1639/1639
f 1636/1636/1636 1639/1639/1639 1641/1641/1641
f 1636/1636/1636 1641/1641/1641 1638/1638/1638
f 1640/1640/1640 1644/1644/1644 1642/1642/1642
f 1640/1640/1640 1642/1642/1642 1639/1639/1639
f 1641/1641/1641 1639/1639/1639 1642/1642/1642
f 1641/1641/1641 1642/1642/1642 1646/1646/1646
f 1645/1645/1645 1649/1649/1649 1648/1648/1648
f 1645/1645/1645 1648/1648/1648 1643/1643/1643
f 1651/1651/1651 1647/1647/1647 1643/1643/1643
f 1651/1651/1651 1643/1643/1643 1648/1648/1648
f 1650/1650/1650 1648/1648/1648 1649/1649/1649
f 1650/1650/1650 1649/1649/1649 1699/1699/1699
f 1653/1653/1653 1651/1651/1651 1648/1648/1648
f 1653/1653/1653 1648/1648/1648 1650/1650/1650
f 1652/1652/1652 1651/1651/1651 1653/1653/1653
f 1652/1652/1652 1653/1653/1653 1654/1654/1654
f 1647/1647/1647 1651/1651/1651 1652/1652/1652
f 1647/1647/1647 1652/1652/1652 1716/1716/1716
f 1650/1650/1650 1659/1659/1659 1655/1655/1655
f 1650/1650/1650 1655/1655/1655 1653/1653/1653
f 1654/1654/1654 1653/1653/1653 1655/1655/1655
f 1654/1654/1654 1655/1655/1655 1657/1657/1657
f 1656/1656/1656 1661/1661/1661 1663/1663/1663
f 1656/1656/1656 1663/1663/1663 1658/1658/1658
f 1661/1661/1661 1656/1656/1656 1660/1660/1660
f 1661/1661/1661 1660/1660/1660 1662/1662/1662
f 1664/1664/1664 1661/1661/1661 1662/1662/1662
f 1664/1664/1664 1662/1662/1662 1665/1665/1665
f 1661/1661/1661 1664/1664/1664 1666/1666/1666
f 1661/1661/1661 1666/1666/1666 1663/1663/1663
f 1664/1664/1664 1665/1665/1665 1668/1668/1668
f 1664/1664/1664 1668/1668/1668 1667/1667/1667
f 1664/1664/1664 1667/1667/1667 1669/1669/1669
f 1664/1664/1664 1669/1669/1669 1666/1666/1666
f 1667/1667/1667 1668/1668/1668 1671/1671/1671
f 1667/1667/1667 1671/1671/1671 1670/1670/1670
f 1667/1667/1667 1670/1670/1670 1672/1672/1672
f 1667/1667/1667 1672/1672/1672 1669/1669/1669
f 1671/1671/1671 1678/1678/1678 1674/1674/1674
f 1671/1671/1671 1674/1674/1674 1670/1670/1670
f 1670/1670/1670 1674/1674/1674 1676/1676/1676
f 1670/1670/1670 1676/1676/1676 1672/1672/1672
f 1673/1673/1673 1622/1622/1622 1620/1620/1620
f 1673/1673/1673 1620/1620/1620 1675/1675/1675
f 1624/1624/1624 1622/1622/1622 1673/1673/1673
f 1624/1624/1624 1673/1673/1673 1677/1677/1677
f 1684/1684/1684 1624/1624/1624 1677/1677/1677
f 1684/1684/1684 1677/1677/1677 1679/1679/1679
f 1680/1680/1680 1678/1678/1678 1671/1671/1671
f 1680/1680/1680 1671/1671/1671 1683/1683/1683
f 1681/1681/1681 1685/1685/1685 1684/1684/1684
f 1681/1681/1681 1684/1684/1684 1679/1679/1679
f 1682/1682/1682 1680/1680/1680 1683/1683/1683
f 1682/1682/1682 1683/1683/1683 1708/1708/1708
f 1685/1685/1685 1686/1686/1686 1625/1625/1625
f 1685/1685/1685 1625/1625/1625 1684/1684/1684
f 1625/1625/1625 1686/1686/1686 1687/1687/1687
f 1625/1625/1625 1687/1687/1687 1628/1628/1628
f 1689/1689/1689 1631/1631/1631 1629/1629/1629
f 1689/1689/1689 1629/1629/1629 1688/1688/1688
f 1689/1689/1689 1690/1690/1690 1634/1634/1634
f 1689/1689/1689 1634/1634/1634 1631/1631/1631
f 1690/1690/1690 1691/1691/1691 1637/1637/1637
f 1690/1690/1690 1637/1637/1637 1634/1634/1634
f 1691/1691/1691 1692/1692/1692 1640/1640/1640
f 1691/1691/1691 1640/1640/1640 1637/1637/1637
f 1692/1692/1692 1693/1693/1693 1644/1644/1644
f 1692/1692/1692 1644/1644/1644 1640/1640/1640
f 1694/1694/1694 1695/1695/1695 1649/1649/1649
f 1694/1694/1694 1649/1649/1649 1645/1645/1645
f 1649/1649/1649 1695/1695/1695 1696/1696/1696
f 1649/1649/1649 1696/1696/1696 1699/1699/1699
f 1699/1699/1699 1696/1696/1696 1697/1697/1697
f 1699/1699/1699 1697/1697/1697 1700/1700/1700
f 1659/1659/1659 1650/1650/1650 1699/1699/1699
f 1659/1659/1659 1699/1699/1699 1700/1700/1700
f 1698/1698/1698 1703/1703/1703 1702/1702/1702
f 1698/1698/1698 1702/1702/1702 1701/1701/1701
f 1701/1701/1701 1702/1702/1702 1662/1662/1662
f 1701/1701/1701 1662/1662/1662 1660/1660/1660
f 1703/1703/1703 1705/1705/1705 1704/1704/1704
f 1703/1703/1703 1704/1704/1704 1702/1702/1702
f 1665/1665/1665 1662/1662/1662 1702/1702/1702
f 1665/1665/1665 1702/1702/1702 1704/1704/1704
f 1665/1665/1665 1704/1704/1704 1706/1706/1706
f 1665/1665/1665 1706/1706/1706 1668/1668/1668
f 1706/1706/1706 1704/1704/1704 1705/1705/1705
f 1706/1706/1706 1705/1705/1705 1707/1707/1707
f 1707/1707/1707 1708/1708/1708 1683/1683/1683
f 1707/1707/1707 1683/1683/1683 1706/1706/1706
f 1683/1683/1683 1671/1671/1671 1668/1668/1668
f 1683/1683/1683 1668/1668/1668 1706/1706/1706
f 1672/1672/1672 1676/1676/1676 353/353/353
f 1672/1672/1672 353/353/353 362/362/362
f 1620/1620/1620 347/347/347 352/352/352
f 1620/1620/1620 352/352/352 1675/1675/1675
f 1672/1672/1672 362/362/362 1709/1709/1709
f 1672/1672/1672 1709/1709/1709 1669/1669/1669
f 1710/1710/1710 1666/1666/1666 1669/1669/1669
f 1710/1710/1710 1669/1669/1669 1709/1709/1709
f 370/370/370 1710/1710/1710 1709/1709/1709
f 370/370/370 1709/1709/1709 361/361/361
f 1711/1711/1711 1710/1710/1710 370/370/370
f 1711/1711/1711 370/370/370 374/374/374
f 1710/1710/1710 1711/1711/1711 1663/1663/1663
f 1710/1710/1710 1663/1663/1663 1666/1666/1666
f 1711/1711/1711 1713/1713/1713 1658/1658/1658
f 1711/1711/1711 1658/1658/1658 1663/1663/1663
f 1713/1713/1713 1711/1711/1711 374/374/374
f 1713/1713/1713 374/374/374 380/380/380
f 379/379/379 1595/1595/1595 1714/1714/1714
f 379/379/379 1714/1714/1714 1712/1712/1712
f 1714/1714/1714 1654/1654/1654 1657/1657/1657
f 1714/1714/1714 1657/1657/1657 1712/1712/1712
f 1714/1714/1714 1594/1594/1594 1652/1652/1652
f 1714/1714/1714 1652/1652/1652 1654/1654/1654
f 1594/1594/1594 1599/1599/1599 1716/1716/1716
f 1594/1594/1594 1716/1716/1716 1652/1652/1652
f 1715/1715/1715 1717/1717/1717 1641/1641/1641
f 1715/1715/1715 1641/1641/1641 1646/1646/1646
f 1598/1598/1598 1602/1602/1602 1717/1717/1717
f 1598/1598/1598 1717/1717/1717 1715/1715/1715
f 1638/1638/1638 1641/1641/1641 1717/1717/1717
f 1638/1638/1638 1717/1717/1717 1718/1718/1718
f 1718/1718/1718 1717/1717/1717 1602/1602/1602
f 1718/1718/1718 1602/1602/1602 1605/1605/1605
f 1605/1605/1605 1608/1608/1608 1719/1719/1719
f 1605/1605/1605 1719/1719/1719 1718/1718/1718
f 1719/1719/1719 1635/1635/1635 1638/1638/1638
f 1719/1719/1719 1638/1638/1638 1718/1718/1718
f 1632/1632/1632 1635/1635/1635 1719/1719/1719
f 1632/1632/1632 1719/1719/1719 1612/1612/1612
f 327/327/327 329/329/329 1607/1607/1607
f 327/327/327 1607/1607/1607 1604/1604/1604
f 323/323/323 327/327/327 1604/1604/1604
f 323/323/323 1604/1604/1604 1601/1601/1601
f 323/323/323 1601/1601/1601 1591/1591/1591
f 323/323/323 1591/1591/1591 1588/1588/1588
f 386/386/386 1586/1586/1586 1595/1595/1595
f 386/386/386 1595/1595/1595 379/379/379
f 303/303/303 306/306/306 243/243/243
f 303/303/303 243/243/243 1720/1720/1720
f 297/297/297 303/303/303 1720/1720/1720
f 297/297/297 1720/1720/1720 1721/1721/1721
f 1721/1721/1721 1720/1720/1720 239/239/239
f 1721/1721/1721 239/239/239 236/236/236
f 294/294/294 298/298/298 1722/1722/1722
f 294/294/294 1722/1722/1722 1723/1723/1723
f 1723/1723/1723 1722/1722/1722 237/237/237
f 1723/1723/1723 237/237/237 230/230/230
f 228/228/228 1724/1724/1724 1723/1723/1723
f 228/228/228 1723/1723/1723 230/230/230
f 290/290/290 294/294/294 1723/1723/1723
f 290/290/290 1723/1723/1723 1724/1724/1724
f 287/287/287 290/290/290 1724/1724/1724
f 287/287/287 1724/1724/1724 1725/1725/1725
f 225/225/225 1725/1725/1725 1724/1724/1724
f 225/225/225 1724/1724/1724 228/228/228
f 1726/1726/1726 285/285/285 287/287/287
f 1726/1726/1726 287/287/287 1725/1725/1725
f 1726/1726/1726 1725/1725/1725 225/225/225
f 1726/1726/1726 225/225/225 221/221/221
f 1728/1728/1728 1726/1726/1726 221/221/221
f 1728/1728/1728 221/221/221 219/219/219
f 280/280/280 285/285/285 1726/1726/1726
f 280/280/280 1726/1726/1726 1728/1728/1728
f 1729/1729/1729 276/276/276 279/279/279
f 1729/1729/1729 279/279/279 1727/1727/1727
f 212/212/212 1729/1729/1729 1727/1727/1727
f 212/212/212 1727/1727/1727 218/218/218
f 210/210/210 265/265/265 1729/1729/1729
f 210/210/210 1729/1729/1729 212/212/212
f 265/265/265 267/267/267 276/276/276
f 265/265/265 276/276/276 1729/1729/1729
f 240/240/240 180/180/180 176/176/176
f 240/240/240 176/176/176 1730/1730/1730
f 234/234/234 240/240/240 1730/1730/1730
f 234/234/234 1730/1730/1730 1732/1732/1732
f 1732/1732/1732 1730/1730/1730 1731/1731/1731
f 1732/1732/1732 1731/1731/1731 1734/1734/1734
f 176/176/176 174/174/174 1731/1731/1731
f 176/176/176 1731/1731/1731 1730/1730/1730
f 1736/1736/1736 1733/1733/1733 1735/1735/1735
f 1736/1736/1736 1735/1735/1735 1737/1737/1737
f 231/231/231 235/235/235 1733/1733/1733
f 231/231/231 1733/1733/1733 1736/1736/1736
f 1739/1739/1739 1738/1738/1738 1736/1736/1736
f 1739/1739/1739 1736/1736/1736 1737/1737/1737
f 227/227/227 231/231/231 1736/1736/1736
f 227/227/227 1736/1736/1736 1738/1738/1738
f 224/224/224 227/227/227 1738/1738/1738
f 224/224/224 1738/1738/1738 1740/1740/1740
f 1741/1741/1741 1740/1740/1740 1738/1738/1738
f 1741/1741/1741 1738/1738/1738 1739/1739/1739
f 1742/1742/1742 222/222/222 224/224/224
f 1742/1742/1742 224/224/224 1740/1740/1740
f 1742/1742/1742 1740/1740/1740 1741/1741/1741
f 1742/1742/1742 1741/1741/1741 1743/1743/1743
f 1745/1745/1745 1742/1742/1742 1743/1743/1743
f 1745/1745/1745 1743/1743/1743 1747/1747/1747
f 1745/1745/1745 217/217/217 222/222/222
f 1745/1745/1745 222/222/222 1742/1742/1742
f 1749/1749/1749 1748/1748/1748 1744/1744/1744
f 1749/1749/1749 1744/1744/1744 1746/1746/1746
f 1748/1748/1748 213/213/213 216/216/216
f 1748/1748/1748 216/216/216 1744/1744/1744
f 1751/1751/1751 1750/1750/1750 1748/1748/1748
f 1751/1751/1751 1748/1748/1748 1749/1749/1749
f 1750/1750/1750 206/206/206 213/213/213
f 1750/1750/1750 213/213/213 1748/1748/1748
f 1754/1754/1754 205/205/205 1750/1750/1750
f 1754/1754/1754 1750/1750/1750 1751/1751/1751
f 1752/1752/1752 1751/1751/1751 1749/1749/1749
f 1752/1752/1752 1749/1749/1749 1779/1779/1779
f 1752/1752/1752 1755/1755/1755 1754/1754/1754
f 1752/1752/1752 1754/1754/1754 1751/1751/1751
f 1755/1755/1755 1760/1760/1760 1758/1758/1758
f 1755/1755/1755 1758/1758/1758 1754/1754/1754
f 203/203/203 205/205/205 1754/1754/1754
f 203/203/203 1754/1754/1754 1758/1758/1758
f 1762/1762/1762 197/197/197 202/202/202
f 1762/1762/1762 202/202/202 1757/1757/1757
f 1763/1763/1763 1762/1762/1762 1757/1757/1757
f 1763/1763/1763 1757/1757/1757 1759/1759/1759
f 1765/1765/1765 1762/1762/1762 1763/1763/1763
f 1765/1765/1765 1763/1763/1763 1766/1766/1766
f 193/193/193 197/197/197 1762/1762/1762
f 193/193/193 1762/1762/1762 1765/1765/1765
f 1768/1768/1768 1765/1765/1765 1766/1766/1766
f 1768/1768/1768 1766/1766/1766 1769/1769/1769
f 1765/1765/1765 1768/1768/1768 190/190/190
f 1765/1765/1765 190/190/190 193/193/193
f 1771/1771/1771 1768/1768/1768 1769/1769/1769
f 1771/1771/1771 1769/1769/1769 166/166/166
f 1771/1771/1771 188/188/188 190/190/190
f 1771/1771/1771 190/190/190 1768/1768/1768
f 178/178/178 188/188/188 1771/1771/1771
f 178/178/178 1771/1771/1771 165/165/165
f 1772/1772/1772 172/172/172 167/167/167
f 1772/1772/1772 167/167/167 1770/1770/1770
f 1770/1770/1770 1767/1767/1767 1774/1774/1774
f 1770/1770/1770 1774/1774/1774 1772/1772/1772
f 1772/1772/1772 1774/1774/1774 1775/1775/1775
f 1772/1772/1772 1775/1775/1775 1773/1773/1773
f 172/172/172 1772/1772/1772 1773/1773/1773
f 172/172/172 1773/1773/1773 1797/1797/1797
f 1767/1767/1767 1764/1764/1764 1776/1776/1776
f 1767/1767/1767 1776/1776/1776 1774/1774/1774
f 1774/1774/1774 1776/1776/1776 1777/1777/1777
f 1774/1774/1774 1777/1777/1777 1775/1775/1775
f 1764/1764/1764 1761/1761/1761 1756/1756/1756
f 1764/1764/1764 1756/1756/1756 1776/1776/1776
f 1776/1776/1776 1756/1756/1756 1753/1753/1753
f 1776/1776/1776 1753/1753/1753 1777/1777/1777
f 1753/1753/1753 1780/1780/1780 1778/1778/1778
f 1753/1753/1753 1778/1778/1778 1777/1777/1777
f 1775/1775/1775 1777/1777/1777 1778/1778/1778
f 1775/1775/1775 1778/1778/1778 1783/1783/1783
f 1782/1782/1782 1778/1778/1778 1780/1780/1780
f 1782/1782/1782 1780/1780/1780 1800/1800/1800
f 1786/1786/1786 1783/1783/1783 1778/1778/1778
f 1786/1786/1786 1778/1778/1778 1782/1782/1782
f 1775/1775/1775 1783/1783/1783 1784/1784/1784
f 1775/1775/1775 1784/1784/1784 1773/1773/1773
f 1784/1784/1784 1783/1783/1783 1786/1786/1786
f 1784/1784/1784 1786/1786/1786 1788/1788/1788
f 1743/1743/1743 1741/1741/1741 1785/1785/1785
f 1743/1743/1743 1785/1785/1785 1781/1781/1781
f 1785/1785/1785 1741/1741/1741 1739/1739/1739
f 1785/1785/1785 1739/1739/1739 1787/1787/1787
f 1794/1794/1794 1784/1784/1784 1788/1788/1788
f 1794/1794/1794 1788/1788/1788 1790/1790/1790
f 1739/1739/1739 1737/1737/1737 1789/1789/1789
f 1739/1739/1739 1789/1789/1789 1787/1787/1787
f 1793/1793/1793 1796/1796/1796 1794/1794/1794
f 1793/1793/1793 1794/1794/1794 1790/1790/1790
f 1737/1737/1737 1735/1735/1735 1792/1792/1792
f 1737/1737/1737 1792/1792/1792 1789/1789/1789
f 171/171/171 1797/1797/1797 1794/1794/1794
f 171/171/171 1794/1794/1794 1796/1796/1796
f 1784/1784/1784 1794/1794/1794 1797/1797/1797
f 1784/1784/1784 1797/1797/1797 1773/1773/1773
f 1734/1734/1734 1731/1731/1731 1795/1795/1795
f 1734/1734/1734 1795/1795/1795 1791/1791/1791
f 1731/1731/1731 174/174/174 170/170/170
f 1731/1731/1731 170/170/170 1795/1795/1795
f 1799/1799/1799 1747/1747/1747 1743/1743/1743
f 1799/1799/1799 1743/1743/1743 1781/1781/1781
f 1779/1779/1779 1749/1749/1749 1746/1746/1746
f 1779/1779/1779 1746/1746/1746 1798/1798/1798
f 1806/1806/1806 3411/3411/3411 1805/1805/1805
f 1806/1806/1806 1805/1805/1805 1802/1802/1802
f 1808/1808/1808 1801/1801/1801 1804/1804/1804
f 1808/1808/1808 1804/1804/1804 1813/1813/1813
f 1812/1812/1812 1807/1807/1807 1803/1803/1803
f 1812/1812/1812 1803/1803/1803 1809/1809/1809
f 1810/1810/1810 1808/1808/1808 1813/1813/1813
f 1810/1810/1810 1813/1813/1813 1814/1814/1814
f 1809/1809/1809 1811/1811/1811 3437/3437/3437
f 1809/1809/1809 3437/3437/3437 1812/1812/1812
f 1814/1814/1814 1813/1813/1813 1815/1815/1815
f 1814/1814/1814 1815/1815/1815 1816/1816/1816
f 1813/1813/1813 1804/1804/1804 1817/1817/1817
f 1813/1813/1813 1817/1817/1817 1815/1815/1815
f 1815/1815/1815 1819/1819/1819 1820/1820/1820
f 1815/1815/1815 1820/1820/1820 1816/1816/1816
f 1817/1817/1817 1822/1822/1822 1819/1819/1819
f 1817/1817/1817 1819/1819/1819 1815/1815/1815
f 1820/1820/1820 1819/1819/1819 1821/1821/1821
f 1820/1820/1820 1821/1821/1821 1881/1881/1881
f 1819/1819/1819 1822/1822/1822 1824/1824/1824
f 1819/1819/1819 1824/1824/1824 1821/1821/1821
f 1827/1827/1827 1825/1825/1825 1823/1823/1823
f 1827/1827/1827 1823/1823/1823 1826/1826/1826
f 1818/1818/1818 1828/1828/1828 1826/1826/1826
f 1818/1818/1818 1826/1826/1826 1823/1823/1823
f 1826/1826/1826 1829/1829/1829 1831/1831/1831
f 1826/1826/1826 1831/1831/1831 1827/1827/1827
f 1830/1830/1830 1829/1829/1829 1826/1826/1826
f 1830/1830/1830 1826/1826/1826 1828/1828/1828
f 1833/1833/1833 1832/1832/1832 1829/1829/1829
f 1833/1833/1833 1829/1829/1829 1830/1830/1830
f 1832/1832/1832 1834/1834/1834 1831/1831/1831
f 1832/1832/1832 1831/1831/1831 1829/1829/1829
f 1835/1835/1835 1832/1832/1832 1833/1833/1833
f 1835/1835/1835 1833/1833/1833 1837/1837/1837
f 1835/1835/1835 1836/1836/1836 1834/1834/1834
f 1835/1835/1835 1834/1834/1834 1832/1832/1832
f 1836/1836/1836 1835/1835/1835 1839/1839/1839
f 1836/1836/1836 1839/1839/1839 1841/1841/1841
f 1843/1843/1843 1839/1839/1839 1835/1835/1835
f 1843/1843/1843 1835/1835/1835 1837/1837/1837
f 1844/1844/1844 1847/1847/1847 1840/1840/1840
f 1844/1844/1844 1840/1840/1840 1838/1838/1838
f 1845/1845/1845 1844/1844/1844 1838/1838/1838
f 1845/1845/1845 1838/1838/1838 1842/1842/1842
f 3390/3390/3390 1846/1846/1846 1844/1844/1844
f 3390/3390/3390 1844/1844/1844 1845/1845/1845
f 1846/1846/1846 1849/1849/1849 1847/1847/1847
f 1846/1846/1846 1847/1847/1847 1844/1844/1844
f 1847/1847/1847 1848/1848/1848 1898/1898/1898
f 1847/1847/1847 1898/1898/1898 1840/1840/1840
f 1849/1849/1849 1850/1850/1850 1848/1848/1848
f 1849/1849/1849 1848/1848/1848 1847/1847/1847
f 1850/1850/1850 1849/1849/1849 1851/1851/1851
f 1850/1850/1850 1851/1851/1851 1852/1852/1852
f 1849/1849/1849 1846/1846/1846 1853/1853/1853
f 1849/1849/1849 1853/1853/1853 1851/1851/1851
f 1854/1854/1854 1858/1858/1858 1852/1852/1852
f 1854/1854/1854 1852/1852/1852 1851/1851/1851
f 1851/1851/1851 1853/1853/1853 1856/1856/1856
f 1851/1851/1851 1856/1856/1856 1854/1854/1854
f 1855/1855/1855 1857/1857/1857 1862/1862/1862
f 1855/1855/1855 1862/1862/1862 1860/1860/1860
f 1860/1860/1860 1861/1861/1861 1859/1859/1859
f 1860/1860/1860 1859/1859/1859 1855/1855/1855
f 1863/1863/1863 1865/1865/1865 1861/1861/1861
f 1863/1863/1863 1861/1861/1861 1860/1860/1860
f 1864/1864/1864 1863/1863/1863 1860/1860/1860
f 1864/1864/1864 1860/1860/1860 1862/1862/1862
f 1864/1864/1864 1867/1867/1867 1866/1866/1866
f 1864/1864/1864 1866/1866/1866 1863/1863/1863
f 1865/1865/1865 1863/1863/1863 1866/1866/1866
f 1865/1865/1865 1866/1866/1866 1868/1868/1868
f 1867/1867/1867 1871/1871/1871 1869/1869/1869
f 1867/1867/1867 1869/1869/1869 1866/1866/1866
f 1866/1866/1866 1869/1869/1869 1870/1870/1870
f 1866/1866/1866 1870/1870/1870 1868/1868/1868
f 1869/1869/1869 1873/1873/1873 1877/1877/1877
f 1869/1869/1869 1877/1877/1877 1870/1870/1870
f 1873/1873/1873 1869/1869/1869 1871/1871/1871
f 1873/1873/1873 1871/1871/1871 1875/1875/1875
f 1878/1878/1878 1872/1872/1872 1874/1874/1874
f 1878/1878/1878 1874/1874/1874 1880/1880/1880
f 1872/1872/1872 1878/1878/1878 1879/1879/1879
f 1872/1872/1872 1879/1879/1879 1876/1876/1876
f 1878/1878/1878 1881/1881/1881 1882/1882/1882
f 1878/1878/1878 1882/1882/1882 1879/1879/1879
f 1881/1881/1881 1878/1878/1878 1880/1880/1880
f 1881/1881/1881 1880/1880/1880 1820/1820/1820
f 1881/1881/1881 1821/1821/1821 1884/1884/1884
f 1881/1881/1881 1884/1884/1884 1882/1882/1882
f 1879/1879/1879 1882/1882/1882 1883/1883/1883
f 1879/1879/1879 1883/1883/1883 3360/3360/3360
f 1882/1882/1882 1884/1884/1884 1885/1885/1885
f 1882/1882/1882 1885/1885/1885 1883/1883/1883
f 1884/1884/1884 1886/1886/1886 1888/1888/1888
f 1884/1884/1884 1888/1888/1888 1885/1885/1885
f 1821/1821/1821 1824/1824/1824 1886/1886/1886
f 1821/1821/1821 1886/1886/1886 1884/1884/1884
f 1891/1891/1891 1889/1889/1889 1887/1887/1887
f 1891/1891/1891 1887/1887/1887 1890/1890/1890
f 1827/1827/1827 1890/1890/1890 1887/1887/1887
f 1827/1827/1827 1887/1887/1887 1825/1825/1825
f 1827/1827/1827 1831/1831/1831 1892/1892/1892
f 1827/1827/1827 1892/1892/1892 1890/1890/1890
f 1890/1890/1890 1892/1892/1892 1893/1893/1893
f 1890/1890/1890 1893/1893/1893 1891/1891/1891
f 1894/1894/1894 1895/1895/1895 1893/1893/1893
f 1894/1894/1894 1893/1893/1893 1892/1892/1892
f 1834/1834/1834 1894/1894/1894 1892/1892/1892
f 1834/1834/1834 1892/1892/1892 1831/1831/1831
f 1896/1896/1896 1897/1897/1897 1895/1895/1895
f 1896/1896/1896 1895/1895/1895 1894/1894/1894
f 1836/1836/1836 1896/1896/1896 1894/1894/1894
f 1836/1836/1836 1894/1894/1894 1834/1834/1834
f 1896/1896/1896 1836/1836/1836 1841/1841/1841
f 1896/1896/1896 1841/1841/1841 1899/1899/1899
f 1897/1897/1897 1896/1896/1896 1899/1899/1899
f 1897/1897/1897 1899/1899/1899 1901/1901/1901
f 1848/1848/1848 1904/1904/1904 1900/1900/1900
f 1848/1848/1848 1900/1900/1900 1898/1898/1898
f 1904/1904/1904 1906/1906/1906 1902/1902/1902
f 1904/1904/1904 1902/1902/1902 1900/1900/1900
f 1901/1901/1901 1903/1903/1903 1960/1960/1960
f 1901/1901/1901 1960/1960/1960 1897/1897/1897
f 1850/1850/1850 1905/1905/1905 1904/1904/1904
f 1850/1850/1850 1904/1904/1904 1848/1848/1848
f 1905/1905/1905 1907/1907/1907 1906/1906/1906
f 1905/1905/1905 1906/1906/1906 1904/1904/1904
f 1906/1906/1906 1908/1908/1908 1909/1909/1909
f 1906/1906/1906 1909/1909/1909 1902/1902/1902
f 1907/1907/1907 1912/1912/1912 1908/1908/1908
f 1907/1907/1907 1908/1908/1908 1906/1906/1906
f 1908/1908/1908 1911/1911/1911 1964/1964/1964
f 1908/1908/1908 1964/1964/1964 1909/1909/1909
f 1912/1912/1912 1913/1913/1913 1911/1911/1911
f 1912/1912/1912 1911/1911/1911 1908/1908/1908
f 1913/1913/1913 1912/1912/1912 1914/1914/1914
f 1913/1913/1913 1914/1914/1914 1915/1915/1915
f 1912/1912/1912 1907/1907/1907 1916/1916/1916
f 1912/1912/1912 1916/1916/1916 1914/1914/1914
f 1917/1917/1917 1921/1921/1921 1915/1915/1915
f 1917/1917/1917 1915/1915/1915 1914/1914/1914
f 1914/1914/1914 1916/1916/1916 1919/1919/1919
f 1914/1914/1914 1919/1919/1919 1917/1917/1917
f 1918/1918/1918 1920/1920/1920 1925/1925/1925
f 1918/1918/1918 1925/1925/1925 1923/1923/1923
f 1923/1923/1923 1924/1924/1924 1922/1922/1922
f 1923/1923/1923 1922/1922/1922 1918/1918/1918
f 1926/1926/1926 1928/1928/1928 1924/1924/1924
f 1926/1926/1926 1924/1924/1924 1923/1923/1923
f 1927/1927/1927 1926/1926/1926 1923/1923/1923
f 1927/1927/1927 1923/1923/1923 1925/1925/1925
f 1927/1927/1927 1930/1930/1930 1929/1929/1929
f 1927/1927/1927 1929/1929/1929 1926/1926/1926
f 1928/1928/1928 1926/1926/1926 1929/1929/1929
f 1928/1928/1928 1929/1929/1929 1931/1931/1931
f 1930/1930/1930 1934/1934/1934 1932/1932/1932
f 1930/1930/1930 1932/1932/1932 1929/1929/1929
f 1929/1929/1929 1932/1932/1932 1933/1933/1933
f 1929/1929/1929 1933/1933/1933 1931/1931/1931
f 1932/1932/1932 1936/1936/1936 1940/1940/1940
f 1932/1932/1932 1940/1940/1940 1933/1933/1933
f 1936/1936/1936 1932/1932/1932 1934/1934/1934
f 1936/1936/1936 1934/1934/1934 1938/1938/1938
f 1941/1941/1941 1935/1935/1935 1937/1937/1937
f 1941/1941/1941 1937/1937/1937 1943/1943/1943
f 1935/1935/1935 1941/1941/1941 1942/1942/1942
f 1935/1935/1935 1942/1942/1942 1939/1939/1939
f 1941/1941/1941 1944/1944/1944 1945/1945/1945
f 1941/1941/1941 1945/1945/1945 1942/1942/1942
f 1944/1944/1944 1941/1941/1941 1943/1943/1943
f 1944/1944/1944 1943/1943/1943 1946/1946/1946
f 1944/1944/1944 1947/1947/1947 1948/1948/1948
f 1944/1944/1944 1948/1948/1948 1945/1945/1945
f 1946/1946/1946 1951/1951/1951 1947/1947/1947
f 1946/1946/1946 1947/1947/1947 1944/1944/1944
f 1947/1947/1947 1949/1949/1949 1972/1972/1972
f 1947/1947/1947 1972/1972/1972 1948/1948/1948
f 1951/1951/1951 1952/1952/1952 1949/1949/1949
f 1951/1951/1951 1949/1949/1949 1947/1947/1947
f 1885/1885/1885 1951/1951/1951 1946/1946/1946
f 1885/1885/1885 1946/1946/1946 1883/1883/1883
f 1952/1952/1952 1951/1951/1951 1885/1885/1885
f 1952/1952/1952 1885/1885/1885 1888/1888/1888
f 1955/1955/1955 1950/1950/1950 1953/1953/1953
f 1955/1955/1955 1953/1953/1953 1954/1954/1954
f 1889/1889/1889 1891/1891/1891 1954/1954/1954
f 1889/1889/1889 1954/1954/1954 1953/1953/1953
f 1954/1954/1954 1956/1956/1956 1957/1957/1957
f 1954/1954/1954 1957/1957/1957 1955/1955/1955
f 1893/1893/1893 1956/1956/1956 1954/1954/1954
f 1893/1893/1893 1954/1954/1954 1891/1891/1891
f 1895/1895/1895 1958/1958/1958 1956/1956/1956
f 1895/1895/1895 1956/1956/1956 1893/1893/1893
f 1958/1958/1958 1959/1959/1959 1957/1957/1957
f 1958/1958/1958 1957/1957/1957 1956/1956/1956
f 1960/1960/1960 1958/1958/1958 1895/1895/1895
f 1960/1960/1960 1895/1895/1895 1897/1897/1897
f 1960/1960/1960 1961/1961/1961 1959/1959/1959
f 1960/1960/1960 1959/1959/1959 1958/1958/1958
f 1961/1961/1961 1960/1960/1960 1903/1903/1903
f 1961/1961/1961 1903/1903/1903 1910/1910/1910
f 1962/1962/1962 1961/1961/1961 1910/1910/1910
f 1962/1962/1962 1910/1910/1910 1965/1965/1965
f 1961/1961/1961 1962/1962/1962 1966/1966/1966
f 1961/1961/1961 1966/1966/1966 1959/1959/1959
f 1962/1962/1962 1963/1963/1963 1967/1967/1967
f 1962/1962/1962 1967/1967/1967 1966/1966/1966
f 1963/1963/1963 1962/1962/1962 1965/1965/1965
f 1963/1963/1963 1965/1965/1965 2149/2149/2149
f 1966/1966/1966 1967/1967/1967 1969/1969/1969
f 1966/1966/1966 1969/1969/1969 1968/1968/1968
f 1959/1959/1959 1966/1966/1966 1968/1968/1968
f 1959/1959/1959 1968/1968/1968 1957/1957/1957
f 1970/1970/1970 1968/1968/1968 1969/1969/1969
f 1970/1970/1970 1969/1969/1969 1971/1971/1971
f 1955/1955/1955 1957/1957/1957 1968/1968/1968
f 1955/1955/1955 1968/1968/1968 1970/1970/1970
f 1955/1955/1955 1970/1970/1970 1973/1973/1973
f 1955/1955/1955 1973/1973/1973 1950/1950/1950
f 1971/1971/1971 1975/1975/1975 1973/1973/1973
f 1971/1971/1971 1973/1973/1973 1970/1970/1970
f 1948/1948/1948 1972/1972/1972 1974/1974/1974
f 1948/1948/1948 1974/1974/1974 1978/1978/1978
f 1977/1977/1977 1975/1975/1975 1971/1971/1971
f 1977/1977/1977 1971/1971/1971 2045/2045/2045
f 1976/1976/1976 1980/1980/1980 1978/1978/1978
f 1976/1976/1976 1978/1978/1978 1974/1974/1974
f 1980/1980/1980 1981/1981/1981 1979/1979/1979
f 1980/1980/1980 1979/1979/1979 1978/1978/1978
f 1945/1945/1945 1948/1948/1948 1978/1978/1978
f 1945/1945/1945 1978/1978/1978 1979/1979/1979
f 1984/1984/1984 1982/1982/1982 1980/1980/1980
f 1984/1984/1984 1980/1980/1980 1976/1976/1976
f 1982/1982/1982 1986/1986/1986 1981/1981/1981
f 1982/1982/1982 1981/1981/1981 1980/1980/1980
f 1983/1983/1983 1987/1987/1987 1986/1986/1986
f 1983/1983/1983 1986/1986/1986 1982/1982/1982
f 2047/2047/2047 1983/1983/1983 1982/1982/1982
f 2047/2047/2047 1982/1982/1982 1984/1984/1984
f 1987/1987/1987 1994/1994/1994 1988/1988/1988
f 1987/1987/1987 1988/1988/1988 1986/1986/1986
f 1986/1986/1986 1988/1988/1988 1996/1996/1996
f 1986/1986/1986 1996/1996/1996 1981/1981/1981
f 1989/1989/1989 1997/1997/1997 1999/1999/1999
f 1989/1989/1989 1999/1999/1999 1991/1991/1991
f 1996/1996/1996 1988/1988/1988 1990/1990/1990
f 1996/1996/1996 1990/1990/1990 2178/2178/2178
f 1989/1989/1989 1995/1995/1995 1998/1998/1998
f 1989/1989/1989 1998/1998/1998 1997/1997/1997
f 1998/1998/1998 2004/2004/2004 2001/2001/2001
f 1998/1998/1998 2001/2001/2001 1997/1997/1997
f 1997/1997/1997 2001/2001/2001 2002/2002/2002
f 1997/1997/1997 2002/2002/2002 1999/1999/1999
f 2001/2001/2001 2005/2005/2005 2006/2006/2006
f 2001/2001/2001 2006/2006/2006 2002/2002/2002
f 2001/2001/2001 2004/2004/2004 2008/2008/2008
f 2001/2001/2001 2008/2008/2008 2005/2005/2005
f 2006/2006/2006 2005/2005/2005 2009/2009/2009
f 2006/2006/2006 2009/2009/2009 2011/2011/2011
f 2005/2005/2005 2008/2008/2008 2010/2010/2010
f 2005/2005/2005 2010/2010/2010 2009/2009/2009
f 2020/2020/2020 2014/2014/2014 2009/2009/2009
f 2020/2020/2020 2009/2009/2009 2010/2010/2010
f 2011/2011/2011 2009/2009/2009 2014/2014/2014
f 2011/2011/2011 2014/2014/2014 2016/2016/2016
f 2013/2013/2013 2021/2021/2021 2205/2205/2205
f 2013/2013/2013 2205/2205/2205 2015/2015/2015
f 2022/2022/2022 2013/2013/2013 2019/2019/2019
f 2022/2022/2022 2019/2019/2019 2024/2024/2024
f 2023/2023/2023 2021/2021/2021 2013/2013/2013
f 2023/2023/2023 2013/2013/2013 2022/2022/2022
f 2023/2023/2023 2022/2022/2022 2025/2025/2025
f 2023/2023/2023 2025/2025/2025 2027/2027/2027
f 2022/2022/2022 2024/2024/2024 2026/2026/2026
f 2022/2022/2022 2026/2026/2026 2025/2025/2025
f 2025/2025/2025 2026/2026/2026 2032/2032/2032
f 2025/2025/2025 2032/2032/2032 2028/2028/2028
f 2027/2027/2027 2025/2025/2025 2028/2028/2028
f 2027/2027/2027 2028/2028/2028 2030/2030/2030
f 2035/2035/2035 2031/2031/2031 2029/2029/2029
f 2035/2035/2035 2029/2029/2029 2034/2034/2034
f 2034/2034/2034 2029/2029/2029 2033/2033/2033
f 2034/2034/2034 2033/2033/2033 2036/2036/2036
f 2035/2035/2035 2034/2034/2034 2037/2037/2037
f 2035/2035/2035 2037/2037/2037 2038/2038/2038
f 2034/2034/2034 2036/2036/2036 2039/2039/2039
f 2034/2034/2034 2039/2039/2039 2037/2037/2037
f 2041/2041/2041 2038/2038/2038 2037/2037/2037
f 2041/2041/2041 2037/2037/2037 2040/2040/2040
f 2040/2040/2040 2037/2037/2037 2039/2039/2039
f 2040/2040/2040 2039/2039/2039 2042/2042/2042
f 2040/2040/2040 2043/2043/2043 2045/2045/2045
f 2040/2040/2040 2045/2045/2045 2041/2041/2041
f 2042/2042/2042 2044/2044/2044 2043/2043/2043
f 2042/2042/2042 2043/2043/2043 2040/2040/2040
f 2043/2043/2043 2044/2044/2044 2048/2048/2048
f 2043/2043/2043 2048/2048/2048 1985/1985/1985
f 2045/2045/2045 2043/2043/2043 1985/1985/1985
f 2045/2045/2045 1985/1985/1985 1977/1977/1977
f 1971/1971/1971 1969/1969/1969 2041/2041/2041
f 1971/1971/1971 2041/2041/2041 2045/2045/2045
f 2048/2048/2048 2044/2044/2044 2046/2046/2046
f 2048/2048/2048 2046/2046/2046 2050/2050/2050
f 2042/2042/2042 2147/2147/2147 2046/2046/2046
f 2042/2042/2042 2046/2046/2046 2044/2044/2044
f 1983/1983/1983 2047/2047/2047 2049/2049/2049
f 1983/1983/1983 2049/2049/2049 2053/2053/2053
f 2050/2050/2050 2046/2046/2046 2066/2066/2066
f 2050/2050/2050 2066/2066/2066 2052/2052/2052
f 2051/2051/2051 2055/2055/2055 2053/2053/2053
f 2051/2051/2051 2053/2053/2053 2049/2049/2049
f 2055/2055/2055 2056/2056/2056 2054/2054/2054
f 2055/2055/2055 2054/2054/2054 2053/2053/2053
f 2053/2053/2053 2054/2054/2054 1987/1987/1987
f 2053/2053/2053 1987/1987/1987 1983/1983/1983
f 2057/2057/2057 2058/2058/2058 2056/2056/2056
f 2057/2057/2057 2056/2056/2056 2055/2055/2055
f 2055/2055/2055 2051/2051/2051 2060/2060/2060
f 2055/2055/2055 2060/2060/2060 2057/2057/2057
f 2058/2058/2058 2057/2057/2057 2059/2059/2059
f 2058/2058/2058 2059/2059/2059 2118/2118/2118
f 2062/2062/2062 2059/2059/2059 2057/2057/2057
f 2062/2062/2062 2057/2057/2057 2060/2060/2060
f 2065/2065/2065 2063/2063/2063 2061/2061/2061
f 2065/2065/2065 2061/2061/2061 2064/2064/2064
f 2066/2066/2066 2064/2064/2064 2061/2061/2061
f 2066/2066/2066 2061/2061/2061 2052/2052/2052
f 2067/2067/2067 2068/2068/2068 2065/2065/2065
f 2067/2067/2067 2065/2065/2065 2064/2064/2064
f 2067/2067/2067 2064/2064/2064 2066/2066/2066
f 2067/2067/2067 2066/2066/2066 2069/2069/2069
f 2070/2070/2070 2071/2071/2071 2068/2068/2068
f 2070/2070/2070 2068/2068/2068 2067/2067/2067
f 2072/2072/2072 2070/2070/2070 2067/2067/2067
f 2072/2072/2072 2067/2067/2067 2069/2069/2069
f 2074/2074/2074 2071/2071/2071 2070/2070/2070
f 2074/2074/2074 2070/2070/2070 2073/2073/2073
f 2075/2075/2075 2073/2073/2073 2070/2070/2070
f 2075/2075/2075 2070/2070/2070 2072/2072/2072
f 2079/2079/2079 2074/2074/2074 2073/2073/2073
f 2079/2079/2079 2073/2073/2073 2077/2077/2077
f 2073/2073/2073 2075/2075/2075 2081/2081/2081
f 2073/2073/2073 2081/2081/2081 2077/2077/2077
f 2083/2083/2083 2078/2078/2078 2076/2076/2076
f 2083/2083/2083 2076/2076/2076 2082/2082/2082
f 2085/2085/2085 2082/2082/2082 2076/2076/2076
f 2085/2085/2085 2076/2076/2076 2080/2080/2080
f 2084/2084/2084 2133/2133/2133 2083/2083/2083
f 2084/2084/2084 2083/2083/2083 2082/2082/2082
f 2087/2087/2087 2084/2084/2084 2082/2082/2082
f 2087/2087/2087 2082/2082/2082 2085/2085/2085
f 2088/2088/2088 2087/2087/2087 2085/2085/2085
f 2088/2088/2088 2085/2085/2085 2086/2086/2086
f 2086/2086/2086 2085/2085/2085 2080/2080/2080
f 2086/2086/2086 2080/2080/2080 2143/2143/2143
f 2084/2084/2084 2087/2087/2087 2089/2089/2089
f 2084/2084/2084 2089/2089/2089 2093/2093/2093
f 2088/2088/2088 2091/2091/2091 2089/2089/2089
f 2088/2088/2088 2089/2089/2089 2087/2087/2087
f 2090/2090/2090 2092/2092/2092 2097/2097/2097
f 2090/2090/2090 2097/2097/2097 2095/2095/2095
f 2095/2095/2095 2096/2096/2096 2094/2094/2094
f 2095/2095/2095 2094/2094/2094 2090/2090/2090
f 2098/2098/2098 2099/2099/2099 2096/2096/2096
f 2098/2098/2098 2096/2096/2096 2095/2095/2095
f 2098/2098/2098 2095/2095/2095 2097/2097/2097
f 2098/2098/2098 2097/2097/2097 2100/2100/2100
f 2098/2098/2098 2101/2101/2101 2102/2102/2102
f 2098/2098/2098 2102/2102/2102 2099/2099/2099
f 2101/2101/2101 2098/2098/2098 2100/2100/2100
f 2101/2101/2101 2100/2100/2100 2103/2103/2103
f 2105/2105/2105 2102/2102/2102 2101/2101/2101
f 2105/2105/2105 2101/2101/2101 2104/2104/2104
f 2106/2106/2106 2104/2104/2104 2101/2101/2101
f 2106/2106/2106 2101/2101/2101 2103/2103/2103
f 2112/2112/2112 2105/2105/2105 2104/2104/2104
f 2112/2112/2112 2104/2104/2104 2108/2108/2108
f 2108/2108/2108 2104/2104/2104 2106/2106/2106
f 2108/2108/2108 2106/2106/2106 2110/2110/2110
f 2107/2107/2107 2109/2109/2109 2054/2054/2054
f 2107/2107/2107 2054/2054/2054 2056/2056/2056
f 2107/2107/2107 2056/2056/2056 2058/2058/2058
f 2107/2107/2107 2058/2058/2058 2111/2111/2111
f 2113/2113/2113 2111/2111/2111 2058/2058/2058
f 2113/2113/2113 2058/2058/2058 2118/2118/2118
f 2114/2114/2114 2117/2117/2117 2105/2105/2105
f 2114/2114/2114 2105/2105/2105 2112/2112/2112
f 2119/2119/2119 2115/2115/2115 2113/2113/2113
f 2119/2119/2119 2113/2113/2113 2118/2118/2118
f 2114/2114/2114 2116/2116/2116 2142/2142/2142
f 2114/2114/2114 2142/2142/2142 2117/2117/2117
f 2120/2120/2120 2119/2119/2119 2118/2118/2118
f 2120/2120/2120 2118/2118/2118 2059/2059/2059
f 2059/2059/2059 2062/2062/2062 2121/2121/2121
f 2059/2059/2059 2121/2121/2121 2120/2120/2120
f 2063/2063/2063 2065/2065/2065 2123/2123/2123
f 2063/2063/2063 2123/2123/2123 2122/2122/2122
f 2124/2124/2124 2123/2123/2123 2065/2065/2065
f 2124/2124/2124 2065/2065/2065 2068/2068/2068
f 2125/2125/2125 2124/2124/2124 2068/2068/2068
f 2125/2125/2125 2068/2068/2068 2071/2071/2071
f 2126/2126/2126 2125/2125/2125 2071/2071/2071
f 2126/2126/2126 2071/2071/2071 2074/2074/2074
f 2128/2128/2128 2126/2126/2126 2074/2074/2074
f 2128/2128/2128 2074/2074/2074 2079/2079/2079
f 2083/2083/2083 2129/2129/2129 2127/2127/2127
f 2083/2083/2083 2127/2127/2127 2078/2078/2078
f 2130/2130/2130 2129/2129/2129 2083/2083/2083
f 2130/2130/2130 2083/2083/2083 2133/2133/2133
f 2130/2130/2130 2133/2133/2133 2134/2134/2134
f 2130/2130/2130 2134/2134/2134 2131/2131/2131
f 2133/2133/2133 2084/2084/2084 2093/2093/2093
f 2133/2133/2133 2093/2093/2093 2134/2134/2134
f 2137/2137/2137 2132/2132/2132 2135/2135/2135
f 2137/2137/2137 2135/2135/2135 2136/2136/2136
f 2136/2136/2136 2135/2135/2135 2094/2094/2094
f 2136/2136/2136 2094/2094/2094 2096/2096/2096
f 2139/2139/2139 2137/2137/2137 2136/2136/2136
f 2139/2139/2139 2136/2136/2136 2138/2138/2138
f 2099/2099/2099 2138/2138/2138 2136/2136/2136
f 2099/2099/2099 2136/2136/2136 2096/2096/2096
f 2140/2140/2140 2138/2138/2138 2099/2099/2099
f 2140/2140/2140 2099/2099/2099 2102/2102/2102
f 2139/2139/2139 2138/2138/2138 2140/2140/2140
f 2139/2139/2139 2140/2140/2140 2141/2141/2141
f 2142/2142/2142 2141/2141/2141 2140/2140/2140
f 2142/2142/2142 2140/2140/2140 2117/2117/2117
f 2102/2102/2102 2105/2105/2105 2117/2117/2117
f 2102/2102/2102 2117/2117/2117 2140/2140/2140
f 1994/1994/1994 1987/1987/1987 2054/2054/2054
f 1994/1994/1994 2054/2054/2054 2109/2109/2109
f 2110/2110/2110 2106/2106/2106 1998/1998/1998
f 2110/2110/2110 1998/1998/1998 1995/1995/1995
f 2004/2004/2004 1998/1998/1998 2106/2106/2106
f 2004/2004/2004 2106/2106/2106 2103/2103/2103
f 2004/2004/2004 2103/2103/2103 2100/2100/2100
f 2004/2004/2004 2100/2100/2100 2008/2008/2008
f 2008/2008/2008 2100/2100/2100 2097/2097/2097
f 2008/2008/2008 2097/2097/2097 2010/2010/2010
f 2010/2010/2010 2097/2097/2097 2092/2092/2092
f 2010/2010/2010 2092/2092/2092 2020/2020/2020
f 2088/2088/2088 2024/2024/2024 2019/2019/2019
f 2088/2088/2088 2019/2019/2019 2091/2091/2091
f 2024/2024/2024 2088/2088/2088 2086/2086/2086
f 2024/2024/2024 2086/2086/2086 2026/2026/2026
f 2026/2026/2026 2086/2086/2086 2143/2143/2143
f 2026/2026/2026 2143/2143/2143 2032/2032/2032
f 2144/2144/2144 2081/2081/2081 2075/2075/2075
f 2144/2144/2144 2075/2075/2075 2145/2145/2145
f 2033/2033/2033 2144/2144/2144 2145/2145/2145
f 2033/2033/2033 2145/2145/2145 2036/2036/2036
f 2075/2075/2075 2072/2072/2072 2146/2146/2146
f 2075/2075/2075 2146/2146/2146 2145/2145/2145
f 2145/2145/2145 2146/2146/2146 2039/2039/2039
f 2145/2145/2145 2039/2039/2039 2036/2036/2036
f 2039/2039/2039 2146/2146/2146 2147/2147/2147
f 2039/2039/2039 2147/2147/2147 2042/2042/2042
f 2146/2146/2146 2072/2072/2072 2069/2069/2069
f 2146/2146/2146 2069/2069/2069 2147/2147/2147
f 2147/2147/2147 2069/2069/2069 2066/2066/2066
f 2147/2147/2147 2066/2066/2066 2046/2046/2046
f 1967/1967/1967 2038/2038/2038 2041/2041/2041
f 1967/1967/1967 2041/2041/2041 1969/1969/1969
f 1963/1963/1963 2035/2035/2035 2038/2038/2038
f 1963/1963/1963 2038/2038/2038 1967/1967/1967
f 2031/2031/2031 2035/2035/2035 1963/1963/1963
f 2031/2031/2031 1963/1963/1963 2149/2149/2149
f 2150/2150/2150 2027/2027/2027 2030/2030/2030
f 2150/2150/2150 2030/2030/2030 2148/2148/2148
f 1911/1911/1911 2150/2150/2150 2148/2148/2148
f 1911/1911/1911 2148/2148/2148 1964/1964/1964
f 1913/1913/1913 2151/2151/2151 2150/2150/2150
f 1913/1913/1913 2150/2150/2150 1911/1911/1911
f 2151/2151/2151 2023/2023/2023 2027/2027/2027
f 2151/2151/2151 2027/2027/2027 2150/2150/2150
f 2151/2151/2151 1913/1913/1913 1915/1915/1915
f 2151/2151/2151 1915/1915/1915 2152/2152/2152
f 2151/2151/2151 2152/2152/2152 2021/2021/2021
f 2151/2151/2151 2021/2021/2021 2023/2023/2023
f 2152/2152/2152 1915/1915/1915 1921/1921/1921
f 2152/2152/2152 1921/1921/1921 2154/2154/2154
f 2154/2154/2154 2156/2156/2156 2153/2153/2153
f 2154/2154/2154 2153/2153/2153 2152/2152/2152
f 2152/2152/2152 2153/2153/2153 2021/2021/2021
f 2155/2155/2155 1922/1922/1922 1924/1924/1924
f 2155/2155/2155 1924/1924/1924 2158/2158/2158
f 2158/2158/2158 2159/2159/2159 2157/2157/2157
f 2158/2158/2158 2157/2157/2157 2155/2155/2155
f 1928/1928/1928 2160/2160/2160 2158/2158/2158
f 1928/1928/1928 2158/2158/2158 1924/1924/1924
f 2159/2159/2159 2158/2158/2158 2160/2160/2160
f 2159/2159/2159 2160/2160/2160 2161/2161/2161
f 2161/2161/2161 2160/2160/2160 2162/2162/2162
f 2161/2161/2161 2162/2162/2162 2163/2163/2163
f 1928/1928/1928 1931/1931/1931 2162/2162/2162
f 1928/1928/1928 2162/2162/2162 2160/2160/2160
f 2164/2164/2164 2165/2165/2165 2163/2163/2163
f 2164/2164/2164 2163/2163/2163 2162/2162/2162
f 1931/1931/1931 1933/1933/1933 2164/2164/2164
f 1931/1931/1931 2164/2164/2164 2162/2162/2162
f 2167/2167/2167 2164/2164/2164 1933/1933/1933
f 2167/2167/2167 1933/1933/1933 1940/1940/1940
f 2165/2165/2165 2164/2164/2164 2167/2167/2167
f 2165/2165/2165 2167/2167/2167 2169/2169/2169
f 2170/2170/2170 2166/2166/2166 1939/1939/1939
f 2170/2170/2170 1939/1939/1939 1942/1942/1942
f 2168/2168/2168 2166/2166/2166 2170/2170/2170
f 2168/2168/2168 2170/2170/2170 2171/2171/2171
f 1942/1942/1942 1945/1945/1945 1979/1979/1979
f 1942/1942/1942 1979/1979/1979 2170/2170/2170
f 2170/2170/2170 1996/1996/1996 2171/2171/2171
f 1979/1979/1979 1981/1981/1981 1996/1996/1996
f 1979/1979/1979 1996/1996/1996 2170/2170/2170
f 2168/2168/2168 2171/2171/2171 2172/2172/2172
f 2168/2168/2168 2172/2172/2172 2174/2174/2174
f 2171/2171/2171 1996/1996/1996 2178/2178/2178
f 2171/2171/2171 2178/2178/2178 2172/2172/2172
f 2177/2177/2177 2173/2173/2173 2180/2180/2180
f 2177/2177/2177 2180/2180/2180 2182/2182/2182
f 2179/2179/2179 2184/2184/2184 2180/2180/2180
f 2179/2179/2179 2180/2180/2180 2173/2173/2173
f 2183/2183/2183 2234/2234/2234 2182/2182/2182
f 2183/2183/2183 2182/2182/2182 2180/2180/2180
f 2185/2185/2185 2183/2183/2183 2180/2180/2180
f 2185/2185/2185 2180/2180/2180 2184/2184/2184
f 2179/2179/2179 1993/1993/1993 2187/2187/2187
f 2179/2179/2179 2187/2187/2187 2184/2184/2184
f 2189/2189/2189 2185/2185/2185 2184/2184/2184
f 2189/2189/2189 2184/2184/2184 2187/2187/2187
f 2191/2191/2191 2188/2188/2188 2186/2186/2186
f 2191/2191/2191 2186/2186/2186 2190/2190/2190
f 1992/1992/1992 2000/2000/2000 2190/2190/2190
f 1992/1992/1992 2190/2190/2190 2186/2186/2186
f 2000/2000/2000 2003/2003/2003 2192/2192/2192
f 2000/2000/2000 2192/2192/2192 2190/2190/2190
f 2191/2191/2191 2190/2190/2190 2192/2192/2192
f 2191/2191/2191 2192/2192/2192 2193/2193/2193
f 2003/2003/2003 2007/2007/2007 2194/2194/2194
f 2003/2003/2003 2194/2194/2194 2192/2192/2192
f 2193/2193/2193 2192/2192/2192 2194/2194/2194
f 2193/2193/2193 2194/2194/2194 2195/2195/2195
f 2197/2197/2197 2195/2195/2195 2194/2194/2194
f 2197/2197/2197 2194/2194/2194 2196/2196/2196
f 2012/2012/2012 2196/2196/2196 2194/2194/2194
f 2012/2012/2012 2194/2194/2194 2007/2007/2007
f 2199/2199/2199 2201/2201/2201 2197/2197/2197
f 2199/2199/2199 2197/2197/2197 2196/2196/2196
f 2018/2018/2018 2199/2199/2199 2196/2196/2196
f 2018/2018/2018 2196/2196/2196 2012/2012/2012
f 2203/2203/2203 2200/2200/2200 2198/2198/2198
f 2203/2203/2203 2198/2198/2198 2202/2202/2202
f 2198/2198/2198 2017/2017/2017 2206/2206/2206
f 2198/2198/2198 2206/2206/2206 2202/2202/2202
f 2268/2268/2268 2203/2203/2203 2202/2202/2202
f 2268/2268/2268 2202/2202/2202 2204/2204/2204
f 2204/2204/2204 2202/2202/2202 2206/2206/2206
f 2204/2204/2204 2206/2206/2206 2208/2208/2208
f 2021/2021/2021 2153/2153/2153 2207/2207/2207
f 2021/2021/2021 2207/2207/2207 2205/2205/2205
f 2211/2211/2211 2216/2216/2216 2204/2204/2204
f 2211/2211/2211 2204/2204/2204 2208/2208/2208
f 2207/2207/2207 2153/2153/2153 2156/2156/2156
f 2207/2207/2207 2156/2156/2156 2209/2209/2209
f 2157/2157/2157 2159/2159/2159 2214/2214/2214
f 2157/2157/2157 2214/2214/2214 2212/2212/2212
f 2210/2210/2210 2213/2213/2213 2219/2219/2219
f 2210/2210/2210 2219/2219/2219 2215/2215/2215
f 2216/2216/2216 2218/2218/2218 2268/2268/2268
f 2216/2216/2216 2268/2268/2268 2204/2204/2204
f 2215/2215/2215 2219/2219/2219 2220/2220/2220
f 2215/2215/2215 2220/2220/2220 2217/2217/2217
f 2222/2222/2222 2220/2220/2220 2219/2219/2219
f 2222/2222/2222 2219/2219/2219 2221/2221/2221
f 2223/2223/2223 2221/2221/2221 2219/2219/2219
f 2223/2223/2223 2219/2219/2219 2213/2213/2213
f 2228/2228/2228 2222/2222/2222 2221/2221/2221
f 2228/2228/2228 2221/2221/2221 2225/2225/2225
f 2226/2226/2226 2225/2225/2225 2221/2221/2221
f 2226/2226/2226 2221/2221/2221 2223/2223/2223
f 2226/2226/2226 2230/2230/2230 2229/2229/2229
f 2226/2226/2226 2229/2229/2229 2225/2225/2225
f 2228/2228/2228 2225/2225/2225 2229/2229/2229
f 2228/2228/2228 2229/2229/2229 2232/2232/2232
f 2230/2230/2230 2175/2175/2175 2181/2181/2181
f 2230/2230/2230 2181/2181/2181 2229/2229/2229
f 2181/2181/2181 2233/2233/2233 2232/2232/2232
f 2181/2181/2181 2232/2232/2232 2229/2229/2229
f 2228/2228/2228 2232/2232/2232 2235/2235/2235
f 2228/2228/2228 2235/2235/2235 2236/2236/2236
f 2233/2233/2233 2238/2238/2238 2235/2235/2235
f 2233/2233/2233 2235/2235/2235 2232/2232/2232
f 2237/2237/2237 2275/2275/2275 2236/2236/2236
f 2237/2237/2237 2236/2236/2236 2235/2235/2235
f 2238/2238/2238 2241/2241/2241 2237/2237/2237
f 2238/2238/2238 2237/2237/2237 2235/2235/2235
f 2183/2183/2183 2242/2242/2242 2239/2239/2239
f 2183/2183/2183 2239/2239/2239 2234/2234/2234
f 2243/2243/2243 2240/2240/2240 2239/2239/2239
f 2243/2243/2243 2239/2239/2239 2242/2242/2242
f 2244/2244/2244 2242/2242/2242 2183/2183/2183
f 2244/2244/2244 2183/2183/2183 2185/2185/2185
f 2245/2245/2245 2243/2243/2243 2242/2242/2242
f 2245/2245/2245 2242/2242/2242 2244/2244/2244
f 2244/2244/2244 2185/2185/2185 2189/2189/2189
f 2244/2244/2244 2189/2189/2189 2247/2247/2247
f 2249/2249/2249 2245/2245/2245 2244/2244/2244
f 2249/2249/2249 2244/2244/2244 2247/2247/2247
f 2251/2251/2251 2248/2248/2248 2246/2246/2246
f 2251/2251/2251 2246/2246/2246 2250/2250/2250
f 2191/2191/2191 2250/2250/2250 2246/2246/2246
f 2191/2191/2191 2246/2246/2246 2188/2188/2188
f 2191/2191/2191 2193/2193/2193 2252/2252/2252
f 2191/2191/2191 2252/2252/2252 2250/2250/2250
f 2253/2253/2253 2251/2251/2251 2250/2250/2250
f 2253/2253/2253 2250/2250/2250 2252/2252/2252
f 2195/2195/2195 2254/2254/2254 2252/2252/2252
f 2195/2195/2195 2252/2252/2252 2193/2193/2193
f 2255/2255/2255 2253/2253/2253 2252/2252/2252
f 2255/2255/2255 2252/2252/2252 2254/2254/2254
f 2257/2257/2257 2255/2255/2255 2254/2254/2254
f 2257/2257/2257 2254/2254/2254 2256/2256/2256
f 2195/2195/2195 2197/2197/2197 2256/2256/2256
f 2195/2195/2195 2256/2256/2256 2254/2254/2254
f 2259/2259/2259 2260/2260/2260 2257/2257/2257
f 2259/2259/2259 2257/2257/2257 2256/2256/2256
f 2197/2197/2197 2201/2201/2201 2259/2259/2259
f 2197/2197/2197 2259/2259/2259 2256/2256/2256
f 2258/2258/2258 2262/2262/2262 2263/2263/2263
f 2258/2258/2258 2263/2263/2263 2261/2261/2261
f 2200/2200/2200 2203/2203/2203 2262/2262/2262
f 2200/2200/2200 2262/2262/2262 2258/2258/2258
f 2265/2265/2265 2263/2263/2263 2262/2262/2262
f 2265/2265/2265 2262/2262/2262 2264/2264/2264
f 2268/2268/2268 2264/2264/2264 2262/2262/2262
f 2268/2268/2268 2262/2262/2262 2203/2203/2203
f 2267/2267/2267 2270/2270/2270 2265/2265/2265
f 2267/2267/2267 2265/2265/2265 2264/2264/2264
f 2268/2268/2268 2218/2218/2218 2267/2267/2267
f 2268/2268/2268 2267/2267/2267 2264/2264/2264
f 2217/2217/2217 2220/2220/2220 2271/2271/2271
f 2217/2217/2217 2271/2271/2271 2266/2266/2266
f 2266/2266/2266 2271/2271/2271 2272/2272/2272
f 2266/2266/2266 2272/2272/2272 2269/2269/2269
f 2274/2274/2274 2272/2272/2272 2271/2271/2271
f 2274/2274/2274 2271/2271/2271 2273/2273/2273
f 2220/2220/2220 2222/2222/2222 2273/2273/2273
f 2220/2220/2220 2273/2273/2273 2271/2271/2271
f 2275/2275/2275 2274/2274/2274 2273/2273/2273
f 2275/2275/2275 2273/2273/2273 2236/2236/2236
f 2222/2222/2222 2228/2228/2228 2236/2236/2236
f 2222/2222/2222 2236/2236/2236 2273/2273/2273
f 2277/2277/2277 2279/2279/2279 2272/2272/2272
f 2277/2277/2277 2272/2272/2272 2274/2274/2274
f 2281/2281/2281 2277/2277/2277 2274/2274/2274
f 2281/2281/2281 2274/2274/2274 2275/2275/2275
f 2276/2276/2276 2282/2282/2282 2283/2283/2283
f 2276/2276/2276 2283/2283/2283 2278/2278/2278
f 2280/2280/2280 2285/2285/2285 2282/2282/2282
f 2280/2280/2280 2282/2282/2282 2276/2276/2276
f 2284/2284/2284 2355/2355/2355 2283/2283/2283
f 2284/2284/2284 2283/2283/2283 2282/2282/2282
f 2286/2286/2286 2284/2284/2284 2282/2282/2282
f 2286/2286/2286 2282/2282/2282 2285/2285/2285
f 2280/2280/2280 2288/2288/2288 2287/2287/2287
f 2280/2280/2280 2287/2287/2287 2285/2285/2285
f 2286/2286/2286 2285/2285/2285 2287/2287/2287
f 2286/2286/2286 2287/2287/2287 2290/2290/2290
f 2295/2295/2295 2292/2292/2292 2287/2287/2287
f 2295/2295/2295 2287/2287/2287 2288/2288/2288
f 2292/2292/2292 2298/2298/2298 2290/2290/2290
f 2292/2292/2292 2290/2290/2290 2287/2287/2287
f 2300/2300/2300 2299/2299/2299 2291/2291/2291
f 2300/2300/2300 2291/2291/2291 2293/2293/2293
f 2302/2302/2302 2297/2297/2297 2291/2291/2291
f 2302/2302/2302 2291/2291/2291 2299/2299/2299
f 2300/2300/2300 2305/2305/2305 2303/2303/2303
f 2300/2300/2300 2303/2303/2303 2299/2299/2299
f 2302/2302/2302 2299/2299/2299 2303/2303/2303
f 2302/2302/2302 2303/2303/2303 2304/2304/2304
f 2304/2304/2304 2303/2303/2303 2307/2307/2307
f 2304/2304/2304 2307/2307/2307 2309/2309/2309
f 2311/2311/2311 2307/2307/2307 2303/2303/2303
f 2311/2311/2311 2303/2303/2303 2305/2305/2305
f 2318/2318/2318 2310/2310/2310 2308/2308/2308
f 2318/2318/2318 2308/2308/2308 2315/2315/2315
f 2317/2317/2317 2315/2315/2315 2308/2308/2308
f 2317/2317/2317 2308/2308/2308 2314/2314/2314
f 2319/2319/2319 2315/2315/2315 2317/2317/2317
f 2319/2319/2319 2317/2317/2317 2321/2321/2321
f 2318/2318/2318 2315/2315/2315 2319/2319/2319
f 2318/2318/2318 2319/2319/2319 2322/2322/2322
f 2326/2326/2326 2323/2323/2323 2319/2319/2319
f 2326/2326/2326 2319/2319/2319 2321/2321/2321
f 2319/2319/2319 2323/2323/2323 2324/2324/2324
f 2319/2319/2319 2324/2324/2324 2322/2322/2322
f 2328/2328/2328 2324/2324/2324 2323/2323/2323
f 2328/2328/2328 2323/2323/2323 2327/2327/2327
f 2332/2332/2332 2327/2327/2327 2323/2323/2323
f 2332/2332/2332 2323/2323/2323 2326/2326/2326
f 2330/2330/2330 2450/2450/2450 2328/2328/2328
f 2330/2330/2330 2328/2328/2328 2327/2327/2327
f 2335/2335/2335 2330/2330/2330 2327/2327/2327
f 2335/2335/2335 2327/2327/2327 2332/2332/2332
f 2331/2331/2331 2325/2325/2325 2255/2255/2255
f 2331/2331/2331 2255/2255/2255 2257/2257/2257
f 2260/2260/2260 2334/2334/2334 2331/2331/2331
f 2260/2260/2260 2331/2331/2331 2257/2257/2257
f 2337/2337/2337 2341/2341/2341 2329/2329/2329
f 2337/2337/2337 2329/2329/2329 2333/2333/2333
f 2263/2263/2263 2338/2338/2338 2336/2336/2336
f 2263/2263/2263 2336/2336/2336 2261/2261/2261
f 2339/2339/2339 2343/2343/2343 2341/2341/2341
f 2339/2339/2339 2341/2341/2341 2337/2337/2337
f 2340/2340/2340 2338/2338/2338 2263/2263/2263
f 2340/2340/2340 2263/2263/2263 2265/2265/2265
f 2329/2329/2329 2341/2341/2341 2342/2342/2342
f 2329/2329/2329 2342/2342/2342 2449/2449/2449
f 2341/2341/2341 2343/2343/2343 2344/2344/2344
f 2341/2341/2341 2344/2344/2344 2342/2342/2342
f 2345/2345/2345 2351/2351/2351 2344/2344/2344
f 2345/2345/2345 2344/2344/2344 2343/2343/2343
f 2347/2347/2347 2345/2345/2345 2343/2343/2343
f 2347/2347/2347 2343/2343/2343 2339/2339/2339
f 2278/2278/2278 2283/2283/2283 2346/2346/2346
f 2278/2278/2278 2346/2346/2346 2348/2348/2348
f 2346/2346/2346 2283/2283/2283 2355/2355/2355
f 2346/2346/2346 2355/2355/2355 2352/2352/2352
f 2351/2351/2351 2353/2353/2353 2453/2453/2453
f 2351/2351/2351 2453/2453/2453 2344/2344/2344
f 2355/2355/2355 2356/2356/2356 2354/2354/2354
f 2355/2355/2355 2354/2354/2354 2352/2352/2352
f 2355/2355/2355 2284/2284/2284 2358/2358/2358
f 2355/2355/2355 2358/2358/2358 2356/2356/2356
f 2354/2354/2354 2356/2356/2356 2357/2357/2357
f 2354/2354/2354 2357/2357/2357 2460/2460/2460
f 2357/2357/2357 2356/2356/2356 2358/2358/2358
f 2357/2357/2357 2358/2358/2358 2360/2360/2360
f 2360/2360/2360 2358/2358/2358 2359/2359/2359
f 2360/2360/2360 2359/2359/2359 2362/2362/2362
f 2284/2284/2284 2286/2286/2286 2359/2359/2359
f 2284/2284/2284 2359/2359/2359 2358/2358/2358
f 2357/2357/2357 2360/2360/2360 2361/2361/2361
f 2357/2357/2357 2361/2361/2361 2465/2465/2465
f 2361/2361/2361 2360/2360/2360 2362/2362/2362
f 2361/2361/2361 2362/2362/2362 2363/2363/2363
f 2364/2364/2364 2362/2362/2362 2359/2359/2359
f 2364/2364/2364 2359/2359/2359 2366/2366/2366
f 2364/2364/2364 2365/2365/2365 2363/2363/2363
f 2364/2364/2364 2363/2363/2363 2362/2362/2362
f 2365/2365/2365 2364/2364/2364 2368/2368/2368
f 2365/2365/2365 2368/2368/2368 2370/2370/2370
f 2364/2364/2364 2366/2366/2366 2372/2372/2372
f 2364/2364/2364 2372/2372/2372 2368/2368/2368
f 2369/2369/2369 2367/2367/2367 2373/2373/2373
f 2369/2369/2369 2373/2373/2373 2375/2375/2375
f 2367/2367/2367 2371/2371/2371 2374/2374/2374
f 2367/2367/2367 2374/2374/2374 2373/2373/2373
f 2376/2376/2376 2373/2373/2373 2374/2374/2374
f 2376/2376/2376 2374/2374/2374 2380/2380/2380
f 2375/2375/2375 2373/2373/2373 2376/2376/2376
f 2375/2375/2375 2376/2376/2376 2377/2377/2377
f 2379/2379/2379 2485/2485/2485 2377/2377/2377
f 2379/2379/2379 2377/2377/2377 2376/2376/2376
f 2378/2378/2378 2376/2376/2376 2380/2380/2380
f 2389/2389/2389 2379/2379/2379 2376/2376/2376
f 2389/2389/2389 2376/2376/2376 2378/2378/2378
f 2381/2381/2381 2386/2386/2386 2378/2378/2378
f 2381/2381/2381 2378/2378/2378 2380/2380/2380
f 2304/2304/2304 2309/2309/2309 2381/2381/2381
f 2304/2304/2304 2381/2381/2381 2380/2380/2380
f 2304/2304/2304 2380/2380/2380 2374/2374/2374
f 2304/2304/2304 2374/2374/2374 2302/2302/2302
f 2387/2387/2387 2386/2386/2386 2381/2381/2381
f 2387/2387/2387 2381/2381/2381 2383/2383/2383
f 2384/2384/2384 2382/2382/2382 2385/2385/2385
f 2384/2384/2384 2385/2385/2385 2769/2769/2769
f 2318/2318/2318 2385/2385/2385 2382/2382/2382
f 2318/2318/2318 2382/2382/2382 2310/2310/2310
f 2390/2390/2390 2388/2388/2388 2386/2386/2386
f 2390/2390/2390 2386/2386/2386 2387/2387/2387
f 2388/2388/2388 2389/2389/2389 2378/2378/2378
f 2388/2388/2388 2378/2378/2378 2386/2386/2386
f 2389/2389/2389 2388/2388/2388 2391/2391/2391
f 2389/2389/2389 2391/2391/2391 2392/2392/2392
f 2388/2388/2388 2390/2390/2390 2393/2393/2393
f 2388/2388/2388 2393/2393/2393 2391/2391/2391
f 2394/2394/2394 2395/2395/2395 2392/2392/2392
f 2394/2394/2394 2392/2392/2392 2391/2391/2391
f 2396/2396/2396 2394/2394/2394 2391/2391/2391
f 2396/2396/2396 2391/2391/2391 2393/2393/2393
f 2395/2395/2395 2394/2394/2394 2397/2397/2397
f 2395/2395/2395 2397/2397/2397 2399/2399/2399
f 2394/2394/2394 2396/2396/2396 2398/2398/2398
f 2394/2394/2394 2398/2398/2398 2397/2397/2397
f 2401/2401/2401 2400/2400/2400 2397/2397/2397
f 2401/2401/2401 2397/2397/2397 2398/2398/2398
f 2400/2400/2400 2402/2402/2402 2399/2399/2399
f 2400/2400/2400 2399/2399/2399 2397/2397/2397
f 2406/2406/2406 2404/2404/2404 2400/2400/2400
f 2406/2406/2406 2400/2400/2400 2401/2401/2401
f 2404/2404/2404 2408/2408/2408 2402/2402/2402
f 2404/2404/2404 2402/2402/2402 2400/2400/2400
f 2410/2410/2410 2409/2409/2409 2403/2403/2403
f 2410/2410/2410 2403/2403/2403 2405/2405/2405
f 2409/2409/2409 2411/2411/2411 2407/2407/2407
f 2409/2409/2409 2407/2407/2407 2403/2403/2403
f 2409/2409/2409 2410/2410/2410 2414/2414/2414
f 2409/2409/2409 2414/2414/2414 2412/2412/2412
f 2411/2411/2411 2409/2409/2409 2412/2412/2412
f 2411/2411/2411 2412/2412/2412 2413/2413/2413
f 2415/2415/2415 2416/2416/2416 2413/2413/2413
f 2415/2415/2415 2413/2413/2413 2412/2412/2412
f 2417/2417/2417 2415/2415/2415 2412/2412/2412
f 2417/2417/2417 2412/2412/2412 2414/2414/2414
f 2418/2418/2418 2420/2420/2420 2416/2416/2416
f 2418/2418/2418 2416/2416/2416 2415/2415/2415
f 2419/2419/2419 2418/2418/2418 2415/2415/2415
f 2419/2419/2419 2415/2415/2415 2417/2417/2417
f 2418/2418/2418 2419/2419/2419 2423/2423/2423
f 2418/2418/2418 2423/2423/2423 2421/2421/2421
f 2420/2420/2420 2418/2418/2418 2421/2421/2421
f 2420/2420/2420 2421/2421/2421 2425/2425/2425
f 2422/2422/2422 2424/2424/2424 2428/2428/2428
f 2422/2422/2422 2428/2428/2428 2427/2427/2427
f 2426/2426/2426 2422/2422/2422 2427/2427/2427
f 2426/2426/2426 2427/2427/2427 2429/2429/2429
f 2427/2427/2427 2428/2428/2428 2431/2431/2431
f 2427/2427/2427 2431/2431/2431 2430/2430/2430
f 2429/2429/2429 2427/2427/2427 2430/2430/2430
f 2429/2429/2429 2430/2430/2430 2432/2432/2432
f 2433/2433/2433 2430/2430/2430 2431/2431/2431
f 2433/2433/2433 2431/2431/2431 2434/2434/2434
f 2435/2435/2435 2432/2432/2432 2430/2430/2430
f 2435/2435/2435 2430/2430/2430 2433/2433/2433
f 2438/2438/2438 2436/2436/2436 2433/2433/2433
f 2438/2438/2438 2433/2433/2433 2434/2434/2434
f 2436/2436/2436 2437/2437/2437 2435/2435/2435
f 2436/2436/2436 2435/2435/2435 2433/2433/2433
f 2441/2441/2441 2437/2437/2437 2436/2436/2436
f 2441/2441/2441 2436/2436/2436 2439/2439/2439
f 2439/2439/2439 2436/2436/2436 2438/2438/2438
f 2439/2439/2439 2438/2438/2438 2440/2440/2440
f 2444/2444/2444 2442/2442/2442 2439/2439/2439
f 2444/2444/2444 2439/2439/2439 2440/2440/2440
f 2442/2442/2442 2443/2443/2443 2441/2441/2441
f 2442/2442/2442 2441/2441/2441 2439/2439/2439
f 2442/2442/2442 2445/2445/2445 2452/2452/2452
f 2442/2442/2442 2452/2452/2452 2443/2443/2443
f 2444/2444/2444 2447/2447/2447 2445/2445/2445
f 2444/2444/2444 2445/2445/2445 2442/2442/2442
f 2448/2448/2448 2762/2762/2762 2451/2451/2451
f 2448/2448/2448 2451/2451/2451 2446/2446/2446
f 2342/2342/2342 2452/2452/2452 2445/2445/2445
f 2342/2342/2342 2445/2445/2445 2449/2449/2449
f 2450/2450/2450 2446/2446/2446 2451/2451/2451
f 2450/2450/2450 2451/2451/2451 2328/2328/2328
f 2453/2453/2453 2457/2457/2457 2454/2454/2454
f 2453/2453/2453 2454/2454/2454 2452/2452/2452
f 2453/2453/2453 2452/2452/2452 2342/2342/2342
f 2453/2453/2453 2342/2342/2342 2344/2344/2344
f 2452/2452/2452 2454/2454/2454 2443/2443/2443
f 2456/2456/2456 2454/2454/2454 2455/2455/2455
f 2456/2456/2456 2455/2455/2455 2533/2533/2533
f 2458/2458/2458 2455/2455/2455 2454/2454/2454
f 2458/2458/2458 2454/2454/2454 2457/2457/2457
f 2454/2454/2454 2456/2456/2456 2441/2441/2441
f 2454/2454/2454 2441/2441/2441 2443/2443/2443
f 2353/2353/2353 2459/2459/2459 2457/2457/2457
f 2353/2353/2353 2457/2457/2457 2453/2453/2453
f 2461/2461/2461 2458/2458/2458 2457/2457/2457
f 2461/2461/2461 2457/2457/2457 2459/2459/2459
f 2465/2465/2465 2462/2462/2462 2460/2460/2460
f 2465/2465/2465 2460/2460/2460 2357/2357/2357
f 2458/2458/2458 2461/2461/2461 2463/2463/2463
f 2458/2458/2458 2463/2463/2463 2538/2538/2538
f 2465/2465/2465 2466/2466/2466 2464/2464/2464
f 2465/2465/2465 2464/2464/2464 2462/2462/2462
f 2465/2465/2465 2361/2361/2361 2468/2468/2468
f 2465/2465/2465 2468/2468/2468 2466/2466/2466
f 2466/2466/2466 2468/2468/2468 2469/2469/2469
f 2466/2466/2466 2469/2469/2469 2467/2467/2467
f 2467/2467/2467 2542/2542/2542 2464/2464/2464
f 2467/2467/2467 2464/2464/2464 2466/2466/2466
f 2469/2469/2469 2468/2468/2468 2470/2470/2470
f 2469/2469/2469 2470/2470/2470 2471/2471/2471
f 2468/2468/2468 2361/2361/2361 2363/2363/2363
f 2468/2468/2468 2363/2363/2363 2470/2470/2470
f 2472/2472/2472 2473/2473/2473 2471/2471/2471
f 2472/2472/2472 2471/2471/2471 2470/2470/2470
f 2365/2365/2365 2472/2472/2472 2470/2470/2470
f 2365/2365/2365 2470/2470/2470 2363/2363/2363
f 2472/2472/2472 2365/2365/2365 2370/2370/2370
f 2472/2472/2472 2370/2370/2370 2475/2475/2475
f 2473/2473/2473 2472/2472/2472 2475/2475/2475
f 2473/2473/2473 2475/2475/2475 2477/2477/2477
f 2476/2476/2476 2474/2474/2474 2478/2478/2478
f 2476/2476/2476 2478/2478/2478 2479/2479/2479
f 2375/2375/2375 2478/2478/2478 2474/2474/2474
f 2375/2375/2375 2474/2474/2474 2369/2369/2369
f 2479/2479/2479 2478/2478/2478 2480/2480/2480
f 2479/2479/2479 2480/2480/2480 2481/2481/2481
f 2377/2377/2377 2480/2480/2480 2478/2478/2478
f 2377/2377/2377 2478/2478/2478 2375/2375/2375
f 2482/2482/2482 2484/2484/2484 2481/2481/2481
f 2482/2482/2482 2481/2481/2481 2480/2480/2480
f 2485/2485/2485 2482/2482/2482 2480/2480/2480
f 2485/2485/2485 2480/2480/2480 2377/2377/2377
f 2483/2483/2483 2588/2588/2588 2484/2484/2484
f 2483/2483/2483 2484/2484/2484 2482/2482/2482
f 2486/2486/2486 2483/2483/2483 2482/2482/2482
f 2486/2486/2486 2482/2482/2482 2485/2485/2485
f 2487/2487/2487 2486/2486/2486 2485/2485/2485
f 2487/2487/2487 2485/2485/2485 2379/2379/2379
f 2488/2488/2488 2490/2490/2490 2483/2483/2483
f 2488/2488/2488 2483/2483/2483 2486/2486/2486
f 2489/2489/2489 2488/2488/2488 2486/2486/2486
f 2489/2489/2489 2486/2486/2486 2487/2487/2487
f 2492/2492/2492 2491/2491/2491 2488/2488/2488
f 2492/2492/2492 2488/2488/2488 2489/2489/2489
f 2491/2491/2491 2493/2493/2493 2490/2490/2490
f 2491/2491/2491 2490/2490/2490 2488/2488/2488
f 2491/2491/2491 2492/2492/2492 2496/2496/2496
f 2491/2491/2491 2496/2496/2496 2494/2494/2494
f 2494/2494/2494 2495/2495/2495 2493/2493/2493
f 2494/2494/2494 2493/2493/2493 2491/2491/2491
f 2498/2498/2498 2502/2502/2502 2495/2495/2495
f 2498/2498/2498 2495/2495/2495 2494/2494/2494
f 2494/2494/2494 2496/2496/2496 2500/2500/2500
f 2494/2494/2494 2500/2500/2500 2498/2498/2498
f 2497/2497/2497 2499/2499/2499 2505/2505/2505
f 2497/2497/2497 2505/2505/2505 2503/2503/2503
f 2503/2503/2503 2504/2504/2504 2501/2501/2501
f 2503/2503/2503 2501/2501/2501 2497/2497/2497
f 2506/2506/2506 2508/2508/2508 2504/2504/2504
f 2506/2506/2506 2504/2504/2504 2503/2503/2503
f 2507/2507/2507 2506/2506/2506 2503/2503/2503
f 2507/2507/2507 2503/2503/2503 2505/2505/2505
f 2509/2509/2509 2506/2506/2506 2507/2507/2507
f 2509/2509/2509 2507/2507/2507 2510/2510/2510
f 2509/2509/2509 2511/2511/2511 2508/2508/2508
f 2509/2509/2509 2508/2508/2508 2506/2506/2506
f 2510/2510/2510 2514/2514/2514 2512/2512/2512
f 2510/2510/2510 2512/2512/2512 2509/2509/2509
f 2509/2509/2509 2512/2512/2512 2513/2513/2513
f 2509/2509/2509 2513/2513/2513 2511/2511/2511
f 2512/2512/2512 2515/2515/2515 2519/2519/2519
f 2512/2512/2512 2519/2519/2519 2513/2513/2513
f 2517/2517/2517 2515/2515/2515 2512/2512/2512
f 2517/2517/2517 2512/2512/2512 2514/2514/2514
f 2521/2521/2521 2516/2516/2516 2518/2518/2518
f 2521/2521/2521 2518/2518/2518 2523/2523/2523
f 2516/2516/2516 2521/2521/2521 2522/2522/2522
f 2516/2516/2516 2522/2522/2522 2520/2520/2520
f 2521/2521/2521 2524/2524/2524 2526/2526/2526
f 2521/2521/2521 2526/2526/2526 2522/2522/2522
f 2525/2525/2525 2524/2524/2524 2521/2521/2521
f 2525/2525/2525 2521/2521/2521 2523/2523/2523
f 2530/2530/2530 2527/2527/2527 2524/2524/2524
f 2530/2530/2530 2524/2524/2524 2525/2525/2525
f 2524/2524/2524 2527/2527/2527 2528/2528/2528
f 2524/2524/2524 2528/2528/2528 2526/2526/2526
f 2527/2527/2527 2529/2529/2529 2532/2532/2532
f 2527/2527/2527 2532/2532/2532 2528/2528/2528
f 2529/2529/2529 2527/2527/2527 2530/2530/2530
f 2529/2529/2529 2530/2530/2530 2531/2531/2531
f 2435/2435/2435 2530/2530/2530 2525/2525/2525
f 2435/2435/2435 2525/2525/2525 2432/2432/2432
f 2437/2437/2437 2531/2531/2531 2530/2530/2530
f 2437/2437/2437 2530/2530/2530 2435/2435/2435
f 2441/2441/2441 2456/2456/2456 2531/2531/2531
f 2441/2441/2441 2531/2531/2531 2437/2437/2437
f 2531/2531/2531 2456/2456/2456 2533/2533/2533
f 2531/2531/2531 2533/2533/2533 2529/2529/2529
f 2529/2529/2529 2533/2533/2533 2534/2534/2534
f 2529/2529/2529 2534/2534/2534 2532/2532/2532
f 2533/2533/2533 2455/2455/2455 2536/2536/2536
f 2533/2533/2533 2536/2536/2536 2534/2534/2534
f 2532/2532/2532 2534/2534/2534 2535/2535/2535
f 2532/2532/2532 2535/2535/2535 2614/2614/2614
f 2534/2534/2534 2536/2536/2536 2537/2537/2537
f 2534/2534/2534 2537/2537/2537 2535/2535/2535
f 2539/2539/2539 2537/2537/2537 2536/2536/2536
f 2539/2539/2539 2536/2536/2536 2538/2538/2538
f 2455/2455/2455 2458/2458/2458 2538/2538/2538
f 2455/2455/2455 2538/2538/2538 2536/2536/2536
f 2541/2541/2541 2539/2539/2539 2538/2538/2538
f 2541/2541/2541 2538/2538/2538 2463/2463/2463
f 2539/2539/2539 2541/2541/2541 2543/2543/2543
f 2539/2539/2539 2543/2543/2543 2540/2540/2540
f 2537/2537/2537 2539/2539/2539 2540/2540/2540
f 2537/2537/2537 2540/2540/2540 2618/2618/2618
f 2542/2542/2542 2467/2467/2467 2547/2547/2547
f 2542/2542/2542 2547/2547/2547 2544/2544/2544
f 2546/2546/2546 2544/2544/2544 2547/2547/2547
f 2546/2546/2546 2547/2547/2547 2548/2548/2548
f 2545/2545/2545 2761/2761/2761 2540/2540/2540
f 2545/2545/2545 2540/2540/2540 2543/2543/2543
f 2550/2550/2550 2548/2548/2548 2547/2547/2547
f 2550/2550/2550 2547/2547/2547 2549/2549/2549
f 2469/2469/2469 2549/2549/2549 2547/2547/2547
f 2469/2469/2469 2547/2547/2547 2467/2467/2467
f 2549/2549/2549 2469/2469/2469 2471/2471/2471
f 2549/2549/2549 2471/2471/2471 2551/2551/2551
f 2550/2550/2550 2549/2549/2549 2551/2551/2551
f 2550/2550/2550 2551/2551/2551 2552/2552/2552
f 2551/2551/2551 2471/2471/2471 2473/2473/2473
f 2551/2551/2551 2473/2473/2473 2553/2553/2553
f 2551/2551/2551 2553/2553/2553 2554/2554/2554
f 2551/2551/2551 2554/2554/2554 2552/2552/2552
f 2558/2558/2558 2554/2554/2554 2553/2553/2553
f 2558/2558/2558 2553/2553/2553 2556/2556/2556
f 2477/2477/2477 2556/2556/2556 2553/2553/2553
f 2477/2477/2477 2553/2553/2553 2473/2473/2473
f 2557/2557/2557 2555/2555/2555 2559/2559/2559
f 2557/2557/2557 2559/2559/2559 2560/2560/2560
f 2479/2479/2479 2559/2559/2559 2555/2555/2555
f 2479/2479/2479 2555/2555/2555 2476/2476/2476
f 2560/2560/2560 2559/2559/2559 2561/2561/2561
f 2560/2560/2560 2561/2561/2561 2562/2562/2562
f 2481/2481/2481 2561/2561/2561 2559/2559/2559
f 2481/2481/2481 2559/2559/2559 2479/2479/2479
f 2563/2563/2563 2565/2565/2565 2562/2562/2562
f 2563/2563/2563 2562/2562/2562 2561/2561/2561
f 2484/2484/2484 2563/2563/2563 2561/2561/2561
f 2484/2484/2484 2561/2561/2561 2481/2481/2481
f 2566/2566/2566 2565/2565/2565 2563/2563/2563
f 2566/2566/2566 2563/2563/2563 2564/2564/2564
f 2588/2588/2588 2564/2564/2564 2563/2563/2563
f 2588/2588/2588 2563/2563/2563 2484/2484/2484
f 2565/2565/2565 2567/2567/2567 2568/2568/2568
f 2565/2565/2565 2568/2568/2568 2562/2562/2562
f 2566/2566/2566 2569/2569/2569 2567/2567/2567
f 2566/2566/2566 2567/2567/2567 2565/2565/2565
f 2567/2567/2567 2570/2570/2570 2571/2571/2571
f 2567/2567/2567 2571/2571/2571 2568/2568/2568
f 2574/2574/2574 2570/2570/2570 2567/2567/2567
f 2574/2574/2574 2567/2567/2567 2569/2569/2569
f 2571/2571/2571 2570/2570/2570 2572/2572/2572
f 2571/2571/2571 2572/2572/2572 2669/2669/2669
f 2570/2570/2570 2574/2574/2574 2575/2575/2575
f 2570/2570/2570 2575/2575/2575 2572/2572/2572
f 2574/2574/2574 2577/2577/2577 2578/2578/2578
f 2574/2574/2574 2578/2578/2578 2575/2575/2575
f 2569/2569/2569 2581/2581/2581 2577/2577/2577
f 2569/2569/2569 2577/2577/2577 2574/2574/2574
f 2577/2577/2577 2580/2580/2580 2747/2747/2747
f 2577/2577/2577 2747/2747/2747 2578/2578/2578
f 2581/2581/2581 2582/2582/2582 2580/2580/2580
f 2581/2581/2581 2580/2580/2580 2577/2577/2577
f 2583/2583/2583 2581/2581/2581 2569/2569/2569
f 2583/2583/2583 2569/2569/2569 2566/2566/2566
f 2584/2584/2584 2582/2582/2582 2581/2581/2581
f 2584/2584/2584 2581/2581/2581 2583/2583/2583
f 2564/2564/2564 2585/2585/2585 2583/2583/2583
f 2564/2564/2564 2583/2583/2583 2566/2566/2566
f 2585/2585/2585 2586/2586/2586 2584/2584/2584
f 2585/2585/2585 2584/2584/2584 2583/2583/2583
f 2587/2587/2587 2585/2585/2585 2564/2564/2564
f 2587/2587/2587 2564/2564/2564 2588/2588/2588
f 2589/2589/2589 2586/2586/2586 2585/2585/2585
f 2589/2589/2589 2585/2585/2585 2587/2587/2587
f 2493/2493/2493 2589/2589/2589 2587/2587/2587
f 2493/2493/2493 2587/2587/2587 2490/2490/2490
f 2490/2490/2490 2587/2587/2587 2588/2588/2588
f 2490/2490/2490 2588/2588/2588 2483/2483/2483
f 2589/2589/2589 2493/2493/2493 2495/2495/2495
f 2589/2589/2589 2495/2495/2495 2590/2590/2590
f 2586/2586/2586 2589/2589/2589 2590/2590/2590
f 2586/2586/2586 2590/2590/2590 2591/2591/2591
f 2590/2590/2590 2495/2495/2495 2502/2502/2502
f 2590/2590/2590 2502/2502/2502 2593/2593/2593
f 2591/2591/2591 2590/2590/2590 2593/2593/2593
f 2591/2591/2591 2593/2593/2593 2595/2595/2595
f 2592/2592/2592 2501/2501/2501 2504/2504/2504
f 2592/2592/2592 2504/2504/2504 2596/2596/2596
f 2594/2594/2594 2592/2592/2592 2596/2596/2596
f 2594/2594/2594 2596/2596/2596 2597/2597/2597
f 2508/2508/2508 2598/2598/2598 2596/2596/2596
f 2508/2508/2508 2596/2596/2596 2504/2504/2504
f 2597/2597/2597 2596/2596/2596 2598/2598/2598
f 2597/2597/2597 2598/2598/2598 2599/2599/2599
f 2598/2598/2598 2600/2600/2600 2601/2601/2601
f 2598/2598/2598 2601/2601/2601 2599/2599/2599
f 2600/2600/2600 2598/2598/2598 2508/2508/2508
f 2600/2600/2600 2508/2508/2508 2511/2511/2511
f 2600/2600/2600 2602/2602/2602 2603/2603/2603
f 2600/2600/2600 2603/2603/2603 2601/2601/2601
f 2511/2511/2511 2513/2513/2513 2602/2602/2602
f 2511/2511/2511 2602/2602/2602 2600/2600/2600
f 2519/2519/2519 2604/2604/2604 2602/2602/2602
f 2519/2519/2519 2602/2602/2602 2513/2513/2513
f 2604/2604/2604 2606/2606/2606 2603/2603/2603
f 2604/2604/2604 2603/2603/2603 2602/2602/2602
f 2608/2608/2608 2605/2605/2605 2520/2520/2520
f 2608/2608/2608 2520/2520/2520 2522/2522/2522
f 2609/2609/2609 2607/2607/2607 2605/2605/2605
f 2609/2609/2609 2605/2605/2605 2608/2608/2608
f 2526/2526/2526 2610/2610/2610 2608/2608/2608
f 2526/2526/2526 2608/2608/2608 2522/2522/2522
f 2611/2611/2611 2609/2609/2609 2608/2608/2608
f 2611/2611/2611 2608/2608/2608 2610/2610/2610
f 2528/2528/2528 2612/2612/2612 2610/2610/2610
f 2528/2528/2528 2610/2610/2610 2526/2526/2526
f 2610/2610/2610 2612/2612/2612 2613/2613/2613
f 2610/2610/2610 2613/2613/2613 2611/2611/2611
f 2612/2612/2612 2614/2614/2614 2615/2615/2615
f 2612/2612/2612 2615/2615/2615 2613/2613/2613
f 2614/2614/2614 2612/2612/2612 2528/2528/2528
f 2614/2614/2614 2528/2528/2528 2532/2532/2532
f 2614/2614/2614 2535/2535/2535 2617/2617/2617
f 2614/2614/2614 2617/2617/2617 2615/2615/2615
f 2615/2615/2615 2616/2616/2616 2746/2746/2746
f 2615/2615/2615 2746/2746/2746 2613/2613/2613
f 2617/2617/2617 2619/2619/2619 2616/2616/2616
f 2617/2617/2617 2616/2616/2616 2615/2615/2615
f 2620/2620/2620 2619/2619/2619 2617/2617/2617
f 2620/2620/2620 2617/2617/2617 2618/2618/2618
f 2535/2535/2535 2537/2537/2537 2618/2618/2618
f 2535/2535/2535 2618/2618/2618 2617/2617/2617
f 2619/2619/2619 2621/2621/2621 2622/2622/2622
f 2619/2619/2619 2622/2622/2622 2616/2616/2616
f 2623/2623/2623 2621/2621/2621 2619/2619/2619
f 2623/2623/2623 2619/2619/2619 2620/2620/2620
f 2621/2621/2621 2624/2624/2624 2625/2625/2625
f 2621/2621/2621 2625/2625/2625 2622/2622/2622
f 2628/2628/2628 2624/2624/2624 2621/2621/2621
f 2628/2628/2628 2621/2621/2621 2623/2623/2623
f 2624/2624/2624 2626/2626/2626 2684/2684/2684
f 2624/2624/2624 2684/2684/2684 2625/2625/2625
f 2628/2628/2628 2629/2629/2629 2626/2626/2626
f 2628/2628/2628 2626/2626/2626 2624/2624/2624
f 2628/2628/2628 2631/2631/2631 2632/2632/2632
f 2628/2628/2628 2632/2632/2632 2629/2629/2629
f 2631/2631/2631 2628/2628/2628 2623/2623/2623
f 2631/2631/2631 2623/2623/2623 2634/2634/2634
f 2631/2631/2631 2635/2635/2635 2637/2637/2637
f 2631/2631/2631 2637/2637/2637 2632/2632/2632
f 2635/2635/2635 2631/2631/2631 2634/2634/2634
f 2635/2635/2635 2634/2634/2634 2640/2640/2640
f 2642/2642/2642 2644/2644/2644 2639/2639/2639
f 2642/2642/2642 2639/2639/2639 2636/2636/2636
f 2636/2636/2636 2641/2641/2641 2645/2645/2645
f 2636/2636/2636 2645/2645/2645 2642/2642/2642
f 2648/2648/2648 2644/2644/2644 2642/2642/2642
f 2648/2648/2648 2642/2642/2642 2646/2646/2646
f 2645/2645/2645 2649/2649/2649 2646/2646/2646
f 2645/2645/2645 2646/2646/2646 2642/2642/2642
f 2646/2646/2646 2650/2650/2650 2652/2652/2652
f 2646/2646/2646 2652/2652/2652 2648/2648/2648
f 2646/2646/2646 2649/2649/2649 2653/2653/2653
f 2646/2646/2646 2653/2653/2653 2650/2650/2650
f 2650/2650/2650 2654/2654/2654 2656/2656/2656
f 2650/2650/2650 2656/2656/2656 2652/2652/2652
f 2654/2654/2654 2650/2650/2650 2653/2653/2653
f 2654/2654/2654 2653/2653/2653 2657/2657/2657
f 2654/2654/2654 2659/2659/2659 2662/2662/2662
f 2654/2654/2654 2662/2662/2662 2656/2656/2656
f 2659/2659/2659 2654/2654/2654 2657/2657/2657
f 2659/2659/2659 2657/2657/2657 2664/2664/2664
f 2665/2665/2665 2666/2666/2666 2660/2660/2660
f 2665/2665/2665 2660/2660/2660 2658/2658/2658
f 2658/2658/2658 2663/2663/2663 2668/2668/2668
f 2658/2658/2658 2668/2668/2668 2665/2665/2665
f 2571/2571/2571 2669/2669/2669 2666/2666/2666
f 2571/2571/2571 2666/2666/2666 2665/2665/2665
f 2665/2665/2665 2668/2668/2668 2568/2568/2568
f 2665/2665/2665 2568/2568/2568 2571/2571/2571
f 2663/2663/2663 2557/2557/2557 2560/2560/2560
f 2663/2663/2663 2560/2560/2560 2668/2668/2668
f 2668/2668/2668 2560/2560/2560 2562/2562/2562
f 2668/2668/2668 2562/2562/2562 2568/2568/2568
f 2667/2667/2667 2671/2671/2671 2655/2655/2655
f 2667/2667/2667 2655/2655/2655 2661/2661/2661
f 2672/2672/2672 2671/2671/2671 2667/2667/2667
f 2672/2672/2672 2667/2667/2667 2670/2670/2670
f 2674/2674/2674 2673/2673/2673 2671/2671/2671
f 2674/2674/2674 2671/2671/2671 2672/2672/2672
f 2671/2671/2671 2673/2673/2673 2651/2651/2651
f 2671/2671/2671 2651/2651/2651 2655/2655/2655
f 2677/2677/2677 2675/2675/2675 2673/2673/2673
f 2677/2677/2677 2673/2673/2673 2674/2674/2674
f 2647/2647/2647 2651/2651/2651 2673/2673/2673
f 2647/2647/2647 2673/2673/2673 2675/2675/2675
f 2647/2647/2647 2675/2675/2675 2676/2676/2676
f 2647/2647/2647 2676/2676/2676 2643/2643/2643
f 2676/2676/2676 2675/2675/2675 2677/2677/2677
f 2676/2676/2676 2677/2677/2677 2678/2678/2678
f 2682/2682/2682 2678/2678/2678 2677/2677/2677
f 2682/2682/2682 2677/2677/2677 2679/2679/2679
f 2679/2679/2679 2677/2677/2677 2674/2674/2674
f 2679/2679/2679 2674/2674/2674 2681/2681/2681
f 2682/2682/2682 2679/2679/2679 2680/2680/2680
f 2682/2682/2682 2680/2680/2680 2683/2683/2683
f 2679/2679/2679 2681/2681/2681 2757/2757/2757
f 2679/2679/2679 2757/2757/2757 2680/2680/2680
f 2678/2678/2678 2682/2682/2682 2627/2627/2627
f 2678/2678/2678 2627/2627/2627 2630/2630/2630
f 2627/2627/2627 2682/2682/2682 2683/2683/2683
f 2627/2627/2627 2683/2683/2683 2685/2685/2685
f 2685/2685/2685 2683/2683/2683 2686/2686/2686
f 2685/2685/2685 2686/2686/2686 2690/2690/2690
f 2686/2686/2686 2683/2683/2683 2680/2680/2680
f 2686/2686/2686 2680/2680/2680 2688/2688/2688
f 2690/2690/2690 2686/2686/2686 2687/2687/2687
f 2690/2690/2690 2687/2687/2687 2692/2692/2692
f 2686/2686/2686 2688/2688/2688 2754/2754/2754
f 2686/2686/2686 2754/2754/2754 2687/2687/2687
f 2693/2693/2693 2689/2689/2689 2691/2691/2691
f 2693/2693/2693 2691/2691/2691 2695/2695/2695
f 2625/2625/2625 2684/2684/2684 2689/2689/2689
f 2625/2625/2625 2689/2689/2689 2693/2693/2693
f 2622/2622/2622 2625/2625/2625 2693/2693/2693
f 2622/2622/2622 2693/2693/2693 2694/2694/2694
f 2694/2694/2694 2693/2693/2693 2695/2695/2695
f 2694/2694/2694 2695/2695/2695 2696/2696/2696
f 2700/2700/2700 2696/2696/2696 2695/2695/2695
f 2700/2700/2700 2695/2695/2695 2697/2697/2697
f 2698/2698/2698 2697/2697/2697 2695/2695/2695
f 2698/2698/2698 2695/2695/2695 2691/2691/2691
f 2706/2706/2706 2702/2702/2702 2697/2697/2697
f 2706/2706/2706 2697/2697/2697 2698/2698/2698
f 2704/2704/2704 2700/2700/2700 2697/2697/2697
f 2704/2704/2704 2697/2697/2697 2702/2702/2702
f 2703/2703/2703 2701/2701/2701 2708/2708/2708
f 2703/2703/2703 2708/2708/2708 2711/2711/2711
f 2708/2708/2708 2701/2701/2701 2705/2705/2705
f 2708/2708/2708 2705/2705/2705 2709/2709/2709
f 2713/2713/2713 2712/2712/2712 2708/2708/2708
f 2713/2713/2713 2708/2708/2708 2709/2709/2709
f 2715/2715/2715 2711/2711/2711 2708/2708/2708
f 2715/2715/2715 2708/2708/2708 2712/2712/2712
f 2712/2712/2712 2713/2713/2713 2717/2717/2717
f 2712/2712/2712 2717/2717/2717 2716/2716/2716
f 2715/2715/2715 2712/2712/2712 2716/2716/2716
f 2715/2715/2715 2716/2716/2716 2719/2719/2719
f 2720/2720/2720 2716/2716/2716 2717/2717/2717
f 2720/2720/2720 2717/2717/2717 2721/2721/2721
f 2716/2716/2716 2720/2720/2720 2723/2723/2723
f 2716/2716/2716 2723/2723/2723 2719/2719/2719
f 2720/2720/2720 2721/2721/2721 2728/2728/2728
f 2720/2720/2720 2728/2728/2728 2724/2724/2724
f 2724/2724/2724 2726/2726/2726 2723/2723/2723
f 2724/2724/2724 2723/2723/2723 2720/2720/2720
f 2727/2727/2727 2725/2725/2725 2731/2731/2731
f 2727/2727/2727 2731/2731/2731 2734/2734/2734
f 2725/2725/2725 2729/2729/2729 2732/2732/2732
f 2725/2725/2725 2732/2732/2732 2731/2731/2731
f 2731/2731/2731 2732/2732/2732 2747/2747/2747
f 2731/2731/2731 2747/2747/2747 2580/2580/2580
f 2734/2734/2734 2731/2731/2731 2580/2580/2580
f 2734/2734/2734 2580/2580/2580 2582/2582/2582
f 2737/2737/2737 2727/2727/2727 2734/2734/2734
f 2737/2737/2737 2734/2734/2734 2735/2735/2735
f 2735/2735/2735 2734/2734/2734 2582/2582/2582
f 2735/2735/2735 2582/2582/2582 2584/2584/2584
f 2591/2591/2591 2735/2735/2735 2584/2584/2584
f 2591/2591/2591 2584/2584/2584 2586/2586/2586
f 2595/2595/2595 2737/2737/2737 2735/2735/2735
f 2595/2595/2595 2735/2735/2735 2591/2591/2591
f 2736/2736/2736 2594/2594/2594 2597/2597/2597
f 2736/2736/2736 2597/2597/2597 2738/2738/2738
f 2738/2738/2738 2723/2723/2723 2726/2726/2726
f 2738/2738/2738 2726/2726/2726 2736/2736/2736
f 2723/2723/2723 2738/2738/2738 2739/2739/2739
f 2723/2723/2723 2739/2739/2739 2719/2719/2719
f 2597/2597/2597 2599/2599/2599 2739/2739/2739
f 2597/2597/2597 2739/2739/2739 2738/2738/2738
f 2601/2601/2601 2740/2740/2740 2739/2739/2739
f 2601/2601/2601 2739/2739/2739 2599/2599/2599
f 2740/2740/2740 2715/2715/2715 2719/2719/2719
f 2740/2740/2740 2719/2719/2719 2739/2739/2739
f 2741/2741/2741 2740/2740/2740 2601/2601/2601
f 2741/2741/2741 2601/2601/2601 2603/2603/2603
f 2740/2740/2740 2741/2741/2741 2711/2711/2711
f 2740/2740/2740 2711/2711/2711 2715/2715/2715
f 2741/2741/2741 2742/2742/2742 2703/2703/2703
f 2741/2741/2741 2703/2703/2703 2711/2711/2711
f 2606/2606/2606 2742/2742/2742 2741/2741/2741
f 2606/2606/2606 2741/2741/2741 2603/2603/2603
f 2607/2607/2607 2609/2609/2609 2744/2744/2744
f 2607/2607/2607 2744/2744/2744 2743/2743/2743
f 2704/2704/2704 2743/2743/2743 2744/2744/2744
f 2704/2704/2704 2744/2744/2744 2700/2700/2700
f 2700/2700/2700 2744/2744/2744 2745/2745/2745
f 2700/2700/2700 2745/2745/2745 2696/2696/2696
f 2609/2609/2609 2611/2611/2611 2745/2745/2745
f 2609/2609/2609 2745/2745/2745 2744/2744/2744
f 2613/2613/2613 2746/2746/2746 2745/2745/2745
f 2613/2613/2613 2745/2745/2745 2611/2611/2611
f 2746/2746/2746 2694/2694/2694 2696/2696/2696
f 2746/2746/2746 2696/2696/2696 2745/2745/2745
f 2616/2616/2616 2622/2622/2622 2694/2694/2694
f 2616/2616/2616 2694/2694/2694 2746/2746/2746
f 2730/2730/2730 2722/2722/2722 2749/2749/2749
f 2730/2730/2730 2749/2749/2749 2733/2733/2733
f 2733/2733/2733 2749/2749/2749 2750/2750/2750
f 2733/2733/2733 2750/2750/2750 2748/2748/2748
f 2752/2752/2752 2750/2750/2750 2749/2749/2749
f 2752/2752/2752 2749/2749/2749 2751/2751/2751
f 2722/2722/2722 2718/2718/2718 2751/2751/2751
f 2722/2722/2722 2751/2751/2751 2749/2749/2749
f 2754/2754/2754 2752/2752/2752 2751/2751/2751
f 2754/2754/2754 2751/2751/2751 2753/2753/2753
f 2718/2718/2718 2714/2714/2714 2753/2753/2753
f 2718/2718/2718 2753/2753/2753 2751/2751/2751
f 2714/2714/2714 2710/2710/2710 2755/2755/2755
f 2714/2714/2714 2755/2755/2755 2753/2753/2753
f 2687/2687/2687 2754/2754/2754 2753/2753/2753
f 2687/2687/2687 2753/2753/2753 2755/2755/2755
f 2699/2699/2699 2755/2755/2755 2710/2710/2710
f 2699/2699/2699 2710/2710/2710 2707/2707/2707
f 2687/2687/2687 2755/2755/2755 2699/2699/2699
f 2687/2687/2687 2699/2699/2699 2692/2692/2692
f 2688/2688/2688 2756/2756/2756 2752/2752/2752
f 2688/2688/2688 2752/2752/2752 2754/2754/2754
f 2758/2758/2758 2750/2750/2750 2752/2752/2752
f 2758/2758/2758 2752/2752/2752 2756/2756/2756
f 2688/2688/2688 2680/2680/2680 2757/2757/2757
f 2688/2688/2688 2757/2757/2757 2756/2756/2756
f 2757/2757/2757 2759/2759/2759 2758/2758/2758
f 2757/2757/2757 2758/2758/2758 2756/2756/2756
f 2579/2579/2579 2748/2748/2748 2750/2750/2750
f 2579/2579/2579 2750/2750/2750 2758/2758/2758
f 2758/2758/2758 2759/2759/2759 2576/2576/2576
f 2758/2758/2758 2576/2576/2576 2579/2579/2579
f 2573/2573/2573 2576/2576/2576 2759/2759/2759
f 2573/2573/2573 2759/2759/2759 2760/2760/2760
f 2760/2760/2760 2759/2759/2759 2757/2757/2757
f 2760/2760/2760 2757/2757/2757 2681/2681/2681
f 2760/2760/2760 2672/2672/2672 2670/2670/2670
f 2760/2760/2760 2670/2670/2670 2573/2573/2573
f 2674/2674/2674 2672/2672/2672 2760/2760/2760
f 2674/2674/2674 2760/2760/2760 2681/2681/2681
f 2633/2633/2633 2676/2676/2676 2678/2678/2678
f 2633/2633/2633 2678/2678/2678 2630/2630/2630
f 2638/2638/2638 2643/2643/2643 2676/2676/2676
f 2638/2638/2638 2676/2676/2676 2633/2633/2633
f 2554/2554/2554 2558/2558/2558 2664/2664/2664
f 2554/2554/2554 2664/2664/2664 2657/2657/2657
f 2653/2653/2653 2552/2552/2552 2554/2554/2554
f 2653/2653/2653 2554/2554/2554 2657/2657/2657
f 2550/2550/2550 2552/2552/2552 2653/2653/2653
f 2550/2550/2550 2653/2653/2653 2649/2649/2649
f 2548/2548/2548 2550/2550/2550 2649/2649/2649
f 2548/2548/2548 2649/2649/2649 2645/2645/2645
f 2548/2548/2548 2645/2645/2645 2641/2641/2641
f 2548/2548/2548 2641/2641/2641 2546/2546/2546
f 2640/2640/2640 2634/2634/2634 2761/2761/2761
f 2640/2640/2640 2761/2761/2761 2545/2545/2545
f 2761/2761/2761 2634/2634/2634 2623/2623/2623
f 2761/2761/2761 2623/2623/2623 2620/2620/2620
f 2761/2761/2761 2620/2620/2620 2618/2618/2618
f 2761/2761/2761 2618/2618/2618 2540/2540/2540
f 2432/2432/2432 2525/2525/2525 2523/2523/2523
f 2432/2432/2432 2523/2523/2523 2429/2429/2429
f 2429/2429/2429 2523/2523/2523 2518/2518/2518
f 2429/2429/2429 2518/2518/2518 2426/2426/2426
f 2425/2425/2425 2517/2517/2517 2514/2514/2514
f 2425/2425/2425 2514/2514/2514 2420/2420/2420
f 2420/2420/2420 2514/2514/2514 2510/2510/2510
f 2420/2420/2420 2510/2510/2510 2416/2416/2416
f 2510/2510/2510 2507/2507/2507 2413/2413/2413
f 2510/2510/2510 2413/2413/2413 2416/2416/2416
f 2507/2507/2507 2505/2505/2505 2411/2411/2411
f 2507/2507/2507 2411/2411/2411 2413/2413/2413
f 2499/2499/2499 2407/2407/2407 2411/2411/2411
f 2499/2499/2499 2411/2411/2411 2505/2505/2505
f 2496/2496/2496 2402/2402/2402 2408/2408/2408
f 2496/2496/2496 2408/2408/2408 2500/2500/2500
f 2399/2399/2399 2402/2402/2402 2496/2496/2496
f 2399/2399/2399 2496/2496/2496 2492/2492/2492
f 2399/2399/2399 2492/2492/2492 2489/2489/2489
f 2399/2399/2399 2489/2489/2489 2395/2395/2395
f 2395/2395/2395 2489/2489/2489 2487/2487/2487
f 2395/2395/2395 2487/2487/2487 2392/2392/2392
f 2392/2392/2392 2487/2487/2487 2379/2379/2379
f 2392/2392/2392 2379/2379/2379 2389/2389/2389
f 2324/2324/2324 2328/2328/2328 2451/2451/2451
f 2324/2324/2324 2451/2451/2451 2763/2763/2763
f 2765/2765/2765 2763/2763/2763 2451/2451/2451
f 2765/2765/2765 2451/2451/2451 2762/2762/2762
f 2324/2324/2324 2763/2763/2763 2764/2764/2764
f 2324/2324/2324 2764/2764/2764 2322/2322/2322
f 2767/2767/2767 2764/2764/2764 2763/2763/2763
f 2767/2767/2767 2763/2763/2763 2765/2765/2765
f 2766/2766/2766 2768/2768/2768 2767/2767/2767
f 2766/2766/2766 2767/2767/2767 2765/2765/2765
f 2765/2765/2765 2762/2762/2762 3359/3359/3359
f 2765/2765/2765 3359/3359/3359 2766/2766/2766
f 2767/2767/2767 2768/2768/2768 2770/2770/2770
f 2767/2767/2767 2770/2770/2770 2769/2769/2769
f 2767/2767/2767 2769/2769/2769 2385/2385/2385
f 2767/2767/2767 2385/2385/2385 2764/2764/2764
f 2773/2773/2773 2384/2384/2384 2769/2769/2769
f 2773/2773/2773 2769/2769/2769 2770/2770/2770
f 2794/2794/2794 2771/2771/2771 2770/2770/2770
f 2794/2794/2794 2770/2770/2770 2768/2768/2768
f 2775/2775/2775 2773/2773/2773 2770/2770/2770
f 2775/2775/2775 2770/2770/2770 2771/2771/2771
f 2383/2383/2383 2772/2772/2772 2776/2776/2776
f 2383/2383/2383 2776/2776/2776 2387/2387/2387
f 2777/2777/2777 2776/2776/2776 2772/2772/2772
f 2777/2777/2777 2772/2772/2772 2774/2774/2774
f 2387/2387/2387 2776/2776/2776 2778/2778/2778
f 2387/2387/2387 2778/2778/2778 2390/2390/2390
f 2776/2776/2776 2777/2777/2777 2780/2780/2780
f 2776/2776/2776 2780/2780/2780 2778/2778/2778
f 2390/2390/2390 2778/2778/2778 2779/2779/2779
f 2390/2390/2390 2779/2779/2779 2393/2393/2393
f 2778/2778/2778 2780/2780/2780 2781/2781/2781
f 2778/2778/2778 2781/2781/2781 2779/2779/2779
f 2780/2780/2780 2782/2782/2782 2783/2783/2783
f 2780/2780/2780 2783/2783/2783 2781/2781/2781
f 2777/2777/2777 2785/2785/2785 2782/2782/2782
f 2777/2777/2777 2782/2782/2782 2780/2780/2780
f 2782/2782/2782 2784/2784/2784 2863/2863/2863
f 2782/2782/2782 2863/2863/2863 2783/2783/2783
f 2785/2785/2785 2786/2786/2786 2784/2784/2784
f 2785/2785/2785 2784/2784/2784 2782/2782/2782
f 2774/2774/2774 2787/2787/2787 2785/2785/2785
f 2774/2774/2774 2785/2785/2785 2777/2777/2777
f 2787/2787/2787 2789/2789/2789 2786/2786/2786
f 2787/2787/2787 2786/2786/2786 2785/2785/2785
f 2788/2788/2788 2775/2775/2775 2771/2771/2771
f 2788/2788/2788 2771/2771/2771 2791/2791/2791
f 2791/2791/2791 2792/2792/2792 2790/2790/2790
f 2791/2791/2791 2790/2790/2790 2788/2788/2788
f 2793/2793/2793 2795/2795/2795 2792/2792/2792
f 2793/2793/2793 2792/2792/2792 2791/2791/2791
f 2794/2794/2794 2793/2793/2793 2791/2791/2791
f 2794/2794/2794 2791/2791/2791 2771/2771/2771
f 2796/2796/2796 2793/2793/2793 2794/2794/2794
f 2796/2796/2796 2794/2794/2794 2797/2797/2797
f 2796/2796/2796 2798/2798/2798 2795/2795/2795
f 2796/2796/2796 2795/2795/2795 2793/2793/2793
f 2797/2797/2797 2801/2801/2801 2799/2799/2799
f 2797/2797/2797 2799/2799/2799 2796/2796/2796
f 2796/2796/2796 2799/2799/2799 2800/2800/2800
f 2796/2796/2796 2800/2800/2800 2798/2798/2798
f 2799/2799/2799 2803/2803/2803 2807/2807/2807
f 2799/2799/2799 2807/2807/2807 2800/2800/2800
f 2805/2805/2805 2803/2803/2803 2799/2799/2799
f 2805/2805/2805 2799/2799/2799 2801/2801/2801
f 2804/2804/2804 2809/2809/2809 2808/2808/2808
f 2804/2804/2804 2808/2808/2808 2802/2802/2802
f 2802/2802/2802 2808/2808/2808 2810/2810/2810
f 2802/2802/2802 2810/2810/2810 2806/2806/2806
f 2814/2814/2814 2811/2811/2811 2808/2808/2808
f 2814/2814/2814 2808/2808/2808 2809/2809/2809
f 2808/2808/2808 2811/2811/2811 2812/2812/2812
f 2808/2808/2808 2812/2812/2812 2810/2810/2810
f 2811/2811/2811 2813/2813/2813 2895/2895/2895
f 2811/2811/2811 2895/2895/2895 2812/2812/2812
f 2813/2813/2813 2811/2811/2811 2814/2814/2814
f 2813/2813/2813 2814/2814/2814 2815/2815/2815
f 2816/2816/2816 2814/2814/2814 2809/2809/2809
f 2816/2816/2816 2809/2809/2809 2817/2817/2817
f 2818/2818/2818 2815/2815/2815 2814/2814/2814
f 2818/2818/2818 2814/2814/2814 2816/2816/2816
f 2440/2440/2440 2816/2816/2816 2817/2817/2817
f 2440/2440/2440 2817/2817/2817 2444/2444/2444
f 2818/2818/2818 2816/2816/2816 2440/2440/2440
f 2818/2818/2818 2440/2440/2440 2438/2438/2438
f 2438/2438/2438 2434/2434/2434 2819/2819/2819
f 2438/2438/2438 2819/2819/2819 2818/2818/2818
f 2819/2819/2819 2821/2821/2821 2815/2815/2815
f 2819/2819/2819 2815/2815/2815 2818/2818/2818
f 2434/2434/2434 2431/2431/2431 2820/2820/2820
f 2434/2434/2434 2820/2820/2820 2819/2819/2819
f 2820/2820/2820 2823/2823/2823 2821/2821/2821
f 2820/2820/2820 2821/2821/2821 2819/2819/2819
f 2815/2815/2815 2821/2821/2821 2822/2822/2822
f 2815/2815/2815 2822/2822/2822 2813/2813/2813
f 2821/2821/2821 2823/2823/2823 2824/2824/2824
f 2821/2821/2821 2824/2824/2824 2822/2822/2822
f 2826/2826/2826 2825/2825/2825 2823/2823/2823
f 2826/2826/2826 2823/2823/2823 2820/2820/2820
f 2827/2827/2827 2824/2824/2824 2823/2823/2823
f 2827/2827/2827 2823/2823/2823 2825/2825/2825
f 2829/2829/2829 2825/2825/2825 2826/2826/2826
f 2829/2829/2829 2826/2826/2826 2833/2833/2833
f 2831/2831/2831 2827/2827/2827 2825/2825/2825
f 2831/2831/2831 2825/2825/2825 2829/2829/2829
f 2835/2835/2835 2830/2830/2830 2828/2828/2828
f 2835/2835/2835 2828/2828/2828 2834/2834/2834
f 2832/2832/2832 2836/2836/2836 2834/2834/2834
f 2832/2832/2832 2834/2834/2834 2828/2828/2828
f 2834/2834/2834 2837/2837/2837 2839/2839/2839
f 2834/2834/2834 2839/2839/2839 2835/2835/2835
f 2838/2838/2838 2837/2837/2837 2834/2834/2834
f 2838/2838/2838 2834/2834/2834 2836/2836/2836
f 2841/2841/2841 2840/2840/2840 2837/2837/2837
f 2841/2841/2841 2837/2837/2837 2838/2838/2838
f 2839/2839/2839 2837/2837/2837 2840/2840/2840
f 2839/2839/2839 2840/2840/2840 2842/2842/2842
f 2843/2843/2843 2840/2840/2840 2841/2841/2841
f 2843/2843/2843 2841/2841/2841 2845/2845/2845
f 2843/2843/2843 2844/2844/2844 2842/2842/2842
f 2843/2843/2843 2842/2842/2842 2840/2840/2840
f 2844/2844/2844 2843/2843/2843 2846/2846/2846
f 2844/2844/2844 2846/2846/2846 2848/2848/2848
f 2850/2850/2850 2846/2846/2846 2843/2843/2843
f 2850/2850/2850 2843/2843/2843 2845/2845/2845
f 2849/2849/2849 2847/2847/2847 2852/2852/2852
f 2849/2849/2849 2852/2852/2852 2854/2854/2854
f 2847/2847/2847 2851/2851/2851 2853/2853/2853
f 2847/2847/2847 2853/2853/2853 2852/2852/2852
f 2852/2852/2852 2853/2853/2853 2856/2856/2856
f 2852/2852/2852 2856/2856/2856 2855/2855/2855
f 2854/2854/2854 2852/2852/2852 2855/2855/2855
f 2854/2854/2854 2855/2855/2855 2857/2857/2857
f 2859/2859/2859 2858/2858/2858 2855/2855/2855
f 2859/2859/2859 2855/2855/2855 2856/2856/2856
f 2858/2858/2858 2860/2860/2860 2857/2857/2857
f 2858/2858/2858 2857/2857/2857 2855/2855/2855
f 2779/2779/2779 2781/2781/2781 2858/2858/2858
f 2779/2779/2779 2858/2858/2858 2859/2859/2859
f 2781/2781/2781 2783/2783/2783 2860/2860/2860
f 2781/2781/2781 2860/2860/2860 2858/2858/2858
f 2860/2860/2860 2861/2861/2861 2862/2862/2862
f 2860/2860/2860 2862/2862/2862 2857/2857/2857
f 2783/2783/2783 2863/2863/2863 2861/2861/2861
f 2783/2783/2783 2861/2861/2861 2860/2860/2860
f 2861/2861/2861 2864/2864/2864 2865/2865/2865
f 2861/2861/2861 2865/2865/2865 2862/2862/2862
f 2863/2863/2863 2867/2867/2867 2864/2864/2864
f 2863/2863/2863 2864/2864/2864 2861/2861/2861
f 2864/2864/2864 2866/2866/2866 2925/2925/2925
f 2864/2864/2864 2925/2925/2925 2865/2865/2865
f 2867/2867/2867 2868/2868/2868 2866/2866/2866
f 2867/2867/2867 2866/2866/2866 2864/2864/2864
f 2869/2869/2869 2870/2870/2870 2868/2868/2868
f 2869/2869/2869 2868/2868/2868 2867/2867/2867
f 2784/2784/2784 2869/2869/2869 2867/2867/2867
f 2784/2784/2784 2867/2867/2867 2863/2863/2863
f 2786/2786/2786 2871/2871/2871 2869/2869/2869
f 2786/2786/2786 2869/2869/2869 2784/2784/2784
f 2871/2871/2871 2872/2872/2872 2870/2870/2870
f 2871/2871/2871 2870/2870/2870 2869/2869/2869
f 2789/2789/2789 2873/2873/2873 2871/2871/2871
f 2789/2789/2789 2871/2871/2871 2786/2786/2786
f 2873/2873/2873 2875/2875/2875 2872/2872/2872
f 2873/2873/2873 2872/2872/2872 2871/2871/2871
f 2874/2874/2874 2790/2790/2790 2792/2792/2792
f 2874/2874/2874 2792/2792/2792 2877/2877/2877
f 2877/2877/2877 2878/2878/2878 2876/2876/2876
f 2877/2877/2877 2876/2876/2876 2874/2874/2874
f 2879/2879/2879 2880/2880/2880 2878/2878/2878
f 2879/2879/2879 2878/2878/2878 2877/2877/2877
f 2795/2795/2795 2879/2879/2879 2877/2877/2877
f 2795/2795/2795 2877/2877/2877 2792/2792/2792
f 2879/2879/2879 2881/2881/2881 2882/2882/2882
f 2879/2879/2879 2882/2882/2882 2880/2880/2880
f 2881/2881/2881 2879/2879/2879 2795/2795/2795
f 2881/2881/2881 2795/2795/2795 2798/2798/2798
f 2881/2881/2881 2883/2883/2883 2884/2884/2884
f 2881/2881/2881 2884/2884/2884 2882/2882/2882
f 2798/2798/2798 2800/2800/2800 2883/2883/2883
f 2798/2798/2798 2883/2883/2883 2881/2881/2881
f 2883/2883/2883 2886/2886/2886 2888/2888/2888
f 2883/2883/2883 2888/2888/2888 2884/2884/2884
f 2807/2807/2807 2886/2886/2886 2883/2883/2883
f 2807/2807/2807 2883/2883/2883 2800/2800/2800
f 2806/2806/2806 2810/2810/2810 2889/2889/2889
f 2806/2806/2806 2889/2889/2889 2885/2885/2885
f 2885/2885/2885 2889/2889/2889 2890/2890/2890
f 2885/2885/2885 2890/2890/2890 2887/2887/2887
f 2812/2812/2812 2891/2891/2891 2889/2889/2889
f 2812/2812/2812 2889/2889/2889 2810/2810/2810
f 2890/2890/2890 2889/2889/2889 2891/2891/2891
f 2890/2890/2890 2891/2891/2891 2892/2892/2892
f 2891/2891/2891 2893/2893/2893 2894/2894/2894
f 2891/2891/2891 2894/2894/2894 2892/2892/2892
f 2893/2893/2893 2891/2891/2891 2812/2812/2812
f 2893/2893/2893 2812/2812/2812 2895/2895/2895
f 2893/2893/2893 2896/2896/2896 2897/2897/2897
f 2893/2893/2893 2897/2897/2897 2894/2894/2894
f 2895/2895/2895 2899/2899/2899 2896/2896/2896
f 2895/2895/2895 2896/2896/2896 2893/2893/2893
f 2896/2896/2896 2898/2898/2898 3020/3020/3020
f 2896/2896/2896 3020/3020/3020 2897/2897/2897
f 2899/2899/2899 2900/2900/2900 2898/2898/2898
f 2899/2899/2899 2898/2898/2898 2896/2896/2896
f 2813/2813/2813 2822/2822/2822 2899/2899/2899
f 2813/2813/2813 2899/2899/2899 2895/2895/2895
f 2822/2822/2822 2824/2824/2824 2900/2900/2900
f 2822/2822/2822 2900/2900/2900 2899/2899/2899
f 2902/2902/2902 2898/2898/2898 2900/2900/2900
f 2902/2902/2902 2900/2900/2900 2901/2901/2901
f 2824/2824/2824 2827/2827/2827 2901/2901/2901
f 2824/2824/2824 2901/2901/2901 2900/2900/2900
f 2906/2906/2906 2902/2902/2902 2901/2901/2901
f 2906/2906/2906 2901/2901/2901 2904/2904/2904
f 2827/2827/2827 2831/2831/2831 2904/2904/2904
f 2827/2827/2827 2904/2904/2904 2901/2901/2901
f 2908/2908/2908 2905/2905/2905 2903/2903/2903
f 2908/2908/2908 2903/2903/2903 2907/2907/2907
f 2835/2835/2835 2907/2907/2907 2903/2903/2903
f 2835/2835/2835 2903/2903/2903 2830/2830/2830
f 2835/2835/2835 2839/2839/2839 2909/2909/2909
f 2835/2835/2835 2909/2909/2909 2907/2907/2907
f 2907/2907/2907 2909/2909/2909 2910/2910/2910
f 2907/2907/2907 2910/2910/2910 2908/2908/2908
f 2910/2910/2910 2909/2909/2909 2911/2911/2911
f 2910/2910/2910 2911/2911/2911 2912/2912/2912
f 2839/2839/2839 2842/2842/2842 2911/2911/2911
f 2839/2839/2839 2911/2911/2911 2909/2909/2909
f 2913/2913/2913 2914/2914/2914 2912/2912/2912
f 2913/2913/2913 2912/2912/2912 2911/2911/2911
f 2844/2844/2844 2913/2913/2913 2911/2911/2911
f 2844/2844/2844 2911/2911/2911 2842/2842/2842
f 2913/2913/2913 2844/2844/2844 2848/2848/2848
f 2913/2913/2913 2848/2848/2848 2915/2915/2915
f 2914/2914/2914 2913/2913/2913 2915/2915/2915
f 2914/2914/2914 2915/2915/2915 2917/2917/2917
f 2918/2918/2918 2916/2916/2916 2919/2919/2919
f 2918/2918/2918 2919/2919/2919 2920/2920/2920
f 2854/2854/2854 2919/2919/2919 2916/2916/2916
f 2854/2854/2854 2916/2916/2916 2849/2849/2849
f 2920/2920/2920 2919/2919/2919 2862/2862/2862
f 2920/2920/2920 2862/2862/2862 2865/2865/2865
f 2857/2857/2857 2862/2862/2862 2919/2919/2919
f 2857/2857/2857 2919/2919/2919 2854/2854/2854
f 2865/2865/2865 2925/2925/2925 2921/2921/2921
f 2865/2865/2865 2921/2921/2921 2920/2920/2920
f 2920/2920/2920 2921/2921/2921 2923/2923/2923
f 2920/2920/2920 2923/2923/2923 2918/2918/2918
f 3005/3005/3005 2923/2923/2923 2921/2921/2921
f 3005/3005/3005 2921/2921/2921 2924/2924/2924
f 2924/2924/2924 2921/2921/2921 2925/2925/2925
f 2924/2924/2924 2925/2925/2925 2926/2926/2926
f 2926/2926/2926 2925/2925/2925 2866/2866/2866
f 2926/2926/2926 2866/2866/2866 2928/2928/2928
f 2926/2926/2926 2927/2927/2927 3002/3002/3002
f 2926/2926/2926 3002/3002/3002 2924/2924/2924
f 2927/2927/2927 2926/2926/2926 2928/2928/2928
f 2927/2927/2927 2928/2928/2928 2929/2929/2929
f 2929/2929/2929 2928/2928/2928 2930/2930/2930
f 2929/2929/2929 2930/2930/2930 2931/2931/2931
f 2928/2928/2928 2866/2866/2866 2868/2868/2868
f 2928/2928/2928 2868/2868/2868 2930/2930/2930
f 2933/2933/2933 2931/2931/2931 2930/2930/2930
f 2933/2933/2933 2930/2930/2930 2932/2932/2932
f 2932/2932/2932 2930/2930/2930 2868/2868/2868
f 2932/2932/2932 2868/2868/2868 2934/2934/2934
f 2935/2935/2935 2936/2936/2936 2933/2933/2933
f 2935/2935/2935 2933/2933/2933 2932/2932/2932
f 2932/2932/2932 2934/2934/2934 2937/2937/2937
f 2932/2932/2932 2937/2937/2937 2935/2935/2935
f 2939/2939/2939 2941/2941/2941 2936/2936/2936
f 2939/2939/2939 2936/2936/2936 2935/2935/2935
f 2935/2935/2935 2937/2937/2937 2943/2943/2943
f 2935/2935/2935 2943/2943/2943 2939/2939/2939
f 2944/2944/2944 2945/2945/2945 2940/2940/2940
f 2944/2944/2944 2940/2940/2940 2938/2938/2938
f 2938/2938/2938 2942/2942/2942 2946/2946/2946
f 2938/2938/2938 2946/2946/2946 2944/2944/2944
f 2947/2947/2947 2948/2948/2948 2945/2945/2945
f 2947/2947/2947 2945/2945/2945 2944/2944/2944
f 2946/2946/2946 2949/2949/2949 2947/2947/2947
f 2946/2946/2946 2947/2947/2947 2944/2944/2944
f 2950/2950/2950 2951/2951/2951 2948/2948/2948
f 2950/2950/2950 2948/2948/2948 2947/2947/2947
f 2950/2950/2950 2947/2947/2947 2949/2949/2949
f 2950/2950/2950 2949/2949/2949 2952/2952/2952
f 2951/2951/2951 2950/2950/2950 2953/2953/2953
f 2951/2951/2951 2953/2953/2953 2954/2954/2954
f 2953/2953/2953 2950/2950/2950 2952/2952/2952
f 2953/2953/2953 2952/2952/2952 2955/2955/2955
f 2954/2954/2954 2953/2953/2953 2956/2956/2956
f 2954/2954/2954 2956/2956/2956 2958/2958/2958
f 2956/2956/2956 2953/2953/2953 2955/2955/2955
f 2956/2956/2956 2955/2955/2955 2960/2960/2960
f 2959/2959/2959 2957/2957/2957 2962/2962/2962
f 2959/2959/2959 2962/2962/2962 2963/2963/2963
f 2962/2962/2962 2957/2957/2957 2961/2961/2961
f 2962/2962/2962 2961/2961/2961 2964/2964/2964
f 2963/2963/2963 2962/2962/2962 2965/2965/2965
f 2963/2963/2963 2965/2965/2965 2966/2966/2966
f 2965/2965/2965 2962/2962/2962 2964/2964/2964
f 2965/2965/2965 2964/2964/2964 2967/2967/2967
f 2968/2968/2968 2969/2969/2969 2966/2966/2966
f 2968/2968/2968 2966/2966/2966 2965/2965/2965
f 2965/2965/2965 2967/2967/2967 2894/2894/2894
f 2965/2965/2965 2894/2894/2894 2968/2968/2968
f 2972/2972/2972 2969/2969/2969 2968/2968/2968
f 2972/2972/2972 2968/2968/2968 2970/2970/2970
f 2970/2970/2970 2968/2968/2968 2894/2894/2894
f 2970/2970/2970 2894/2894/2894 2897/2897/2897
f 2971/2971/2971 2970/2970/2970 2897/2897/2897
f 2971/2971/2971 2897/2897/2897 3020/3020/3020
f 2973/2973/2973 2972/2972/2972 2970/2970/2970
f 2973/2973/2973 2970/2970/2970 2971/2971/2971
f 2969/2969/2969 2972/2972/2972 2974/2974/2974
f 2969/2969/2969 2974/2974/2974 2976/2976/2976
f 2974/2974/2974 2972/2972/2972 2973/2973/2973
f 2974/2974/2974 2973/2973/2973 2975/2975/2975
f 2978/2978/2978 2974/2974/2974 2975/2975/2975
f 2978/2978/2978 2975/2975/2975 2982/2982/2982
f 2980/2980/2980 2976/2976/2976 2974/2974/2974
f 2980/2980/2980 2974/2974/2974 2978/2978/2978
f 2979/2979/2979 2977/2977/2977 2983/2983/2983
f 2979/2979/2979 2983/2983/2983 2985/2985/2985
f 2983/2983/2983 2977/2977/2977 2981/2981/2981
f 2983/2983/2983 2981/2981/2981 2984/2984/2984
f 2986/2986/2986 2983/2983/2983 2984/2984/2984
f 2986/2986/2986 2984/2984/2984 2987/2987/2987
f 2986/2986/2986 2988/2988/2988 2985/2985/2985
f 2986/2986/2986 2985/2985/2985 2983/2983/2983
f 2989/2989/2989 2986/2986/2986 2987/2987/2987
f 2989/2989/2989 2987/2987/2987 2990/2990/2990
f 2991/2991/2991 2988/2988/2988 2986/2986/2986
f 2991/2991/2991 2986/2986/2986 2989/2989/2989
f 2989/2989/2989 2990/2990/2990 2993/2993/2993
f 2989/2989/2989 2993/2993/2993 2992/2992/2992
f 2994/2994/2994 2991/2991/2991 2989/2989/2989
f 2994/2994/2994 2989/2989/2989 2992/2992/2992
f 2992/2992/2992 2993/2993/2993 2999/2999/2999
f 2992/2992/2992 2999/2999/2999 2995/2995/2995
f 2995/2995/2995 2997/2997/2997 2994/2994/2994
f 2995/2995/2995 2994/2994/2994 2992/2992/2992
f 3001/3001/3001 3003/3003/3003 2998/2998/2998
f 3001/3001/3001 2998/2998/2998 2996/2996/2996
f 2996/2996/2996 3000/3000/3000 3002/3002/3002
f 2996/2996/2996 3002/3002/3002 3001/3001/3001
f 3001/3001/3001 3002/3002/3002 2927/2927/2927
f 3001/3001/3001 2927/2927/2927 2929/2929/2929
f 2929/2929/2929 2931/2931/2931 3003/3003/3003
f 2929/2929/2929 3003/3003/3003 3001/3001/3001
f 2933/2933/2933 2936/2936/2936 3003/3003/3003
f 2933/2933/2933 3003/3003/3003 2931/2931/2931
f 2936/2936/2936 2941/2941/2941 2998/2998/2998
f 2936/2936/2936 2998/2998/2998 3003/3003/3003
f 2924/2924/2924 3002/3002/3002 3000/3000/3000
f 2924/2924/2924 3000/3000/3000 3005/3005/3005
f 3004/3004/3004 2999/2999/2999 2993/2993/2993
f 3004/3004/3004 2993/2993/2993 3006/3006/3006
f 3006/3006/3006 3007/3007/3007 2922/2922/2922
f 3006/3006/3006 2922/2922/2922 3004/3004/3004
f 3006/3006/3006 2993/2993/2993 2990/2990/2990
f 3006/3006/3006 2990/2990/2990 3008/3008/3008
f 3009/3009/3009 3007/3007/3007 3006/3006/3006
f 3009/3009/3009 3006/3006/3006 3008/3008/3008
f 3010/3010/3010 3008/3008/3008 2990/2990/2990
f 3010/3010/3010 2990/2990/2990 2987/2987/2987
f 3010/3010/3010 3011/3011/3011 3009/3009/3009
f 3010/3010/3010 3009/3009/3009 3008/3008/3008
f 3012/3012/3012 3010/3010/3010 2987/2987/2987
f 3012/3012/3012 2987/2987/2987 2984/2984/2984
f 3012/3012/3012 3013/3013/3013 3011/3011/3011
f 3012/3012/3012 3011/3011/3011 3010/3010/3010
f 3014/3014/3014 3012/3012/3012 2984/2984/2984
f 3014/3014/3014 2984/2984/2984 2981/2981/2981
f 3016/3016/3016 3013/3013/3013 3012/3012/3012
f 3016/3016/3016 3012/3012/3012 3014/3014/3014
f 3017/3017/3017 3015/3015/3015 3018/3018/3018
f 3017/3017/3017 3018/3018/3018 3019/3019/3019
f 3018/3018/3018 3015/3015/3015 2982/2982/2982
f 3018/3018/3018 2982/2982/2982 2975/2975/2975
f 2971/2971/2971 3018/3018/3018 2975/2975/2975
f 2971/2971/2971 2975/2975/2975 2973/2973/2973
f 3020/3020/3020 3019/3019/3019 3018/3018/3018
f 3020/3020/3020 3018/3018/3018 2971/2971/2971
f 3020/3020/3020 2898/2898/2898 2902/2902/2902
f 3020/3020/3020 2902/2902/2902 3019/3019/3019
f 3017/3017/3017 3019/3019/3019 2902/2902/2902
f 3017/3017/3017 2902/2902/2902 2906/2906/2906
f 2905/2905/2905 2908/2908/2908 3013/3013/3013
f 2905/2905/2905 3013/3013/3013 3016/3016/3016
f 2910/2910/2910 3011/3011/3011 3013/3013/3013
f 2910/2910/2910 3013/3013/3013 2908/2908/2908
f 2912/2912/2912 3009/3009/3009 3011/3011/3011
f 2912/2912/2912 3011/3011/3011 2910/2910/2910
f 2914/2914/2914 3007/3007/3007 3009/3009/3009
f 2914/2914/2914 3009/3009/3009 2912/2912/2912
f 2917/2917/2917 2922/2922/2922 3007/3007/3007
f 2917/2917/2917 3007/3007/3007 2914/2914/2914
f 2945/2945/2945 2994/2994/2994 2997/2997/2997
f 2945/2945/2945 2997/2997/2997 2940/2940/2940
f 2948/2948/2948 2991/2991/2991 2994/2994/2994
f 2948/2948/2948 2994/2994/2994 2945/2945/2945
f 2951/2951/2951 2988/2988/2988 2991/2991/2991
f 2951/2951/2951 2991/2991/2991 2948/2948/2948
f 2954/2954/2954 2985/2985/2985 2988/2988/2988
f 2954/2954/2954 2988/2988/2988 2951/2951/2951
f 2954/2954/2954 2958/2958/2958 2979/2979/2979
f 2954/2954/2954 2979/2979/2979 2985/2985/2985
f 2980/2980/2980 2959/2959/2959 2963/2963/2963
f 2980/2980/2980 2963/2963/2963 2976/2976/2976
f 2969/2969/2969 2976/2976/2976 2963/2963/2963
f 2969/2969/2969 2963/2963/2963 2966/2966/2966
f 3021/3021/3021 2892/2892/2892 2894/2894/2894
f 3021/3021/3021 2894/2894/2894 2967/2967/2967
f 2967/2967/2967 2964/2964/2964 3024/3024/3024
f 2967/2967/2967 3024/3024/3024 3021/3021/3021
f 2892/2892/2892 3021/3021/3021 3022/3022/3022
f 2892/2892/2892 3022/3022/3022 3091/3091/3091
f 3024/3024/3024 3025/3025/3025 3022/3022/3022
f 3024/3024/3024 3022/3022/3022 3021/3021/3021
f 2961/2961/2961 3028/3028/3028 3024/3024/3024
f 2961/2961/2961 3024/3024/3024 2964/2964/2964
f 3028/3028/3028 3029/3029/3029 3025/3025/3025
f 3028/3028/3028 3025/3025/3025 3024/3024/3024
f 2960/2960/2960 2955/2955/2955 3033/3033/3033
f 2960/2960/2960 3033/3033/3033 3027/3027/3027
f 3034/3034/3034 3030/3030/3030 3027/3027/3027
f 3034/3034/3034 3027/3027/3027 3033/3033/3033
f 2955/2955/2955 2952/2952/2952 3036/3036/3036
f 2955/2955/2955 3036/3036/3036 3033/3033/3033
f 3036/3036/3036 3037/3037/3037 3034/3034/3034
f 3036/3036/3036 3034/3034/3034 3033/3033/3033
f 3036/3036/3036 2952/2952/2952 2949/2949/2949
f 3036/3036/3036 2949/2949/2949 3039/3039/3039
f 3039/3039/3039 3040/3040/3040 3037/3037/3037
f 3039/3039/3039 3037/3037/3037 3036/3036/3036
f 3039/3039/3039 2949/2949/2949 2946/2946/2946
f 3039/3039/3039 2946/2946/2946 3042/3042/3042
f 3040/3040/3040 3039/3039/3039 3042/3042/3042
f 3040/3040/3040 3042/3042/3042 3043/3043/3043
f 3042/3042/3042 2946/2946/2946 2942/2942/2942
f 3042/3042/3042 2942/2942/2942 3045/3045/3045
f 3043/3043/3043 3042/3042/3042 3045/3045/3045
f 3043/3043/3043 3045/3045/3045 3048/3048/3048
f 3046/3046/3046 2943/2943/2943 2937/2937/2937
f 3046/3046/3046 2937/2937/2937 3051/3051/3051
f 3047/3047/3047 3046/3046/3046 3051/3051/3051
f 3047/3047/3047 3051/3051/3051 3052/3052/3052
f 3051/3051/3051 2937/2937/2937 2934/2934/2934
f 3051/3051/3051 2934/2934/2934 3054/3054/3054
f 3052/3052/3052 3051/3051/3051 3054/3054/3054
f 3052/3052/3052 3054/3054/3054 3055/3055/3055
f 3054/3054/3054 2934/2934/2934 2868/2868/2868
f 3054/3054/3054 2868/2868/2868 2870/2870/2870
f 2870/2870/2870 3058/3058/3058 3055/3055/3055
f 2870/2870/2870 3055/3055/3055 3054/3054/3054
f 3056/3056/3056 3057/3057/3057 3115/3115/3115
f 3056/3056/3056 3115/3115/3115 3053/3053/3053
f 3056/3056/3056 3059/3059/3059 3060/3060/3060
f 3056/3056/3056 3060/3060/3060 3057/3057/3057
f 2872/2872/2872 3061/3061/3061 3058/3058/3058
f 2872/2872/2872 3058/3058/3058 2870/2870/2870
f 3059/3059/3059 3062/3062/3062 3063/3063/3063
f 3059/3059/3059 3063/3063/3063 3060/3060/3060
f 3061/3061/3061 2872/2872/2872 2875/2875/2875
f 3061/3061/3061 2875/2875/2875 3064/3064/3064
f 3063/3063/3063 3062/3062/3062 3066/3066/3066
f 3063/3063/3063 3066/3066/3066 3068/3068/3068
f 2876/2876/2876 2878/2878/2878 3070/3070/3070
f 2876/2876/2876 3070/3070/3070 3065/3065/3065
f 3067/3067/3067 3071/3071/3071 3072/3072/3072
f 3067/3067/3067 3072/3072/3072 3069/3069/3069
f 2878/2878/2878 2880/2880/2880 3073/3073/3073
f 2878/2878/2878 3073/3073/3073 3070/3070/3070
f 3071/3071/3071 3074/3074/3074 3075/3075/3075
f 3071/3071/3071 3075/3075/3075 3072/3072/3072
f 2882/2882/2882 3076/3076/3076 3073/3073/3073
f 2882/2882/2882 3073/3073/3073 2880/2880/2880
f 3074/3074/3074 3077/3077/3077 3078/3078/3078
f 3074/3074/3074 3078/3078/3078 3075/3075/3075
f 2884/2884/2884 3079/3079/3079 3076/3076/3076
f 2884/2884/2884 3076/3076/3076 2882/2882/2882
f 3080/3080/3080 3081/3081/3081 3078/3078/3078
f 3080/3080/3080 3078/3078/3078 3077/3077/3077
f 3079/3079/3079 2884/2884/2884 2888/2888/2888
f 3079/3079/3079 2888/2888/2888 3083/3083/3083
f 3085/3085/3085 3087/3087/3087 3081/3081/3081
f 3085/3085/3085 3081/3081/3081 3080/3080/3080
f 2890/2890/2890 3088/3088/3088 3082/3082/3082
f 2890/2890/2890 3082/3082/3082 2887/2887/2887
f 3084/3084/3084 3089/3089/3089 3090/3090/3090
f 3084/3084/3084 3090/3090/3090 3086/3086/3086
f 3088/3088/3088 2890/2890/2890 2892/2892/2892
f 3088/3088/3088 2892/2892/2892 3091/3091/3091
f 3092/3092/3092 3093/3093/3093 3090/3090/3090
f 3092/3092/3092 3090/3090/3090 3089/3089/3089
f 3023/3023/3023 3095/3095/3095 3093/3093/3093
f 3023/3023/3023 3093/3093/3093 3092/3092/3092
f 3140/3140/3140 3090/3090/3090 3093/3093/3093
f 3140/3140/3140 3093/3093/3093 3094/3094/3094
f 3094/3094/3094 3093/3093/3093 3095/3095/3095
f 3094/3094/3094 3095/3095/3095 3096/3096/3096
f 3023/3023/3023 3026/3026/3026 3097/3097/3097
f 3023/3023/3023 3097/3097/3097 3095/3095/3095
f 3095/3095/3095 3097/3097/3097 3098/3098/3098
f 3095/3095/3095 3098/3098/3098 3096/3096/3096
f 3099/3099/3099 3102/3102/3102 3098/3098/3098
f 3099/3099/3099 3098/3098/3098 3097/3097/3097
f 3026/3026/3026 3031/3031/3031 3099/3099/3099
f 3026/3026/3026 3099/3099/3099 3097/3097/3097
f 3100/3100/3100 3032/3032/3032 3035/3035/3035
f 3100/3100/3100 3035/3035/3035 3103/3103/3103
f 3104/3104/3104 3101/3101/3101 3100/3100/3100
f 3104/3104/3104 3100/3100/3100 3103/3103/3103
f 3035/3035/3035 3038/3038/3038 3105/3105/3105
f 3035/3035/3035 3105/3105/3105 3103/3103/3103
f 3103/3103/3103 3105/3105/3105 3106/3106/3106
f 3103/3103/3103 3106/3106/3106 3104/3104/3104
f 3106/3106/3106 3105/3105/3105 3107/3107/3107
f 3106/3106/3106 3107/3107/3107 3108/3108/3108
f 3038/3038/3038 3041/3041/3041 3107/3107/3107
f 3038/3038/3038 3107/3107/3107 3105/3105/3105
f 3109/3109/3109 3107/3107/3107 3041/3041/3041
f 3109/3109/3109 3041/3041/3041 3044/3044/3044
f 3108/3108/3108 3107/3107/3107 3109/3109/3109
f 3108/3108/3108 3109/3109/3109 3110/3110/3110
f 3110/3110/3110 3109/3109/3109 3111/3111/3111
f 3110/3110/3110 3111/3111/3111 3113/3113/3113
f 3049/3049/3049 3111/3111/3111 3109/3109/3109
f 3049/3049/3049 3109/3109/3109 3044/3044/3044
f 3053/3053/3053 3115/3115/3115 3112/3112/3112
f 3053/3053/3053 3112/3112/3112 3050/3050/3050
f 3114/3114/3114 3112/3112/3112 3115/3115/3115
f 3114/3114/3114 3115/3115/3115 3116/3116/3116
f 3116/3116/3116 3115/3115/3115 3057/3057/3057
f 3116/3116/3116 3057/3057/3057 3118/3118/3118
f 3117/3117/3117 3116/3116/3116 3118/3118/3118
f 3117/3117/3117 3118/3118/3118 3119/3119/3119
f 3162/3162/3162 3114/3114/3114 3116/3116/3116
f 3162/3162/3162 3116/3116/3116 3117/3117/3117
f 3057/3057/3057 3060/3060/3060 3120/3120/3120
f 3057/3057/3057 3120/3120/3120 3118/3118/3118
f 3118/3118/3118 3120/3120/3120 3121/3121/3121
f 3118/3118/3118 3121/3121/3121 3119/3119/3119
f 3120/3120/3120 3122/3122/3122 3123/3123/3123
f 3120/3120/3120 3123/3123/3123 3121/3121/3121
f 3063/3063/3063 3122/3122/3122 3120/3120/3120
f 3063/3063/3063 3120/3120/3120 3060/3060/3060
f 3122/3122/3122 3063/3063/3063 3068/3068/3068
f 3122/3122/3122 3068/3068/3068 3125/3125/3125
f 3122/3122/3122 3125/3125/3125 3127/3127/3127
f 3122/3122/3122 3127/3127/3127 3123/3123/3123
f 3069/3069/3069 3072/3072/3072 3128/3128/3128
f 3069/3069/3069 3128/3128/3128 3124/3124/3124
f 3124/3124/3124 3128/3128/3128 3129/3129/3129
f 3124/3124/3124 3129/3129/3129 3126/3126/3126
f 3128/3128/3128 3130/3130/3130 3131/3131/3131
f 3128/3128/3128 3131/3131/3131 3129/3129/3129
f 3128/3128/3128 3072/3072/3072 3075/3075/3075
f 3128/3128/3128 3075/3075/3075 3130/3130/3130
f 3130/3130/3130 3132/3132/3132 3133/3133/3133
f 3130/3130/3130 3133/3133/3133 3131/3131/3131
f 3075/3075/3075 3078/3078/3078 3132/3132/3132
f 3075/3075/3075 3132/3132/3132 3130/3130/3130
f 3132/3132/3132 3134/3134/3134 3135/3135/3135
f 3132/3132/3132 3135/3135/3135 3133/3133/3133
f 3078/3078/3078 3081/3081/3081 3134/3134/3134
f 3078/3078/3078 3134/3134/3134 3132/3132/3132
f 3137/3137/3137 3139/3139/3139 3135/3135/3135
f 3137/3137/3137 3135/3135/3135 3134/3134/3134
f 3134/3134/3134 3081/3081/3081 3087/3087/3087
f 3134/3134/3134 3087/3087/3087 3137/3137/3137
f 3090/3090/3090 3140/3140/3140 3136/3136/3136
f 3090/3090/3090 3136/3136/3136 3086/3086/3086
f 3136/3136/3136 3140/3140/3140 3141/3141/3141
f 3136/3136/3136 3141/3141/3141 3138/3138/3138
f 3141/3141/3141 3140/3140/3140 3094/3094/3094
f 3141/3141/3141 3094/3094/3094 3143/3143/3143
f 3143/3143/3143 3144/3144/3144 3142/3142/3142
f 3143/3143/3143 3142/3142/3142 3141/3141/3141
f 3138/3138/3138 3141/3141/3141 3142/3142/3142
f 3138/3138/3138 3142/3142/3142 3187/3187/3187
f 3145/3145/3145 3146/3146/3146 3144/3144/3144
f 3145/3145/3145 3144/3144/3144 3143/3143/3143
f 3096/3096/3096 3145/3145/3145 3143/3143/3143
f 3096/3096/3096 3143/3143/3143 3094/3094/3094
f 3145/3145/3145 3147/3147/3147 3148/3148/3148
f 3145/3145/3145 3148/3148/3148 3146/3146/3146
f 3096/3096/3096 3098/3098/3098 3147/3147/3147
f 3096/3096/3096 3147/3147/3147 3145/3145/3145
f 3147/3147/3147 3150/3150/3150 3152/3152/3152
f 3147/3147/3147 3152/3152/3152 3148/3148/3148
f 3098/3098/3098 3102/3102/3102 3150/3150/3150
f 3098/3098/3098 3150/3150/3150 3147/3147/3147
f 3151/3151/3151 3149/3149/3149 3153/3153/3153
f 3151/3151/3151 3153/3153/3153 3154/3154/3154
f 3153/3153/3153 3149/3149/3149 3101/3101/3101
f 3153/3153/3153 3101/3101/3101 3104/3104/3104
f 3155/3155/3155 3153/3153/3153 3104/3104/3104
f 3155/3155/3155 3104/3104/3104 3106/3106/3106
f 3156/3156/3156 3154/3154/3154 3153/3153/3153
f 3156/3156/3156 3153/3153/3153 3155/3155/3155
f 3155/3155/3155 3157/3157/3157 3158/3158/3158
f 3155/3155/3155 3158/3158/3158 3156/3156/3156
f 3106/3106/3106 3108/3108/3108 3157/3157/3157
f 3106/3106/3106 3157/3157/3157 3155/3155/3155
f 3159/3159/3159 3160/3160/3160 3158/3158/3158
f 3159/3159/3159 3158/3158/3158 3157/3157/3157
f 3110/3110/3110 3159/3159/3159 3157/3157/3157
f 3110/3110/3110 3157/3157/3157 3108/3108/3108
f 3113/3113/3113 3161/3161/3161 3159/3159/3159
f 3113/3113/3113 3159/3159/3159 3110/3110/3110
f 3161/3161/3161 3163/3163/3163 3160/3160/3160
f 3161/3161/3161 3160/3160/3160 3159/3159/3159
f 3117/3117/3117 3167/3167/3167 3164/3164/3164
f 3117/3117/3117 3164/3164/3164 3162/3162/3162
f 3211/3211/3211 3160/3160/3160 3163/3163/3163
f 3211/3211/3211 3163/3163/3163 3165/3165/3165
f 3166/3166/3166 3164/3164/3164 3167/3167/3167
f 3166/3166/3166 3167/3167/3167 3168/3168/3168
f 3119/3119/3119 3169/3169/3169 3167/3167/3167
f 3119/3119/3119 3167/3167/3167 3117/3117/3117
f 3168/3168/3168 3167/3167/3167 3169/3169/3169
f 3168/3168/3168 3169/3169/3169 3170/3170/3170
f 3119/3119/3119 3121/3121/3121 3171/3171/3171
f 3119/3119/3119 3171/3171/3171 3169/3169/3169
f 3169/3169/3169 3171/3171/3171 3172/3172/3172
f 3169/3169/3169 3172/3172/3172 3170/3170/3170
f 3173/3173/3173 3174/3174/3174 3172/3172/3172
f 3173/3173/3173 3172/3172/3172 3171/3171/3171
f 3121/3121/3121 3123/3123/3123 3173/3173/3173
f 3121/3121/3121 3173/3173/3173 3171/3171/3171
f 3173/3173/3173 3123/3123/3123 3127/3127/3127
f 3173/3173/3173 3127/3127/3127 3176/3176/3176
f 3173/3173/3173 3176/3176/3176 3178/3178/3178
f 3173/3173/3173 3178/3178/3178 3174/3174/3174
f 3126/3126/3126 3129/3129/3129 3179/3179/3179
f 3126/3126/3126 3179/3179/3179 3175/3175/3175
f 3175/3175/3175 3179/3179/3179 3180/3180/3180
f 3175/3175/3175 3180/3180/3180 3177/3177/3177
f 3179/3179/3179 3181/3181/3181 3182/3182/3182
f 3179/3179/3179 3182/3182/3182 3180/3180/3180
f 3131/3131/3131 3181/3181/3181 3179/3179/3179
f 3131/3131/3131 3179/3179/3179 3129/3129/3129
f 3131/3131/3131 3133/3133/3133 3183/3183/3183
f 3131/3131/3131 3183/3183/3183 3181/3181/3181
f 3181/3181/3181 3183/3183/3183 3184/3184/3184
f 3181/3181/3181 3184/3184/3184 3182/3182/3182
f 3184/3184/3184 3183/3183/3183 3185/3185/3185
f 3184/3184/3184 3185/3185/3185 3186/3186/3186
f 3133/3133/3133 3135/3135/3135 3185/3185/3185
f 3133/3133/3133 3185/3185/3185 3183/3183/3183
f 3139/3139/3139 3188/3188/3188 3185/3185/3185
f 3139/3139/3139 3185/3185/3185 3135/3135/3135
f 3186/3186/3186 3185/3185/3185 3188/3188/3188
f 3186/3186/3186 3188/3188/3188 3190/3190/3190
f 3142/3142/3142 3193/3193/3193 3189/3189/3189
f 3142/3142/3142 3189/3189/3189 3187/3187/3187
f 3190/3190/3190 3192/3192/3192 3242/3242/3242
f 3190/3190/3190 3242/3242/3242 3186/3186/3186
f 3189/3189/3189 3193/3193/3193 3194/3194/3194
f 3189/3189/3189 3194/3194/3194 3191/3191/3191
f 3193/3193/3193 3142/3142/3142 3144/3144/3144
f 3193/3193/3193 3144/3144/3144 3195/3195/3195
f 3195/3195/3195 3196/3196/3196 3194/3194/3194
f 3195/3195/3195 3194/3194/3194 3193/3193/3193
f 3197/3197/3197 3198/3198/3198 3196/3196/3196
f 3197/3197/3197 3196/3196/3196 3195/3195/3195
f 3195/3195/3195 3144/3144/3144 3146/3146/3146
f 3195/3195/3195 3146/3146/3146 3197/3197/3197
f 3146/3146/3146 3148/3148/3148 3199/3199/3199
f 3146/3146/3146 3199/3199/3199 3197/3197/3197
f 3197/3197/3197 3199/3199/3199 3200/3200/3200
f 3197/3197/3197 3200/3200/3200 3198/3198/3198
f 3199/3199/3199 3202/3202/3202 3204/3204/3204
f 3199/3199/3199 3204/3204/3204 3200/3200/3200
f 3152/3152/3152 3202/3202/3202 3199/3199/3199
f 3152/3152/3152 3199/3199/3199 3148/3148/3148
f 3205/3205/3205 3201/3201/3201 3151/3151/3151
f 3205/3205/3205 3151/3151/3151 3154/3154/3154
f 3206/3206/3206 3203/3203/3203 3201/3201/3201
f 3206/3206/3206 3201/3201/3201 3205/3205/3205
f 3208/3208/3208 3206/3206/3206 3205/3205/3205
f 3208/3208/3208 3205/3205/3205 3207/3207/3207
f 3207/3207/3207 3205/3205/3205 3154/3154/3154
f 3207/3207/3207 3154/3154/3154 3156/3156/3156
f 3207/3207/3207 3209/3209/3209 3210/3210/3210
f 3207/3207/3207 3210/3210/3210 3208/3208/3208
f 3207/3207/3207 3156/3156/3156 3158/3158/3158
f 3207/3207/3207 3158/3158/3158 3209/3209/3209
f 3211/3211/3211 3212/3212/3212 3210/3210/3210
f 3211/3211/3211 3210/3210/3210 3209/3209/3209
f 3158/3158/3158 3160/3160/3160 3211/3211/3211
f 3158/3158/3158 3211/3211/3211 3209/3209/3209
f 3165/3165/3165 3213/3213/3213 3212/3212/3212
f 3165/3165/3165 3212/3212/3212 3211/3211/3211
f 3210/3210/3210 3212/3212/3212 3215/3215/3215
f 3210/3210/3210 3215/3215/3215 3219/3219/3219
f 3215/3215/3215 3212/3212/3212 3213/3213/3213
f 3215/3215/3215 3213/3213/3213 3217/3217/3217
f 3217/3217/3217 3271/3271/3271 3216/3216/3216
f 3217/3217/3217 3216/3216/3216 3215/3215/3215
f 3215/3215/3215 3216/3216/3216 3220/3220/3220
f 3215/3215/3215 3220/3220/3220 3219/3219/3219
f 3221/3221/3221 3208/3208/3208 3210/3210/3210
f 3221/3221/3221 3210/3210/3210 3219/3219/3219
f 3221/3221/3221 3219/3219/3219 3220/3220/3220
f 3221/3221/3221 3220/3220/3220 3222/3222/3222
f 3223/3223/3223 3206/3206/3206 3208/3208/3208
f 3223/3223/3223 3208/3208/3208 3221/3221/3221
f 3223/3223/3223 3221/3221/3221 3222/3222/3222
f 3223/3223/3223 3222/3222/3222 3224/3224/3224
f 3206/3206/3206 3223/3223/3223 3225/3225/3225
f 3206/3206/3206 3225/3225/3225 3203/3203/3203
f 3225/3225/3225 3223/3223/3223 3224/3224/3224
f 3225/3225/3225 3224/3224/3224 3228/3228/3228
f 3204/3204/3204 3226/3226/3226 3229/3229/3229
f 3204/3204/3204 3229/3229/3229 3200/3200/3200
f 3229/3229/3229 3226/3226/3226 3227/3227/3227
f 3229/3229/3229 3227/3227/3227 3230/3230/3230
f 3200/3200/3200 3229/3229/3229 3231/3231/3231
f 3200/3200/3200 3231/3231/3231 3198/3198/3198
f 3231/3231/3231 3229/3229/3229 3230/3230/3230
f 3231/3231/3231 3230/3230/3230 3232/3232/3232
f 3198/3198/3198 3231/3231/3231 3233/3233/3233
f 3198/3198/3198 3233/3233/3233 3196/3196/3196
f 3233/3233/3233 3231/3231/3231 3232/3232/3232
f 3233/3233/3233 3232/3232/3232 3234/3234/3234
f 3196/3196/3196 3233/3233/3233 3235/3235/3235
f 3196/3196/3196 3235/3235/3235 3194/3194/3194
f 3235/3235/3235 3233/3233/3233 3234/3234/3234
f 3235/3235/3235 3234/3234/3234 3236/3236/3236
f 3194/3194/3194 3235/3235/3235 3237/3237/3237
f 3194/3194/3194 3237/3237/3237 3191/3191/3191
f 3237/3237/3237 3235/3235/3235 3236/3236/3236
f 3237/3237/3237 3236/3236/3236 3239/3239/3239
f 3192/3192/3192 3238/3238/3238 3241/3241/3241
f 3192/3192/3192 3241/3241/3241 3242/3242/3242
f 3241/3241/3241 3238/3238/3238 3240/3240/3240
f 3241/3241/3241 3240/3240/3240 3243/3243/3243
f 3244/3244/3244 3245/3245/3245 3242/3242/3242
f 3244/3244/3244 3242/3242/3242 3241/3241/3241
f 3244/3244/3244 3241/3241/3241 3243/3243/3243
f 3244/3244/3244 3243/3243/3243 3246/3246/3246
f 3245/3245/3245 3244/3244/3244 3247/3247/3247
f 3245/3245/3245 3247/3247/3247 3248/3248/3248
f 3247/3247/3247 3244/3244/3244 3246/3246/3246
f 3247/3247/3247 3246/3246/3246 3249/3249/3249
f 3251/3251/3251 3248/3248/3248 3247/3247/3247
f 3251/3251/3251 3247/3247/3247 3250/3250/3250
f 3247/3247/3247 3249/3249/3249 3252/3252/3252
f 3247/3247/3247 3252/3252/3252 3250/3250/3250
f 3253/3253/3253 3255/3255/3255 3251/3251/3251
f 3253/3253/3253 3251/3251/3251 3250/3250/3250
f 3250/3250/3250 3252/3252/3252 3257/3257/3257
f 3250/3250/3250 3257/3257/3257 3253/3253/3253
f 3259/3259/3259 3260/3260/3260 3256/3256/3256
f 3259/3259/3259 3256/3256/3256 3254/3254/3254
f 3261/3261/3261 3259/3259/3259 3254/3254/3254
f 3261/3261/3261 3254/3254/3254 3258/3258/3258
f 3262/3262/3262 3263/3263/3263 3260/3260/3260
f 3262/3262/3262 3260/3260/3260 3259/3259/3259
f 3259/3259/3259 3261/3261/3261 3264/3264/3264
f 3259/3259/3259 3264/3264/3264 3262/3262/3262
f 3265/3265/3265 3266/3266/3266 3263/3263/3263
f 3265/3265/3265 3263/3263/3263 3262/3262/3262
f 3262/3262/3262 3264/3264/3264 3267/3267/3267
f 3262/3262/3262 3267/3267/3267 3265/3265/3265
f 3268/3268/3268 3269/3269/3269 3266/3266/3266
f 3268/3268/3268 3266/3266/3266 3265/3265/3265
f 3265/3265/3265 3267/3267/3267 3270/3270/3270
f 3265/3265/3265 3270/3270/3270 3268/3268/3268
f 3218/3218/3218 3214/3214/3214 3269/3269/3269
f 3218/3218/3218 3269/3269/3269 3268/3268/3268
f 3268/3268/3268 3270/3270/3270 3272/3272/3272
f 3268/3268/3268 3272/3272/3272 3218/3218/3218
f 3277/3277/3277 3272/3272/3272 3270/3270/3270
f 3277/3277/3277 3270/3270/3270 3273/3273/3273
f 3273/3273/3273 3270/3270/3270 3267/3267/3267
f 3273/3273/3273 3267/3267/3267 3278/3278/3278
f 3278/3278/3278 3280/3280/3280 3275/3275/3275
f 3278/3278/3278 3275/3275/3275 3273/3273/3273
f 3273/3273/3273 3275/3275/3275 3340/3340/3340
f 3273/3273/3273 3340/3340/3340 3277/3277/3277
f 3278/3278/3278 3267/3267/3267 3264/3264/3264
f 3278/3278/3278 3264/3264/3264 3281/3281/3281
f 3281/3281/3281 3283/3283/3283 3280/3280/3280
f 3281/3281/3281 3280/3280/3280 3278/3278/3278
f 3284/3284/3284 3286/3286/3286 3283/3283/3283
f 3284/3284/3284 3283/3283/3283 3281/3281/3281
f 3281/3281/3281 3264/3264/3264 3261/3261/3261
f 3281/3281/3281 3261/3261/3261 3284/3284/3284
f 3261/3261/3261 3258/3258/3258 3288/3288/3288
f 3261/3261/3261 3288/3288/3288 3284/3284/3284
f 3288/3288/3288 3291/3291/3291 3286/3286/3286
f 3288/3288/3288 3286/3286/3286 3284/3284/3284
f 3287/3287/3287 3257/3257/3257 3252/3252/3252
f 3287/3287/3287 3252/3252/3252 3292/3292/3292
f 3292/3292/3292 3294/3294/3294 3290/3290/3290
f 3292/3292/3292 3290/3290/3290 3287/3287/3287
f 3295/3295/3295 3297/3297/3297 3294/3294/3294
f 3295/3295/3295 3294/3294/3294 3292/3292/3292
f 3252/3252/3252 3249/3249/3249 3295/3295/3295
f 3252/3252/3252 3295/3295/3295 3292/3292/3292
f 3295/3295/3295 3298/3298/3298 3300/3300/3300
f 3295/3295/3295 3300/3300/3300 3297/3297/3297
f 3249/3249/3249 3246/3246/3246 3298/3298/3298
f 3249/3249/3249 3298/3298/3298 3295/3295/3295
f 3298/3298/3298 3301/3301/3301 3303/3303/3303
f 3298/3298/3298 3303/3303/3303 3300/3300/3300
f 3298/3298/3298 3246/3246/3246 3243/3243/3243
f 3298/3298/3298 3243/3243/3243 3301/3301/3301
f 3301/3301/3301 3305/3305/3305 3308/3308/3308
f 3301/3301/3301 3308/3308/3308 3303/3303/3303
f 3240/3240/3240 3305/3305/3305 3301/3301/3301
f 3240/3240/3240 3301/3301/3301 3243/3243/3243
f 3236/3236/3236 3309/3309/3309 3304/3304/3304
f 3236/3236/3236 3304/3304/3304 3239/3239/3239
f 3304/3304/3304 3309/3309/3309 3311/3311/3311
f 3304/3304/3304 3311/3311/3311 3307/3307/3307
f 3236/3236/3236 3234/3234/3234 3312/3312/3312
f 3236/3236/3236 3312/3312/3312 3309/3309/3309
f 3309/3309/3309 3312/3312/3312 3314/3314/3314
f 3309/3309/3309 3314/3314/3314 3311/3311/3311
f 3312/3312/3312 3315/3315/3315 3317/3317/3317
f 3312/3312/3312 3317/3317/3317 3314/3314/3314
f 3232/3232/3232 3315/3315/3315 3312/3312/3312
f 3232/3232/3232 3312/3312/3312 3234/3234/3234
f 3232/3232/3232 3230/3230/3230 3318/3318/3318
f 3232/3232/3232 3318/3318/3318 3315/3315/3315
f 3315/3315/3315 3318/3318/3318 3320/3320/3320
f 3315/3315/3315 3320/3320/3320 3317/3317/3317
f 3318/3318/3318 3321/3321/3321 3324/3324/3324
f 3318/3318/3318 3324/3324/3324 3320/3320/3320
f 3227/3227/3227 3321/3321/3321 3318/3318/3318
f 3227/3227/3227 3318/3318/3318 3230/3230/3230
f 3228/3228/3228 3224/3224/3224 3326/3326/3326
f 3228/3228/3228 3326/3326/3326 3322/3322/3322
f 3322/3322/3322 3326/3326/3326 3328/3328/3328
f 3322/3322/3322 3328/3328/3328 3325/3325/3325
f 3326/3326/3326 3329/3329/3329 3331/3331/3331
f 3326/3326/3326 3331/3331/3331 3328/3328/3328
f 3326/3326/3326 3224/3224/3224 3222/3222/3222
f 3326/3326/3326 3222/3222/3222 3329/3329/3329
f 3329/3329/3329 3332/3332/3332 3334/3334/3334
f 3329/3329/3329 3334/3334/3334 3331/3331/3331
f 3329/3329/3329 3222/3222/3222 3220/3220/3220
f 3329/3329/3329 3220/3220/3220 3332/3332/3332
f 3335/3335/3335 3337/3337/3337 3334/3334/3334
f 3335/3335/3335 3334/3334/3334 3332/3332/3332
f 3220/3220/3220 3216/3216/3216 3335/3335/3335
f 3220/3220/3220 3335/3335/3335 3332/3332/3332
f 3276/3276/3276 3339/3339/3339 3337/3337/3337
f 3276/3276/3276 3337/3337/3337 3335/3335/3335
f 3335/3335/3335 3216/3216/3216 3271/3271/3271
f 3335/3335/3335 3271/3271/3271 3276/3276/3276
f 3333/3333/3333 3336/3336/3336 3341/3341/3341
f 3333/3333/3333 3341/3341/3341 3343/3343/3343
f 3336/3336/3336 3338/3338/3338 3274/3274/3274
f 3336/3336/3336 3274/3274/3274 3341/3341/3341
f 3342/3342/3342 3344/3344/3344 3343/3343/3343
f 3342/3342/3342 3343/3343/3343 3341/3341/3341
f 3342/3342/3342 3341/3341/3341 3274/3274/3274
f 3342/3342/3342 3274/3274/3274 3279/3279/3279
f 3347/3347/3347 3345/3345/3345 3343/3343/3343
f 3347/3347/3347 3343/3343/3343 3344/3344/3344
f 3330/3330/3330 3333/3333/3333 3343/3343/3343
f 3330/3330/3330 3343/3343/3343 3345/3345/3345
f 3327/3327/3327 3330/3330/3330 3345/3345/3345
f 3327/3327/3327 3345/3345/3345 3346/3346/3346
f 3347/3347/3347 3348/3348/3348 3346/3346/3346
f 3347/3347/3347 3346/3346/3346 3345/3345/3345
f 3348/3348/3348 3347/3347/3347 3349/3349/3349
f 3348/3348/3348 3349/3349/3349 3352/3352/3352
f 3350/3350/3350 3349/3349/3349 3347/3347/3347
f 3350/3350/3350 3347/3347/3347 3344/3344/3344
f 3351/3351/3351 3349/3349/3349 3350/3350/3350
f 3351/3351/3351 3350/3350/3350 3354/3354/3354
f 3353/3353/3353 3352/3352/3352 3349/3349/3349
f 3353/3353/3353 3349/3349/3349 3351/3351/3351
f 3313/3313/3313 3316/3316/3316 3348/3348/3348
f 3313/3313/3313 3348/3348/3348 3352/3352/3352
f 3310/3310/3310 3313/3313/3313 3352/3352/3352
f 3310/3310/3310 3352/3352/3352 3353/3353/3353
f 3353/3353/3353 3351/3351/3351 3299/3299/3299
f 3353/3353/3353 3299/3299/3299 3302/3302/3302
f 3353/3353/3353 3302/3302/3302 3306/3306/3306
f 3353/3353/3353 3306/3306/3306 3310/3310/3310
f 3296/3296/3296 3299/3299/3299 3351/3351/3351
f 3296/3296/3296 3351/3351/3351 3354/3354/3354
f 3293/3293/3293 3296/3296/3296 3354/3354/3354
f 3293/3293/3293 3354/3354/3354 3355/3355/3355
f 3350/3350/3350 3356/3356/3356 3355/3355/3355
f 3350/3350/3350 3355/3355/3355 3354/3354/3354
f 3355/3355/3355 3356/3356/3356 3282/3282/3282
f 3355/3355/3355 3282/3282/3282 3285/3285/3285
f 3293/3293/3293 3355/3355/3355 3285/3285/3285
f 3293/3293/3293 3285/3285/3285 3289/3289/3289
f 3342/3342/3342 3279/3279/3279 3282/3282/3282
f 3342/3342/3342 3282/3282/3282 3356/3356/3356
f 3342/3342/3342 3356/3356/3356 3350/3350/3350
f 3342/3342/3342 3350/3350/3350 3344/3344/3344
f 3316/3316/3316 3319/3319/3319 3346/3346/3346
f 3316/3316/3316 3346/3346/3346 3348/3348/3348
f 3319/3319/3319 3323/3323/3323 3327/3327/3327
f 3319/3319/3319 3327/3327/3327 3346/3346/3346
f 3168/3168/3168 3269/3269/3269 3214/3214/3214
f 3168/3168/3168 3214/3214/3214 3166/3166/3166
f 3170/3170/3170 3266/3266/3266 3269/3269/3269
f 3170/3170/3170 3269/3269/3269 3168/3168/3168
f 3170/3170/3170 3172/3172/3172 3263/3263/3263
f 3170/3170/3170 3263/3263/3263 3266/3266/3266
f 3172/3172/3172 3174/3174/3174 3260/3260/3260
f 3172/3172/3172 3260/3260/3260 3263/3263/3263
f 3178/3178/3178 3256/3256/3256 3260/3260/3260
f 3178/3178/3178 3260/3260/3260 3174/3174/3174
f 3177/3177/3177 3180/3180/3180 3251/3251/3251
f 3177/3177/3177 3251/3251/3251 3255/3255/3255
f 3182/3182/3182 3248/3248/3248 3251/3251/3251
f 3182/3182/3182 3251/3251/3251 3180/3180/3180
f 3182/3182/3182 3184/3184/3184 3245/3245/3245
f 3182/3182/3182 3245/3245/3245 3248/3248/3248
f 3184/3184/3184 3186/3186/3186 3242/3242/3242
f 3184/3184/3184 3242/3242/3242 3245/3245/3245
f 2393/2393/2393 2779/2779/2779 2859/2859/2859
f 2393/2393/2393 2859/2859/2859 2396/2396/2396
f 2396/2396/2396 2859/2859/2859 2856/2856/2856
f 2396/2396/2396 2856/2856/2856 2398/2398/2398
f 2853/2853/2853 2401/2401/2401 2398/2398/2398
f 2853/2853/2853 2398/2398/2398 2856/2856/2856
f 2851/2851/2851 2406/2406/2406 2401/2401/2401
f 2851/2851/2851 2401/2401/2401 2853/2853/2853
f 2845/2845/2845 2410/2410/2410 2405/2405/2405
f 2845/2845/2845 2405/2405/2405 2850/2850/2850
f 2410/2410/2410 2845/2845/2845 2841/2841/2841
f 2410/2410/2410 2841/2841/2841 2414/2414/2414
f 2838/2838/2838 2417/2417/2417 2414/2414/2414
f 2838/2838/2838 2414/2414/2414 2841/2841/2841
f 2419/2419/2419 2417/2417/2417 2838/2838/2838
f 2419/2419/2419 2838/2838/2838 2836/2836/2836
f 2836/2836/2836 2832/2832/2832 2423/2423/2423
f 2836/2836/2836 2423/2423/2423 2419/2419/2419
f 2424/2424/2424 2833/2833/2833 2826/2826/2826
f 2424/2424/2424 2826/2826/2826 2428/2428/2428
f 2826/2826/2826 2820/2820/2820 2431/2431/2431
f 2826/2826/2826 2431/2431/2431 2428/2428/2428
f 2447/2447/2447 2444/2444/2444 2817/2817/2817
f 2447/2447/2447 2817/2817/2817 3357/3357/3357
f 2817/2817/2817 2809/2809/2809 2804/2804/2804
f 2817/2817/2817 2804/2804/2804 3357/3357/3357
f 2448/2448/2448 3358/3358/3358 3359/3359/3359
f 2448/2448/2448 3359/3359/3359 2762/2762/2762
f 3358/3358/3358 2805/2805/2805 2801/2801/2801
f 3358/3358/3358 2801/2801/2801 3359/3359/3359
f 2797/2797/2797 2766/2766/2766 3359/3359/3359
f 2797/2797/2797 3359/3359/3359 2801/2801/2801
f 2797/2797/2797 2794/2794/2794 2768/2768/2768
f 2797/2797/2797 2768/2768/2768 2766/2766/2766
f 2318/2318/2318 2322/2322/2322 2764/2764/2764
f 2318/2318/2318 2764/2764/2764 2385/2385/2385
f 2302/2302/2302 2374/2374/2374 2371/2371/2371
f 2302/2302/2302 2371/2371/2371 2297/2297/2297
f 2298/2298/2298 2372/2372/2372 2366/2366/2366
f 2298/2298/2298 2366/2366/2366 2290/2290/2290
f 2286/2286/2286 2290/2290/2290 2366/2366/2366
f 2286/2286/2286 2366/2366/2366 2359/2359/2359
f 2270/2270/2270 2350/2350/2350 2340/2340/2340
f 2270/2270/2270 2340/2340/2340 2265/2265/2265
f 2279/2279/2279 2349/2349/2349 2269/2269/2269
f 2279/2279/2279 2269/2269/2269 2272/2272/2272
f 2255/2255/2255 2325/2325/2325 2320/2320/2320
f 2255/2255/2255 2320/2320/2320 2253/2253/2253
f 2251/2251/2251 2253/2253/2253 2320/2320/2320
f 2251/2251/2251 2320/2320/2320 2316/2316/2316
f 2251/2251/2251 2316/2316/2316 2312/2312/2312
f 2251/2251/2251 2312/2312/2312 2248/2248/2248
f 2245/2245/2245 2249/2249/2249 2313/2313/2313
f 2245/2245/2245 2313/2313/2313 2306/2306/2306
f 2245/2245/2245 2306/2306/2306 2301/2301/2301
f 2245/2245/2245 2301/2301/2301 2243/2243/2243
f 2301/2301/2301 2294/2294/2294 2240/2240/2240
f 2301/2301/2301 2240/2240/2240 2243/2243/2243
f 2241/2241/2241 2296/2296/2296 2289/2289/2289
f 2241/2241/2241 2289/2289/2289 2237/2237/2237
f 2275/2275/2275 2237/2237/2237 2289/2289/2289
f 2275/2275/2275 2289/2289/2289 2281/2281/2281
f 2163/2163/2163 2165/2165/2165 2231/2231/2231
f 2163/2163/2163 2231/2231/2231 2227/2227/2227
f 2165/2165/2165 2169/2169/2169 2176/2176/2176
f 2165/2165/2165 2176/2176/2176 2231/2231/2231
f 2224/2224/2224 2161/2161/2161 2163/2163/2163
f 2224/2224/2224 2163/2163/2163 2227/2227/2227
f 2214/2214/2214 2159/2159/2159 2161/2161/2161
f 2214/2214/2214 2161/2161/2161 2224/2224/2224
f 1883/1883/1883 1946/1946/1946 1943/1943/1943
f 1883/1883/1883 1943/1943/1943 3360/3360/3360
f 3360/3360/3360 1943/1943/1943 1937/1937/1937
f 3360/3360/3360 1937/1937/1937 3361/3361/3361
f 3360/3360/3360 3361/3361/3361 1876/1876/1876
f 3360/3360/3360 1876/1876/1876 1879/1879/1879
f 1938/1938/1938 1934/1934/1934 3363/3363/3363
f 1938/1938/1938 3363/3363/3363 3362/3362/3362
f 3362/3362/3362 3363/3363/3363 1870/1870/1870
f 3362/3362/3362 1870/1870/1870 1877/1877/1877
f 1868/1868/1868 1870/1870/1870 3363/3363/3363
f 1868/1868/1868 3363/3363/3363 3364/3364/3364
f 3363/3363/3363 1934/1934/1934 1930/1930/1930
f 3363/3363/3363 1930/1930/1930 3364/3364/3364
f 1927/1927/1927 3365/3365/3365 3364/3364/3364
f 1927/1927/1927 3364/3364/3364 1930/1930/1930
f 1865/1865/1865 1868/1868/1868 3364/3364/3364
f 1865/1865/1865 3364/3364/3364 3365/3365/3365
f 1927/1927/1927 1925/1925/1925 3366/3366/3366
f 1927/1927/1927 3366/3366/3366 3365/3365/3365
f 1865/1865/1865 3365/3365/3365 3366/3366/3366
f 1865/1865/1865 3366/3366/3366 1861/1861/1861
f 3368/3368/3368 1859/1859/1859 1861/1861/1861
f 3368/3368/3368 1861/1861/1861 3366/3366/3366
f 1920/1920/1920 3368/3368/3368 3366/3366/3366
f 1920/1920/1920 3366/3366/3366 1925/1925/1925
f 1916/1916/1916 3369/3369/3369 3367/3367/3367
f 1916/1916/1916 3367/3367/3367 1919/1919/1919
f 3369/3369/3369 1852/1852/1852 1858/1858/1858
f 3369/3369/3369 1858/1858/1858 3367/3367/3367
f 1905/1905/1905 1850/1850/1850 1852/1852/1852
f 1905/1905/1905 1852/1852/1852 3369/3369/3369
f 1916/1916/1916 1907/1907/1907 1905/1905/1905
f 1916/1916/1916 1905/1905/1905 3369/3369/3369
f 1816/1816/1816 1820/1820/1820 1880/1880/1880
f 1816/1816/1816 1880/1880/1880 3370/3370/3370
f 3370/3370/3370 1880/1880/1880 1874/1874/1874
f 3370/3370/3370 1874/1874/1874 3372/3372/3372
f 3370/3370/3370 3372/3372/3372 3374/3374/3374
f 3370/3370/3370 3374/3374/3374 3371/3371/3371
f 3371/3371/3371 1814/1814/1814 1816/1816/1816
f 3371/3371/3371 1816/1816/1816 3370/3370/3370
f 3373/3373/3373 3376/3376/3376 3377/3377/3377
f 3373/3373/3373 3377/3377/3377 3375/3375/3375
f 3373/3373/3373 1875/1875/1875 1871/1871/1871
f 3373/3373/3373 1871/1871/1871 3376/3376/3376
f 3379/3379/3379 3377/3377/3377 3376/3376/3376
f 3379/3379/3379 3376/3376/3376 3378/3378/3378
f 3376/3376/3376 1871/1871/1871 1867/1867/1867
f 3376/3376/3376 1867/1867/1867 3378/3378/3378
f 1864/1864/1864 3380/3380/3380 3378/3378/3378
f 1864/1864/1864 3378/3378/3378 1867/1867/1867
f 3381/3381/3381 3379/3379/3379 3378/3378/3378
f 3381/3381/3381 3378/3378/3378 3380/3380/3380
f 1864/1864/1864 1862/1862/1862 3382/3382/3382
f 1864/1864/1864 3382/3382/3382 3380/3380/3380
f 3381/3381/3381 3380/3380/3380 3382/3382/3382
f 3381/3381/3381 3382/3382/3382 3383/3383/3383
f 3385/3385/3385 3387/3387/3387 3383/3383/3383
f 3385/3385/3385 3383/3383/3383 3382/3382/3382
f 1857/1857/1857 3385/3385/3385 3382/3382/3382
f 1857/1857/1857 3382/3382/3382 1862/1862/1862
f 3388/3388/3388 3389/3389/3389 3386/3386/3386
f 3388/3388/3388 3386/3386/3386 3384/3384/3384
f 1853/1853/1853 3388/3388/3388 3384/3384/3384
f 1853/1853/1853 3384/3384/3384 1856/1856/1856
f 3390/3390/3390 3391/3391/3391 3389/3389/3389
f 3390/3390/3390 3389/3389/3389 3388/3388/3388
f 3390/3390/3390 3388/3388/3388 1853/1853/1853
f 3390/3390/3390 1853/1853/1853 1846/1846/1846
f 3391/3391/3391 3390/3390/3390 1845/1845/1845
f 3391/3391/3391 1845/1845/1845 3394/3394/3394
f 3389/3389/3389 3391/3391/3391 3392/3392/3392
f 3389/3389/3389 3392/3392/3392 3419/3419/3419
f 3392/3392/3392 3391/3391/3391 3394/3394/3394
f 3392/3392/3392 3394/3394/3394 3395/3395/3395
f 3395/3395/3395 3394/3394/3394 3397/3397/3397
f 3395/3395/3395 3397/3397/3397 3399/3399/3399
f 3394/3394/3394 1845/1845/1845 1842/1842/1842
f 3394/3394/3394 1842/1842/1842 3397/3397/3397
f 1837/1837/1837 3402/3402/3402 3398/3398/3398
f 1837/1837/1837 3398/3398/3398 1843/1843/1843
f 3402/3402/3402 3403/3403/3403 3400/3400/3400
f 3402/3402/3402 3400/3400/3400 3398/3398/3398
f 3406/3406/3406 3403/3403/3403 3402/3402/3402
f 3406/3406/3406 3402/3402/3402 3405/3405/3405
f 3402/3402/3402 1837/1837/1837 1833/1833/1833
f 3402/3402/3402 1833/1833/1833 3405/3405/3405
f 3409/3409/3409 3406/3406/3406 3405/3405/3405
f 3409/3409/3409 3405/3405/3405 3408/3408/3408
f 3405/3405/3405 1833/1833/1833 1830/1830/1830
f 3405/3405/3405 1830/1830/1830 3408/3408/3408
f 3411/3411/3411 1806/1806/1806 3409/3409/3409
f 3411/3411/3411 3409/3409/3409 3408/3408/3408
f 3411/3411/3411 3408/3408/3408 1830/1830/1830
f 3411/3411/3411 1830/1830/1830 1828/1828/1828
f 1828/1828/1828 1818/1818/1818 1805/1805/1805
f 1828/1828/1828 1805/1805/1805 3411/3411/3411
f 3412/3412/3412 3410/3410/3410 1807/1807/1807
f 3412/3412/3412 1807/1807/1807 1812/1812/1812
f 3412/3412/3412 3414/3414/3414 3407/3407/3407
f 3412/3412/3412 3407/3407/3407 3410/3410/3410
f 3413/3413/3413 3415/3415/3415 3414/3414/3414
f 3413/3413/3413 3414/3414/3414 3412/3412/3412
f 3437/3437/3437 3413/3413/3413 3412/3412/3412
f 3437/3437/3437 3412/3412/3412 1812/1812/1812
f 3414/3414/3414 3416/3416/3416 3404/3404/3404
f 3414/3414/3414 3404/3404/3404 3407/3407/3407
f 3414/3414/3414 3415/3415/3415 3417/3417/3417
f 3414/3414/3414 3417/3417/3417 3416/3416/3416
f 3416/3416/3416 3396/3396/3396 3401/3401/3401
f 3416/3416/3416 3401/3401/3401 3404/3404/3404
f 3393/3393/3393 3396/3396/3396 3416/3416/3416
f 3393/3393/3393 3416/3416/3416 3417/3417/3417
f 3393/3393/3393 3417/3417/3417 3418/3418/3418
f 3393/3393/3393 3418/3418/3418 3420/3420/3420
f 3418/3418/3418 3417/3417/3417 3415/3415/3415
f 3418/3418/3418 3415/3415/3415 3423/3423/3423
f 3420/3420/3420 3418/3418/3418 3421/3421/3421
f 3420/3420/3420 3421/3421/3421 3439/3439/3439
f 3418/3418/3418 3423/3423/3423 3425/3425/3425
f 3418/3418/3418 3425/3425/3425 3421/3421/3421
f 3415/3415/3415 3413/3413/3413 3424/3424/3424
f 3415/3415/3415 3424/3424/3424 3423/3423/3423
f 3427/3427/3427 3425/3425/3425 3423/3423/3423
f 3427/3427/3427 3423/3423/3423 3424/3424/3424
f 3422/3422/3422 3426/3426/3426 3381/3381/3381
f 3422/3422/3422 3381/3381/3381 3383/3383/3383
f 3381/3381/3381 3426/3426/3426 3428/3428/3428
f 3381/3381/3381 3428/3428/3428 3379/3379/3379
f 3429/3429/3429 3427/3427/3427 3424/3424/3424
f 3429/3429/3429 3424/3424/3424 3434/3434/3434
f 3379/3379/3379 3428/3428/3428 3430/3430/3430
f 3379/3379/3379 3430/3430/3430 3377/3377/3377
f 3436/3436/3436 3432/3432/3432 3429/3429/3429
f 3436/3436/3436 3429/3429/3429 3434/3434/3434
f 3433/3433/3433 3375/3375/3375 3377/3377/3377
f 3433/3433/3433 3377/3377/3377 3430/3430/3430
f 1811/1811/1811 3436/3436/3436 3434/3434/3434
f 1811/1811/1811 3434/3434/3434 3437/3437/3437
f 3424/3424/3424 3413/3413/3413 3437/3437/3437
f 3424/3424/3424 3437/3437/3437 3434/3434/3434
f 3435/3435/3435 3371/3371/3371 3374/3374/3374
f 3435/3435/3435 3374/3374/3374 3431/3431/3431
f 1810/1810/1810 1814/1814/1814 3371/3371/3371
f 1810/1810/1810 3371/3371/3371 3435/3435/3435
f 3387/3387/3387 3440/3440/3440 3422/3422/3422
f 3387/3387/3387 3422/3422/3422 3383/3383/3383
f 3389/3389/3389 3419/3419/3419 3438/3438/3438
f 3389/3389/3389 3438/3438/3438 3386/3386/3386
f 3451/3451/3451 3443/3443/3443 3446/3446/3446
f 3451/3451/3451 3446/3446/3446 3489/3489/3489
f 3442/3442/3442 3449/3449/3449 3633/3633/3633
f 3442/3442/3442 3633/3633/3633 3445/3445/3445
f 3461/3461/3461 3448/3448/3448 3441/3441/3441
f 3461/3461/3461 3441/3441/3441 3458/3458/3458
f 3444/3444/3444 3453/3453/3453 3465/3465/3465
f 3444/3444/3444 3465/3465/3465 3455/3455/3455
f 3457/3457/3457 3463/3463/3463 3625/3625/3625
f 3457/3457/3457 3625/3625/3625 3459/3459/3459
f 3469/3469/3469 3462/3462/3462 3456/3456/3456
f 3469/3469/3469 3456/3456/3456 3466/3466/3466
f 3468/3468/3468 3474/3474/3474 3476/3476/3476
f 3468/3468/3468 3476/3476/3476 3471/3471/3471
f 3482/3482/3482 3472/3472/3472 3467/3467/3467
f 3482/3482/3482 3467/3467/3467 3454/3454/3454
f 3473/3473/3473 3479/3479/3479 3540/3540/3540
f 3473/3473/3473 3540/3540/3540 3475/3475/3475
f 3485/3485/3485 3477/3477/3477 3472/3472/3472
f 3485/3485/3485 3472/3472/3472 3482/3482/3482
f 3483/3483/3483 3481/3481/3481 3487/3487/3487
f 3483/3483/3483 3487/3487/3487 3488/3488/3488
f 3452/3452/3452 3490/3490/3490 3486/3486/3486
f 3452/3452/3452 3486/3486/3486 3480/3480/3480
f 3492/3492/3492 3488/3488/3488 3487/3487/3487
f 3491/3491/3491 3495/3495/3495 3492/3492/3492
f 3491/3491/3491 3492/3492/3492 3487/3487/3487
f 3498/3498/3498 3496/3496/3496 3492/3492/3492
f 3498/3498/3498 3492/3492/3492 3495/3495/3495
f 3496/3496/3496 3502/3502/3502 3488/3488/3488
f 3496/3496/3496 3488/3488/3488 3492/3492/3492
f 3498/3498/3498 3602/3602/3602 3501/3501/3501
f 3498/3498/3498 3501/3501/3501 3496/3496/3496
f 3502/3502/3502 3496/3496/3496 3501/3501/3501
f 3502/3502/3502 3501/3501/3501 3506/3506/3506
f 3503/3503/3503 3483/3483/3483 3488/3488/3488
f 3503/3503/3503 3488/3488/3488 3502/3502/3502
f 3503/3503/3503 3502/3502/3502 3506/3506/3506
f 3503/3503/3503 3506/3506/3506 3509/3509/3509
f 3516/3516/3516 3508/3508/3508 3505/3505/3505
f 3516/3516/3516 3505/3505/3505 3511/3511/3511
f 3501/3501/3501 3512/3512/3512 3506/3506/3506
f 3519/3519/3519 3516/3516/3516 3511/3511/3511
f 3519/3519/3519 3511/3511/3511 3513/3513/3513
f 3600/3600/3600 3513/3513/3513 3511/3511/3511
f 3600/3600/3600 3511/3511/3511 3500/3500/3500
f 3522/3522/3522 3515/3515/3515 3518/3518/3518
f 3522/3522/3522 3518/3518/3518 3526/3526/3526
f 3532/3532/3532 3507/3507/3507 3515/3515/3515
f 3532/3532/3532 3515/3515/3515 3522/3522/3522
f 3524/3524/3524 3570/3570/3570 3527/3527/3527
f 3524/3524/3524 3527/3527/3527 3521/3521/3521
f 3529/3529/3529 3521/3521/3521 3527/3527/3527
f 3529/3529/3529 3527/3527/3527 3535/3535/3535
f 3533/3533/3533 3504/3504/3504 3510/3510/3510
f 3533/3533/3533 3510/3510/3510 3530/3530/3530
f 3534/3534/3534 3531/3531/3531 3536/3536/3536
f 3534/3534/3534 3536/3536/3536 3539/3539/3539
f 3528/3528/3528 3538/3538/3538 3536/3536/3536
f 3541/3541/3541 3539/3539/3539 3536/3536/3536
f 3541/3541/3541 3536/3536/3536 3538/3538/3538
f 3539/3539/3539 3541/3541/3541 3545/3545/3545
f 3539/3539/3539 3545/3545/3545 3540/3540/3540
f 3534/3534/3534 3539/3539/3539 3540/3540/3540
f 3534/3534/3534 3540/3540/3540 3479/3479/3479
f 3544/3544/3544 3541/3541/3541 3538/3538/3538
f 3544/3544/3544 3538/3538/3538 3568/3568/3568
f 3544/3544/3544 3548/3548/3548 3545/3545/3545
f 3544/3544/3544 3545/3545/3545 3541/3541/3541
f 3475/3475/3475 3540/3540/3540 3545/3545/3545
f 3548/3548/3548 3470/3470/3470 3475/3475/3475
f 3548/3548/3548 3475/3475/3475 3545/3545/3545
f 3546/3546/3546 3549/3549/3549 3462/3462/3462
f 3546/3546/3546 3462/3462/3462 3469/3469/3469
f 3542/3542/3542 3553/3553/3553 3550/3550/3550
f 3542/3542/3542 3550/3550/3550 3547/3547/3547
f 3464/3464/3464 3551/3551/3551 3552/3552/3552
f 3464/3464/3464 3552/3552/3552 3626/3626/3626
f 3554/3554/3554 3556/3556/3556 3552/3552/3552
f 3554/3554/3554 3552/3552/3552 3551/3551/3551
f 3554/3554/3554 3559/3559/3559 3562/3562/3562
f 3554/3554/3554 3562/3562/3562 3556/3556/3556
f 3567/3567/3567 3560/3560/3560 3555/3555/3555
f 3567/3567/3567 3555/3555/3555 3543/3543/3543
f 3558/3558/3558 3564/3564/3564 3571/3571/3571
f 3558/3558/3558 3571/3571/3571 3561/3561/3561
f 3569/3569/3569 3563/3563/3563 3557/3557/3557
f 3569/3569/3569 3557/3557/3557 3565/3565/3565
f 3570/3570/3570 3566/3566/3566 3537/3537/3537
f 3570/3570/3570 3537/3537/3537 3527/3527/3527
f 3523/3523/3523 3573/3573/3573 3563/3563/3563
f 3523/3523/3523 3563/3563/3563 3569/3569/3569
f 3574/3574/3574 3577/3577/3577 3571/3571/3571
f 3574/3574/3574 3571/3571/3571 3564/3564/3564
f 3584/3584/3584 3578/3578/3578 3576/3576/3576
f 3584/3584/3584 3576/3576/3576 3581/3581/3581
f 3575/3575/3575 3525/3525/3525 3517/3517/3517
f 3575/3575/3575 3517/3517/3517 3580/3580/3580
f 3582/3582/3582 3587/3587/3587 3589/3589/3589
f 3582/3582/3582 3589/3589/3589 3586/3586/3586
f 3583/3583/3583 3520/3520/3520 3514/3514/3514
f 3583/3583/3583 3514/3514/3514 3588/3588/3588
f 3587/3587/3587 3591/3591/3591 3598/3598/3598
f 3587/3587/3587 3598/3598/3598 3589/3589/3589
f 3588/3588/3588 3514/3514/3514 3601/3601/3601
f 3588/3588/3588 3601/3601/3601 3592/3592/3592
f 3594/3594/3594 3603/3603/3603 3499/3499/3499
f 3594/3594/3594 3499/3499/3499 3597/3597/3597
f 3596/3596/3596 3604/3604/3604 3599/3599/3599
f 3596/3596/3596 3599/3599/3599 3593/3593/3593
f 3604/3604/3604 3611/3611/3611 3606/3606/3606
f 3604/3604/3604 3606/3606/3606 3599/3599/3599
f 3599/3599/3599 3606/3606/3606 3590/3590/3590
f 3609/3609/3609 3586/3586/3586 3589/3589/3589
f 3609/3609/3609 3589/3589/3589 3605/3605/3605
f 3614/3614/3614 3610/3610/3610 3606/3606/3606
f 3614/3614/3614 3606/3606/3606 3611/3611/3611
f 3611/3611/3611 3604/3604/3604 3635/3635/3635
f 3611/3611/3611 3635/3635/3635 3612/3612/3612
f 3614/3614/3614 3611/3611/3611 3612/3612/3612
f 3614/3614/3614 3612/3612/3612 3619/3619/3619
f 3613/3613/3613 3616/3616/3616 3631/3631/3631
f 3613/3613/3613 3631/3631/3631 3608/3608/3608
f 3616/3616/3616 3613/3613/3613 3618/3618/3618
f 3616/3616/3616 3618/3618/3618 3621/3621/3621
f 3622/3622/3622 3617/3617/3617 3448/3448/3448
f 3622/3622/3622 3448/3448/3448 3461/3461/3461
f 3450/3450/3450 3619/3619/3619 3612/3612/3612
f 3450/3450/3450 3612/3612/3612 3634/3634/3634
f 3620/3620/3620 3460/3460/3460 3626/3626/3626
f 3620/3620/3620 3626/3626/3626 3623/3623/3623
f 3615/3615/3615 3620/3620/3620 3623/3623/3623
f 3615/3615/3615 3623/3623/3623 3624/3624/3624
f 3556/3556/3556 3624/3624/3624 3623/3623/3623
f 3556/3556/3556 3623/3623/3623 3552/3552/3552
f 3552/3552/3552 3623/3623/3623 3626/3626/3626
f 3615/3615/3615 3624/3624/3624 3628/3628/3628
f 3615/3615/3615 3628/3628/3628 3630/3630/3630
f 3624/3624/3624 3556/3556/3556 3562/3562/3562
f 3624/3624/3624 3562/3562/3562 3628/3628/3628
f 3577/3577/3577 3629/3629/3629 3627/3627/3627
f 3577/3577/3577 3627/3627/3627 3571/3571/3571
f 3562/3562/3562 3572/3572/3572 3628/3628/3628
f 3607/3607/3607 3632/3632/3632 3579/3579/3579
f 3607/3607/3607 3579/3579/3579 3585/3585/3585
f 3635/3635/3635 3634/3634/3634 3612/3612/3612
f 3638/3638/3638 3447/3447/3447 3634/3634/3634
f 3638/3638/3638 3634/3634/3634 3635/3635/3635
f 3596/3596/3596 3638/3638/3638 3635/3635/3635
f 3596/3596/3596 3635/3635/3635 3604/3604/3604
f 3489/3489/3489 3446/3446/3446 3637/3637/3637
f 3489/3489/3489 3637/3637/3637 3493/3493/3493
f 3494/3494/3494 3636/3636/3636 3595/3595/3595
f 3494/3494/3494 3595/3595/3595 3497/3497/3497
f 3504/3504/3504 3533/3533/3533 3478/3478/3478
f 3504/3504/3504 3478/3478/3478 3484/3484/3484
f 3646/3646/3646 3639/3639/3639 3641/3641/3641
f 3646/3646/3646 3641/3641/3641 3765/3765/3765
f 3640/3640/3640 3645/3645/3645 3788/3788/3788
f 3640/3640/3640 3788/3788/3788 3643/3643/3643
f 3651/3651/3651 3645/3645/3645 3640/3640/3640
f 3651/3651/3651 3640/3640/3640 3649/3649/3649
f 3646/3646/3646 3652/3652/3652 3648/3648/3648
f 3646/3646/3646 3648/3648/3648 3639/3639/3639
f 3661/3661/3661 3651/3651/3651 3649/3649/3649
f 3661/3661/3661 3649/3649/3649 3655/3655/3655
f 3652/3652/3652 3658/3658/3658 3654/3654/3654
f 3652/3652/3652 3654/3654/3654 3648/3648/3648
f 3712/3712/3712 3656/3656/3656 3654/3654/3654
f 3712/3712/3712 3654/3654/3654 3658/3658/3658
f 3655/3655/3655 3657/3657/3657 3665/3665/3665
f 3655/3655/3655 3665/3665/3665 3661/3661/3661
f 3662/3662/3662 3809/3809/3809 3650/3650/3650
f 3662/3662/3662 3650/3650/3650 3660/3660/3660
f 3664/3664/3664 3661/3661/3661 3665/3665/3665
f 3664/3664/3664 3665/3665/3665 3670/3670/3670
f 3657/3657/3657 3717/3717/3717 3667/3667/3667
f 3657/3657/3657 3667/3667/3667 3665/3665/3665
f 3665/3665/3665 3667/3667/3667 3670/3670/3670
f 3674/3674/3674 3663/3663/3663 3669/3669/3669
f 3674/3674/3674 3669/3669/3669 3672/3672/3672
f 3673/3673/3673 3671/3671/3671 3668/3668/3668
f 3673/3673/3673 3668/3668/3668 3666/3666/3666
f 3675/3675/3675 3671/3671/3671 3673/3673/3673
f 3675/3675/3675 3673/3673/3673 3681/3681/3681
f 3677/3677/3677 3674/3674/3674 3672/3672/3672
f 3677/3677/3677 3672/3672/3672 3676/3676/3676
f 3677/3677/3677 3676/3676/3676 3679/3679/3679
f 3677/3677/3677 3679/3679/3679 3814/3814/3814
f 3675/3675/3675 3681/3681/3681 3682/3682/3682
f 3675/3675/3675 3682/3682/3682 3678/3678/3678
f 3684/3684/3684 3686/3686/3686 3682/3682/3682
f 3684/3684/3684 3682/3682/3682 3681/3681/3681
f 3681/3681/3681 3673/3673/3673 3690/3690/3690
f 3681/3681/3681 3690/3690/3690 3684/3684/3684
f 3685/3685/3685 3693/3693/3693 3696/3696/3696
f 3685/3685/3685 3696/3696/3696 3687/3687/3687
f 3691/3691/3691 3701/3701/3701 3693/3693/3693
f 3691/3691/3691 3693/3693/3693 3685/3685/3685
f 3692/3692/3692 3698/3698/3698 3834/3834/3834
f 3692/3692/3692 3834/3834/3834 3694/3694/3694
f 3692/3692/3692 3700/3700/3700 3702/3702/3702
f 3692/3692/3692 3702/3702/3702 3698/3698/3698
f 3700/3700/3700 3706/3706/3706 3710/3710/3710
f 3700/3700/3700 3710/3710/3710 3702/3702/3702
f 3701/3701/3701 3691/3691/3691 3718/3718/3718
f 3701/3701/3701 3718/3718/3718 3707/3707/3707
f 3705/3705/3705 3713/3713/3713 3719/3719/3719
f 3705/3705/3705 3719/3719/3719 3708/3708/3708
f 3704/3704/3704 3715/3715/3715 3656/3656/3656
f 3704/3704/3704 3656/3656/3656 3712/3712/3712
f 3690/3690/3690 3673/3673/3673 3666/3666/3666
f 3690/3690/3690 3666/3666/3666 3716/3716/3716
f 3659/3659/3659 3723/3723/3723 3721/3721/3721
f 3659/3659/3659 3721/3721/3721 3714/3714/3714
f 3722/3722/3722 3727/3727/3727 3724/3724/3724
f 3722/3722/3722 3724/3724/3724 3720/3720/3720
f 3720/3720/3720 3724/3724/3724 3709/3709/3709
f 3726/3726/3726 3703/3703/3703 3711/3711/3711
f 3726/3726/3726 3711/3711/3711 3725/3725/3725
f 3732/3732/3732 3726/3726/3726 3725/3725/3725
f 3732/3732/3732 3725/3725/3725 3729/3729/3729
f 3731/3731/3731 3728/3728/3728 3723/3723/3723
f 3731/3731/3731 3723/3723/3723 3769/3769/3769
f 3734/3734/3734 3732/3732/3732 3729/3729/3729
f 3734/3734/3734 3729/3729/3729 3730/3730/3730
f 3839/3839/3839 3726/3726/3726 3732/3732/3732
f 3839/3839/3839 3732/3732/3732 3733/3733/3733
f 3736/3736/3736 3733/3733/3733 3732/3732/3732
f 3736/3736/3736 3732/3732/3732 3734/3734/3734
f 3735/3735/3735 3734/3734/3734 3730/3730/3730
f 3735/3735/3735 3730/3730/3730 3758/3758/3758
f 3739/3739/3739 3736/3736/3736 3734/3734/3734
f 3739/3739/3739 3734/3734/3734 3735/3735/3735
f 3733/3733/3733 3736/3736/3736 3737/3737/3737
f 3733/3733/3733 3737/3737/3737 3842/3842/3842
f 3736/3736/3736 3739/3739/3739 3741/3741/3741
f 3736/3736/3736 3741/3741/3741 3737/3737/3737
f 3739/3739/3739 3743/3743/3743 3745/3745/3745
f 3739/3739/3739 3745/3745/3745 3741/3741/3741
f 3739/3739/3739 3735/3735/3735 3748/3748/3748
f 3739/3739/3739 3748/3748/3748 3743/3743/3743
f 3743/3743/3743 3747/3747/3747 3880/3880/3880
f 3743/3743/3743 3880/3880/3880 3745/3745/3745
f 3743/3743/3743 3748/3748/3748 3750/3750/3750
f 3743/3743/3743 3750/3750/3750 3747/3747/3747
f 3750/3750/3750 3748/3748/3748 3752/3752/3752
f 3750/3750/3750 3752/3752/3752 3756/3756/3756
f 3735/3735/3735 3758/3758/3758 3752/3752/3752
f 3735/3735/3735 3752/3752/3752 3748/3748/3748
f 3760/3760/3760 3753/3753/3753 3751/3751/3751
f 3757/3757/3757 3767/3767/3767 3760/3760/3760
f 3757/3757/3757 3760/3760/3760 3751/3751/3751
f 3763/3763/3763 3770/3770/3770 3754/3754/3754
f 3763/3763/3763 3754/3754/3754 3761/3761/3761
f 3647/3647/3647 3766/3766/3766 3762/3762/3762
f 3647/3647/3647 3762/3762/3762 3768/3768/3768
f 3768/3768/3768 3769/3769/3769 3653/3653/3653
f 3768/3768/3768 3653/3653/3653 3647/3647/3647
f 3759/3759/3759 3731/3731/3731 3769/3769/3769
f 3759/3759/3759 3769/3769/3769 3768/3768/3768
f 3769/3769/3769 3723/3723/3723 3659/3659/3659
f 3769/3769/3769 3659/3659/3659 3653/3653/3653
f 3764/3764/3764 3642/3642/3642 3778/3778/3778
f 3764/3764/3764 3778/3778/3778 3772/3772/3772
f 3774/3774/3774 3749/3749/3749 3755/3755/3755
f 3774/3774/3774 3755/3755/3755 3771/3771/3771
f 3773/3773/3773 3777/3777/3777 3781/3781/3781
f 3773/3773/3773 3781/3781/3781 3775/3775/3775
f 3780/3780/3780 3776/3776/3776 3782/3782/3782
f 3780/3780/3780 3782/3782/3782 3784/3784/3784
f 3779/3779/3779 3643/3643/3643 3788/3788/3788
f 3779/3779/3779 3788/3788/3788 3783/3783/3783
f 3792/3792/3792 3784/3784/3784 3782/3782/3782
f 3792/3792/3792 3782/3782/3782 3785/3785/3785
f 3788/3788/3788 3787/3787/3787 3783/3783/3783
f 3645/3645/3645 3791/3791/3791 3787/3787/3787
f 3645/3645/3645 3787/3787/3787 3788/3788/3788
f 3794/3794/3794 3793/3793/3793 3786/3786/3786
f 3794/3794/3794 3786/3786/3786 3790/3790/3790
f 3794/3794/3794 3801/3801/3801 3796/3796/3796
f 3794/3794/3794 3796/3796/3796 3793/3793/3793
f 3792/3792/3792 3795/3795/3795 3797/3797/3797
f 3792/3792/3792 3797/3797/3797 3784/3784/3784
f 3797/3797/3797 3795/3795/3795 3798/3798/3798
f 3797/3797/3797 3798/3798/3798 3883/3883/3883
f 3801/3801/3801 3804/3804/3804 3800/3800/3800
f 3801/3801/3801 3800/3800/3800 3796/3796/3796
f 3801/3801/3801 3805/3805/3805 3807/3807/3807
f 3801/3801/3801 3807/3807/3807 3804/3804/3804
f 3794/3794/3794 3808/3808/3808 3805/3805/3805
f 3794/3794/3794 3805/3805/3805 3801/3801/3801
f 3805/3805/3805 3677/3677/3677 3814/3814/3814
f 3805/3805/3805 3814/3814/3814 3807/3807/3807
f 3808/3808/3808 3674/3674/3674 3677/3677/3677
f 3808/3808/3808 3677/3677/3677 3805/3805/3805
f 3674/3674/3674 3808/3808/3808 3810/3810/3810
f 3674/3674/3674 3810/3810/3810 3663/3663/3663
f 3808/3808/3808 3794/3794/3794 3790/3790/3790
f 3808/3808/3808 3790/3790/3790 3810/3810/3810
f 3809/3809/3809 3789/3789/3789 3644/3644/3644
f 3809/3809/3809 3644/3644/3644 3650/3650/3650
f 3803/3803/3803 3806/3806/3806 3812/3812/3812
f 3803/3803/3803 3812/3812/3812 3855/3855/3855
f 3806/3806/3806 3813/3813/3813 3816/3816/3816
f 3806/3806/3806 3816/3816/3816 3812/3812/3812
f 3817/3817/3817 3815/3815/3815 3680/3680/3680
f 3817/3817/3817 3680/3680/3680 3820/3820/3820
f 3811/3811/3811 3817/3817/3817 3818/3818/3818
f 3811/3811/3811 3818/3818/3818 3850/3850/3850
f 3818/3818/3818 3817/3817/3817 3820/3820/3820
f 3818/3818/3818 3820/3820/3820 3821/3821/3821
f 3688/3688/3688 3821/3821/3821 3820/3820/3820
f 3688/3688/3688 3820/3820/3820 3683/3683/3683
f 3680/3680/3680 3683/3683/3683 3820/3820/3820
f 3689/3689/3689 3697/3697/3697 3825/3825/3825
f 3689/3689/3689 3825/3825/3825 3822/3822/3822
f 3822/3822/3822 3825/3825/3825 3827/3827/3827
f 3822/3822/3822 3827/3827/3827 3819/3819/3819
f 3826/3826/3826 3824/3824/3824 3830/3830/3830
f 3826/3826/3826 3830/3830/3830 3832/3832/3832
f 3823/3823/3823 3695/3695/3695 3835/3835/3835
f 3823/3823/3823 3835/3835/3835 3829/3829/3829
f 3840/3840/3840 3831/3831/3831 3828/3828/3828
f 3840/3840/3840 3828/3828/3828 3837/3837/3837
f 3828/3828/3828 3833/3833/3833 3837/3837/3837
f 3733/3733/3733 3842/3842/3842 3838/3838/3838
f 3733/3733/3733 3838/3838/3838 3839/3839/3839
f 3699/3699/3699 3839/3839/3839 3838/3838/3838
f 3699/3699/3699 3838/3838/3838 3836/3836/3836
f 3841/3841/3841 3738/3738/3738 3843/3843/3843
f 3841/3841/3841 3843/3843/3843 3832/3832/3832
f 3699/3699/3699 3703/3703/3703 3726/3726/3726
f 3699/3699/3699 3726/3726/3726 3839/3839/3839
f 3832/3832/3832 3843/3843/3843 3847/3847/3847
f 3832/3832/3832 3847/3847/3847 3826/3826/3826
f 3738/3738/3738 3742/3742/3742 3845/3845/3845
f 3738/3738/3738 3845/3845/3845 3843/3843/3843
f 3843/3843/3843 3845/3845/3845 3849/3849/3849
f 3843/3843/3843 3849/3849/3849 3847/3847/3847
f 3853/3853/3853 3851/3851/3851 3846/3846/3846
f 3853/3853/3853 3846/3846/3846 3848/3848/3848
f 3851/3851/3851 3819/3819/3819 3827/3827/3827
f 3851/3851/3851 3827/3827/3827 3846/3846/3846
f 3854/3854/3854 3811/3811/3811 3850/3850/3850
f 3854/3854/3854 3850/3850/3850 3852/3852/3852
f 3852/3852/3852 3856/3856/3856 3859/3859/3859
f 3852/3852/3852 3859/3859/3859 3854/3854/3854
f 3853/3853/3853 3848/3848/3848 3866/3866/3866
f 3853/3853/3853 3866/3866/3866 3857/3857/3857
f 3856/3856/3856 3861/3861/3861 3884/3884/3884
f 3856/3856/3856 3884/3884/3884 3859/3859/3859
f 3858/3858/3858 3865/3865/3865 3873/3873/3873
f 3858/3858/3858 3873/3873/3873 3863/3863/3863
f 3849/3849/3849 3845/3845/3845 3870/3870/3870
f 3849/3849/3849 3870/3870/3870 3867/3867/3867
f 3872/3872/3872 3864/3864/3864 3868/3868/3868
f 3872/3872/3872 3868/3868/3868 3877/3877/3877
f 3862/3862/3862 3874/3874/3874 3876/3876/3876
f 3862/3862/3862 3876/3876/3876 3882/3882/3882
f 3875/3875/3875 3871/3871/3871 3878/3878/3878
f 3875/3875/3875 3878/3878/3878 3746/3746/3746
f 3869/3869/3869 3744/3744/3744 3879/3879/3879
f 3746/3746/3746 3749/3749/3749 3774/3774/3774
f 3746/3746/3746 3774/3774/3774 3875/3875/3875
f 3775/3775/3775 3781/3781/3781 3882/3882/3882
f 3775/3775/3775 3882/3882/3882 3876/3876/3876
f 3881/3881/3881 3797/3797/3797 3883/3883/3883
f 3881/3881/3881 3883/3883/3883 3860/3860/3860
f 3784/3784/3784 3797/3797/3797 3881/3881/3881
f 3784/3784/3784 3881/3881/3881 3780/3780/3780
f 3844/3844/3844 3740/3740/3740 3744/3744/3744
f 3844/3844/3844 3744/3744/3744 3869/3869/3869
f 3859/3859/3859 3884/3884/3884 3799/3799/3799
f 3802/3802/3802 3854/3854/3854 3859/3859/3859
f 3802/3802/3802 3859/3859/3859 3799/3799/3799
o modern_arm_chair_01
usemtl modern_arm_chair_01_pillow
v 0.3516226 0.5168691 0.3770480
v 0.3516226 0.5168691 0.3770480
v 0.3516226 0.5168691 0.3770480
v -0.3480919 0.4847121 0.3835348
v -0.3480919 0.4847121 0.3835348
v -0.3480919 0.4847121 0.3835348
v 0.2415912 0.5162747 0.3705948
v 0.2415912 0.5162747 0.3705948
v 0.0690451 0.5111409 0.3617363
v 0.0690451 0.5111409 0.3617363
v -0.0607268 0.5095166 0.3684510
v -0.0607268 0.5095166 0.3684510
v -0.1046591 0.5116308 0.3697637
v -0.1046591 0.5116308 0.3697637
v -0.1928823 0.5168611 0.3683380
v -0.1928823 0.5168611 0.3683380
v -0.2334186 0.5185593 0.3685277
v -0.2334186 0.5185593 0.3685277
v -0.3126382 0.5237349 0.3765608
v -0.3126382 0.5237349 0.3765608
v 0.2417734 0.4718404 0.3749818
v 0.2417734 0.4718404 0.3749818
v -0.0180224 0.4686469 0.3704160
v -0.0180224 0.4686469 0.3704160
v -0.0612578 0.4696255 0.3719847
v -0.0612578 0.4696255 0.3719847
v -0.1050427 0.4721399 0.3732076
v -0.1050427 0.4721399 0.3732076
v -0.1494341 0.4743980 0.3724308
v -0.1494341 0.4743980 0.3724308
v -0.2727766 0.4812672 0.3750958
v -0.2727766 0.4812672 0.3750958
v 0.3542036 0.5091597 0.3798747
v 0.3542036 0.5091597 0.3798747
v 0.3571891 0.4983014 0.3830680
v 0.3571891 0.4983014 0.3830680
v 0.3580515 0.4870194 0.3838463
v 0.3580515 0.4870194 0.3838463
v 0.3215221 0.5062407 0.3797312
v 0.3201496 0.4949980 0.3795592
v 0.3207663 0.4843498 0.3793011
v 0.2829480 0.5065768 0.3801612
v 0.2828772 0.4948084 0.3822423
v 0.2830779 0.4829790 0.3819421
v 0.2410913 0.5063580 0.3762444
v 0.2413656 0.4945697 0.3789186
v 0.2415175 0.4825956 0.3790409
v 0.1997912 0.5069542 0.3749419
v 0.2000502 0.4947809 0.3776298
v 0.2002223 0.4824699 0.3771303
v 0.1567041 0.5062328 0.3721194
v 0.1570894 0.4942392 0.3747469
v 0.1573177 0.4820959 0.3742536
v 0.1128981 0.5042630 0.3691059
v 0.1129952 0.4924482 0.3712727
v 0.1132650 0.4805282 0.3714365
v 0.0693211 0.5032687 0.3708735
v 0.0693719 0.4913943 0.3742262
v 0.0693276 0.4789832 0.3742626
v 0.0254952 0.5034330 0.3747554
v 0.0254204 0.4912516 0.3784583
v 0.0252411 0.4784491 0.3773901
v -0.0177334 0.5035092 0.3752195
v -0.0178947 0.4913985 0.3790258
v -0.0180140 0.4787359 0.3774678
v -0.0608345 0.5051489 0.3769802
v -0.0610129 0.4929297 0.3805320
v -0.0612014 0.4801799 0.3790035
v -0.1048249 0.5066572 0.3784230
v -0.1049960 0.4945122 0.3814804
v -0.1050571 0.4819896 0.3800947
v -0.1493736 0.5081614 0.3766750
v -0.1494032 0.4964270 0.3793282
v -0.1494182 0.4843849 0.3783543
v -0.1927858 0.5099396 0.3759704
v -0.1927793 0.4983610 0.3785244
v -0.1928060 0.4864788 0.3775932
v -0.2329565 0.5115873 0.3764623
v -0.2328865 0.5002045 0.3793937
v -0.2330136 0.4884824 0.3789736
v -0.2721343 0.5138490 0.3788861
v -0.2719555 0.5025712 0.3821305
v -0.2721071 0.4908132 0.3812409
v -0.3106325 0.5150916 0.3822891
v -0.3103729 0.5037422 0.3841733
v -0.3101009 0.4925727 0.3830328
v -0.3272340 0.4182979 -0.3328182
v -0.3272340 0.4182979 -0.3328182
v -0.3272340 0.4182979 -0.3328182
v -0.3450331 0.5212660 0.3460636
v -0.3450331 0.5212660 0.3460636
v -0.3442189 0.5166007 0.3052436
v -0.3442189 0.5166007 0.3052436
v -0.3497075 0.5069193 0.2183108
v -0.3497075 0.5069193 0.2183108
v -0.3397697 0.4934544 0.0489378
v -0.3397697 0.4934544 0.0489378
v -0.3391486 0.4887406 -0.0359900
v -0.3391486 0.4887406 -0.0359900
v -0.3387521 0.4790417 0.3477347
v -0.3387521 0.4790417 0.3477347
v -0.3471963 0.4666438 0.2622326
v -0.3471963 0.4666438 0.2622326
v -0.3492591 0.4614848 0.2205859
v -0.3492591 0.4614848 0.2205859
v -0.3484250 0.4570166 0.1790244
v -0.3484250 0.4570166 0.1790244
v -0.3459909 0.4530257 0.1371789
v -0.3459909 0.4530257 0.1371789
v -0.3435598 0.4499150 0.0945855
v -0.3435598 0.4499150 0.0945855
v -0.3421078 0.4467643 0.0531183
v -0.3421078 0.4467643 0.0531183
v -0.3415334 0.4440482 0.0113589
v -0.3415334 0.4440482 0.0113589
v -0.3408366 0.4419182 -0.0311830
v -0.3408366 0.4419182 -0.0311830
v -0.3397257 0.4244512 -0.2011944
v -0.3397257 0.4244512 -0.2011944
v -0.3331949 0.4199063 -0.2477727
v -0.3331949 0.4199063 -0.2477727
v -0.3260509 0.4170349 -0.2963821
v -0.3260509 0.4170349 -0.2963821
v -0.3494745 0.5157215 0.3818787
v -0.3494745 0.5157215 0.3818787
v -0.3496402 0.5048155 0.3832543
v -0.3496402 0.5048155 0.3832543
v -0.3493983 0.4936678 0.3840439
v -0.3493983 0.4936678 0.3840439
v -0.3261926 0.4274032 -0.3332487
v -0.3261926 0.4274032 -0.3332487
v -0.3469417 0.5111299 0.3451234
v -0.3456519 0.5001871 0.3454332
v -0.3433048 0.4889850 0.3465511
v -0.3461181 0.5060427 0.3043104
v -0.3454482 0.4943440 0.3048279
v -0.3439978 0.4826280 0.3053921
v -0.3537101 0.5009717 0.2596218
v -0.3548551 0.4888055 0.2604433
v -0.3531177 0.4766914 0.2612405
v -0.3535539 0.4956240 0.2176479
v -0.3549352 0.4838247 0.2185854
v -0.3539096 0.4720639 0.2195662
v -0.3530605 0.4913610 0.1757841
v -0.3547806 0.4793689 0.1766652
v -0.3532014 0.4675533 0.1777868
v -0.3507793 0.4879800 0.1333713
v -0.3523144 0.4757718 0.1342863
v -0.3511367 0.4637149 0.1355783
v -0.3482870 0.4852852 0.0907235
v -0.3506745 0.4727308 0.0916290
v -0.3495268 0.4603183 0.0930022
v -0.3475360 0.4828199 0.0495934
v -0.3505312 0.4698210 0.0505655
v -0.3488244 0.4571147 0.0517619
v -0.3467468 0.4805980 0.0078912
v -0.3496683 0.4676261 0.0089872
v -0.3480973 0.4547642 0.0101812
v -0.3459055 0.4778855 -0.0346690
v -0.3478880 0.4652469 -0.0333955
v -0.3466724 0.4527184 -0.0322515
v -0.3452255 0.4749724 -0.0776396
v -0.3469476 0.4626913 -0.0764266
v -0.3457419 0.4504479 -0.0752405
v -0.3436823 0.4715571 -0.1202538
v -0.3450803 0.4595181 -0.1190998
v -0.3439884 0.4474435 -0.1179799
v -0.3420664 0.4662085 -0.1616612
v -0.3435777 0.4544508 -0.1606121
v -0.3427980 0.4425007 -0.1597255
v -0.3415068 0.4606810 -0.2024683
v -0.3437065 0.4485179 -0.2017123
v -0.3431118 0.4360604 -0.2013467
v -0.3338925 0.4600400 -0.2453404
v -0.3364865 0.4465714 -0.2457313
v -0.3368538 0.4324540 -0.2466302
v -0.3248048 0.4589535 -0.2905245
v -0.3276165 0.4450748 -0.2920771
v -0.3291749 0.4304414 -0.2938848
v -0.3489041 0.5238428 0.3804315
v -0.3489041 0.5238428 0.3804315
v -0.3489041 0.5238428 0.3804315
v -0.3211024 0.4617903 -0.3292613
v -0.3211024 0.4617903 -0.3292613
v -0.3211024 0.4617903 -0.3292613
v 0.3214604 0.5172724 0.3765107
v 0.3214604 0.5172724 0.3765107
v 0.2836839 0.5165682 0.3751594
v 0.2836839 0.5165682 0.3751594
v 0.1996561 0.5167034 0.3681017
v 0.1996561 0.5167034 0.3681017
v 0.1562510 0.5159317 0.3653324
v 0.1562510 0.5159317 0.3653324
v 0.1123244 0.5133278 0.3615789
v 0.1123244 0.5133278 0.3615789
v 0.0257374 0.5091998 0.3645060
v 0.0257374 0.5091998 0.3645060
v -0.0172947 0.5075734 0.3655231
v -0.0172947 0.5075734 0.3655231
v -0.1493708 0.5137843 0.3684662
v -0.1493708 0.5137843 0.3684662
v -0.2731764 0.5209116 0.3713848
v -0.2731764 0.5209116 0.3713848
v -0.2913166 0.4597507 -0.3315695
v -0.2913166 0.4597507 -0.3315695
v -0.2262840 0.4500826 -0.3375596
v -0.2262840 0.4500826 -0.3375596
v -0.1857729 0.4528354 -0.3350799
v -0.1857729 0.4528354 -0.3350799
v -0.1446888 0.4534657 -0.3327019
v -0.1446888 0.4534657 -0.3327019
v -0.0648798 0.4529557 -0.3359561
v -0.0648798 0.4529557 -0.3359561
v 0.0179075 0.4512665 -0.3397182
v 0.0179075 0.4512665 -0.3397182
v 0.0617847 0.4463942 -0.3421544
v 0.0617847 0.4463942 -0.3421544
v 0.1510806 0.4370863 -0.3468497
v 0.1510806 0.4370863 -0.3468497
v 0.1894280 0.4338946 -0.3474667
v 0.1894280 0.4338946 -0.3474667
v 0.3500111 0.5167961 0.3451423
v 0.3500111 0.5167961 0.3451423
v 0.3514552 0.5141717 0.3085787
v 0.3514552 0.5141717 0.3085787
v 0.3505248 0.5092607 0.2279745
v 0.3505248 0.5092607 0.2279745
v 0.3503264 0.5026302 0.1445044
v 0.3503264 0.5026302 0.1445044
v 0.3507239 0.4972572 0.1027922
v 0.3507239 0.4972572 0.1027922
v 0.3494395 0.4880767 0.0161479
v 0.3494395 0.4880767 0.0161479
v 0.3454060 0.4699666 -0.1202638
v 0.3454060 0.4699666 -0.1202638
v -0.3490862 0.5119417 0.2605521
v -0.3490862 0.5119417 0.2605521
v -0.3484079 0.5023205 0.1764547
v -0.3484079 0.5023205 0.1764547
v -0.3460801 0.4994802 0.1337547
v -0.3460801 0.4994802 0.1337547
v -0.3429327 0.4968039 0.0907833
v -0.3429327 0.4968039 0.0907833
v -0.3386537 0.4910738 0.0067416
v -0.3386537 0.4910738 0.0067416
v -0.3385319 0.4855079 -0.0788180
v -0.3385319 0.4855079 -0.0788180
v -0.3373561 0.4819290 -0.1214548
v -0.3373561 0.4819290 -0.1214548
v -0.3371440 0.4767151 -0.1630222
v -0.3371440 0.4767151 -0.1630222
v -0.3364839 0.4713935 -0.2037426
v -0.3364839 0.4713935 -0.2037426
v -0.3277135 0.4705169 -0.2460903
v -0.3277135 0.4705169 -0.2460903
v -0.3191093 0.4695433 -0.2913828
v -0.3191093 0.4695433 -0.2913828
v -0.3186762 0.5514091 0.3450679
v -0.3217335 0.5533133 0.3027351
v -0.3219467 0.5493770 0.2617711
v -0.3221813 0.5447425 0.2225573
v -0.3214302 0.5413391 0.1802814
v -0.3192048 0.5399438 0.1354375
v -0.3163596 0.5383692 0.0895737
v -0.3141660 0.5355911 0.0446496
v -0.3134572 0.5329673 0.0014360
v -0.3147118 0.5309512 -0.0413047
v -0.3150089 0.5268358 -0.0839446
v -0.3152474 0.5215435 -0.1265559
v -0.3146637 0.5141781 -0.1687588
v -0.3132654 0.5069207 -0.2101648
v -0.3074902 0.5040021 -0.2512718
v -0.2986868 0.4976968 -0.2954876
v -0.2757276 0.5512095 0.3394419
v -0.2778975 0.5634342 0.2975686
v -0.2793249 0.5642970 0.2562088
v -0.2786918 0.5613794 0.2160795
v -0.2765986 0.5590407 0.1742627
v -0.2742820 0.5583754 0.1300658
v -0.2725517 0.5586320 0.0849296
v -0.2715198 0.5574552 0.0405406
v -0.2716247 0.5550123 -0.0023447
v -0.2722503 0.5516157 -0.0447873
v -0.2736886 0.5474663 -0.0877016
v -0.2747790 0.5412500 -0.1304870
v -0.2748604 0.5324618 -0.1727633
v -0.2745069 0.5217556 -0.2147779
v -0.2728722 0.5124294 -0.2571422
v -0.2665366 0.4973890 -0.3005339
v -0.2348205 0.5514069 0.3378104
v -0.2354841 0.5662874 0.2964735
v -0.2339453 0.5661095 0.2549979
v -0.2312524 0.5629862 0.2139868
v -0.2285747 0.5617846 0.1715758
v -0.2265929 0.5620674 0.1275320
v -0.2255270 0.5622213 0.0828259
v -0.2258360 0.5609148 0.0383503
v -0.2271357 0.5576428 -0.0052737
v -0.2283702 0.5536478 -0.0481239
v -0.2293649 0.5496651 -0.0904901
v -0.2307682 0.5435818 -0.1329517
v -0.2313207 0.5349190 -0.1749369
v -0.2312436 0.5246649 -0.2167035
v -0.2311213 0.5154657 -0.2593670
v -0.2294574 0.4955855 -0.3035653
v -0.1928111 0.5500914 0.3378828
v -0.1908881 0.5650061 0.2981863
v -0.1875640 0.5643743 0.2573191
v -0.1840099 0.5619313 0.2158035
v -0.1810358 0.5612835 0.1724693
v -0.1794409 0.5612768 0.1276355
v -0.1796966 0.5607003 0.0820114
v -0.1813966 0.5587587 0.0365490
v -0.1836949 0.5547335 -0.0079535
v -0.1856690 0.5492296 -0.0512306
v -0.1866370 0.5437515 -0.0931343
v -0.1872558 0.5376607 -0.1345806
v -0.1879125 0.5302266 -0.1764457
v -0.1879405 0.5229888 -0.2183658
v -0.1879374 0.5161814 -0.2613584
v -0.1872397 0.4971150 -0.3043228
v -0.1480465 0.5465164 0.3375835
v -0.1454906 0.5619507 0.2989298
v -0.1417980 0.5621763 0.2581381
v -0.1380014 0.5600366 0.2162084
v -0.1353004 0.5592195 0.1723460
v -0.1344140 0.5585197 0.1269193
v -0.1356519 0.5569702 0.0807979
v -0.1384232 0.5542966 0.0348080
v -0.1413031 0.5504513 -0.0101161
v -0.1435844 0.5451808 -0.0535452
v -0.1446847 0.5392696 -0.0954922
v -0.1445621 0.5334417 -0.1363786
v -0.1447301 0.5275676 -0.1778714
v -0.1449963 0.5221296 -0.2200978
v -0.1454371 0.5157562 -0.2633213
v -0.1462791 0.4958851 -0.3062116
v -0.1032589 0.5452269 0.3383662
v -0.1009793 0.5598375 0.2984356
v -0.0974101 0.5605051 0.2572394
v -0.0938434 0.5579146 0.2150411
v -0.0916994 0.5564327 0.1708865
v -0.0917493 0.5548919 0.1251473
v -0.0937059 0.5525816 0.0789309
v -0.0966305 0.5495646 0.0333763
v -0.0996695 0.5460847 -0.0113114
v -0.1020013 0.5415685 -0.0549205
v -0.1028932 0.5364248 -0.0969615
v -0.1024626 0.5311902 -0.1377515
v -0.1019811 0.5261080 -0.1790000
v -0.1024055 0.5213025 -0.2215678
v -0.1038900 0.5147182 -0.2650683
v -0.1070330 0.4940158 -0.3071019
v -0.0592183 0.5442010 0.3377977
v -0.0573873 0.5574413 0.2969262
v -0.0541728 0.5588552 0.2554161
v -0.0512252 0.5557331 0.2130904
v -0.0497786 0.5534129 0.1689802
v -0.0505714 0.5509802 0.1233490
v -0.0530653 0.5480962 0.0773631
v -0.0557881 0.5450583 0.0324660
v -0.0583136 0.5416358 -0.0115159
v -0.0603234 0.5377339 -0.0548794
v -0.0611452 0.5333970 -0.0970906
v -0.0606018 0.5287402 -0.1382224
v -0.0595838 0.5244989 -0.1796690
v -0.0602863 0.5203127 -0.2234101
v -0.0624063 0.5136183 -0.2676044
v -0.0655928 0.4944934 -0.3099175
v -0.0151408 0.5421876 0.3359469
v -0.0140548 0.5555119 0.2949055
v -0.0120373 0.5574457 0.2529966
v -0.0099117 0.5538107 0.2105568
v -0.0090502 0.5506361 0.1669445
v -0.0100360 0.5473201 0.1220226
v -0.0125289 0.5438234 0.0767925
v -0.0150070 0.5406042 0.0325764
v -0.0170424 0.5372803 -0.0107608
v -0.0184365 0.5338052 -0.0534974
v -0.0190240 0.5302490 -0.0959680
v -0.0183382 0.5265241 -0.1377413
v -0.0174279 0.5231031 -0.1802400
v -0.0184529 0.5195113 -0.2250874
v -0.0206044 0.5129289 -0.2703596
v -0.0251399 0.4937927 -0.3130752
v 0.0287749 0.5448036 0.3350081
v 0.0287810 0.5572265 0.2932060
v 0.0291716 0.5563547 0.2504661
v 0.0304215 0.5526658 0.2075557
v 0.0307285 0.5487013 0.1644888
v 0.0297929 0.5446249 0.1207393
v 0.0278712 0.5405526 0.0767951
v 0.0258857 0.5371701 0.0334278
v 0.0243688 0.5340183 -0.0092984
v 0.0236584 0.5310189 -0.0515465
v 0.0234519 0.5280087 -0.0940844
v 0.0243873 0.5252761 -0.1366357
v 0.0246592 0.5222108 -0.1806955
v 0.0234483 0.5188977 -0.2270019
v 0.0212854 0.5127743 -0.2736072
v 0.0185652 0.4918346 -0.3165800
v 0.0733991 0.5461564 0.3330256
v 0.0712173 0.5585054 0.2914196
v 0.0700377 0.5565641 0.2479287
v 0.0704952 0.5524194 0.2047766
v 0.0704449 0.5482589 0.1620133
v 0.0695775 0.5435075 0.1194006
v 0.0681981 0.5389828 0.0768293
v 0.0669599 0.5355468 0.0345063
v 0.0662534 0.5330501 -0.0075327
v 0.0661827 0.5304563 -0.0494000
v 0.0665532 0.5277497 -0.0919898
v 0.0674284 0.5252251 -0.1355535
v 0.0667311 0.5221059 -0.1819065
v 0.0653189 0.5181562 -0.2296809
v 0.0632820 0.5105206 -0.2773017
v 0.0628549 0.4885345 -0.3203735
v 0.1129884 0.5460583 0.3301785
v 0.1117656 0.5601717 0.2892466
v 0.1113994 0.5582262 0.2461679
v 0.1114333 0.5539731 0.2034279
v 0.1111104 0.5496501 0.1611173
v 0.1104707 0.5449986 0.1191047
v 0.1096484 0.5402380 0.0773900
v 0.1091678 0.5367426 0.0358348
v 0.1091782 0.5344090 -0.0056431
v 0.1097147 0.5322174 -0.0471387
v 0.1102234 0.5297658 -0.0901964
v 0.1102927 0.5268264 -0.1357598
v 0.1087811 0.5224574 -0.1841145
v 0.1070014 0.5168283 -0.2330900
v 0.1051011 0.5082252 -0.2815020
v 0.1057015 0.4841979 -0.3240762
v 0.1534171 0.5486989 0.3320138
v 0.1521143 0.5626600 0.2893765
v 0.1532597 0.5611087 0.2466143
v 0.1533256 0.5571144 0.2043958
v 0.1530903 0.5528699 0.1627459
v 0.1528952 0.5484894 0.1212672
v 0.1526275 0.5440507 0.0799362
v 0.1525746 0.5400270 0.0386784
v 0.1529558 0.5371523 -0.0027417
v 0.1535743 0.5347992 -0.0447491
v 0.1538168 0.5323904 -0.0887858
v 0.1525026 0.5282321 -0.1363989
v 0.1506368 0.5221508 -0.1859981
v 0.1484735 0.5144879 -0.2357937
v 0.1466959 0.5039314 -0.2843102
v 0.1475804 0.4793527 -0.3263500
v 0.1975153 0.5515432 0.3364477
v 0.1959180 0.5652897 0.2927099
v 0.1957041 0.5640123 0.2492095
v 0.1957521 0.5603694 0.2072739
v 0.1956280 0.5563102 0.1656978
v 0.1956465 0.5520027 0.1244728
v 0.1957868 0.5474770 0.0835370
v 0.1960732 0.5429568 0.0425248
v 0.1966089 0.5394018 0.0011461
v 0.1969904 0.5368738 -0.0417417
v 0.1962383 0.5336766 -0.0874578
v 0.1945802 0.5287656 -0.1360691
v 0.1924352 0.5213239 -0.1863984
v 0.1903064 0.5118020 -0.2366078
v 0.1884868 0.4999128 -0.2848708
v 0.1880345 0.4758355 -0.3268809
v 0.2410725 0.5517557 0.3403403
v 0.2401136 0.5663183 0.2973332
v 0.2399197 0.5669734 0.2543293
v 0.2392910 0.5636011 0.2118121
v 0.2390025 0.5597398 0.1696982
v 0.2390015 0.5551764 0.1284610
v 0.2394345 0.5503474 0.0875282
v 0.2394169 0.5456771 0.0463341
v 0.2396526 0.5418786 0.0045482
v 0.2394720 0.5386630 -0.0394135
v 0.2386224 0.5348526 -0.0855758
v 0.2369358 0.5288780 -0.1346114
v 0.2347607 0.5203574 -0.1847827
v 0.2326995 0.5098031 -0.2349140
v 0.2309833 0.4967932 -0.2829609
v 0.2293482 0.4724708 -0.3246774
v 0.2835802 0.5514796 0.3436584
v 0.2838082 0.5646014 0.3014451
v 0.2836832 0.5661929 0.2591943
v 0.2834840 0.5646121 0.2169633
v 0.2835627 0.5619920 0.1745628
v 0.2837222 0.5577679 0.1326740
v 0.2843034 0.5519872 0.0904876
v 0.2835011 0.5452247 0.0488342
v 0.2823502 0.5405187 0.0068393
v 0.2822837 0.5383587 -0.0372210
v 0.2815491 0.5342362 -0.0832830
v 0.2799353 0.5276889 -0.1318496
v 0.2777153 0.5181755 -0.1812971
v 0.2755653 0.5066078 -0.2307699
v 0.2738223 0.4929632 -0.2782958
v 0.2704219 0.4723054 -0.3197936
v 0.3238299 0.5484897 0.3450469
v 0.3244843 0.5503954 0.3046215
v 0.3245701 0.5500745 0.2637947
v 0.3244227 0.5480912 0.2223960
v 0.3244683 0.5453486 0.1802744
v 0.3254679 0.5420783 0.1382014
v 0.3263261 0.5375988 0.0959724
v 0.3255821 0.5315430 0.0530931
v 0.3237524 0.5271957 0.0105512
v 0.3227343 0.5225791 -0.0336171
v 0.3212608 0.5161791 -0.0792422
v 0.3197876 0.5087546 -0.1267390
v 0.3176511 0.4995601 -0.1756576
v 0.3156212 0.4893318 -0.2238598
v 0.3133200 0.4800455 -0.2694311
v 0.3092669 0.4733424 -0.3108658
v 0.3576487 0.4777689 0.3833621
v 0.3576487 0.4777689 0.3833621
v 0.3576487 0.4777689 0.3833621
v 0.3502090 0.5115672 0.2687562
v 0.3502090 0.5115672 0.2687562
v 0.3505330 0.5067366 0.1862100
v 0.3505330 0.5067366 0.1862100
v 0.3512224 0.4902112 0.0591454
v 0.3512224 0.4902112 0.0591454
v 0.3478722 0.4824142 -0.0283307
v 0.3478722 0.4824142 -0.0283307
v 0.3459121 0.4768069 -0.0735520
v 0.3459121 0.4768069 -0.0735520
v 0.3442071 0.4619493 -0.1683515
v 0.3442071 0.4619493 -0.1683515
v 0.3431098 0.4527664 -0.2149338
v 0.3431098 0.4527664 -0.2149338
v 0.3403249 0.4459512 -0.2592922
v 0.3403249 0.4459512 -0.2592922
v 0.3377492 0.4446153 -0.2985027
v 0.3377492 0.4446153 -0.2985027
v 0.3532616 0.4723374 0.3498544
v 0.3532616 0.4723374 0.3498544
v 0.3508457 0.4655046 0.2726146
v 0.3508457 0.4655046 0.2726146
v 0.3502745 0.4552440 0.1486097
v 0.3502745 0.4552440 0.1486097
v 0.3474944 0.4354408 -0.0236567
v 0.3474944 0.4354408 -0.0236567
v 0.3462437 0.4301282 -0.0686814
v 0.3462437 0.4301282 -0.0686814
v 0.3453872 0.4231046 -0.1145680
v 0.3453872 0.4231046 -0.1145680
v 0.3441666 0.4149696 -0.1611110
v 0.3441666 0.4149696 -0.1611110
v 0.3427620 0.4063546 -0.2073782
v 0.3427620 0.4063546 -0.2073782
v 0.3422059 0.4105871 -0.3315611
v 0.3422059 0.4105871 -0.3315611
v 0.3419735 0.4340270 -0.2966281
v 0.3423802 0.4220413 -0.2948312
v 0.3423633 0.4099749 -0.2940995
v 0.3418065 0.4341002 -0.2578984
v 0.3442294 0.4226231 -0.2558832
v 0.3439806 0.4106914 -0.2543089
v 0.3455781 0.4411986 -0.2128230
v 0.3460661 0.4293437 -0.2108476
v 0.3451647 0.4176307 -0.2090270
v 0.3467135 0.4502649 -0.1663266
v 0.3474202 0.4383140 -0.1644038
v 0.3466828 0.4264376 -0.1626419
v 0.3489922 0.4585122 -0.1188414
v 0.3493868 0.4464278 -0.1173289
v 0.3485450 0.4344416 -0.1158392
v 0.3498735 0.4656379 -0.0723948
v 0.3502120 0.4535229 -0.0710419
v 0.3495196 0.4414859 -0.0697577
v 0.3520378 0.4708292 -0.0271563
v 0.3524930 0.4586167 -0.0258655
v 0.3514741 0.4465912 -0.0246587
v 0.3544786 0.4768171 0.0171730
v 0.3557151 0.4639139 0.0184413
v 0.3543221 0.4510423 0.0196191
v 0.3565919 0.4789355 0.0602351
v 0.3583532 0.4664912 0.0616182
v 0.3554027 0.4543758 0.0630050
v 0.3558492 0.4856956 0.1039103
v 0.3578511 0.4731399 0.1048980
v 0.3552603 0.4607645 0.1058507
v 0.3549245 0.4911181 0.1455476
v 0.3564171 0.4787663 0.1466147
v 0.3547937 0.4664677 0.1476489
v 0.3542967 0.4951903 0.1872434
v 0.3553416 0.4829730 0.1883470
v 0.3544600 0.4707827 0.1893817
v 0.3553663 0.4981461 0.2288008
v 0.3562986 0.4858240 0.2298058
v 0.3553495 0.4735767 0.2308006
v 0.3545071 0.5003933 0.2695266
v 0.3562833 0.4883897 0.2704249
v 0.3557485 0.4762114 0.2715707
v 0.3555193 0.5032112 0.3092104
v 0.3566571 0.4913408 0.3104165
v 0.3557700 0.4794416 0.3115455
v 0.3525033 0.5056671 0.3453705
v 0.3524725 0.4941886 0.3461134
v 0.3534674 0.4831270 0.3477797
v 0.3424382 0.4019739 -0.3296842
v 0.3424382 0.4019739 -0.3296842
v 0.3424382 0.4019739 -0.3296842
v 0.3219322 0.4734756 0.3797601
v 0.3219322 0.4734756 0.3797601
v 0.2834992 0.4720607 0.3785990
v 0.2834992 0.4720607 0.3785990
v 0.2004154 0.4716702 0.3725255
v 0.2004154 0.4716702 0.3725255
v 0.1575758 0.4713916 0.3693946
v 0.1575758 0.4713916 0.3693946
v 0.1134336 0.4697268 0.3669453
v 0.1134336 0.4697268 0.3669453
v 0.0688598 0.4682525 0.3683945
v 0.0688598 0.4682525 0.3683945
v 0.0252275 0.4682694 0.3702927
v 0.0252275 0.4682694 0.3702927
v -0.1928286 0.4764104 0.3719768
v -0.1928286 0.4764104 0.3719768
v -0.2333725 0.4785822 0.3732074
v -0.2333725 0.4785822 0.3732074
v -0.3112902 0.4823820 0.3786150
v -0.3112902 0.4823820 0.3786150
v -0.2642697 0.4016818 -0.3366662
v -0.2642697 0.4016818 -0.3366662
v -0.1855742 0.4032491 -0.3315029
v -0.1855742 0.4032491 -0.3315029
v -0.1033812 0.4033951 -0.3309022
v -0.1033812 0.4033951 -0.3309022
v -0.0636018 0.4051627 -0.3313167
v -0.0636018 0.4051627 -0.3313167
v -0.0239460 0.4058090 -0.3328173
v -0.0239460 0.4058090 -0.3328173
v 0.0579992 0.4025482 -0.3365022
v 0.0579992 0.4025482 -0.3365022
v 0.1032489 0.3989179 -0.3393345
v 0.1032489 0.3989179 -0.3393345
v 0.1464087 0.3943054 -0.3408606
v 0.1464087 0.3943054 -0.3408606
v 0.2291966 0.3866111 -0.3392141
v 0.2291966 0.3866111 -0.3392141
v 0.2705252 0.3866857 -0.3354647
v 0.2705252 0.3866857 -0.3354647
v 0.3084199 0.3928915 -0.3299919
v 0.3084199 0.3928915 -0.3299919
v 0.3505567 0.4691718 0.3121618
v 0.3505567 0.4691718 0.3121618
v 0.3501849 0.4627807 0.2316838
v 0.3501849 0.4627807 0.2316838
v 0.3504276 0.4595276 0.1903156
v 0.3504276 0.4595276 0.1903156
v 0.3500677 0.4497813 0.1066728
v 0.3500677 0.4497813 0.1066728
v 0.3496996 0.4442005 0.0639483
v 0.3496996 0.4442005 0.0639483
v 0.3491870 0.4397879 0.0204794
v 0.3491870 0.4397879 0.0204794
v 0.3418914 0.3990875 -0.2529480
v 0.3418914 0.3990875 -0.2529480
v 0.3408147 0.3982118 -0.2938876
v 0.3408147 0.3982118 -0.2938876
v -0.3389500 0.4731388 0.3060205
v -0.3389500 0.4731388 0.3060205
v -0.3402656 0.4396302 -0.0741477
v -0.3402656 0.4396302 -0.0741477
v -0.3386495 0.4366848 -0.1170251
v -0.3386495 0.4366848 -0.1170251
v -0.3390578 0.4312725 -0.1591141
v -0.3390578 0.4312725 -0.1591141
v -0.3084160 0.3770956 -0.3009247
v -0.3149319 0.3783160 -0.2504411
v -0.3167648 0.3853490 -0.2013511
v -0.3162704 0.3921976 -0.1574686
v -0.3158931 0.3977422 -0.1142314
v -0.3161500 0.4015692 -0.0711757
v -0.3167793 0.4036290 -0.0281441
v -0.3172820 0.4061905 0.0147170
v -0.3174811 0.4092454 0.0571750
v -0.3189077 0.4123850 0.0993318
v -0.3206588 0.4160243 0.1413340
v -0.3223661 0.4205045 0.1826769
v -0.3231875 0.4253024 0.2238290
v -0.3224544 0.4297221 0.2657548
v -0.3196407 0.4355809 0.3082037
v -0.3157906 0.4462004 0.3508581
v -0.2698879 0.3693189 -0.3009740
v -0.2744205 0.3661546 -0.2499291
v -0.2758274 0.3713204 -0.2012464
v -0.2753945 0.3764934 -0.1570841
v -0.2749499 0.3818685 -0.1139140
v -0.2749545 0.3863302 -0.0709372
v -0.2746733 0.3897366 -0.0277992
v -0.2745513 0.3928716 0.0152926
v -0.2746885 0.3960003 0.0581010
v -0.2757892 0.3990763 0.1006832
v -0.2775162 0.4020837 0.1429700
v -0.2794620 0.4055115 0.1847477
v -0.2813618 0.4095599 0.2259982
v -0.2813157 0.4148248 0.2677603
v -0.2791154 0.4236082 0.3098080
v -0.2755659 0.4430239 0.3491429
v -0.2281758 0.3700756 -0.2983980
v -0.2311765 0.3647750 -0.2482127
v -0.2321560 0.3695532 -0.2011489
v -0.2317385 0.3749326 -0.1579902
v -0.2313722 0.3807573 -0.1152968
v -0.2310395 0.3860759 -0.0725089
v -0.2302831 0.3904888 -0.0292651
v -0.2301868 0.3938254 0.0136636
v -0.2302935 0.3969059 0.0565224
v -0.2307397 0.4000517 0.0997423
v -0.2318948 0.4028297 0.1428727
v -0.2335965 0.4055414 0.1854903
v -0.2355903 0.4086702 0.2272366
v -0.2373174 0.4121872 0.2686127
v -0.2367430 0.4189956 0.3105789
v -0.2349731 0.4407813 0.3481093
v -0.1863126 0.3718418 -0.2956127
v -0.1880410 0.3640463 -0.2475701
v -0.1885161 0.3691710 -0.2023732
v -0.1883543 0.3751182 -0.1593228
v -0.1881195 0.3806513 -0.1167130
v -0.1875328 0.3858324 -0.0739286
v -0.1873820 0.3902326 -0.0313803
v -0.1872520 0.3937451 0.0115196
v -0.1865927 0.3969380 0.0549220
v -0.1862117 0.3997925 0.0988218
v -0.1866832 0.4021795 0.1427614
v -0.1879559 0.4043368 0.1861745
v -0.1897787 0.4071674 0.2284900
v -0.1917843 0.4106998 0.2699127
v -0.1933416 0.4167390 0.3110275
v -0.1931715 0.4375041 0.3489935
v -0.1447122 0.3719991 -0.2950804
v -0.1451448 0.3623663 -0.2489041
v -0.1455064 0.3679344 -0.2037204
v -0.1454572 0.3742087 -0.1604557
v -0.1452367 0.3793853 -0.1178005
v -0.1451440 0.3840007 -0.0753098
v -0.1453864 0.3878547 -0.0330589
v -0.1448041 0.3913108 0.0100663
v -0.1435756 0.3945025 0.0538704
v -0.1424763 0.3972547 0.0982719
v -0.1421735 0.3995360 0.1428181
v -0.1429354 0.4017557 0.1867410
v -0.1443937 0.4047218 0.2294889
v -0.1463678 0.4084373 0.2710820
v -0.1482930 0.4146387 0.3120918
v -0.1492250 0.4352887 0.3496397
v -0.1029418 0.3708051 -0.2965333
v -0.1026619 0.3614335 -0.2502925
v -0.1028180 0.3668369 -0.2047665
v -0.1027502 0.3729398 -0.1612301
v -0.1026043 0.3777680 -0.1183837
v -0.1032850 0.3815118 -0.0763402
v -0.1035160 0.3848449 -0.0339356
v -0.1027397 0.3878558 0.0093559
v -0.1011524 0.3908282 0.0533629
v -0.0996133 0.3936627 0.0978978
v -0.0988841 0.3962871 0.1424158
v -0.0991417 0.3990085 0.1863887
v -0.1001159 0.4024400 0.2293371
v -0.1018351 0.4063193 0.2712499
v -0.1035812 0.4119480 0.3129122
v -0.1045981 0.4327236 0.3509021
v -0.0621708 0.3708661 -0.2984955
v -0.0609757 0.3615004 -0.2520398
v -0.0604722 0.3658810 -0.2061103
v -0.0602499 0.3715041 -0.1618458
v -0.0601908 0.3759646 -0.1184364
v -0.0613341 0.3788346 -0.0764391
v -0.0615464 0.3814869 -0.0339287
v -0.0607714 0.3840003 0.0094533
v -0.0592845 0.3868112 0.0533260
v -0.0577393 0.3900017 0.0973111
v -0.0567267 0.3931977 0.1414310
v -0.0565334 0.3966146 0.1852119
v -0.0570195 0.4006053 0.2281477
v -0.0583626 0.4046203 0.2703044
v -0.0597481 0.4103386 0.3121514
v -0.0608079 0.4302175 0.3507357
v -0.0217824 0.3711578 -0.3000669
v -0.0196963 0.3615380 -0.2538600
v -0.0183148 0.3653486 -0.2077180
v -0.0178817 0.3704516 -0.1624548
v -0.0176758 0.3743915 -0.1180847
v -0.0188789 0.3765861 -0.0756731
v -0.0193351 0.3785065 -0.0330988
v -0.0186926 0.3805954 0.0101828
v -0.0176294 0.3834434 0.0534473
v -0.0163026 0.3869677 0.0967599
v -0.0151841 0.3908351 0.1402880
v -0.0145498 0.3950537 0.1836098
v -0.0145880 0.3994032 0.2264014
v -0.0154448 0.4035841 0.2686956
v -0.0165025 0.4093640 0.3107522
v -0.0176531 0.4292831 0.3489553
v 0.0188289 0.3704141 -0.3022713
v 0.0217961 0.3608251 -0.2560679
v 0.0236831 0.3650295 -0.2094488
v 0.0245349 0.3702410 -0.1632100
v 0.0249071 0.3736350 -0.1177905
v 0.0241598 0.3754840 -0.0744442
v 0.0234574 0.3767864 -0.0318138
v 0.0236847 0.3786209 0.0111388
v 0.0242753 0.3815403 0.0537861
v 0.0252771 0.3853916 0.0963843
v 0.0263703 0.3898824 0.1391615
v 0.0272903 0.3946513 0.1819222
v 0.0275293 0.3991635 0.2245271
v 0.0272218 0.4035347 0.2669013
v 0.0262466 0.4086857 0.3091717
v 0.0252219 0.4285384 0.3476794
v 0.0611211 0.3681357 -0.3049218
v 0.0636943 0.3593713 -0.2583508
v 0.0656300 0.3643164 -0.2113082
v 0.0669020 0.3702491 -0.1641621
v 0.0675922 0.3740000 -0.1179092
v 0.0676243 0.3759466 -0.0732944
v 0.0669529 0.3771161 -0.0304274
v 0.0668285 0.3789032 0.0121612
v 0.0670492 0.3820161 0.0542543
v 0.0677079 0.3862085 0.0962151
v 0.0685982 0.3908238 0.1383102
v 0.0694129 0.3955814 0.1806230
v 0.0697839 0.4001641 0.2229232
v 0.0697287 0.4044218 0.2653179
v 0.0689730 0.4093945 0.3076582
v 0.0684118 0.4287879 0.3463237
v 0.1043101 0.3643869 -0.3071895
v 0.1058581 0.3565716 -0.2604457
v 0.1074296 0.3622946 -0.2130478
v 0.1090185 0.3694885 -0.1652203
v 0.1101539 0.3743502 -0.1180611
v 0.1107952 0.3771513 -0.0724987
v 0.1106396 0.3787864 -0.0291346
v 0.1104843 0.3808610 0.0132489
v 0.1105760 0.3842633 0.0550328
v 0.1109340 0.3884617 0.0966175
v 0.1114667 0.3928661 0.1382635
v 0.1119065 0.3974349 0.1800330
v 0.1122041 0.4018623 0.2220258
v 0.1122987 0.4059176 0.2642827
v 0.1120733 0.4108846 0.3067515
v 0.1125488 0.4307924 0.3456279
v 0.1467289 0.3602348 -0.3080684
v 0.1478833 0.3530207 -0.2613088
v 0.1492299 0.3591055 -0.2138494
v 0.1508459 0.3674934 -0.1657300
v 0.1523197 0.3739142 -0.1176695
v 0.1533454 0.3777073 -0.0715202
v 0.1538837 0.3799846 -0.0275583
v 0.1539434 0.3823979 0.0151063
v 0.1537880 0.3860266 0.0569513
v 0.1538341 0.3902588 0.0983575
v 0.1540189 0.3946426 0.1395528
v 0.1542894 0.3991056 0.1809152
v 0.1546186 0.4034026 0.2224384
v 0.1551860 0.4074025 0.2645077
v 0.1561259 0.4126979 0.3077461
v 0.1567474 0.4323979 0.3470208
v 0.1888520 0.3566324 -0.3070088
v 0.1900182 0.3496504 -0.2603741
v 0.1913229 0.3558059 -0.2129540
v 0.1928466 0.3648256 -0.1647909
v 0.1944587 0.3725603 -0.1166722
v 0.1957134 0.3775997 -0.0701885
v 0.1964249 0.3806910 -0.0259674
v 0.1968630 0.3837060 0.0173843
v 0.1967379 0.3873895 0.0597882
v 0.1965415 0.3917387 0.1012607
v 0.1966103 0.3962208 0.1422860
v 0.1970162 0.4007274 0.1833626
v 0.1978945 0.4049656 0.2249606
v 0.1989279 0.4086950 0.2673685
v 0.1997798 0.4137791 0.3102286
v 0.2000332 0.4330012 0.3495663
v 0.2311368 0.3547027 -0.3041688
v 0.2324598 0.3474864 -0.2577499
v 0.2336870 0.3532215 -0.2103199
v 0.2352094 0.3622587 -0.1623325
v 0.2368879 0.3707757 -0.1145897
v 0.2382135 0.3769821 -0.0682825
v 0.2389874 0.3810562 -0.0239125
v 0.2395549 0.3845912 0.0197849
v 0.2398287 0.3884690 0.0629330
v 0.2399883 0.3929536 0.1050217
v 0.2403357 0.3977461 0.1463060
v 0.2410282 0.4023061 0.1873927
v 0.2416738 0.4061215 0.2289848
v 0.2423245 0.4093679 0.2710666
v 0.2428154 0.4149917 0.3131541
v 0.2425648 0.4339956 0.3517250
v 0.2736250 0.3549275 -0.3003294
v 0.2750498 0.3493255 -0.2541032
v 0.2762384 0.3544223 -0.2067681
v 0.2778407 0.3622503 -0.1591197
v 0.2795265 0.3703426 -0.1120716
v 0.2808492 0.3769866 -0.0663840
v 0.2817291 0.3819066 -0.0219174
v 0.2824495 0.3858749 0.0218515
v 0.2830082 0.3900585 0.0652319
v 0.2835792 0.3946765 0.1079130
v 0.2841855 0.3995943 0.1495544
v 0.2847187 0.4041095 0.1908495
v 0.2850575 0.4078787 0.2323681
v 0.2852379 0.4119850 0.2740099
v 0.2853748 0.4184135 0.3153785
v 0.2847275 0.4350872 0.3540608
v 0.3147380 0.3624306 -0.2960955
v 0.3154022 0.3630889 -0.2515563
v 0.3158648 0.3704991 -0.2051278
v 0.3173476 0.3788022 -0.1583152
v 0.3191560 0.3864567 -0.1118365
v 0.3206311 0.3928693 -0.0662969
v 0.3219100 0.3975471 -0.0215523
v 0.3233862 0.4010772 0.0223961
v 0.3247298 0.4052074 0.0657963
v 0.3253928 0.4103595 0.1085473
v 0.3252606 0.4164185 0.1503624
v 0.3249870 0.4213956 0.1918672
v 0.3251956 0.4247634 0.2333228
v 0.3253585 0.4278428 0.2745796
v 0.3253496 0.4328994 0.3151994
v 0.3265816 0.4399478 0.3552416
v 0.3382753 0.4408503 -0.3324151
v 0.3382753 0.4408503 -0.3324151
v 0.3382753 0.4408503 -0.3324151
v -0.2609285 0.4537677 -0.3352073
v -0.2609285 0.4537677 -0.3352073
v -0.1041763 0.4524178 -0.3351053
v -0.1041763 0.4524178 -0.3351053
v -0.0256516 0.4530161 -0.3380550
v -0.0256516 0.4530161 -0.3380550
v 0.1070659 0.4417347 -0.3457674
v 0.1070659 0.4417347 -0.3457674
v 0.2283365 0.4312662 -0.3475281
v 0.2283365 0.4312662 -0.3475281
v 0.2685928 0.4326360 -0.3433346
v 0.2685928 0.4326360 -0.3433346
v 0.3050554 0.4381080 -0.3340555
v 0.3050554 0.4381080 -0.3340555
v -0.2970210 0.4079486 -0.3353869
v -0.2970210 0.4079486 -0.3353869
v -0.2260736 0.3995090 -0.3363951
v -0.2260736 0.3995090 -0.3363951
v -0.1446718 0.4039651 -0.3296115
v -0.1446718 0.4039651 -0.3296115
v 0.0164303 0.4054291 -0.3342064
v 0.0164303 0.4054291 -0.3342064
v 0.1876325 0.3897668 -0.3409284
v 0.1876325 0.3897668 -0.3409284
v 0.3396687 0.4330926 -0.3324821
v 0.3396687 0.4330926 -0.3324821
v 0.3411807 0.4221023 -0.3325247
v 0.3411807 0.4221023 -0.3325247
v -0.3225018 0.4529733 -0.3311412
v -0.3225018 0.4529733 -0.3311412
v -0.3242770 0.4402611 -0.3326691
v -0.3242770 0.4402611 -0.3326691
v -0.2917719 0.4466524 -0.3383022
v -0.2928708 0.4325838 -0.3401279
v -0.2945732 0.4195100 -0.3396716
v -0.2612272 0.4406441 -0.3416131
v -0.2621207 0.4261796 -0.3437339
v -0.2635359 0.4125871 -0.3423236
v -0.2261135 0.4369261 -0.3432965
v -0.2258935 0.4230062 -0.3446210
v -0.2259033 0.4096375 -0.3431031
v -0.1855982 0.4401845 -0.3406273
v -0.1854303 0.4264933 -0.3409552
v -0.1854076 0.4134704 -0.3385241
v -0.1447256 0.4406889 -0.3369467
v -0.1446631 0.4275939 -0.3372006
v -0.1446500 0.4148630 -0.3355457
v -0.1040460 0.4403281 -0.3397493
v -0.1037613 0.4272758 -0.3396570
v -0.1034927 0.4146126 -0.3370344
v -0.0645001 0.4414342 -0.3416963
v -0.0640645 0.4283162 -0.3419640
v -0.0637370 0.4156031 -0.3389542
v -0.0253111 0.4411336 -0.3430183
v -0.0248802 0.4283350 -0.3431537
v -0.0243590 0.4160365 -0.3399275
v 0.0171574 0.4396181 -0.3434963
v 0.0165518 0.4274853 -0.3431810
v 0.0163462 0.4157098 -0.3405204
v 0.0605442 0.4354507 -0.3457752
v 0.0590529 0.4240485 -0.3451335
v 0.0581242 0.4126472 -0.3430061
v 0.1063739 0.4309991 -0.3498809
v 0.1050848 0.4197733 -0.3490233
v 0.1040473 0.4086782 -0.3461547
v 0.1502974 0.4263004 -0.3505707
v 0.1486030 0.4151514 -0.3496564
v 0.1471810 0.4042394 -0.3470621
v 0.1889473 0.4226746 -0.3500817
v 0.1882584 0.4111491 -0.3489389
v 0.1877208 0.4001481 -0.3460060
v 0.2283362 0.4197963 -0.3483023
v 0.2284152 0.4081950 -0.3476047
v 0.2288462 0.3970380 -0.3442149
v 0.2686833 0.4210864 -0.3457400
v 0.2690926 0.4090448 -0.3448641
v 0.2699226 0.3971641 -0.3415411
v 0.3052116 0.4269250 -0.3362347
v 0.3056006 0.4151718 -0.3358900
v 0.3063151 0.4033276 -0.3362565
v 0.3351077 0.4971467 -0.2981002
v 0.3351077 0.4971467 -0.2981002
v 0.3197622 0.6092721 -0.3564922
v 0.3197622 0.6092721 -0.3564922
v 0.3120128 0.6956199 -0.3860942
v 0.3120128 0.6956199 -0.3860942
v 0.3095409 0.7299196 -0.3999707
v 0.3095409 0.7299196 -0.3999707
v 0.3084484 0.7848371 -0.4290746
v 0.3084484 0.7848371 -0.4290746
v 0.3056006 0.8125518 -0.4445378
v 0.3056006 0.8125518 -0.4445378
v 0.3004077 0.8734720 -0.4729767
v 0.3004077 0.8734720 -0.4729767
v 0.3004046 0.9384058 -0.4401474
v 0.3004046 0.9384058 -0.4401474
v 0.3023892 0.9048694 -0.4254348
v 0.3023892 0.9048694 -0.4254348
v 0.3110441 0.8154594 -0.3781013
v 0.3110441 0.8154594 -0.3781013
v 0.3118165 0.7880367 -0.3626269
v 0.3118165 0.7880367 -0.3626269
v 0.3133283 0.7576963 -0.3476374
v 0.3133283 0.7576963 -0.3476374
v 0.3159579 0.6783985 -0.3202955
v 0.3159579 0.6783985 -0.3202955
v 0.3205323 0.6327382 -0.3052565
v 0.3205323 0.6327382 -0.3052565
v 0.3275903 0.5534037 -0.2694473
v 0.3275903 0.5534037 -0.2694473
v 0.3424962 0.4880474 -0.2588887
v 0.3424962 0.4880474 -0.2588887
v 0.3416992 0.4798889 -0.2703675
v 0.3416992 0.4798889 -0.2703675
v 0.3018761 0.9667569 -0.4641224
v 0.3033710 0.9588701 -0.4754040
v 0.3018607 0.9510503 -0.4867617
v 0.3046989 0.9301310 -0.4510485
v 0.3059677 0.9218978 -0.4623360
v 0.3034267 0.9144045 -0.4735086
v 0.3072053 0.8959432 -0.4366143
v 0.3084784 0.8873728 -0.4487863
v 0.3055897 0.8799130 -0.4612051
v 0.3082990 0.8639010 -0.4216189
v 0.3091028 0.8549854 -0.4341395
v 0.3072730 0.8476968 -0.4471934
v 0.3103210 0.8339918 -0.4059000
v 0.3102077 0.8251010 -0.4182779
v 0.3085131 0.8179840 -0.4312480
v 0.3117553 0.8056209 -0.3900399
v 0.3116518 0.7969050 -0.4024645
v 0.3103487 0.7899979 -0.4155013
v 0.3136007 0.7790869 -0.3748659
v 0.3135894 0.7709182 -0.3876374
v 0.3110072 0.7641521 -0.4007303
v 0.3153445 0.7496428 -0.3603655
v 0.3148963 0.7420799 -0.3736069
v 0.3126706 0.7354009 -0.3868605
v 0.3153373 0.7137747 -0.3466924
v 0.3162991 0.7071908 -0.3599612
v 0.3150382 0.7010525 -0.3732967
v 0.3181049 0.6721490 -0.3328056
v 0.3187804 0.6659675 -0.3458167
v 0.3177510 0.6598479 -0.3588320
v 0.3220345 0.6266007 -0.3181528
v 0.3235254 0.6207787 -0.3314091
v 0.3225306 0.6148968 -0.3441899
v 0.3272154 0.5838764 -0.2999215
v 0.3280539 0.5770944 -0.3129624
v 0.3269255 0.5706154 -0.3262118
v 0.3319134 0.5474564 -0.2802626
v 0.3336293 0.5408432 -0.2918462
v 0.3299015 0.5340592 -0.3028039
v 0.3409477 0.5219365 -0.2626530
v 0.3414092 0.5132707 -0.2744020
v 0.3393548 0.5047497 -0.2862589
v -0.3305668 0.4916793 -0.2910604
v -0.3305668 0.4916793 -0.2910604
v -0.3305668 0.4916793 -0.2910604
v -0.3292565 0.5093075 -0.2529515
v -0.3292565 0.5093075 -0.2529515
v -0.3292565 0.5093075 -0.2529515
v 0.3422275 0.5034353 -0.2386395
v 0.3422275 0.5034353 -0.2386395
v 0.3422275 0.5034353 -0.2386395
v -0.3075122 0.4829651 -0.2976345
v -0.3075122 0.4829651 -0.2976345
v -0.2783126 0.4818346 -0.2977937
v -0.2783126 0.4818346 -0.2977937
v -0.2498251 0.4813705 -0.2964246
v -0.2498251 0.4813705 -0.2964246
v -0.1840960 0.4842708 -0.2957049
v -0.1840960 0.4842708 -0.2957049
v 0.0043278 0.4956033 -0.2943770
v 0.0043278 0.4956033 -0.2943770
v 0.0882559 0.4918609 -0.2964413
v 0.0882559 0.4918609 -0.2964413
v 0.1761932 0.4831439 -0.2992232
v 0.1761932 0.4831439 -0.2992232
v 0.2594239 0.4751698 -0.2901876
v 0.2594239 0.4751698 -0.2901876
v 0.3012133 0.4722224 -0.2842494
v 0.3012133 0.4722224 -0.2842494
v 0.1397883 0.5080720 -0.2431820
v 0.1397883 0.5080720 -0.2431820
v 0.0554457 0.5164857 -0.2377694
v 0.0554457 0.5164857 -0.2377694
v -0.0627594 0.5143776 -0.2350172
v -0.0627594 0.5143776 -0.2350172
v -0.1012256 0.5114943 -0.2363906
v -0.1012256 0.5114943 -0.2363906
v -0.1765302 0.5072817 -0.2414003
v -0.1765302 0.5072817 -0.2414003
v -0.2467834 0.5045698 -0.2465695
v -0.2467834 0.5045698 -0.2465695
v -0.3048003 0.5059251 -0.2498300
v -0.3048003 0.5059251 -0.2498300
v -0.3297916 0.5002555 -0.2712557
v -0.3297916 0.5002555 -0.2712557
v -0.3297713 0.5054404 -0.2599739
v -0.3297713 0.5054404 -0.2599739
v -0.3297713 0.5054404 -0.2599739
v 0.3429205 0.4964593 -0.2472875
v 0.3429205 0.4964593 -0.2472875
v 0.3033971 0.4907702 -0.2475898
v 0.3025973 0.4824187 -0.2588874
v 0.3018098 0.4762112 -0.2711351
v 0.2612857 0.4894365 -0.2508098
v 0.2605125 0.4828481 -0.2626070
v 0.2598835 0.4780350 -0.2758800
v 0.2213488 0.4913822 -0.2565425
v 0.2203986 0.4856222 -0.2691723
v 0.2194839 0.4815747 -0.2825868
v 0.1804882 0.4952497 -0.2580304
v 0.1789767 0.4896396 -0.2713648
v 0.1775160 0.4856254 -0.2851712
v 0.1379932 0.5000376 -0.2557771
v 0.1360309 0.4943212 -0.2695424
v 0.1340948 0.4901982 -0.2837846
v 0.0951610 0.5049351 -0.2531517
v 0.0927517 0.4991362 -0.2671700
v 0.0904096 0.4948189 -0.2816936
v 0.0529507 0.5086949 -0.2510840
v 0.0503110 0.5027184 -0.2653451
v 0.0477490 0.4981086 -0.2800939
v 0.0119711 0.5101672 -0.2503392
v 0.0093139 0.5040605 -0.2646149
v 0.0067382 0.4992225 -0.2793624
v -0.0272274 0.5094700 -0.2495770
v -0.0300428 0.5032527 -0.2640361
v -0.0328180 0.4981295 -0.2789147
v -0.0656594 0.5071652 -0.2490225
v -0.0684492 0.5008394 -0.2634489
v -0.0712204 0.4956475 -0.2783190
v -0.1039638 0.5040731 -0.2500196
v -0.1064367 0.4977902 -0.2641284
v -0.1089010 0.4926145 -0.2786632
v -0.1417757 0.5012211 -0.2520990
v -0.1439765 0.4949164 -0.2658643
v -0.1461503 0.4897805 -0.2800502
v -0.1786482 0.4997025 -0.2543653
v -0.1805349 0.4933951 -0.2677845
v -0.1823659 0.4882433 -0.2815967
v -0.2145427 0.4985777 -0.2563503
v -0.2159023 0.4921992 -0.2691963
v -0.2172040 0.4868845 -0.2824828
v -0.2474565 0.4966972 -0.2578352
v -0.2480920 0.4904488 -0.2702458
v -0.2488803 0.4853483 -0.2831880
v -0.2761467 0.4967117 -0.2600068
v -0.2765108 0.4905696 -0.2722047
v -0.2772363 0.4856097 -0.2848759
v -0.3049519 0.4979507 -0.2600662
v -0.3052386 0.4916477 -0.2721067
v -0.3061210 0.4865381 -0.2848393
v 0.2899837 1.0048826 -0.4719349
v 0.2899837 1.0048826 -0.4719349
v 0.2899837 1.0048826 -0.4719349
v -0.1671316 1.0222754 -0.4917581
v -0.1671316 1.0222754 -0.4917581
v -0.1335182 1.0225061 -0.4916066
v -0.1335182 1.0225061 -0.4916066
v -0.1002009 1.0197620 -0.4904476
v -0.1002009 1.0197620 -0.4904476
v -0.0339041 1.0165293 -0.4866672
v -0.0339041 1.0165293 -0.4866672
v 0.0297683 1.0137379 -0.4803641
v 0.0297683 1.0137379 -0.4803641
v 0.0610914 1.0108958 -0.4774491
v 0.0610914 1.0108958 -0.4774491
v 0.0925224 1.0083377 -0.4747001
v 0.0925224 1.0083377 -0.4747001
v 0.1239827 1.0048349 -0.4728683
v 0.1239827 1.0048349 -0.4728683
v 0.2581834 1.0077596 -0.4673335
v 0.2581834 1.0077596 -0.4673335
v 0.3040201 0.5010200 -0.2375850
v 0.3040201 0.5010200 -0.2375850
v 0.2620755 0.4979372 -0.2405241
v 0.2620755 0.4979372 -0.2405241
v 0.2222399 0.4992074 -0.2450247
v 0.2222399 0.4992074 -0.2450247
v 0.1818803 0.5031025 -0.2458532
v 0.1818803 0.5031025 -0.2458532
v 0.0974183 0.5130481 -0.2404079
v 0.0974183 0.5130481 -0.2404079
v 0.0145262 0.5182118 -0.2371819
v 0.0145262 0.5182118 -0.2371819
v -0.0245402 0.5182319 -0.2368373
v -0.0245402 0.5182319 -0.2368373
v -0.1392871 0.5086947 -0.2387736
v -0.1392871 0.5086947 -0.2387736
v -0.2129617 0.5060792 -0.2441081
v -0.2129617 0.5060792 -0.2441081
v -0.2758258 0.5053104 -0.2496705
v -0.2758258 0.5053104 -0.2496705
v -0.3130787 0.6491343 -0.3054369
v -0.3130787 0.6491343 -0.3054369
v -0.3095460 0.6871015 -0.3244113
v -0.3095460 0.6871015 -0.3244113
v -0.3082057 0.7241891 -0.3431796
v -0.3082057 0.7241891 -0.3431796
v -0.3080567 0.7929295 -0.3757155
v -0.3080567 0.7929295 -0.3757155
v -0.3095912 0.8571363 -0.4047549
v -0.3095912 0.8571363 -0.4047549
v -0.3027102 0.9570884 -0.4591307
v -0.3027102 0.9570884 -0.4591307
v 0.2969747 0.9743924 -0.4534792
v 0.2969747 0.9743924 -0.4534792
v 0.3068239 0.8737953 -0.4095836
v 0.3068239 0.8737953 -0.4095836
v 0.3095990 0.8438887 -0.3938903
v 0.3095990 0.8438887 -0.3938903
v 0.3135272 0.7209048 -0.3339938
v 0.3135272 0.7209048 -0.3339938
v 0.3234516 0.5902393 -0.2877174
v 0.3234516 0.5902393 -0.2877174
v 0.3377353 0.5296292 -0.2512156
v 0.3377353 0.5296292 -0.2512156
v 0.2623725 0.9914548 -0.4276167
v 0.2699099 0.9618958 -0.4054255
v 0.2782354 0.9319286 -0.3858570
v 0.2841872 0.9016848 -0.3671565
v 0.2875114 0.8721860 -0.3496160
v 0.2888757 0.8432767 -0.3332656
v 0.2893753 0.8137817 -0.3177048
v 0.2902206 0.7812040 -0.3031752
v 0.2915197 0.7432247 -0.2902516
v 0.2936777 0.7002819 -0.2777596
v 0.2961576 0.6546592 -0.2643820
v 0.2988701 0.6126324 -0.2483281
v 0.3014395 0.5763914 -0.2305850
v 0.3040911 0.5422496 -0.2223577
v 0.2261645 0.9955862 -0.4204258
v 0.2325197 0.9700959 -0.3913818
v 0.2394749 0.9421926 -0.3672712
v 0.2445240 0.9125447 -0.3464369
v 0.2472262 0.8833300 -0.3274861
v 0.2489886 0.8545319 -0.3104955
v 0.2503623 0.8249846 -0.2950679
v 0.2522148 0.7923129 -0.2810599
v 0.2552739 0.7542585 -0.2682458
v 0.2586939 0.7115353 -0.2566330
v 0.2609706 0.6662798 -0.2445483
v 0.2618880 0.6208779 -0.2340550
v 0.2630696 0.5797111 -0.2230738
v 0.2643334 0.5419858 -0.2151251
v 0.1907726 0.9985670 -0.4175476
v 0.1972142 0.9744629 -0.3835550
v 0.2026112 0.9452484 -0.3595111
v 0.2064916 0.9152485 -0.3383406
v 0.2088412 0.8857704 -0.3198566
v 0.2107984 0.8562158 -0.3038300
v 0.2132695 0.8257023 -0.2896459
v 0.2166211 0.7926594 -0.2763556
v 0.2204080 0.7553281 -0.2637016
v 0.2233082 0.7137648 -0.2517961
v 0.2243536 0.6704544 -0.2388679
v 0.2251286 0.6262652 -0.2285872
v 0.2257485 0.5848296 -0.2170278
v 0.2249184 0.5431264 -0.2153791
v 0.1572384 1.0025872 -0.4161690
v 0.1622705 0.9771637 -0.3799514
v 0.1667588 0.9466742 -0.3560401
v 0.1703058 0.9165043 -0.3357268
v 0.1725357 0.8865530 -0.3177471
v 0.1753316 0.8556968 -0.3018055
v 0.1793148 0.8236578 -0.2876769
v 0.1836209 0.7902941 -0.2748312
v 0.1868986 0.7541876 -0.2628510
v 0.1884894 0.7147193 -0.2511566
v 0.1880545 0.6734506 -0.2383798
v 0.1872232 0.6329126 -0.2231995
v 0.1866110 0.5919905 -0.2130662
v 0.1853513 0.5481541 -0.2142757
v 0.1251509 1.0056962 -0.4159278
v 0.1285593 0.9791377 -0.3789641
v 0.1319438 0.9481584 -0.3557145
v 0.1345614 0.9179215 -0.3358869
v 0.1370263 0.8871967 -0.3176887
v 0.1402813 0.8553196 -0.3014060
v 0.1444674 0.8223874 -0.2875735
v 0.1486769 0.7889445 -0.2750676
v 0.1514192 0.7539538 -0.2628630
v 0.1516344 0.7165700 -0.2500226
v 0.1496946 0.6779018 -0.2347899
v 0.1476431 0.6391463 -0.2186618
v 0.1460415 0.5985750 -0.2105020
v 0.1443997 0.5539134 -0.2109658
v 0.0932399 1.0087353 -0.4169281
v 0.0951947 0.9815133 -0.3804088
v 0.0973385 0.9503653 -0.3577973
v 0.0994176 0.9196352 -0.3377219
v 0.1018302 0.8884189 -0.3189577
v 0.1048153 0.8558456 -0.3024604
v 0.1084686 0.8224346 -0.2882602
v 0.1119653 0.7887539 -0.2755018
v 0.1136594 0.7543125 -0.2625508
v 0.1122092 0.7184589 -0.2477587
v 0.1092308 0.6809952 -0.2323789
v 0.1070066 0.6428561 -0.2172293
v 0.1055432 0.6033014 -0.2087812
v 0.1034978 0.5589550 -0.2080628
v 0.0610348 1.0103719 -0.4196964
v 0.0616728 0.9835845 -0.3834229
v 0.0628512 0.9523311 -0.3606977
v 0.0644702 0.9213456 -0.3400099
v 0.0664881 0.8896740 -0.3208558
v 0.0689418 0.8568943 -0.3037513
v 0.0716839 0.8234476 -0.2887857
v 0.0739507 0.7897260 -0.2750207
v 0.0742270 0.7552863 -0.2605691
v 0.0720291 0.7194846 -0.2454661
v 0.0688114 0.6823542 -0.2303728
v 0.0664182 0.6449368 -0.2152782
v 0.0650750 0.6061839 -0.2062008
v 0.0626303 0.5626743 -0.2057028
v 0.0288642 1.0113937 -0.4229555
v 0.0281735 0.9851003 -0.3864806
v 0.0285052 0.9538879 -0.3634003
v 0.0294164 0.9224992 -0.3425494
v 0.0307354 0.8906132 -0.3229404
v 0.0323306 0.8579541 -0.3051074
v 0.0338914 0.8247168 -0.2889442
v 0.0347789 0.7908541 -0.2738950
v 0.0342873 0.7560524 -0.2586237
v 0.0317477 0.7197877 -0.2434051
v 0.0288481 0.6825763 -0.2276648
v 0.0268137 0.6451672 -0.2127505
v 0.0258205 0.6065727 -0.2040172
v 0.0228775 0.5640368 -0.2042519
v -0.0033590 1.0134540 -0.4258520
v -0.0052189 0.9861068 -0.3897984
v -0.0057089 0.9544999 -0.3661631
v -0.0054906 0.9226925 -0.3447851
v -0.0050554 0.8908429 -0.3245200
v -0.0047514 0.8586775 -0.3058740
v -0.0045990 0.8257707 -0.2890655
v -0.0046322 0.7915437 -0.2736388
v -0.0053653 0.7560631 -0.2580369
v -0.0077844 0.7191995 -0.2420506
v -0.0104851 0.6814284 -0.2260693
v -0.0121026 0.6438607 -0.2106410
v -0.0127360 0.6057288 -0.1994106
v -0.0149638 0.5626344 -0.2029382
v -0.0359368 1.0156039 -0.4286964
v -0.0385061 0.9876473 -0.3923126
v -0.0397471 0.9548202 -0.3687031
v -0.0399075 0.9226252 -0.3462480
v -0.0401492 0.8905306 -0.3252963
v -0.0410189 0.8583764 -0.3061435
v -0.0418768 0.8252879 -0.2891752
v -0.0424058 0.7906989 -0.2736154
v -0.0434234 0.7546865 -0.2580737
v -0.0459600 0.7171655 -0.2420143
v -0.0488278 0.6789182 -0.2262235
v -0.0503898 0.6408178 -0.2106979
v -0.0511546 0.6029897 -0.1976196
v -0.0528326 0.5595617 -0.1997822
v -0.0694517 1.0172360 -0.4315481
v -0.0719541 0.9886765 -0.3944227
v -0.0724731 0.9550171 -0.3697692
v -0.0720766 0.9220268 -0.3462667
v -0.0723336 0.8892278 -0.3246813
v -0.0732729 0.8560157 -0.3052955
v -0.0746937 0.8219312 -0.2885570
v -0.0764175 0.7870849 -0.2735344
v -0.0783416 0.7510280 -0.2582775
v -0.0816290 0.7132979 -0.2427522
v -0.0858285 0.6750591 -0.2276351
v -0.0888214 0.6374347 -0.2122413
v -0.0896583 0.5996475 -0.1984696
v -0.0917982 0.5555585 -0.1983705
v -0.1033645 1.0177891 -0.4337264
v -0.1049624 0.9889323 -0.3954093
v -0.1040160 0.9545187 -0.3698094
v -0.1026575 0.9206683 -0.3457193
v -0.1021172 0.8865007 -0.3235991
v -0.1023848 0.8517580 -0.3039824
v -0.1041034 0.8167986 -0.2875424
v -0.1071430 0.7816821 -0.2731933
v -0.1111914 0.7458020 -0.2590329
v -0.1159818 0.7086842 -0.2444654
v -0.1217815 0.6710162 -0.2301662
v -0.1266222 0.6342145 -0.2152616
v -0.1284111 0.5971019 -0.2010371
v -0.1309062 0.5525671 -0.1992489
v -0.1369531 1.0175446 -0.4354555
v -0.1375821 0.9885444 -0.3963101
v -0.1351267 0.9534760 -0.3695492
v -0.1327377 0.9185777 -0.3453213
v -0.1309579 0.8827503 -0.3229391
v -0.1306282 0.8467991 -0.3033087
v -0.1325854 0.8112955 -0.2871332
v -0.1369693 0.7760103 -0.2735313
v -0.1432699 0.7405403 -0.2606609
v -0.1501921 0.7046705 -0.2471202
v -0.1575176 0.6682558 -0.2333676
v -0.1636647 0.6324415 -0.2186897
v -0.1667494 0.5958939 -0.2039292
v -0.1696128 0.5514182 -0.2051340
v -0.1704358 1.0161737 -0.4376456
v -0.1705885 0.9877568 -0.3983294
v -0.1670931 0.9527455 -0.3704565
v -0.1636691 0.9165961 -0.3463522
v -0.1608140 0.8793731 -0.3240117
v -0.1601773 0.8424423 -0.3043939
v -0.1625181 0.8065711 -0.2884493
v -0.1679376 0.7715395 -0.2753834
v -0.1761197 0.7368302 -0.2634470
v -0.1849406 0.7023275 -0.2505317
v -0.1935805 0.6672533 -0.2370487
v -0.2005404 0.6311905 -0.2238552
v -0.2046584 0.5929952 -0.2117858
v -0.2071513 0.5503457 -0.2127504
v -0.2037748 1.0129999 -0.4400237
v -0.2048698 0.9863079 -0.4027512
v -0.2014766 0.9523558 -0.3743088
v -0.1976052 0.9158986 -0.3498540
v -0.1941220 0.8775624 -0.3278231
v -0.1931401 0.8401541 -0.3080775
v -0.1954567 0.8044924 -0.2919879
v -0.2014489 0.7697356 -0.2791281
v -0.2107260 0.7356145 -0.2680436
v -0.2201656 0.7018760 -0.2555168
v -0.2296885 0.6673658 -0.2420467
v -0.2374562 0.6291146 -0.2311336
v -0.2436761 0.5907308 -0.2208276
v -0.2449164 0.5492628 -0.2150169
v -0.2385097 1.0102674 -0.4419096
v -0.2397235 0.9833751 -0.4106695
v -0.2383150 0.9510979 -0.3826482
v -0.2366664 0.9159055 -0.3576133
v -0.2339152 0.8781388 -0.3355735
v -0.2319410 0.8409367 -0.3163460
v -0.2329860 0.8052859 -0.3005222
v -0.2382714 0.7699854 -0.2889039
v -0.2465287 0.7354037 -0.2786887
v -0.2537827 0.7015340 -0.2666134
v -0.2619739 0.6668562 -0.2527339
v -0.2710805 0.6277541 -0.2368931
v -0.2768195 0.5878807 -0.2261276
v -0.2767954 0.5462630 -0.2192863
v -0.2736361 1.0068157 -0.4473992
v -0.2773751 0.9776515 -0.4214702
v -0.2789862 0.9444606 -0.3991629
v -0.2792971 0.9095951 -0.3790461
v -0.2786359 0.8739849 -0.3590175
v -0.2767307 0.8381885 -0.3416422
v -0.2764541 0.8032585 -0.3265225
v -0.2791377 0.7684837 -0.3138601
v -0.2831844 0.7336646 -0.3004609
v -0.2864818 0.6992092 -0.2862407
v -0.2919285 0.6637055 -0.2705401
v -0.2984189 0.6228012 -0.2545588
v -0.3012533 0.5812461 -0.2388705
v -0.3032799 0.5427620 -0.2322384
v -0.3012044 1.0007050 -0.5312704
v -0.3012044 1.0007050 -0.5312704
v -0.3012044 1.0007050 -0.5312704
v -0.3012481 1.0219775 -0.4904031
v -0.3012481 1.0219775 -0.4904031
v -0.3012481 1.0219775 -0.4904031
v 0.2922260 0.9806304 -0.5059852
v 0.2922260 0.9806304 -0.5059852
v 0.2922260 0.9806304 -0.5059852
v 0.1579203 0.9732656 -0.5221996
v 0.1579203 0.9732656 -0.5221996
v 0.1257119 0.9731616 -0.5240351
v 0.1257119 0.9731616 -0.5240351
v 0.0935580 0.9754777 -0.5257559
v 0.0935580 0.9754777 -0.5257559
v 0.0298359 0.9834735 -0.5318508
v 0.0298359 0.9834735 -0.5318508
v -0.0019194 0.9868017 -0.5342741
v -0.0019194 0.9868017 -0.5342741
v -0.0999633 0.9967855 -0.5430814
v -0.0999633 0.9967855 -0.5430814
v -0.1336479 0.9988191 -0.5444112
v -0.1336479 0.9988191 -0.5444112
v -0.1993190 1.0003603 -0.5410294
v -0.1993190 1.0003603 -0.5410294
v -0.2669944 0.9993801 -0.5346503
v -0.2669944 0.9993801 -0.5346503
v -0.2672574 1.0232337 -0.4902289
v -0.2672574 1.0232337 -0.4902289
v -0.2332713 1.0224508 -0.4923093
v -0.2332713 1.0224508 -0.4923093
v -0.2008827 1.0220724 -0.4918339
v -0.2008827 1.0220724 -0.4918339
v -0.0668587 1.0178599 -0.4888985
v -0.0668587 1.0178599 -0.4888985
v -0.0018179 1.0159322 -0.4836246
v -0.0018179 1.0159322 -0.4836246
v 0.1555597 1.0025048 -0.4711967
v 0.1555597 1.0025048 -0.4711967
v 0.1879914 1.0007365 -0.4690855
v 0.1879914 1.0007365 -0.4690855
v 0.2224874 1.0055606 -0.4672576
v 0.2224874 1.0055606 -0.4672576
v -0.3026448 1.0125083 -0.5108865
v -0.3026448 1.0125083 -0.5108865
v 0.2910198 1.0004585 -0.4792300
v 0.2910198 1.0004585 -0.4792300
v 0.2916225 0.9933814 -0.4892247
v 0.2916225 0.9933814 -0.4892247
v 0.2922560 0.9863752 -0.4992189
v 0.2922560 0.9863752 -0.4992189
v -0.2670206 1.0219622 -0.5027907
v -0.2669499 1.0166703 -0.5151405
v -0.2668801 1.0086039 -0.5255613
v -0.2328875 1.0211298 -0.5048153
v -0.2329795 1.0173272 -0.5174813
v -0.2333575 1.0095682 -0.5288315
v -0.2003812 1.0192442 -0.5052294
v -0.1999823 1.0181667 -0.5195813
v -0.1996918 1.0102986 -0.5317009
v -0.1666946 1.0200107 -0.5058355
v -0.1664734 1.0166481 -0.5201238
v -0.1665636 1.0094500 -0.5328499
v -0.1337346 1.0179665 -0.5055902
v -0.1340956 1.0145441 -0.5197818
v -0.1339255 1.0073726 -0.5324336
v -0.1000194 1.0158011 -0.5048652
v -0.0997355 1.0134146 -0.5194572
v -0.0996838 1.0057708 -0.5317935
v -0.0667697 1.0134195 -0.5031821
v -0.0666329 1.0102801 -0.5174149
v -0.0667482 1.0032245 -0.5296960
v -0.0339862 1.0124727 -0.5010103
v -0.0341461 1.0071642 -0.5144156
v -0.0341191 1.0000710 -0.5267420
v -0.0020275 1.0120420 -0.4981774
v -0.0023466 1.0057976 -0.5118306
v -0.0024549 0.9967352 -0.5234973
v 0.0296448 1.0085851 -0.4947756
v 0.0293783 1.0020530 -0.5083629
v 0.0293304 0.9932445 -0.5205779
v 0.0612783 1.0063832 -0.4920500
v 0.0611724 0.9991462 -0.5055630
v 0.0610032 0.9888540 -0.5171205
v 0.0929588 1.0044686 -0.4894306
v 0.0930351 0.9971470 -0.5032324
v 0.0931372 0.9868093 -0.5152410
v 0.1253690 1.0005860 -0.4873410
v 0.1260458 0.9936159 -0.5008899
v 0.1258547 0.9839416 -0.5129350
v 0.1560753 0.9959626 -0.4845340
v 0.1562495 0.9892864 -0.4974008
v 0.1569353 0.9824767 -0.5102146
v 0.1889423 0.9980698 -0.4822112
v 0.1900531 0.9925386 -0.4951730
v 0.1910374 0.9838206 -0.5066800
v 0.2230304 1.0000787 -0.4799012
v 0.2234976 0.9933026 -0.4924642
v 0.2240318 0.9838785 -0.5033141
v 0.2584616 1.0020214 -0.4791639
v 0.2588854 0.9958075 -0.4914172
v 0.2595326 0.9867870 -0.5022205
v 0.3403403 0.4745683 -0.2794460
v 0.3403403 0.4745683 -0.2794460
v 0.3403403 0.4745683 -0.2794460
v 0.2605343 0.9764231 -0.5123447
v 0.2605343 0.9764231 -0.5123447
v 0.2249706 0.9737436 -0.5140637
v 0.2249706 0.9737436 -0.5140637
v 0.1918757 0.9735413 -0.5174480
v 0.1918757 0.9735413 -0.5174480
v 0.0614120 0.9782703 -0.5280489
v 0.0614120 0.9782703 -0.5280489
v -0.0337614 0.9905216 -0.5377752
v -0.0337614 0.9905216 -0.5377752
v -0.0668179 0.9938314 -0.5408086
v -0.0668179 0.9938314 -0.5408086
v -0.1669297 0.9988286 -0.5429836
v -0.1669297 0.9988286 -0.5429836
v -0.2333637 0.9983674 -0.5359191
v -0.2333637 0.9983674 -0.5359191
v -0.2184265 0.4826480 -0.2960494
v -0.2184265 0.4826480 -0.2960494
v -0.1482379 0.4858242 -0.2945461
v -0.1482379 0.4858242 -0.2945461
v -0.1112844 0.4885687 -0.2934982
v -0.1112844 0.4885687 -0.2934982
v -0.0738734 0.4915976 -0.2934749
v -0.0738734 0.4915976 -0.2934749
v -0.0354549 0.4941709 -0.2940686
v -0.0354549 0.4941709 -0.2940686
v 0.0453871 0.4947687 -0.2950764
v 0.0453871 0.4947687 -0.2950764
v 0.1323046 0.4875499 -0.2982257
v 0.1323046 0.4875499 -0.2982257
v 0.2186510 0.4791541 -0.2965264
v 0.2186510 0.4791541 -0.2965264
v -0.3010197 0.9664478 -0.5161401
v -0.3010197 0.9664478 -0.5161401
v -0.3048221 0.9333005 -0.5050698
v -0.3048221 0.9333005 -0.5050698
v -0.3093413 0.8681145 -0.4725997
v -0.3093413 0.8681145 -0.4725997
v -0.3149248 0.7726584 -0.4263794
v -0.3149248 0.7726584 -0.4263794
v -0.3198332 0.5772035 -0.3322919
v -0.3198332 0.5772035 -0.3322919
v -0.3273146 0.5413824 -0.3206377
v -0.3273146 0.5413824 -0.3206377
v -0.3326284 0.5101212 -0.3099601
v -0.3326284 0.5101212 -0.3099601
v 0.3246913 0.5277443 -0.3140091
v 0.3246913 0.5277443 -0.3140091
v 0.3231675 0.5651460 -0.3390064
v 0.3231675 0.5651460 -0.3390064
v 0.3155693 0.6542196 -0.3714363
v 0.3155693 0.6542196 -0.3714363
v 0.3088921 0.7589857 -0.4142793
v 0.3088921 0.7589857 -0.4142793
v 0.3031303 0.8418339 -0.4599750
v 0.3031303 0.8418339 -0.4599750
v 0.2985827 0.9076140 -0.4841912
v 0.2985827 0.9076140 -0.4841912
v 0.2971036 0.9438599 -0.4971510
v 0.2971036 0.9438599 -0.4971510
v -0.2697428 0.9548961 -0.5481354
v -0.2719648 0.9191641 -0.5373702
v -0.2786694 0.8844224 -0.5250574
v -0.2847539 0.8502910 -0.5116340
v -0.2886716 0.8177297 -0.4953978
v -0.2923420 0.7847536 -0.4804212
v -0.2956799 0.7509949 -0.4646520
v -0.3005920 0.7150821 -0.4480626
v -0.3028454 0.6779959 -0.4308965
v -0.3018366 0.6393433 -0.4116822
v -0.3031547 0.5970044 -0.3904536
v -0.3082012 0.5531986 -0.3716342
v -0.3119801 0.5176766 -0.3561319
v -0.3117560 0.4908395 -0.3361961
v -0.2361988 0.9524525 -0.5587285
v -0.2385132 0.9140866 -0.5534972
v -0.2416551 0.8790849 -0.5381417
v -0.2471950 0.8438295 -0.5245565
v -0.2516493 0.8099763 -0.5092801
v -0.2550439 0.7768451 -0.4925955
v -0.2588561 0.7428122 -0.4759849
v -0.2649478 0.7067201 -0.4599400
v -0.2704296 0.6694584 -0.4445801
v -0.2736931 0.6300075 -0.4271104
v -0.2769938 0.5880610 -0.4061626
v -0.2816081 0.5459694 -0.3844588
v -0.2833079 0.5110012 -0.3650368
v -0.2831586 0.4832734 -0.3438927
v -0.2018018 0.9539670 -0.5666153
v -0.2043392 0.9119885 -0.5603748
v -0.2068608 0.8781025 -0.5406595
v -0.2112709 0.8444124 -0.5224274
v -0.2157530 0.8105217 -0.5069254
v -0.2193701 0.7769671 -0.4898647
v -0.2230537 0.7427519 -0.4730192
v -0.2287213 0.7069309 -0.4571577
v -0.2356464 0.6693825 -0.4420456
v -0.2418239 0.6296955 -0.4261045
v -0.2462762 0.5877591 -0.4075325
v -0.2502335 0.5461818 -0.3892039
v -0.2525925 0.5098442 -0.3699282
v -0.2532328 0.4813016 -0.3465603
v -0.1683371 0.9534913 -0.5725894
v -0.1701040 0.9102854 -0.5659360
v -0.1726324 0.8770276 -0.5434199
v -0.1767341 0.8442865 -0.5224099
v -0.1808838 0.8099721 -0.5068710
v -0.1841265 0.7765884 -0.4891370
v -0.1872215 0.7425064 -0.4721328
v -0.1921045 0.7068789 -0.4564332
v -0.1990914 0.6689789 -0.4418746
v -0.2071295 0.6292427 -0.4275361
v -0.2140087 0.5880831 -0.4116183
v -0.2185985 0.5475321 -0.3948512
v -0.2213158 0.5103053 -0.3775857
v -0.2215893 0.4828489 -0.3480065
v -0.1343275 0.9532048 -0.5751637
v -0.1358363 0.9091351 -0.5677790
v -0.1389065 0.8761761 -0.5445494
v -0.1426636 0.8429565 -0.5238038
v -0.1464271 0.8083781 -0.5080028
v -0.1491884 0.7752895 -0.4896551
v -0.1514508 0.7418345 -0.4721808
v -0.1553705 0.7067584 -0.4561535
v -0.1620375 0.6691731 -0.4414588
v -0.1710356 0.6294199 -0.4276084
v -0.1797713 0.5893003 -0.4134428
v -0.1862756 0.5495253 -0.3981256
v -0.1893789 0.5123349 -0.3816198
v -0.1889269 0.4846960 -0.3503449
v -0.1002769 0.9518341 -0.5754517
v -0.1019153 0.9076712 -0.5677193
v -0.1050062 0.8751340 -0.5435696
v -0.1085854 0.8411957 -0.5234867
v -0.1118777 0.8069953 -0.5068042
v -0.1142694 0.7744932 -0.4881877
v -0.1159369 0.7417654 -0.4703336
v -0.1186254 0.7075729 -0.4538567
v -0.1253520 0.6704576 -0.4393746
v -0.1347265 0.6308088 -0.4259382
v -0.1442132 0.5906362 -0.4122730
v -0.1516614 0.5514233 -0.3978109
v -0.1551456 0.5143888 -0.3819650
v -0.1542205 0.4859989 -0.3508433
v -0.0661848 0.9493438 -0.5726620
v -0.0680234 0.9058986 -0.5645803
v -0.0712102 0.8733634 -0.5408439
v -0.0743677 0.8390611 -0.5218634
v -0.0770515 0.8054856 -0.5048168
v -0.0789566 0.7735622 -0.4860892
v -0.0801822 0.7415859 -0.4680687
v -0.0823459 0.7083499 -0.4514331
v -0.0884458 0.6719967 -0.4368925
v -0.0976233 0.6328403 -0.4236554
v -0.1074429 0.5929454 -0.4103760
v -0.1154242 0.5539165 -0.3964133
v -0.1192738 0.5168785 -0.3811612
v -0.1181563 0.4881718 -0.3505980
v -0.0323504 0.9459366 -0.5679318
v -0.0344892 0.9032435 -0.5603010
v -0.0373902 0.8708223 -0.5379055
v -0.0398280 0.8368809 -0.5197611
v -0.0417961 0.8039536 -0.5028436
v -0.0431282 0.7725036 -0.4842806
v -0.0438351 0.7410386 -0.4660507
v -0.0459906 0.7085000 -0.4494399
v -0.0511049 0.6732075 -0.4346670
v -0.0596357 0.6350089 -0.4212918
v -0.0695947 0.5958396 -0.4086511
v -0.0779849 0.5570486 -0.3956270
v -0.0822799 0.5199559 -0.3811703
v -0.0812470 0.4909513 -0.3512525
v 0.0001200 0.9413247 -0.5631517
v -0.0020774 0.8996767 -0.5562007
v -0.0038136 0.8671491 -0.5350340
v -0.0051894 0.8337732 -0.5177639
v -0.0060990 0.8018344 -0.5011576
v -0.0066980 0.7711650 -0.4829384
v -0.0068149 0.7401914 -0.4647224
v -0.0085843 0.7081615 -0.4479782
v -0.0136096 0.6736764 -0.4331421
v -0.0214205 0.6367374 -0.4197965
v -0.0306837 0.5983843 -0.4075753
v -0.0388546 0.5599916 -0.3950439
v -0.0432921 0.5229309 -0.3811024
v -0.0425611 0.4938357 -0.3515168
v 0.0317997 0.9366614 -0.5594851
v 0.0301998 0.8945885 -0.5534113
v 0.0292944 0.8624482 -0.5324908
v 0.0290538 0.8295882 -0.5160158
v 0.0294738 0.7984564 -0.4998464
v 0.0300727 0.7685743 -0.4822981
v 0.0306347 0.7384760 -0.4646061
v 0.0295714 0.7073041 -0.4475991
v 0.0248914 0.6738503 -0.4324735
v 0.0174801 0.6376560 -0.4192325
v 0.0090051 0.5999292 -0.4069236
v 0.0017459 0.5620664 -0.3944347
v -0.0022774 0.5251632 -0.3806561
v -0.0018532 0.4960562 -0.3511815
v 0.0634922 0.9316912 -0.5557888
v 0.0627344 0.8894068 -0.5508060
v 0.0624541 0.8571545 -0.5307535
v 0.0631971 0.8249075 -0.5146555
v 0.0646866 0.7944123 -0.4989639
v 0.0662411 0.7651651 -0.4821188
v 0.0677902 0.7358707 -0.4650921
v 0.0681093 0.7058182 -0.4483373
v 0.0646257 0.6736263 -0.4329129
v 0.0583344 0.6382446 -0.4190972
v 0.0506116 0.6007764 -0.4065739
v 0.0435412 0.5628033 -0.3943749
v 0.0396322 0.5255566 -0.3809322
v 0.0397394 0.4963179 -0.3513155
v 0.0957145 0.9274279 -0.5534620
v 0.0953861 0.8849878 -0.5481086
v 0.0956316 0.8525078 -0.5290194
v 0.0971792 0.8205455 -0.5137390
v 0.0994748 0.7905434 -0.4985127
v 0.1019177 0.7617564 -0.4823279
v 0.1044589 0.7331222 -0.4658847
v 0.1063990 0.7039758 -0.4494005
v 0.1050794 0.6727824 -0.4340761
v 0.1005124 0.6381365 -0.4201163
v 0.0937127 0.6003982 -0.4076291
v 0.0870687 0.5618160 -0.3952763
v 0.0833529 0.5240977 -0.3817388
v 0.0832262 0.4948402 -0.3515942
v 0.1277586 0.9248604 -0.5522332
v 0.1279127 0.8821055 -0.5458618
v 0.1288009 0.8491867 -0.5271944
v 0.1311361 0.8169912 -0.5133410
v 0.1341435 0.7873557 -0.4985378
v 0.1374410 0.7590003 -0.4828620
v 0.1409034 0.7308787 -0.4669167
v 0.1440941 0.7022192 -0.4507831
v 0.1452714 0.6714795 -0.4356719
v 0.1425789 0.6368155 -0.4218963
v 0.1373432 0.5987260 -0.4093224
v 0.1316969 0.5595549 -0.3970317
v 0.1284567 0.5214875 -0.3830082
v 0.1281393 0.4922168 -0.3521258
v 0.1598059 0.9242555 -0.5513415
v 0.1606791 0.8811263 -0.5450602
v 0.1623299 0.8473634 -0.5256997
v 0.1654256 0.8150046 -0.5126851
v 0.1689227 0.7858166 -0.4981051
v 0.1727708 0.7578704 -0.4831537
v 0.1769356 0.7300802 -0.4679475
v 0.1809817 0.7015792 -0.4521733
v 0.1833944 0.6706474 -0.4371306
v 0.1829966 0.6345744 -0.4234665
v 0.1798551 0.5951462 -0.4108028
v 0.1760302 0.5555173 -0.3983757
v 0.1735851 0.5180402 -0.3827366
v 0.1732466 0.4887455 -0.3520288
v 0.1933469 0.9234951 -0.5474293
v 0.1950218 0.8812491 -0.5415817
v 0.1970200 0.8474642 -0.5236897
v 0.2004299 0.8153136 -0.5102755
v 0.2041505 0.7867609 -0.4958040
v 0.2080779 0.7591479 -0.4820094
v 0.2121594 0.7312291 -0.4683051
v 0.2159374 0.7028139 -0.4526495
v 0.2190614 0.6706423 -0.4377618
v 0.2203712 0.6325675 -0.4245119
v 0.2197500 0.5916069 -0.4113726
v 0.2185980 0.5510964 -0.3979394
v 0.2174954 0.5142931 -0.3795621
v 0.2172013 0.4847075 -0.3501663
v 0.2287758 0.9233016 -0.5400918
v 0.2306381 0.8823289 -0.5353947
v 0.2327917 0.8484917 -0.5210040
v 0.2369477 0.8160897 -0.5099861
v 0.2411189 0.7866657 -0.4976795
v 0.2447291 0.7590833 -0.4842167
v 0.2477476 0.7320727 -0.4697228
v 0.2508771 0.7034093 -0.4544768
v 0.2545762 0.6700563 -0.4398974
v 0.2572809 0.6310344 -0.4252542
v 0.2581444 0.5894201 -0.4100735
v 0.2583314 0.5492419 -0.3936506
v 0.2587020 0.5130064 -0.3733534
v 0.2589608 0.4836905 -0.3432564
v 0.2646061 0.9275291 -0.5272610
v 0.2671985 0.8877921 -0.5210532
v 0.2694545 0.8542028 -0.5086616
v 0.2737251 0.8230549 -0.4973325
v 0.2790116 0.7934027 -0.4854845
v 0.2830738 0.7654865 -0.4718581
v 0.2856004 0.7384501 -0.4574543
v 0.2876137 0.7097565 -0.4425346
v 0.2902039 0.6760581 -0.4274953
v 0.2929620 0.6361902 -0.4117343
v 0.2950914 0.5934280 -0.3960451
v 0.2972550 0.5517976 -0.3810247
v 0.2996013 0.5134580 -0.3621669
v 0.3009298 0.4830632 -0.3315306
v -0.3062856 0.9023520 -0.4892999
v -0.3062856 0.9023520 -0.4892999
v -0.3125234 0.8365375 -0.4565370
v -0.3125234 0.8365375 -0.4565370
v -0.3141571 0.8046144 -0.4414888
v -0.3141571 0.8046144 -0.4414888
v -0.3136493 0.7390684 -0.4099560
v -0.3136493 0.7390684 -0.4099560
v -0.3147179 0.7024235 -0.3919030
v -0.3147179 0.7024235 -0.3919030
v -0.3131105 0.6625511 -0.3724676
v -0.3131105 0.6625511 -0.3724676
v -0.3142149 0.6215394 -0.3513004
v -0.3142149 0.6215394 -0.3513004
v -0.3283937 0.5341591 -0.2623132
v -0.3283937 0.5341591 -0.2623132
v -0.3232024 0.5641118 -0.2767238
v -0.3232024 0.5641118 -0.2767238
v -0.3193384 0.6057637 -0.2883580
v -0.3193384 0.6057637 -0.2883580
v -0.3090116 0.7587713 -0.3598888
v -0.3090116 0.7587713 -0.3598888
v -0.3079301 0.8247749 -0.3909037
v -0.3079301 0.8247749 -0.3909037
v -0.3093370 0.8912181 -0.4214713
v -0.3093370 0.8912181 -0.4214713
v -0.3092583 0.9260550 -0.4383440
v -0.3092583 0.9260550 -0.4383440
v -0.3048528 0.9903232 -0.4719265
v -0.3048528 0.9903232 -0.4719265
v -0.3302362 0.4950764 -0.2828953
v -0.3302362 0.4950764 -0.2828953
v -0.3023321 1.0184551 -0.4997811
v -0.3023321 1.0184551 -0.4997811
v -0.3026064 1.0066162 -0.5219863
v -0.3026064 1.0066162 -0.5219863
v -0.3320962 0.5294086 -0.2737729
v -0.3339227 0.5234575 -0.2862157
v -0.3342198 0.5168540 -0.2986271
v -0.3279698 0.5603423 -0.2863207
v -0.3303947 0.5551536 -0.2978950
v -0.3300832 0.5484558 -0.3098782
v -0.3224462 0.5998756 -0.2987659
v -0.3237081 0.5928059 -0.3103010
v -0.3227169 0.5847252 -0.3217975
v -0.3153918 0.6433668 -0.3166445
v -0.3168144 0.6366515 -0.3285515
v -0.3163046 0.6291673 -0.3402288
v -0.3119456 0.6816396 -0.3363100
v -0.3131426 0.6754415 -0.3484999
v -0.3132771 0.6689600 -0.3608653
v -0.3108539 0.7204588 -0.3554453
v -0.3135095 0.7152802 -0.3684701
v -0.3150171 0.7089279 -0.3808365
v -0.3111968 0.7549051 -0.3727628
v -0.3128536 0.7503756 -0.3857824
v -0.3142329 0.7450567 -0.3983482
v -0.3118821 0.7890815 -0.3893215
v -0.3141448 0.7839296 -0.4028878
v -0.3151904 0.7781810 -0.4152115
v -0.3113687 0.8207982 -0.4038399
v -0.3128946 0.8161490 -0.4169337
v -0.3136835 0.8105541 -0.4297137
v -0.3122743 0.8524140 -0.4182630
v -0.3137821 0.8475779 -0.4319782
v -0.3134527 0.8422487 -0.4449289
v -0.3111706 0.8869828 -0.4352376
v -0.3129560 0.8818992 -0.4482905
v -0.3120832 0.8749669 -0.4606089
v -0.3127541 0.9206561 -0.4517125
v -0.3131716 0.9147184 -0.4657437
v -0.3106031 0.9085688 -0.4782842
v -0.3068521 0.9513972 -0.4693305
v -0.3080184 0.9454908 -0.4815139
v -0.3083470 0.9392713 -0.4938012
v -0.3098882 0.9849085 -0.4830908
v -0.3104869 0.9784781 -0.4954402
v -0.3077945 0.9719708 -0.5070101
vt 0.2512645 0.4918879
vt 0.2837012 0.2520257
vt 0.3357741 0.2524957
vt 0.2501132 0.7438914
vt 0.3045698 0.2511444
vt 0.3228373 0.4834528
vt 0.2546641 0.4549725
vt 0.3364124 0.2891033
vt 0.2535919 0.3970821
vt 0.3360761 0.3458070
vt 0.2546139 0.3536555
vt 0.3351018 0.3886998
vt 0.2542427 0.3389634
vt 0.3352503 0.4031903
vt 0.2527127 0.3095360
vt 0.3360130 0.4322621
vt 0.2521352 0.2959769
vt 0.3364686 0.4456213
vt 0.2512737 0.2693408
vt 0.3367264 0.4719903
vt 0.2520851 0.5463699
vt 0.3209606 0.2891397
vt 0.2516199 0.6334752
vt 0.3192704 0.3744180
vt 0.2518974 0.6479684
vt 0.3193492 0.3886384
vt 0.2521182 0.6626191
vt 0.3198965 0.4030547
vt 0.2517591 0.6774151
vt 0.3204487 0.4177200
vt 0.2508344 0.7185268
vt 0.3218091 0.4584234
vt 0.2864883 0.2513610
vt 0.3330656 0.2517512
vt 0.2902917 0.2507364
vt 0.3293608 0.2509161
vt 0.2940193 0.2508880
vt 0.3256727 0.2507364
vt 0.3323191 0.2628927
vt 0.3286073 0.2632424
vt 0.3251571 0.2630638
vt 0.3324187 0.2754877
vt 0.3285562 0.2755181
vt 0.3247255 0.2754933
vt 0.3326611 0.2892120
vt 0.3286750 0.2891248
vt 0.3247333 0.2891192
vt 0.3329024 0.3027351
vt 0.3288403 0.3026408
vt 0.3248226 0.3026325
vt 0.3328432 0.3168027
vt 0.3288352 0.3166680
vt 0.3248657 0.3166590
vt 0.3324658 0.3312729
vt 0.3284641 0.3312746
vt 0.3244898 0.3312044
vt 0.3321083 0.3459790
vt 0.3280140 0.3460048
vt 0.3239062 0.3459626
vt 0.3318519 0.3602426
vt 0.3276947 0.3602610
vt 0.3235011 0.3602549
vt 0.3318346 0.3745726
vt 0.3275774 0.3745925
vt 0.3233334 0.3745339
vt 0.3319455 0.3888043
vt 0.3277483 0.3887932
vt 0.3235210 0.3887404
vt 0.3319806 0.4032136
vt 0.3279161 0.4031641
vt 0.3238295 0.4030944
vt 0.3322853 0.4178164
vt 0.3282953 0.4177403
vt 0.3242896 0.4176913
vt 0.3326118 0.4322075
vt 0.3286812 0.4321388
vt 0.3247194 0.4320785
vt 0.3329533 0.4455914
vt 0.3290353 0.4455180
vt 0.3251414 0.4454563
vt 0.3333216 0.4585761
vt 0.3294421 0.4584870
vt 0.3255533 0.4584134
vt 0.3332623 0.4714370
vt 0.3294519 0.4712739
vt 0.3257201 0.4710137
vt 0.0087566 0.7372780
vt 0.2621550 0.2507364
vt 0.3012780 0.4893346
vt 0.2383167 0.2543498
vt 0.3169810 0.2630491
vt 0.2244930 0.2525410
vt 0.3161832 0.2766370
vt 0.1951021 0.2509561
vt 0.3159847 0.3056005
vt 0.1382927 0.2528296
vt 0.3166636 0.3617436
vt 0.1100047 0.2543508
vt 0.3169745 0.3897461
vt 0.2374772 0.7454757
vt 0.3026247 0.2633718
vt 0.2082467 0.7485859
vt 0.3008307 0.2922462
vt 0.1942139 0.7491059
vt 0.3004524 0.3060664
vt 0.1802251 0.7491640
vt 0.3000446 0.3198407
vt 0.1661130 0.7489167
vt 0.2997371 0.3337394
vt 0.1518214 0.7486459
vt 0.2997064 0.3478526
vt 0.1379077 0.7484127
vt 0.2995745 0.3615586
vt 0.1238963 0.7483558
vt 0.2998047 0.3753285
vt 0.1096717 0.7483002
vt 0.3002736 0.3893510
vt 0.0527292 0.7458738
vt 0.2993769 0.4456437
vt 0.0369830 0.7442629
vt 0.2992894 0.4611965
vt 0.0207248 0.7410401
vt 0.2996278 0.4773382
vt 0.3147262 0.2511679
vt 0.3331038 0.4842833
vt 0.3111970 0.2507718
vt 0.3295051 0.4842784
vt 0.3075543 0.2507364
vt 0.3258226 0.4840261
vt 0.2652324 0.2508956
vt 0.3042922 0.4893781
vt 0.3135915 0.2633396
vt 0.3099691 0.2634422
vt 0.3062069 0.2633466
vt 0.3127451 0.2774260
vt 0.3088911 0.2775915
vt 0.3050115 0.2777117
vt 0.3125643 0.2922099
vt 0.3086151 0.2923486
vt 0.3046466 0.2924102
vt 0.3120804 0.3061199
vt 0.3081606 0.3061309
vt 0.3042672 0.3061220
vt 0.3117995 0.3199842
vt 0.3078059 0.3199894
vt 0.3038724 0.3199376
vt 0.3117962 0.3339773
vt 0.3077228 0.3339661
vt 0.3036963 0.3338813
vt 0.3120814 0.3481686
vt 0.3078422 0.3481967
vt 0.3036898 0.3480840
vt 0.3123227 0.3617781
vt 0.3079177 0.3617609
vt 0.3036690 0.3616860
vt 0.3126136 0.3754823
vt 0.3082297 0.3754189
vt 0.3039566 0.3753675
vt 0.3127480 0.3895323
vt 0.3085101 0.3894082
vt 0.3043370 0.3893610
vt 0.3128261 0.4037205
vt 0.3087367 0.4036065
vt 0.3046778 0.4035308
vt 0.3127816 0.4177566
vt 0.3087691 0.4176689
vt 0.3047494 0.4176250
vt 0.3121252 0.4315101
vt 0.3081977 0.4314605
vt 0.3042323 0.4314908
vt 0.3113345 0.4450304
vt 0.3073388 0.4450876
vt 0.3033182 0.4453260
vt 0.3125321 0.4591453
vt 0.3080563 0.4595361
vt 0.3034731 0.4602282
vt 0.3137188 0.4744338
vt 0.3090036 0.4752030
vt 0.3041211 0.4761335
vt 0.2499588 0.2568953
vt 0.3173682 0.2516589
vt 0.3358182 0.4841047
vt 0.0120910 0.2707306
vt 0.2767332 0.2520973
vt 0.3155608 0.4872196
vt 0.2534431 0.4815261
vt 0.3360995 0.2629422
vt 0.2546114 0.4690757
vt 0.3360487 0.2752824
vt 0.2540596 0.4409256
vt 0.3367907 0.3028574
vt 0.2532931 0.4263430
vt 0.3367023 0.3170789
vt 0.2529805 0.4115729
vt 0.3363513 0.3315340
vt 0.2543157 0.3825830
vt 0.3357248 0.3601196
vt 0.2547762 0.3682357
vt 0.3353361 0.3743525
vt 0.2534271 0.3240300
vt 0.3355702 0.4179012
vt 0.2515979 0.2826432
vt 0.3367383 0.4587974
vt 0.0095371 0.2805910
vt 0.2768012 0.2621683
vt 0.0046200 0.3022742
vt 0.2739803 0.2840498
vt 0.0053158 0.3158224
vt 0.2752073 0.2973595
vt 0.0055221 0.3295603
vt 0.2758408 0.3108676
vt 0.0047948 0.3562710
vt 0.2767901 0.3370912
vt 0.0039613 0.3840536
vt 0.2771328 0.3644320
vt 0.0025706 0.3987704
vt 0.2761788 0.3789499
vt 0.0009645 0.4287798
vt 0.2744300 0.4085411
vt 0.0010572 0.4416282
vt 0.2737345 0.4212182
vt 0.2407635 0.4938502
vt 0.2825962 0.2626176
vt 0.2287377 0.4962323
vt 0.2819805 0.2747775
vt 0.2018368 0.4981022
vt 0.2804051 0.3013768
vt 0.1739000 0.4989696
vt 0.2793051 0.3288428
vt 0.1598731 0.4996907
vt 0.2793334 0.3426530
vt 0.1307583 0.4994047
vt 0.2789205 0.3712627
vt 0.0848764 0.4982605
vt 0.2796171 0.4164586
vt 0.2093666 0.2515541
vt 0.3164089 0.2915139
vt 0.1809896 0.2507364
vt 0.3156987 0.3195265
vt 0.1666792 0.2513462
vt 0.3158882 0.3336649
vt 0.1523121 0.2522215
vt 0.3162661 0.3478894
vt 0.1242374 0.2535436
vt 0.3169787 0.3756559
vt 0.0956955 0.2551740
vt 0.3169473 0.4038912
vt 0.0814092 0.2562511
vt 0.3167953 0.4179795
vt 0.0674082 0.2572686
vt 0.3159682 0.4317485
vt 0.0537231 0.2585279
vt 0.3152144 0.4452589
vt 0.0397253 0.2624197
vt 0.3165130 0.4594153
vt 0.0249667 0.2674179
vt 0.3177280 0.4746042
vt 0.2372884 0.2685758
vt 0.2238575 0.2678311
vt 0.2105456 0.2673085
vt 0.1975380 0.2668400
vt 0.1833965 0.2670337
vt 0.1685008 0.2680862
vt 0.1532916 0.2692975
vt 0.1383774 0.2701786
vt 0.1240405 0.2708308
vt 0.1100032 0.2712409
vt 0.0960305 0.2716191
vt 0.0820836 0.2720028
vt 0.0681291 0.2724036
vt 0.0543440 0.2732249
vt 0.0410359 0.2760667
vt 0.0269802 0.2796103
vt 0.2366330 0.2824448
vt 0.2223735 0.2823690
vt 0.2089880 0.2821409
vt 0.1958201 0.2823978
vt 0.1819406 0.2832440
vt 0.1672934 0.2843342
vt 0.1524102 0.2853688
vt 0.1378574 0.2861362
vt 0.1238077 0.2865355
vt 0.1099434 0.2867593
vt 0.0960097 0.2867133
vt 0.0821225 0.2866682
vt 0.0682248 0.2867911
vt 0.0541357 0.2869869
vt 0.0400427 0.2877558
vt 0.0252335 0.2897495
vt 0.2367072 0.2958855
vt 0.2222967 0.2961270
vt 0.2088259 0.2969317
vt 0.1953644 0.2980633
vt 0.1813839 0.2992090
vt 0.1668614 0.3001869
vt 0.1521695 0.3009027
vt 0.1376063 0.3011745
vt 0.1233262 0.3011215
vt 0.1093173 0.3010825
vt 0.0955433 0.3010768
vt 0.0817159 0.3009001
vt 0.0678762 0.3009471
vt 0.0539036 0.3011513
vt 0.0397014 0.3013281
vt 0.0238210 0.3017697
vt 0.2372703 0.3096602
vt 0.2233018 0.3106067
vt 0.2099183 0.3120972
vt 0.1962682 0.3136088
vt 0.1820010 0.3148905
vt 0.1672386 0.3157178
vt 0.1522428 0.3159502
vt 0.1373303 0.3157258
vt 0.1227219 0.3153329
vt 0.1084903 0.3150530
vt 0.0947429 0.3150486
vt 0.0811329 0.3151089
vt 0.0672978 0.3151275
vt 0.0534182 0.3152871
vt 0.0391993 0.3153960
vt 0.0237387 0.3156092
vt 0.2380519 0.3245250
vt 0.2240736 0.3255910
vt 0.2105743 0.3271879
vt 0.1967304 0.3287975
vt 0.1822600 0.3299935
vt 0.1672856 0.3305740
vt 0.1521008 0.3304657
vt 0.1369743 0.3298727
vt 0.1222019 0.3292568
vt 0.1078952 0.3288463
vt 0.0940654 0.3287957
vt 0.0805907 0.3290938
vt 0.0668990 0.3292568
vt 0.0529598 0.3293446
vt 0.0386080 0.3293245
vt 0.0229479 0.3290805
vt 0.2385938 0.3394531
vt 0.2243363 0.3403865
vt 0.2106458 0.3419160
vt 0.1966459 0.3434366
vt 0.1820355 0.3444347
vt 0.1669267 0.3446923
vt 0.1516816 0.3443328
vt 0.1366733 0.3436654
vt 0.1219661 0.3429587
vt 0.1076023 0.3424939
vt 0.0937434 0.3424866
vt 0.0802918 0.3428822
vt 0.0666816 0.3432679
vt 0.0526180 0.3433338
vt 0.0380932 0.3430312
vt 0.0223775 0.3421758
vt 0.2386872 0.3541377
vt 0.2242589 0.3549540
vt 0.2103593 0.3563348
vt 0.1962506 0.3576101
vt 0.1816131 0.3583485
vt 0.1665097 0.3583419
vt 0.1513182 0.3577853
vt 0.1365174 0.3571522
vt 0.1220331 0.3565883
vt 0.1077549 0.3561974
vt 0.0938504 0.3561904
vt 0.0802909 0.3566208
vt 0.0666328 0.3571898
vt 0.0521917 0.3572006
vt 0.0374144 0.3567607
vt 0.0219359 0.3560174
vt 0.2385806 0.3690030
vt 0.2239632 0.3695542
vt 0.2097914 0.3704401
vt 0.1956016 0.3713688
vt 0.1811013 0.3718714
vt 0.1662115 0.3717748
vt 0.1512561 0.3711964
vt 0.1366754 0.3706208
vt 0.1224031 0.3701949
vt 0.1083384 0.3699808
vt 0.0943664 0.3700290
vt 0.0806226 0.3704947
vt 0.0666443 0.3710351
vt 0.0518679 0.3709683
vt 0.0367754 0.3705840
vt 0.0212215 0.3694471
vt 0.2380610 0.3838443
vt 0.2234430 0.3839750
vt 0.2090861 0.3842252
vt 0.1947518 0.3847882
vt 0.1804216 0.3850592
vt 0.1659114 0.3849439
vt 0.1513783 0.3845254
vt 0.1370841 0.3840899
vt 0.1230236 0.3838139
vt 0.1091352 0.3838027
vt 0.0951600 0.3839627
vt 0.0811929 0.3845016
vt 0.0667194 0.3848428
vt 0.0514961 0.3847310
vt 0.0360715 0.3843596
vt 0.0202506 0.3838965
vt 0.2374881 0.3987117
vt 0.2229154 0.3981869
vt 0.2083432 0.3978612
vt 0.1939454 0.3980898
vt 0.1797394 0.3981919
vt 0.1656061 0.3980581
vt 0.1515318 0.3977827
vt 0.1375987 0.3975708
vt 0.1237910 0.3975430
vt 0.1100443 0.3977300
vt 0.0960689 0.3980726
vt 0.0817846 0.3985962
vt 0.0665683 0.3986319
vt 0.0508693 0.3984600
vt 0.0350758 0.3981448
vt 0.0190733 0.3985258
vt 0.2368284 0.4120982
vt 0.2222175 0.4118071
vt 0.2078206 0.4116282
vt 0.1936172 0.4116413
vt 0.1796044 0.4116074
vt 0.1657068 0.4115136
vt 0.1519258 0.4113862
vt 0.1382552 0.4114046
vt 0.1246440 0.4116064
vt 0.1110369 0.4119870
vt 0.0969238 0.4123728
vt 0.0819870 0.4126371
vt 0.0660973 0.4124051
vt 0.0499734 0.4121085
vt 0.0339175 0.4118274
vt 0.0178381 0.4126544
vt 0.2370732 0.4257243
vt 0.2221047 0.4252675
vt 0.2079760 0.4254851
vt 0.1940566 0.4254586
vt 0.1803327 0.4254260
vt 0.1666644 0.4254652
vt 0.1530412 0.4255131
vt 0.1394536 0.4256524
vt 0.1258492 0.4259579
vt 0.1120770 0.4263530
vt 0.0976566 0.4266441
vt 0.0820358 0.4264460
vt 0.0657030 0.4260964
vt 0.0492363 0.4256815
vt 0.0330105 0.4254568
vt 0.0169630 0.4264716
vt 0.2378868 0.4403474
vt 0.2229173 0.4396433
vt 0.2087788 0.4393865
vt 0.1950970 0.4393527
vt 0.1814891 0.4393633
vt 0.1679596 0.4394817
vt 0.1544889 0.4396721
vt 0.1409689 0.4399204
vt 0.1273536 0.4402578
vt 0.1132879 0.4405559
vt 0.0983126 0.4404980
vt 0.0823679 0.4401772
vt 0.0657650 0.4397450
vt 0.0490795 0.4393674
vt 0.0328338 0.4391608
vt 0.0169063 0.4397761
vt 0.2387163 0.4545003
vt 0.2241363 0.4538718
vt 0.2103971 0.4536774
vt 0.1966863 0.4534864
vt 0.1830029 0.4534910
vt 0.1695220 0.4536356
vt 0.1560741 0.4539608
vt 0.1424786 0.4541493
vt 0.1286829 0.4543855
vt 0.1142333 0.4544494
vt 0.0991222 0.4543122
vt 0.0830456 0.4539636
vt 0.0664762 0.4535348
vt 0.0497743 0.4532031
vt 0.0335302 0.4530585
vt 0.0176388 0.4533529
vt 0.2391483 0.4680648
vt 0.2252627 0.4676572
vt 0.2119724 0.4676168
vt 0.1984936 0.4677084
vt 0.1848045 0.4679055
vt 0.1711906 0.4681609
vt 0.1573654 0.4686062
vt 0.1435069 0.4686816
vt 0.1295072 0.4684941
vt 0.1150113 0.4684451
vt 0.0999640 0.4682772
vt 0.0840782 0.4679248
vt 0.0677233 0.4675305
vt 0.0511571 0.4672243
vt 0.0350100 0.4670770
vt 0.0198172 0.4667271
vt 0.2391021 0.4805480
vt 0.2266012 0.4812179
vt 0.2135945 0.4816916
vt 0.2002388 0.4820764
vt 0.1864796 0.4824110
vt 0.1726927 0.4828489
vt 0.1588416 0.4832977
vt 0.1446248 0.4834842
vt 0.1303695 0.4830051
vt 0.1157490 0.4828033
vt 0.1006574 0.4826908
vt 0.0848652 0.4825076
vt 0.0685605 0.4821252
vt 0.0523130 0.4817939
vt 0.0368980 0.4810266
vt 0.0232996 0.4790773
vt 0.2504117 0.5076029
vt 0.2970324 0.2514007
vt 0.3226637 0.2509674
vt 0.2154548 0.4974284
vt 0.2811777 0.2879506
vt 0.1878653 0.4983776
vt 0.2796918 0.3150831
vt 0.1450974 0.5004810
vt 0.2798824 0.3571604
vt 0.1158128 0.4992601
vt 0.2791150 0.3859856
vt 0.1006183 0.4986532
vt 0.2791677 0.4009597
vt 0.0685995 0.4979285
vt 0.2803699 0.4324630
vt 0.0526677 0.4975845
vt 0.2815660 0.4480456
vt 0.0376442 0.4962838
vt 0.2819878 0.4628144
vt 0.0242673 0.4934348
vt 0.2808862 0.4761558
vt 0.2386286 0.5061780
vt 0.2975980 0.2628878
vt 0.2125039 0.5035480
vt 0.2970435 0.2885313
vt 0.1707966 0.5020193
vt 0.2955726 0.3293813
vt 0.1127801 0.5030882
vt 0.2950979 0.3863310
vt 0.0976248 0.5037720
vt 0.2949796 0.4012181
vt 0.0821637 0.5047800
vt 0.2954112 0.4164658
vt 0.0664637 0.5061200
vt 0.2961578 0.4319684
vt 0.0508586 0.5077965
vt 0.2971132 0.4474053
vt 0.2668702 0.4723228
vt 0.2911188 0.4881107
vt 0.2845971 0.4759836
vt 0.2885155 0.4756445
vt 0.2925067 0.4757776
vt 0.2859239 0.4627863
vt 0.2898047 0.4625146
vt 0.2937315 0.4624680
vt 0.2854837 0.4478217
vt 0.2893990 0.4476374
vt 0.2932888 0.4475023
vt 0.2843430 0.4322277
vt 0.2883216 0.4320676
vt 0.2922698 0.4319783
vt 0.2835706 0.4164273
vt 0.2875554 0.4164054
vt 0.2915258 0.4164017
vt 0.2830766 0.4009742
vt 0.2870841 0.4010197
vt 0.2910758 0.4010921
vt 0.2831761 0.3859814
vt 0.2872158 0.3860317
vt 0.2912033 0.3861294
vt 0.2829737 0.3712985
vt 0.2872359 0.3713691
vt 0.2914898 0.3715241
vt 0.2839813 0.3572304
vt 0.2880884 0.3572608
vt 0.2921637 0.3573163
vt 0.2834945 0.3427733
vt 0.2876648 0.3429658
vt 0.2918164 0.3431362
vt 0.2833890 0.3289917
vt 0.2874906 0.3291515
vt 0.2915824 0.3292826
vt 0.2836990 0.3152016
vt 0.2877571 0.3153219
vt 0.2917985 0.3154602
vt 0.2843833 0.3015277
vt 0.2884393 0.3016716
vt 0.2924729 0.3018233
vt 0.2851383 0.2881453
vt 0.2891661 0.2883417
vt 0.2931784 0.2884356
vt 0.2858406 0.2750235
vt 0.2897960 0.2751107
vt 0.2937374 0.2752208
vt 0.2863963 0.2629545
vt 0.2902470 0.2631513
vt 0.2939622 0.2630967
vt 0.0095004 0.5121131
vt 0.2639456 0.4724702
vt 0.2939874 0.4877099
vt 0.2509460 0.5195490
vt 0.3216389 0.2626908
vt 0.2517749 0.5324088
vt 0.3210062 0.2754369
vt 0.2521023 0.5602401
vt 0.3209877 0.3026962
vt 0.2517998 0.5746413
vt 0.3210285 0.3167359
vt 0.2512103 0.5894433
vt 0.3206365 0.3311754
vt 0.2511129 0.6043692
vt 0.3198681 0.3458162
vt 0.2514265 0.6190034
vt 0.3194395 0.3601995
vt 0.2513120 0.6918867
vt 0.3209015 0.4320356
vt 0.2509260 0.7054000
vt 0.3213610 0.4454125
vt 0.2506067 0.7314177
vt 0.3220181 0.4711383
vt 0.0058433 0.7152920
vt 0.2568992 0.2719659
vt 0.0047317 0.6889560
vt 0.2577581 0.2980679
vt 0.0039737 0.6614710
vt 0.2589678 0.3251280
vt 0.0028637 0.6482150
vt 0.2598009 0.3382117
vt 0.0021455 0.6349852
vt 0.2606138 0.3512290
vt 0.0012311 0.6076473
vt 0.2607452 0.3782095
vt 0.0008771 0.5925356
vt 0.2601754 0.3931943
vt 0.0012612 0.5781096
vt 0.2593835 0.4075121
vt 0.0038908 0.5505311
vt 0.2579943 0.4349467
vt 0.0057942 0.5368237
vt 0.2583312 0.4486399
vt 0.0076573 0.5238355
vt 0.2604437 0.4613893
vt 0.2258776 0.5044542
vt 0.2975273 0.2754238
vt 0.1987380 0.5027362
vt 0.2964070 0.3019953
vt 0.1848199 0.5022556
vt 0.2957380 0.3156096
vt 0.1566719 0.5021003
vt 0.2958126 0.3432805
vt 0.1422725 0.5023732
vt 0.2959906 0.3574433
vt 0.1276434 0.5026007
vt 0.2955478 0.3717819
vt 0.0355337 0.5095605
vt 0.2976009 0.4625539
vt 0.0217145 0.5107929
vt 0.2964031 0.4760433
vt 0.2232621 0.7472162
vt 0.3014925 0.2773878
vt 0.0953110 0.7481834
vt 0.3006751 0.4035004
vt 0.0809568 0.7478964
vt 0.3007772 0.4176465
vt 0.0668551 0.7470927
vt 0.3003260 0.4316092
vt 0.0218657 0.7264563
vt 0.0367408 0.7289153
vt 0.0521390 0.7306169
vt 0.0665415 0.7315313
vt 0.0810541 0.7320602
vt 0.0955585 0.7323331
vt 0.1099633 0.7323438
vt 0.1242284 0.7323895
vt 0.1383864 0.7324345
vt 0.1524700 0.7327669
vt 0.1664269 0.7331592
vt 0.1800990 0.7336093
vt 0.1936740 0.7337428
vt 0.2073316 0.7332141
vt 0.2211250 0.7322202
vt 0.2352923 0.7311987
vt 0.0215975 0.7150201
vt 0.0370227 0.7159359
vt 0.0522898 0.7167236
vt 0.0666189 0.7170407
vt 0.0809434 0.7172898
vt 0.0953307 0.7175039
vt 0.1097387 0.7174687
vt 0.1240830 0.7174296
vt 0.1383134 0.7174379
vt 0.1524468 0.7177038
vt 0.1664150 0.7181255
vt 0.1801452 0.7186121
vt 0.1936439 0.7190995
vt 0.2072317 0.7190307
vt 0.2210604 0.7185321
vt 0.2353860 0.7181828
vt 0.0213853 0.7022117
vt 0.0374139 0.7024807
vt 0.0525015 0.7027465
vt 0.0665796 0.7027795
vt 0.0806986 0.7028602
vt 0.0949342 0.7029011
vt 0.1093188 0.7027292
vt 0.1235621 0.7027230
vt 0.1377630 0.7027428
vt 0.1520581 0.7028358
vt 0.1662739 0.7031382
vt 0.1802708 0.7036172
vt 0.1939377 0.7042147
vt 0.2074354 0.7047808
vt 0.2212421 0.7047459
vt 0.2355474 0.7047923
vt 0.0212949 0.6886197
vt 0.0373190 0.6886147
vt 0.0521183 0.6886324
vt 0.0662882 0.6886162
vt 0.0803724 0.6886337
vt 0.0945584 0.6885363
vt 0.1086642 0.6885530
vt 0.1228645 0.6885412
vt 0.1372145 0.6883258
vt 0.1517006 0.6881769
vt 0.1661639 0.6882913
vt 0.1804208 0.6886685
vt 0.1943004 0.6892544
vt 0.2078800 0.6899467
vt 0.2214794 0.6905921
vt 0.2357555 0.6910167
vt 0.0209301 0.6747742
vt 0.0366367 0.6745597
vt 0.0515897 0.6745799
vt 0.0659277 0.6745617
vt 0.0800434 0.6745322
vt 0.0941101 0.6745595
vt 0.1080872 0.6746863
vt 0.1223440 0.6745254
vt 0.1368104 0.6741349
vt 0.1514491 0.6737676
vt 0.1661089 0.6736491
vt 0.1805439 0.6738855
vt 0.1945884 0.6743789
vt 0.2082606 0.6750715
vt 0.2218768 0.6758003
vt 0.2360604 0.6764888
vt 0.0203225 0.6608568
vt 0.0360324 0.6605723
vt 0.0511601 0.6605484
vt 0.0656380 0.6605173
vt 0.0798367 0.6604924
vt 0.0937405 0.6607484
vt 0.1077536 0.6608565
vt 0.1220482 0.6606239
vt 0.1365702 0.6601188
vt 0.1512528 0.6596221
vt 0.1659144 0.6593876
vt 0.1803853 0.6594874
vt 0.1945208 0.6598479
vt 0.2083122 0.6604717
vt 0.2220753 0.6611285
vt 0.2363221 0.6617666
vt 0.0195014 0.6473595
vt 0.0353521 0.6467925
vt 0.0506489 0.6465694
vt 0.0653914 0.6464977
vt 0.0797901 0.6465009
vt 0.0936691 0.6468961
vt 0.1077043 0.6469863
vt 0.1220151 0.6467467
vt 0.1364852 0.6462774
vt 0.1509954 0.6457971
vt 0.1655444 0.6454936
vt 0.1799793 0.6454718
vt 0.1941414 0.6456950
vt 0.2080327 0.6462170
vt 0.2218761 0.6467927
vt 0.2361537 0.6474243
vt 0.0187748 0.6338745
vt 0.0346841 0.6330575
vt 0.0500992 0.6326050
vt 0.0651777 0.6324963
vt 0.0798903 0.6324636
vt 0.0938982 0.6328804
vt 0.1079408 0.6330466
vt 0.1222064 0.6328502
vt 0.1364725 0.6325274
vt 0.1507695 0.6321297
vt 0.1651472 0.6318085
vt 0.1794663 0.6316593
vt 0.1936108 0.6317474
vt 0.2075771 0.6321243
vt 0.2215320 0.6326003
vt 0.2358193 0.6331905
vt 0.0180369 0.6201767
vt 0.0339831 0.6191897
vt 0.0495745 0.6186730
vt 0.0649717 0.6184770
vt 0.0800054 0.6184097
vt 0.0943095 0.6186891
vt 0.1083580 0.6189427
vt 0.1225070 0.6188906
vt 0.1365696 0.6187273
vt 0.1506425 0.6184385
vt 0.1648001 0.6181287
vt 0.1789668 0.6178867
vt 0.1930749 0.6178852
vt 0.2071009 0.6180869
vt 0.2211165 0.6185375
vt 0.2355028 0.6189944
vt 0.0174450 0.6059479
vt 0.0333648 0.6052026
vt 0.0490617 0.6047798
vt 0.0647357 0.6044989
vt 0.0800182 0.6043411
vt 0.0947238 0.6043698
vt 0.1088442 0.6046221
vt 0.1228771 0.6046929
vt 0.1367714 0.6046501
vt 0.1506569 0.6044664
vt 0.1646070 0.6042163
vt 0.1786395 0.6040027
vt 0.1926681 0.6039512
vt 0.2067267 0.6040654
vt 0.2208115 0.6044468
vt 0.2352534 0.6046894
vt 0.0171826 0.5915567
vt 0.0328896 0.5912145
vt 0.0485883 0.5909964
vt 0.0644529 0.5906519
vt 0.0800164 0.5903425
vt 0.0950274 0.5901536
vt 0.1093169 0.5902250
vt 0.1233019 0.5902997
vt 0.1371229 0.5902929
vt 0.1509035 0.5902043
vt 0.1647132 0.5900701
vt 0.1785719 0.5899759
vt 0.1925058 0.5899391
vt 0.2065339 0.5899823
vt 0.2207233 0.5901430
vt 0.2354380 0.5899282
vt 0.0174178 0.5776207
vt 0.0328424 0.5774494
vt 0.0483781 0.5773124
vt 0.0642812 0.5769529
vt 0.0801456 0.5765024
vt 0.0953610 0.5761498
vt 0.1098667 0.5759660
vt 0.1239682 0.5759582
vt 0.1378334 0.5760291
vt 0.1515722 0.5760434
vt 0.1652456 0.5760233
vt 0.1789749 0.5759840
vt 0.1927510 0.5759286
vt 0.2067095 0.5757834
vt 0.2211660 0.5754607
vt 0.2359414 0.5750589
vt 0.0182468 0.5640291
vt 0.0333551 0.5638857
vt 0.0486521 0.5636787
vt 0.0644776 0.5632515
vt 0.0803843 0.5626785
vt 0.0957609 0.5621933
vt 0.1103979 0.5619192
vt 0.1247655 0.5617754
vt 0.1388360 0.5618398
vt 0.1526149 0.5619377
vt 0.1662480 0.5619588
vt 0.1798922 0.5618808
vt 0.1936814 0.5616533
vt 0.2076953 0.5613481
vt 0.2219054 0.5609909
vt 0.2364270 0.5606219
vt 0.0195914 0.5506340
vt 0.0343334 0.5505095
vt 0.0493636 0.5501206
vt 0.0650307 0.5494735
vt 0.0808646 0.5487313
vt 0.0962883 0.5481455
vt 0.1110642 0.5478249
vt 0.1256006 0.5476454
vt 0.1399396 0.5475928
vt 0.1539354 0.5475789
vt 0.1676811 0.5475088
vt 0.1813508 0.5473548
vt 0.1951184 0.5472540
vt 0.2089357 0.5471365
vt 0.2227299 0.5469278
vt 0.2367780 0.5466298
vt 0.0212700 0.5375303
vt 0.0354769 0.5373538
vt 0.0502788 0.5366044
vt 0.0657604 0.5355980
vt 0.0814338 0.5346326
vt 0.0967953 0.5339502
vt 0.1117448 0.5335938
vt 0.1263726 0.5334184
vt 0.1407968 0.5333064
vt 0.1549824 0.5331532
vt 0.1688753 0.5329686
vt 0.1826820 0.5328869
vt 0.1964638 0.5329977
vt 0.2101045 0.5331944
vt 0.2235097 0.5332546
vt 0.2369495 0.5330054
vt 0.0226073 0.5250069
vt 0.0360774 0.5241909
vt 0.0509049 0.5228491
vt 0.0663469 0.5214568
vt 0.0819318 0.5202774
vt 0.0972999 0.5194621
vt 0.1124041 0.5190495
vt 0.1271249 0.5188305
vt 0.1415547 0.5185653
vt 0.1557654 0.5182999
vt 0.1698028 0.5180906
vt 0.1837963 0.5181848
vt 0.1976506 0.5185728
vt 0.2112236 0.5191594
vt 0.2244363 0.5196464
vt 0.2371687 0.5198801
vt 0.0128298 0.4905775
vt 0.2767988 0.4710635
vt 0.2811353 0.4875762
vt 0.0064986 0.2907902
vt 0.2750376 0.2725813
vt 0.0049983 0.3430969
vt 0.2759418 0.3242118
vt 0.0045247 0.3694570
vt 0.2772596 0.3500460
vt 0.0015276 0.4140030
vt 0.2753561 0.3939548
vt 0.0016616 0.4546025
vt 0.2731920 0.4340731
vt 0.0040866 0.4678608
vt 0.2739989 0.4474063
vt 0.0084669 0.4799395
vt 0.2760789 0.4598550
vt 0.0066047 0.7263021
vt 0.2587684 0.2610781
vt 0.0053112 0.7025578
vt 0.2565005 0.2846507
vt 0.0044684 0.6752676
vt 0.2585391 0.3115523
vt 0.0015531 0.6215245
vt 0.2611142 0.3644897
vt 0.0023226 0.5643476
vt 0.2585632 0.4211794
vt 0.2742633 0.4715297
vt 0.2837211 0.4878544
vt 0.2706681 0.4719931
vt 0.2873329 0.4881467
vt 0.2737502 0.2517586
vt 0.3126923 0.4881470
vt 0.2695219 0.2512859
vt 0.3085310 0.4889922
vt 0.2719553 0.2623361
vt 0.2672635 0.2623296
vt 0.2628715 0.2618775
vt 0.2702390 0.2727066
vt 0.2654525 0.2725989
vt 0.2609577 0.2722442
vt 0.2692850 0.2841864
vt 0.2647594 0.2843348
vt 0.2604325 0.2844245
vt 0.2706749 0.2974211
vt 0.2661840 0.2975860
vt 0.2618293 0.2977728
vt 0.2713578 0.3110116
vt 0.2669607 0.3111981
vt 0.2626571 0.3113775
vt 0.2716976 0.3244898
vt 0.2674154 0.3247519
vt 0.2631678 0.3249751
vt 0.2725994 0.3375092
vt 0.2683237 0.3378365
vt 0.2640504 0.3380883
vt 0.2730421 0.3503349
vt 0.2688608 0.3506363
vt 0.2646965 0.3509530
vt 0.2730884 0.3643732
vt 0.2690746 0.3643198
vt 0.2650847 0.3643789
vt 0.2723531 0.3787960
vt 0.2685501 0.3784773
vt 0.2647088 0.3783019
vt 0.2715713 0.3939433
vt 0.2678689 0.3936693
vt 0.2640992 0.3934417
vt 0.2706585 0.4084066
vt 0.2669543 0.4080014
vt 0.2632486 0.4076756
vt 0.2699386 0.4211608
vt 0.2661255 0.4210750
vt 0.2623712 0.4210432
vt 0.2694050 0.4341748
vt 0.2655995 0.4343580
vt 0.2617934 0.4346517
vt 0.2701370 0.4473967
vt 0.2662264 0.4476121
vt 0.2622527 0.4480922
vt 0.2722862 0.4598849
vt 0.2684126 0.4600939
vt 0.2644565 0.4602873
vt 0.5047286 0.7117882
vt 0.9563661 0.2512097
vt 0.5014783 0.6646154
vt 0.9071256 0.2519774
vt 0.5041983 0.6311259
vt 0.8723773 0.2517612
vt 0.5045137 0.6175279
vt 0.8583502 0.2523075
vt 0.5030555 0.5944264
vt 0.8347067 0.2551783
vt 0.5020791 0.5827639
vt 0.8228825 0.2575205
vt 0.5016390 0.5580134
vt 0.7976117 0.2617465
vt 0.5231129 0.5413265
vt 0.5440488 0.4971998
vt 0.5230070 0.5548033
vt 0.5576771 0.5007940
vt 0.5248742 0.5920511
vt 0.5960798 0.5054953
vt 0.5259323 0.6035641
vt 0.6080029 0.5055363
vt 0.5264427 0.6159765
vt 0.6208120 0.5059054
vt 0.5239766 0.6466618
vt 0.6524514 0.5092587
vt 0.5223247 0.6642894
vt 0.6706685 0.5114301
vt 0.5230364 0.6962986
vt 0.7040113 0.5122837
vt 0.5168880 0.7208249
vt 0.9841144 0.4985327
vt 0.5118428 0.7218472
vt 0.9892755 0.4982479
vt 0.5190714 0.5283470
vt 0.5142028 0.5293407
vt 0.5092631 0.5301419
vt 0.5180011 0.5425607
vt 0.5129830 0.5436317
vt 0.5080179 0.5443617
vt 0.5176415 0.5561762
vt 0.5122819 0.5572178
vt 0.5069107 0.5577664
vt 0.5177695 0.5691848
vt 0.5122141 0.5702432
vt 0.5067006 0.5706577
vt 0.5184172 0.5816128
vt 0.5129187 0.5826838
vt 0.5074540 0.5830401
vt 0.5193789 0.5935358
vt 0.5138803 0.5945590
vt 0.5084271 0.5948374
vt 0.5204539 0.6047630
vt 0.5149339 0.6055985
vt 0.5094154 0.6058764
vt 0.5209380 0.6168199
vt 0.5153704 0.6173992
vt 0.5098565 0.6176578
vt 0.5202631 0.6308874
vt 0.5148192 0.6311564
vt 0.5094144 0.6312417
vt 0.5187983 0.6469843
vt 0.5135047 0.6471744
vt 0.5082060 0.6472841
vt 0.5170604 0.6645173
vt 0.5117171 0.6645768
vt 0.5065432 0.6646394
vt 0.5168702 0.6816669
vt 0.5114831 0.6820652
vt 0.5060501 0.6822462
vt 0.5182795 0.6971442
vt 0.5132751 0.6978179
vt 0.5082508 0.6982828
vt 0.5204341 0.7087943
vt 0.5152852 0.7100424
vt 0.5100408 0.7111065
vt 0.5731325 0.7232443
vt 0.9588662 0.5067107
vt 0.9954721 0.2507734
vt 0.5577451 0.7230327
vt 0.7269356 0.2546486
vt 0.9799597 0.2511373
vt 0.5259046 0.7184279
vt 0.7274345 0.5099670
vt 0.9747989 0.4983932
vt 0.9610684 0.4968156
vt 0.9988682 0.2595953
vt 0.9642119 0.4861023
vt 0.9990528 0.2703105
vt 0.9666474 0.4756133
vt 0.9985621 0.2807609
vt 0.9692544 0.4509945
vt 0.9977246 0.3048908
vt 0.9705786 0.3797519
vt 0.9955670 0.3740991
vt 0.9701800 0.3478090
vt 0.9968545 0.4048927
vt 0.9693625 0.3140845
vt 0.9990829 0.4372375
vt 0.9707334 0.2820438
vt 0.9971161 0.4680030
vt 0.9703339 0.2659717
vt 0.9953914 0.4834302
vt 0.7361363 0.4332726
vt 0.9763328 0.4239343
vt 0.7342046 0.4009028
vt 0.9732876 0.3929068
vt 0.7357757 0.3556014
vt 0.9726272 0.3494084
vt 0.7367541 0.3407878
vt 0.9735230 0.3351960
vt 0.7369762 0.3118559
vt 0.9759584 0.3074852
vt 0.7350656 0.2850510
vt 0.9782929 0.2816913
vt 0.7304348 0.2636510
vt 0.9793791 0.2603537
vt 0.5652158 0.7234175
vt 0.9875572 0.2509134
vt 0.5606745 0.7232864
vt 0.9828942 0.2509220
vt 0.9830143 0.2509165
vt 0.5219892 0.7196096
vt 0.9788678 0.4986410
vt 0.9802791 0.4841115
vt 0.9853892 0.4838591
vt 0.9903823 0.4836184
vt 0.9817117 0.4687781
vt 0.9866378 0.4685457
vt 0.9917850 0.4682908
vt 0.9833386 0.4540799
vt 0.9884325 0.4537417
vt 0.9935678 0.4533390
vt 0.9832718 0.4389914
vt 0.9885860 0.4384356
vt 0.9938596 0.4378394
vt 0.9818208 0.4233408
vt 0.9872892 0.4226167
vt 0.9927216 0.4218499
vt 0.9802178 0.4075667
vt 0.9857903 0.4066761
vt 0.9913484 0.4057686
vt 0.9789581 0.3920175
vt 0.9846465 0.3910407
vt 0.9903247 0.3900698
vt 0.9784713 0.3769338
vt 0.9841863 0.3759456
vt 0.9898962 0.3749889
vt 0.9782847 0.3624910
vt 0.9840792 0.3614447
vt 0.9898708 0.3604342
vt 0.9784113 0.3483096
vt 0.9842106 0.3472813
vt 0.9900049 0.3462916
vt 0.9792216 0.3341821
vt 0.9849017 0.3332880
vt 0.9905720 0.3324234
vt 0.9804049 0.3202770
vt 0.9859644 0.3194975
vt 0.9915015 0.3187449
vt 0.9814763 0.3067448
vt 0.9869258 0.3060916
vt 0.9923415 0.3054668
vt 0.9824164 0.2935550
vt 0.9876893 0.2930996
vt 0.9929469 0.2926736
vt 0.9833290 0.2814963
vt 0.9884095 0.2813104
vt 0.9934968 0.2810663
vt 0.9841403 0.2709936
vt 0.9891400 0.2709172
vt 0.9941202 0.2706871
vt 0.9841182 0.2604584
vt 0.9890503 0.2604400
vt 0.9940282 0.2601435
vt 0.5166119 0.4881911
vt 0.5222895 0.5138676
vt 0.5496706 0.7331222
vt 0.5022337 0.3135822
vt 0.5501390 0.5641434
vt 0.5012878 0.3262612
vt 0.5497866 0.5764965
vt 0.5008405 0.3388792
vt 0.5495226 0.5887749
vt 0.5013307 0.3639786
vt 0.5496064 0.6131906
vt 0.5035989 0.3882158
vt 0.5506257 0.6367627
vt 0.5048269 0.4001586
vt 0.5508726 0.6483892
vt 0.5061814 0.4120967
vt 0.5511187 0.6600193
vt 0.5073860 0.4241117
vt 0.5508608 0.6716701
vt 0.5149866 0.4754989
vt 0.5520166 0.7213353
vt 0.7311383 0.4955683
vt 0.9750446 0.4843261
vt 0.7348356 0.4798971
vt 0.9768251 0.4689526
vt 0.7369293 0.4648039
vt 0.9782237 0.4542996
vt 0.7371389 0.4493949
vt 0.9779485 0.4394261
vt 0.7350168 0.4170091
vt 0.9746639 0.4083399
vt 0.7342615 0.3852528
vt 0.9728066 0.3778814
vt 0.7348530 0.3703140
vt 0.9726147 0.3635457
vt 0.7372904 0.3261314
vt 0.9747953 0.3211735
vt 0.7361584 0.2979144
vt 0.9771419 0.2940942
vt 0.7333447 0.2741422
vt 0.9792104 0.2710052
vt 0.5536577 0.6676275
vt 0.6692239 0.2525476
vt 0.5540751 0.6519584
vt 0.6528178 0.2523268
vt 0.5545437 0.6366522
vt 0.6368325 0.2519693
vt 0.5548276 0.6087438
vt 0.6076912 0.2519748
vt 0.5547388 0.5828757
vt 0.5807177 0.2528206
vt 0.5372548 0.2564022
vt 0.5569237 0.5407787
vt 0.5240089 0.5271561
vt 0.5300486 0.4924017
vt 0.5233276 0.5677105
vt 0.5709112 0.5033485
vt 0.5239451 0.5801373
vt 0.5837398 0.5049013
vt 0.5256252 0.6303512
vt 0.6356146 0.5071958
vt 0.5220761 0.6811801
vt 0.6882070 0.5122278
vt 0.5254518 0.7076186
vt 0.7160603 0.5109715
vt 0.5314770 0.4747786
vt 0.5452942 0.4773811
vt 0.5585562 0.4802585
vt 0.5714448 0.4822956
vt 0.5837562 0.4835045
vt 0.5956284 0.4841439
vt 0.6075532 0.4845528
vt 0.6203316 0.4853626
vt 0.6348284 0.4869847
vt 0.6512910 0.4892044
vt 0.6691438 0.4913762
vt 0.6863449 0.4924339
vt 0.7016695 0.4922937
vt 0.7145180 0.4934073
vt 0.5314352 0.4609017
vt 0.5458820 0.4623146
vt 0.5593150 0.4642285
vt 0.5722501 0.4657629
vt 0.5845629 0.4665935
vt 0.5963188 0.4672339
vt 0.6080098 0.4679102
vt 0.6204870 0.4690338
vt 0.6346968 0.4709669
vt 0.6507075 0.4733562
vt 0.6680469 0.4753189
vt 0.6855670 0.4766724
vt 0.7015046 0.4776895
vt 0.7156569 0.4787970
vt 0.5306802 0.4476036
vt 0.5462145 0.4490742
vt 0.5598580 0.4507148
vt 0.5729401 0.4519483
vt 0.5852477 0.4527664
vt 0.5970998 0.4535829
vt 0.6089553 0.4547204
vt 0.6215304 0.4563340
vt 0.6355559 0.4583242
vt 0.6511875 0.4602032
vt 0.6678349 0.4614128
vt 0.6847103 0.4625359
vt 0.7007641 0.4634248
vt 0.7164633 0.4642496
vt 0.5297705 0.4350869
vt 0.5461112 0.4363513
vt 0.5600522 0.4378225
vt 0.5730417 0.4390475
vt 0.5854635 0.4398862
vt 0.5977883 0.4410250
vt 0.6102121 0.4426938
vt 0.6229323 0.4445939
vt 0.6365733 0.4462611
vt 0.6515173 0.4474498
vt 0.6674039 0.4479331
vt 0.6834524 0.4481077
vt 0.6991635 0.4485439
vt 0.7157702 0.4491924
vt 0.5289253 0.4232202
vt 0.5456883 0.4241660
vt 0.5596396 0.4253350
vt 0.5726038 0.4262802
vt 0.5853740 0.4272306
vt 0.5981585 0.4285350
vt 0.6109229 0.4302486
vt 0.6237197 0.4320515
vt 0.6370887 0.4334137
vt 0.6514919 0.4339340
vt 0.6667734 0.4336394
vt 0.6822683 0.4332389
vt 0.6976430 0.4332736
vt 0.7144602 0.4335719
vt 0.5279155 0.4115037
vt 0.5446566 0.4121195
vt 0.5585567 0.4128813
vt 0.5717775 0.4136608
vt 0.5848709 0.4146087
vt 0.5979902 0.4158077
vt 0.6110451 0.4173002
vt 0.6240286 0.4187953
vt 0.6373590 0.4196930
vt 0.6515140 0.4194648
vt 0.6663879 0.4186777
vt 0.6815367 0.4181571
vt 0.6966192 0.4180887
vt 0.7132787 0.4180790
vt 0.5266626 0.3997187
vt 0.5433682 0.3999697
vt 0.5573965 0.4004052
vt 0.5708762 0.4010468
vt 0.5842409 0.4018650
vt 0.5975867 0.4028670
vt 0.6108235 0.4040062
vt 0.6240061 0.4050144
vt 0.6375737 0.4053242
vt 0.6517564 0.4047459
vt 0.6664584 0.4037937
vt 0.6813357 0.4031193
vt 0.6961478 0.4029286
vt 0.7124654 0.4026067
vt 0.5254658 0.3878093
vt 0.5422503 0.3877349
vt 0.5564210 0.3879187
vt 0.5701093 0.3883359
vt 0.5836740 0.3889197
vt 0.5971492 0.3896137
vt 0.6105373 0.3903112
vt 0.6239775 0.3907839
vt 0.6377946 0.3907682
vt 0.6521417 0.3900144
vt 0.6669302 0.3891031
vt 0.6817301 0.3884636
vt 0.6964250 0.3882554
vt 0.7124530 0.3875194
vt 0.5243866 0.3757938
vt 0.5412902 0.3754359
vt 0.5557590 0.3754212
vt 0.5697158 0.3756372
vt 0.5834250 0.3759298
vt 0.5969113 0.3761678
vt 0.6103120 0.3763488
vt 0.6239379 0.3764677
vt 0.6380305 0.3763375
vt 0.6526722 0.3755898
vt 0.6676430 0.3747128
vt 0.6824830 0.3741712
vt 0.6970423 0.3738949
vt 0.7131919 0.3732071
vt 0.5234132 0.3636485
vt 0.5404835 0.3631758
vt 0.5552865 0.3629692
vt 0.5695837 0.3631095
vt 0.5835063 0.3631885
vt 0.5970858 0.3630157
vt 0.6105756 0.3628287
vt 0.6243439 0.3627496
vt 0.6386052 0.3624933
vt 0.6534664 0.3616843
vt 0.6685385 0.3607311
vt 0.6835084 0.3602087
vt 0.6980368 0.3598551
vt 0.7140547 0.3590658
vt 0.5226309 0.3512385
vt 0.5399855 0.3508916
vt 0.5552062 0.3510326
vt 0.5699224 0.3514247
vt 0.5841612 0.3515231
vt 0.5980983 0.3513334
vt 0.6118681 0.3509305
vt 0.6256498 0.3503911
vt 0.6398937 0.3497841
vt 0.6547501 0.3486854
vt 0.6697134 0.3472425
vt 0.6844652 0.3462400
vt 0.6989874 0.3459457
vt 0.7150550 0.3448897
vt 0.5223550 0.3387481
vt 0.5400158 0.3388500
vt 0.5555750 0.3395784
vt 0.5706139 0.3403492
vt 0.5853388 0.3407520
vt 0.5997776 0.3408016
vt 0.6137818 0.3402650
vt 0.6275677 0.3392107
vt 0.6416191 0.3377934
vt 0.6561542 0.3361315
vt 0.6708209 0.3341156
vt 0.6852232 0.3325005
vt 0.6995864 0.3319770
vt 0.7156410 0.3307650
vt 0.5224768 0.3264339
vt 0.5402717 0.3270298
vt 0.5561787 0.3283330
vt 0.5714976 0.3294833
vt 0.5867470 0.3303290
vt 0.6015606 0.3305734
vt 0.6157090 0.3299133
vt 0.6294675 0.3283205
vt 0.6432374 0.3260336
vt 0.6572493 0.3235894
vt 0.6714507 0.3210586
vt 0.6855171 0.3190419
vt 0.6997470 0.3181854
vt 0.7158843 0.3166865
vt 0.5227728 0.3141854
vt 0.5404000 0.3151100
vt 0.5564522 0.3168134
vt 0.5720646 0.3183123
vt 0.5877165 0.3195091
vt 0.6028484 0.3198245
vt 0.6171086 0.3189757
vt 0.6307437 0.3169512
vt 0.6441836 0.3139320
vt 0.6577173 0.3108096
vt 0.6714864 0.3078675
vt 0.6854597 0.3055637
vt 0.6999546 0.3041775
vt 0.7160686 0.3026778
vt 0.5234724 0.3019248
vt 0.5401786 0.3026730
vt 0.5560274 0.3044009
vt 0.5717594 0.3060354
vt 0.5876910 0.3073760
vt 0.6030200 0.3077610
vt 0.6172683 0.3068750
vt 0.6308298 0.3045716
vt 0.6440463 0.3010678
vt 0.6573930 0.2977380
vt 0.6710595 0.2946023
vt 0.6854956 0.2919806
vt 0.6998258 0.2897853
vt 0.7153088 0.2889335
vt 0.5245402 0.2891586
vt 0.5395779 0.2897660
vt 0.5549315 0.2908887
vt 0.5704170 0.2917905
vt 0.5861695 0.2927891
vt 0.6013885 0.2933999
vt 0.6156637 0.2928529
vt 0.6293358 0.2905467
vt 0.6427372 0.2872201
vt 0.6561977 0.2846642
vt 0.6701559 0.2821842
vt 0.6855551 0.2797629
vt 0.7002067 0.2779614
vt 0.7150688 0.2777424
vt 0.5248803 0.2761041
vt 0.5391971 0.2753617
vt 0.5537384 0.2747312
vt 0.5684232 0.2743474
vt 0.5833372 0.2744648
vt 0.5980173 0.2746360
vt 0.6122124 0.2742302
vt 0.6261288 0.2727121
vt 0.6402809 0.2711744
vt 0.6544470 0.2702765
vt 0.6691378 0.2691765
vt 0.6854131 0.2678510
vt 0.7013665 0.2680656
vt 0.7154726 0.2672818
vt 0.5346130 0.5142180
vt 0.5750770 0.5149739
vt 0.7446557 0.4929532
vt 0.5101763 0.2631683
vt 0.5516064 0.5147988
vt 0.5581216 0.5140172
vt 0.5071937 0.5169139
vt 0.5342315 0.7334670
vt 0.7552154 0.2676913
vt 0.5289830 0.6838933
vt 0.7503332 0.3187957
vt 0.5284302 0.6720644
vt 0.7492417 0.3309685
vt 0.5283565 0.6602132
vt 0.7475885 0.3430735
vt 0.5284128 0.6364700
vt 0.7438575 0.3673655
vt 0.5284049 0.6247017
vt 0.7420749 0.3794304
vt 0.5280914 0.5883267
vt 0.7388890 0.4168729
vt 0.5283099 0.5759046
vt 0.7388968 0.4296522
vt 0.5300310 0.5517309
vt 0.7400557 0.4543921
vt 0.5326087 0.5267773
vt 0.7431104 0.4799193
vt 0.5075349 0.2759907
vt 0.5517185 0.5273483
vt 0.5049103 0.2886552
vt 0.5506288 0.5398215
vt 0.5035584 0.3008507
vt 0.5504884 0.5517207
vt 0.5008275 0.3514788
vt 0.5494143 0.6010456
vt 0.5023753 0.3761668
vt 0.5501893 0.6250406
vt 0.5088566 0.4362222
vt 0.5507090 0.6834186
vt 0.5108414 0.4486087
vt 0.5511038 0.6954199
vt 0.5131266 0.4618180
vt 0.5519882 0.7081971
vt 0.5433182 0.5139829
vt 0.5664135 0.5141605
vt 0.5191759 0.5143079
vt 0.5464953 0.7334905
vt 0.5147496 0.5150959
vt 0.5419827 0.7336507
vt 0.5103459 0.5160093
vt 0.5374981 0.7336202
vt 0.5470870 0.5273408
vt 0.5421774 0.5272360
vt 0.5373524 0.5270550
vt 0.5460085 0.5398592
vt 0.5411530 0.5397363
vt 0.5361094 0.5394367
vt 0.5454739 0.5517795
vt 0.5402571 0.5517948
vt 0.5350220 0.5517583
vt 0.5449042 0.5641162
vt 0.5395505 0.5639961
vt 0.5342166 0.5638535
vt 0.5443900 0.5762612
vt 0.5390518 0.5759912
vt 0.5337242 0.5759014
vt 0.5440439 0.5886420
vt 0.5386608 0.5884975
vt 0.5333806 0.5884417
vt 0.5439356 0.6008699
vt 0.5385947 0.6007056
vt 0.5334054 0.6005735
vt 0.5441338 0.6129522
vt 0.5388234 0.6127360
vt 0.5335819 0.6126615
vt 0.5446803 0.6247247
vt 0.5391970 0.6244569
vt 0.5337820 0.6244226
vt 0.5449988 0.6365009
vt 0.5394379 0.6362520
vt 0.5338892 0.6362256
vt 0.5452504 0.6482350
vt 0.5396060 0.6480716
vt 0.5339093 0.6480690
vt 0.5455338 0.6599339
vt 0.5398193 0.6598589
vt 0.5340190 0.6599327
vt 0.5453144 0.6718829
vt 0.5397479 0.6720079
vt 0.5341033 0.6720023
vt 0.5452391 0.6834500
vt 0.5398960 0.6834111
vt 0.5345425 0.6836095
vt 0.5461576 0.6956496
vt 0.5409403 0.6959012
vt 0.5356271 0.6961729
vt 0.5469151 0.7082800
vt 0.5416557 0.7083304
vt 0.5363640 0.7083962
vt 0.5471960 0.7213230
vt 0.5421771 0.7213751
vt 0.5370377 0.7214741
vt 0.5079734 0.7222435
vt 0.9677131 0.2510967
vt 0.9931492 0.4977974
vt 0.5317336 0.7216889
vt 0.7544786 0.2800789
vt 0.5309272 0.7086200
vt 0.7526802 0.2934130
vt 0.5301573 0.6964258
vt 0.7511585 0.3058636
vt 0.5283226 0.6483123
vt 0.7458614 0.3552605
vt 0.5282208 0.6128501
vt 0.7406204 0.3916413
vt 0.5280662 0.6005809
vt 0.7395350 0.4042909
vt 0.5288342 0.5636420
vt 0.7393859 0.4421804
vt 0.5312445 0.5390892
vt 0.7414848 0.4672807
vt 0.9681932 0.4638869
vt 0.9981679 0.2922906
vt 0.9702080 0.4374908
vt 0.9970196 0.3180432
vt 0.9708482 0.4235218
vt 0.9962236 0.3316182
vt 0.9709175 0.4093579
vt 0.9957727 0.3453773
vt 0.9706756 0.3948140
vt 0.9956276 0.3594999
vt 0.9704468 0.3641669
vt 0.9959525 0.3891557
vt 0.9697425 0.3309215
vt 0.9980929 0.4210875
vt 0.9697792 0.2977896
vt 0.9987457 0.4528990
vt 0.5758225 0.5288122
vt 0.7588159 0.4952094
vt 0.5766855 0.5416707
vt 0.7719649 0.4974017
vt 0.5758725 0.5687018
vt 0.7992208 0.5030041
vt 0.5750591 0.6077113
vt 0.8387871 0.5083256
vt 0.5741014 0.6875314
vt 0.9209857 0.5125945
vt 0.5756298 0.7018156
vt 0.9357710 0.5107660
vt 0.5766855 0.7140703
vt 0.9482300 0.5078008
vt 0.5031160 0.6985515
vt 0.9425750 0.2508727
vt 0.5007610 0.6820604
vt 0.9253037 0.2521657
vt 0.5030749 0.6472481
vt 0.8890713 0.2516663
vt 0.5040274 0.6055851
vt 0.8460814 0.2533897
vt 0.5013206 0.5706034
vt 0.8105304 0.2599813
vt 0.5030662 0.5448738
vt 0.7839923 0.2629224
vt 0.5043859 0.5307895
vt 0.7695416 0.2650531
vt 0.7605420 0.4781967
vt 0.7744058 0.4796529
vt 0.7878852 0.4821385
vt 0.8012091 0.4845323
vt 0.8143287 0.4867651
vt 0.8276420 0.4884580
vt 0.8414664 0.4900821
vt 0.8561336 0.4920697
vt 0.8710822 0.4932863
vt 0.8870152 0.4939304
vt 0.9049329 0.4947536
vt 0.9226339 0.4950476
vt 0.9361523 0.4943604
vt 0.9472005 0.4941370
vt 0.7605580 0.4655192
vt 0.7745986 0.4659775
vt 0.7883801 0.4675041
vt 0.8020997 0.4698111
vt 0.8154007 0.4717842
vt 0.8289034 0.4734436
vt 0.8428507 0.4751703
vt 0.8574326 0.4775910
vt 0.8722016 0.4797112
vt 0.8879766 0.4811094
vt 0.9053009 0.4824288
vt 0.9224719 0.4836720
vt 0.9362490 0.4839667
vt 0.9477956 0.4842393
vt 0.7594450 0.4529063
vt 0.7746402 0.4534959
vt 0.7886199 0.4548613
vt 0.8024691 0.4568501
vt 0.8159460 0.4587523
vt 0.8296205 0.4603500
vt 0.8435612 0.4619455
vt 0.8579092 0.4642304
vt 0.8727150 0.4669505
vt 0.8883610 0.4694021
vt 0.9051270 0.4711523
vt 0.9214764 0.4724965
vt 0.9358236 0.4734071
vt 0.9486028 0.4743251
vt 0.7592142 0.4409503
vt 0.7746176 0.4413065
vt 0.7887391 0.4425853
vt 0.8027376 0.4443942
vt 0.8163570 0.4460788
vt 0.8300838 0.4474741
vt 0.8439804 0.4488077
vt 0.8582153 0.4507913
vt 0.8730567 0.4535503
vt 0.8884739 0.4566880
vt 0.9045131 0.4593607
vt 0.9202616 0.4611422
vt 0.9346780 0.4623343
vt 0.9490216 0.4633693
vt 0.7589829 0.4290723
vt 0.7747968 0.4293826
vt 0.7889954 0.4305816
vt 0.8031039 0.4320955
vt 0.8168435 0.4335777
vt 0.8305850 0.4347337
vt 0.8443646 0.4357156
vt 0.8584764 0.4373232
vt 0.8732345 0.4399734
vt 0.8885837 0.4435047
vt 0.9040214 0.4469332
vt 0.9193423 0.4495627
vt 0.9337645 0.4510735
vt 0.9488581 0.4516993
vt 0.7592695 0.4171827
vt 0.7751815 0.4175508
vt 0.7895515 0.4185001
vt 0.8038059 0.4197942
vt 0.8175905 0.4210529
vt 0.8312126 0.4220043
vt 0.8448218 0.4227139
vt 0.8587049 0.4238309
vt 0.8732677 0.4265012
vt 0.8885378 0.4302075
vt 0.9039661 0.4339902
vt 0.9190788 0.4370845
vt 0.9335567 0.4388691
vt 0.9491173 0.4391770
vt 0.7599770 0.4050735
vt 0.7760265 0.4055170
vt 0.7905319 0.4063478
vt 0.8047711 0.4074052
vt 0.8184650 0.4083916
vt 0.8319529 0.4091191
vt 0.8453574 0.4096278
vt 0.8589491 0.4105183
vt 0.8732665 0.4129316
vt 0.8883695 0.4165641
vt 0.9037203 0.4205006
vt 0.9188339 0.4238465
vt 0.9334474 0.4258057
vt 0.9493135 0.4259578
vt 0.7611006 0.3926879
vt 0.7772911 0.3933129
vt 0.7917132 0.3940561
vt 0.8057885 0.3948342
vt 0.8193121 0.3955332
vt 0.8326553 0.3960314
vt 0.8459507 0.3963296
vt 0.8593172 0.3971939
vt 0.8733251 0.3992034
vt 0.8881527 0.4025533
vt 0.9032483 0.4065229
vt 0.9182864 0.4100176
vt 0.9329777 0.4121170
vt 0.9489959 0.4122157
vt 0.7627777 0.3805035
vt 0.7788876 0.3812980
vt 0.7932621 0.3817432
vt 0.8070831 0.3821619
vt 0.8202857 0.3824714
vt 0.8333523 0.3827034
vt 0.8465086 0.3827826
vt 0.8597447 0.3834873
vt 0.8735075 0.3854241
vt 0.8879356 0.3884480
vt 0.9027694 0.3920962
vt 0.9177266 0.3954436
vt 0.9325008 0.3975248
vt 0.9486992 0.3976294
vt 0.7646872 0.3685248
vt 0.7809025 0.3692476
vt 0.7951560 0.3695378
vt 0.8087078 0.3695839
vt 0.8216034 0.3694210
vt 0.8343197 0.3692255
vt 0.8471233 0.3690604
vt 0.8601472 0.3694977
vt 0.8736299 0.3712689
vt 0.8878206 0.3740810
vt 0.9025007 0.3773438
vt 0.9173603 0.3802274
vt 0.9322154 0.3819886
vt 0.9486340 0.3820627
vt 0.7667971 0.3564571
vt 0.7830671 0.3571144
vt 0.7971662 0.3572799
vt 0.8104637 0.3570179
vt 0.8230755 0.3564833
vt 0.8354689 0.3559439
vt 0.8479102 0.3554137
vt 0.8605521 0.3553367
vt 0.8736841 0.3566449
vt 0.8876914 0.3589836
vt 0.9023271 0.3618654
vt 0.9172229 0.3645256
vt 0.9321923 0.3660137
vt 0.9486648 0.3660389
vt 0.7688761 0.3442943
vt 0.7851130 0.3449820
vt 0.7990396 0.3450363
vt 0.8120736 0.3445206
vt 0.8244261 0.3437033
vt 0.8365462 0.3428309
vt 0.8486774 0.3419217
vt 0.8609983 0.3412366
vt 0.8738043 0.3417322
vt 0.8875892 0.3433993
vt 0.9023046 0.3458534
vt 0.9173923 0.3482100
vt 0.9324556 0.3494094
vt 0.9488710 0.3493620
vt 0.7705067 0.3323532
vt 0.7866675 0.3330015
vt 0.8005258 0.3328681
vt 0.8133474 0.3320736
vt 0.8254660 0.3309883
vt 0.8373384 0.3297764
vt 0.8492181 0.3284971
vt 0.8613408 0.3273235
vt 0.8739935 0.3268835
vt 0.8877748 0.3278481
vt 0.9025877 0.3296946
vt 0.9177636 0.3315978
vt 0.9328055 0.3324884
vt 0.9490473 0.3323313
vt 0.7715498 0.3206968
vt 0.7873764 0.3211458
vt 0.8014365 0.3206545
vt 0.8141255 0.3195704
vt 0.8260161 0.3182712
vt 0.8376113 0.3168076
vt 0.8492557 0.3152146
vt 0.8612897 0.3136743
vt 0.8740444 0.3127608
vt 0.8883267 0.3128994
vt 0.9035761 0.3140219
vt 0.9187603 0.3152905
vt 0.9335403 0.3158821
vt 0.9493119 0.3154929
vt 0.7726821 0.3086915
vt 0.7879943 0.3088660
vt 0.8017124 0.3080634
vt 0.8143637 0.3068051
vt 0.8260186 0.3053818
vt 0.8372799 0.3038431
vt 0.8487193 0.3022112
vt 0.8607467 0.3007020
vt 0.8739541 0.2995062
vt 0.8889387 0.2990692
vt 0.9047616 0.2994148
vt 0.9202003 0.2999038
vt 0.9348507 0.3001285
vt 0.9498119 0.2995477
vt 0.7737812 0.2958702
vt 0.7884561 0.2960471
vt 0.8016392 0.2950528
vt 0.8141025 0.2935262
vt 0.8256088 0.2919312
vt 0.8367194 0.2904103
vt 0.8479713 0.2890188
vt 0.8601318 0.2876087
vt 0.8738964 0.2861707
vt 0.8895556 0.2853560
vt 0.9059069 0.2854158
vt 0.9215108 0.2857075
vt 0.9360986 0.2855421
vt 0.9508849 0.2845675
vt 0.7735500 0.2822002
vt 0.7879779 0.2819215
vt 0.8009366 0.2806283
vt 0.8131676 0.2790020
vt 0.8247811 0.2771115
vt 0.8360275 0.2752286
vt 0.8473009 0.2736128
vt 0.8595634 0.2722415
vt 0.8736462 0.2711847
vt 0.8898760 0.2705895
vt 0.9068641 0.2706272
vt 0.9229178 0.2710114
vt 0.9378244 0.2709222
vt 0.9527752 0.2693493
vt 0.5762671 0.5546370
vt 0.7850274 0.5002375
vt 0.5752767 0.5817624
vt 0.8123943 0.5054023
vt 0.5751649 0.5947267
vt 0.8255581 0.5069656
vt 0.5747390 0.6214473
vt 0.8528147 0.5097789
vt 0.5743306 0.6364437
vt 0.8682106 0.5110340
vt 0.5739983 0.6527311
vt 0.8850507 0.5117270
vt 0.5734249 0.6697108
vt 0.9025784 0.5127022
vt 0.5569732 0.7132024
vt 0.7167449 0.2526945
vt 0.5568824 0.7008240
vt 0.7041305 0.2507734
vt 0.5546828 0.6849000
vt 0.6873223 0.2516266
vt 0.5548747 0.6225570
vt 0.6221120 0.2516823
vt 0.5549811 0.5957946
vt 0.5941791 0.2521235
vt 0.5550641 0.5689350
vt 0.5662428 0.2536479
vt 0.5515788 0.2551433
vt 0.5552514 0.5546938
vt 0.5239918 0.2595437
vt 0.5565227 0.5275159
vt 0.5698887 0.7233812
vt 0.9922226 0.2508253
vt 0.5479323 0.5143231
vt 0.5618097 0.5138676
vt 0.5386953 0.5138676
vt 0.5710127 0.5144782
vt 0.5617102 0.7131113
vt 0.5667704 0.7132293
vt 0.5718648 0.7135549
vt 0.5610769 0.7007936
vt 0.5658380 0.7008855
vt 0.5708379 0.7012892
vt 0.5592012 0.6854119
vt 0.5641768 0.6860230
vt 0.5692968 0.6868359
vt 0.5583635 0.6679095
vt 0.5634052 0.6683490
vt 0.5684740 0.6689909
vt 0.5589605 0.6519589
vt 0.5640123 0.6521386
vt 0.5691441 0.6523811
vt 0.5593053 0.6360140
vt 0.5645393 0.6357396
vt 0.5696551 0.6359669
vt 0.5598257 0.6218686
vt 0.5649034 0.6213782
vt 0.5699432 0.6212190
vt 0.5601337 0.6079292
vt 0.5655000 0.6075637
vt 0.5704940 0.6075894
vt 0.5600666 0.5951291
vt 0.5651865 0.5946640
vt 0.5703219 0.5945596
vt 0.5600489 0.5823630
vt 0.5653856 0.5818644
vt 0.5705189 0.5816495
vt 0.5603466 0.5682276
vt 0.5655234 0.5679497
vt 0.5707098 0.5683361
vt 0.5606810 0.5544779
vt 0.5662239 0.5542868
vt 0.5713867 0.5543551
vt 0.5615606 0.5411662
vt 0.5667033 0.5412956
vt 0.5718199 0.5414618
vt 0.5613785 0.5277820
vt 0.5663742 0.5280926
vt 0.5712354 0.5284577
vn 0.5329566 0.7015609 0.4730431
vn 0.5329566 0.7015609 0.4730431
vn 0.5329566 0.7015609 0.4730431
vn -0.5107214 -0.6803613 0.5256160
vn -0.5107214 -0.6803613 0.5256160
vn -0.5107214 -0.6803613 0.5256160
vn -0.0622064 0.6303138 0.7738443
vn -0.0622064 0.6303138 0.7738443
vn 0.0131766 0.6740214 0.7385944
vn 0.0131766 0.6740214 0.7385944
vn 0.0558515 0.7096664 0.7023206
vn 0.0558515 0.7096664 0.7023206
vn 0.0273478 0.7149116 0.6986799
vn 0.0273478 0.7149116 0.6986799
vn 0.0387504 0.6960030 0.7169925
vn 0.0387504 0.6960030 0.7169925
vn 0.0455386 0.7021652 0.7105562
vn 0.0455386 0.7021652 0.7105562
vn -0.0554122 0.7792199 0.6242962
vn -0.0554122 0.7792199 0.6242962
vn -0.0485615 -0.4928578 0.8687538
vn -0.0485615 -0.4928578 0.8687538
vn 0.0135255 -0.5006728 0.8655310
vn 0.0135255 -0.5006728 0.8655310
vn 0.0045161 -0.4985585 0.8668442
vn 0.0045161 -0.4985585 0.8668442
vn -0.0301587 -0.5041667 0.8630796
vn -0.0301587 -0.5041667 0.8630796
vn -0.0417501 -0.5056024 0.8617558
vn -0.0417501 -0.5056024 0.8617558
vn 0.0124215 -0.5581746 0.8296305
vn 0.0124215 -0.5581746 0.8296305
vn 0.7123627 0.2827406 0.6423374
vn 0.7123627 0.2827406 0.6423374
vn 0.7246425 0.1281720 0.6771007
vn 0.7246425 0.1281720 0.6771007
vn 0.7069809 0.0195152 0.7069634
vn 0.7069809 0.0195152 0.7069634
vn -0.0124961 0.2167991 0.9761363
vn -0.0130997 0.0504390 0.9986413
vn -0.0281563 -0.0364657 0.9989381
vn -0.0408691 0.2837098 0.9580389
vn -0.0173817 0.0650704 0.9977294
vn -0.0172513 -0.1241537 0.9921131
vn -0.0599763 0.3576009 0.9319466
vn -0.0571779 0.0987089 0.9934723
vn -0.0589011 -0.1800265 0.9818966
vn -0.0490453 0.3880784 0.9203203
vn -0.0511864 0.0944266 0.9942151
vn -0.0545835 -0.2086536 0.9764652
vn -0.0776425 0.4007386 0.9128966
vn -0.0718545 0.0888986 0.9934455
vn -0.0607244 -0.2154753 0.9746194
vn -0.0350250 0.4425388 0.8960651
vn -0.0093626 0.1048227 0.9944469
vn 0.0036529 -0.2132244 0.9769964
vn 0.0411894 0.5264060 0.8492350
vn 0.0721057 0.1194979 0.9902126
vn 0.0669675 -0.2542322 0.9648219
vn 0.0335463 0.5988858 0.8001315
vn 0.0489012 0.1090668 0.9928308
vn 0.0364317 -0.3174260 0.9475830
vn 0.0295554 0.6205304 0.7836251
vn 0.0246553 0.0911390 0.9955329
vn 0.0127718 -0.3468424 0.9378365
vn 0.0518022 0.5948741 0.8021480
vn 0.0335160 0.0793865 0.9962804
vn 0.0148921 -0.3473265 0.9376261
vn 0.0167757 0.5622279 0.8268121
vn -0.0068020 0.0717453 0.9973997
vn -0.0221136 -0.3343710 0.9421821
vn 0.0008872 0.5278812 0.8493178
vn -0.0284857 0.0696115 0.9971673
vn -0.0407040 -0.3078766 0.9505553
vn 0.0231400 0.5018215 0.8646616
vn 0.0047105 0.0786019 0.9968950
vn -0.0084162 -0.2870304 0.9578846
vn 0.0595045 0.5034606 0.8619667
vn 0.0480191 0.0964805 0.9941759
vn 0.0257371 -0.2882877 0.9571978
vn 0.0923797 0.4754473 0.8748805
vn 0.0663951 0.0873938 0.9939588
vn 0.0416178 -0.2904352 0.9559891
vn 0.0570454 0.3536440 0.9336389
vn 0.0278299 0.0669829 0.9973659
vn 0.0384103 -0.2075013 0.9774804
vn -0.7511653 -0.4862188 -0.4464772
vn -0.7511653 -0.4862188 -0.4464772
vn -0.7511653 -0.4862188 -0.4464772
vn -0.7629336 0.6377085 0.1061145
vn -0.7629336 0.6377085 0.1061145
vn -0.8600359 0.5102041 0.0054834
vn -0.8600359 0.5102041 0.0054834
vn -0.8377644 0.5421861 -0.0646917
vn -0.8377644 0.5421861 -0.0646917
vn -0.8482605 0.5252110 -0.0678793
vn -0.8482605 0.5252110 -0.0678793
vn -0.8593221 0.5105327 -0.0303615
vn -0.8593221 0.5105327 -0.0303615
vn -0.7746655 -0.5919930 0.2223457
vn -0.7746655 -0.5919930 0.2223457
vn -0.8468191 -0.5127213 0.1414718
vn -0.8468191 -0.5127213 0.1414718
vn -0.8373873 -0.5424455 0.0673448
vn -0.8373873 -0.5424455 0.0673448
vn -0.8388934 -0.5435778 0.0279467
vn -0.8388934 -0.5435778 0.0279467
vn -0.8415414 -0.5401529 0.0065522
vn -0.8415414 -0.5401529 0.0065522
vn -0.8416072 -0.5400395 0.0073873
vn -0.8416072 -0.5400395 0.0073873
vn -0.8409402 -0.5407438 0.0203912
vn -0.8409402 -0.5407438 0.0203912
vn -0.8456675 -0.5333071 0.0207333
vn -0.8456675 -0.5333071 0.0207333
vn -0.8524776 -0.5225735 0.0140971
vn -0.8524776 -0.5225735 0.0140971
vn -0.8980923 -0.4394144 0.0185851
vn -0.8980923 -0.4394144 0.0185851
vn -0.9185154 -0.3873066 -0.0795178
vn -0.9185154 -0.3873066 -0.0795178
vn -0.8886961 -0.4177489 -0.1889582
vn -0.8886961 -0.4177489 -0.1889582
vn -0.7121176 0.2146847 0.6684303
vn -0.7121176 0.2146847 0.6684303
vn -0.7295237 -0.0177748 0.6837245
vn -0.7295237 -0.0177748 0.6837245
vn -0.7100136 -0.2502868 0.6582075
vn -0.7100136 -0.2502868 0.6582075
vn -0.8096644 -0.0113861 -0.5867828
vn -0.8096644 -0.0113861 -0.5867828
vn -0.9979879 0.0357241 -0.0523813
vn -0.9932689 -0.1091231 -0.0388470
vn -0.9659227 -0.2564606 -0.0349473
vn -0.9923270 0.1020342 0.0698295
vn -0.9899412 -0.0817974 0.1154366
vn -0.9446256 -0.2936314 0.1465041
vn -0.9795865 0.1912966 0.0617727
vn -0.9938885 -0.0250790 0.1075024
vn -0.9472624 -0.2859088 0.1447416
vn -0.9707822 0.2376927 -0.0329232
vn -0.9999936 0.0025929 -0.0024775
vn -0.9621660 -0.2703499 0.0338749
vn -0.9661449 0.2517631 -0.0563863
vn -0.9994373 0.0076849 -0.0326527
vn -0.9640113 -0.2657847 -0.0063798
vn -0.9603682 0.2691596 -0.0724280
vn -0.9986165 0.0171285 -0.0497166
vn -0.9599981 -0.2790915 -0.0226224
vn -0.9456062 0.3194403 -0.0615376
vn -0.9988361 0.0384879 -0.0290720
vn -0.9530388 -0.3027966 -0.0055893
vn -0.9199575 0.3892864 -0.0461970
vn -0.9986466 0.0489194 -0.0176609
vn -0.9447785 -0.3276608 0.0056503
vn -0.9151879 0.4009430 -0.0409384
vn -0.9986057 0.0437656 -0.0295139
vn -0.9467489 -0.3219202 -0.0058144
vn -0.9303914 0.3643946 -0.0398523
vn -0.9990822 0.0309474 -0.0296155
vn -0.9548632 -0.2968990 -0.0093492
vn -0.9403167 0.3365424 -0.0504340
vn -0.9993222 0.0181747 -0.0320109
vn -0.9597764 -0.2805176 -0.0117959
vn -0.9476273 0.3129851 -0.0635836
vn -0.9990836 0.0153593 -0.0399486
vn -0.9670377 -0.2545538 -0.0063410
vn -0.9553791 0.2898082 -0.0571133
vn -0.9992271 0.0326966 -0.0218217
vn -0.9787728 -0.2037701 0.0219412
vn -0.9476718 0.2978113 -0.1150070
vn -0.9936889 0.0678301 -0.0893384
vn -0.9861935 -0.1566990 -0.0535540
vn -0.9295981 0.3201436 -0.1826354
vn -0.9780269 0.1152495 -0.1737268
vn -0.9839342 -0.1029876 -0.1458326
vn -0.9445519 0.2962928 -0.1415345
vn -0.9785169 0.1482910 -0.1432286
vn -0.9927094 -0.0255588 -0.1177913
vn -0.4848801 0.7601739 0.4324662
vn -0.4848801 0.7601739 0.4324662
vn -0.4848801 0.7601739 0.4324662
vn -0.5323598 0.6569722 -0.5338358
vn -0.5323598 0.6569722 -0.5338358
vn -0.5323598 0.6569722 -0.5338358
vn 0.1402690 0.6914372 0.7086883
vn 0.1402690 0.6914372 0.7086883
vn -0.0425881 0.6292130 0.7760653
vn -0.0425881 0.6292130 0.7760653
vn -0.0668030 0.6509771 0.7561523
vn -0.0668030 0.6509771 0.7561523
vn -0.0869005 0.6718303 0.7355899
vn -0.0869005 0.6718303 0.7355899
vn -0.0433318 0.6760792 0.7355537
vn -0.0433318 0.6760792 0.7355537
vn 0.0032264 0.6895224 0.7242571
vn 0.0032264 0.6895224 0.7242571
vn 0.0280879 0.7051046 0.7085468
vn 0.0280879 0.7051046 0.7085468
vn 0.0301998 0.7084030 0.7051617
vn 0.0301998 0.7084030 0.7051617
vn 0.0890854 0.7190741 0.6891997
vn 0.0890854 0.7190741 0.6891997
vn -0.1861257 0.6562415 -0.7312347
vn -0.1861257 0.6562415 -0.7312347
vn -0.0082524 0.5609185 -0.8278299
vn -0.0082524 0.5609185 -0.8278299
vn 0.0073173 0.5323471 -0.8464947
vn 0.0073173 0.5323471 -0.8464947
vn -0.0012642 0.5078703 -0.8614326
vn -0.0012642 0.5078703 -0.8614326
vn -0.0465860 0.5096481 -0.8591208
vn -0.0465860 0.5096481 -0.8591208
vn -0.0217425 0.4613907 -0.8869306
vn -0.0217425 0.4613907 -0.8869306
vn -0.0245522 0.4395207 -0.8978969
vn -0.0245522 0.4395207 -0.8978969
vn 0.0193043 0.4175968 -0.9084273
vn 0.0193043 0.4175968 -0.9084273
vn 0.0389789 0.4069356 -0.9126250
vn 0.0389789 0.4069356 -0.9126250
vn 0.7589089 0.6359414 0.1401280
vn 0.7589089 0.6359414 0.1401280
vn 0.8398547 0.5427277 -0.0095233
vn 0.8398547 0.5427277 -0.0095233
vn 0.8552305 0.5174347 -0.0290238
vn 0.8552305 0.5174347 -0.0290238
vn 0.8668798 0.4967794 -0.0415884
vn 0.8668798 0.4967794 -0.0415884
vn 0.8686233 0.4917913 -0.0602903
vn 0.8686233 0.4917913 -0.0602903
vn 0.8617491 0.5009779 -0.0800615
vn 0.8617491 0.5009779 -0.0800615
vn 0.8673699 0.4867570 -0.1036199
vn 0.8673699 0.4867570 -0.1036199
vn -0.8513455 0.5242134 -0.0202740
vn -0.8513455 0.5242134 -0.0202740
vn -0.8419155 0.5347903 -0.0719559
vn -0.8419155 0.5347903 -0.0719559
vn -0.8486642 0.5232100 -0.0775910
vn -0.8486642 0.5232100 -0.0775910
vn -0.8510391 0.5182020 -0.0848480
vn -0.8510391 0.5182020 -0.0848480
vn -0.8500977 0.5256760 -0.0316017
vn -0.8500977 0.5256760 -0.0316017
vn -0.8664209 0.4963590 -0.0542472
vn -0.8664209 0.4963590 -0.0542472
vn -0.8694522 0.4888347 -0.0713693
vn -0.8694522 0.4888347 -0.0713693
vn -0.8672134 0.4902116 -0.0873691
vn -0.8672134 0.4902116 -0.0873691
vn -0.8594794 0.4937076 -0.1324694
vn -0.8594794 0.4937076 -0.1324694
vn -0.8467274 0.4988631 -0.1849007
vn -0.8467274 0.4988631 -0.1849007
vn -0.7547615 0.5887476 -0.2893289
vn -0.7547615 0.5887476 -0.2893289
vn -0.3112888 0.8919233 0.3279817
vn -0.5412841 0.8400035 0.0374940
vn -0.6021692 0.7968478 -0.0492528
vn -0.6106297 0.7879928 -0.0787315
vn -0.6193388 0.7821932 -0.0677742
vn -0.6351533 0.7701256 -0.0590522
vn -0.6580489 0.7499144 -0.0678242
vn -0.6799530 0.7303919 -0.0647420
vn -0.6892430 0.7233684 -0.0410185
vn -0.6901622 0.7221979 -0.0458949
vn -0.6916443 0.7181458 -0.0767790
vn -0.6870130 0.7181080 -0.1110592
vn -0.6676961 0.7301242 -0.1452604
vn -0.6414000 0.7486102 -0.1678948
vn -0.5968017 0.7734164 -0.2136705
vn -0.4102671 0.7803750 -0.4719067
vn 0.0133062 0.8791452 0.4763684
vn -0.1148555 0.9865720 0.1161199
vn -0.1834194 0.9818717 -0.0478058
vn -0.2045648 0.9761919 -0.0721288
vn -0.2195272 0.9746966 -0.0421227
vn -0.2362696 0.9714743 -0.0203512
vn -0.2566108 0.9660668 -0.0294275
vn -0.2729690 0.9606231 -0.0518783
vn -0.2735251 0.9597476 -0.0637838
vn -0.2650933 0.9611742 -0.0766135
vn -0.2618697 0.9590555 -0.1078734
vn -0.2590898 0.9525993 -0.1594590
vn -0.2464630 0.9466898 -0.2074472
vn -0.2150733 0.9538615 -0.2095037
vn -0.1439018 0.9554083 -0.2578512
vn -0.0596761 0.8096793 -0.5838306
vn 0.0205749 0.8425336 0.5382507
vn -0.0053488 0.9860393 0.1664272
vn -0.0057944 0.9993455 -0.0357066
vn -0.0092023 0.9986622 -0.0508848
vn -0.0212973 0.9996334 -0.0167201
vn -0.0263106 0.9996529 -0.0013757
vn -0.0228415 0.9996002 -0.0166596
vn -0.0142347 0.9984785 -0.0532737
vn -0.0003000 0.9962512 -0.0865071
vn 0.0179481 0.9947166 -0.1010778
vn 0.0300492 0.9918605 -0.1237322
vn 0.0287017 0.9850214 -0.1700269
vn 0.0099770 0.9776281 -0.2101040
vn -0.0205648 0.9771793 -0.2114178
vn -0.0380070 0.9535626 -0.2987874
vn -0.0259473 0.7767151 -0.6293175
vn 0.0429424 0.8271380 0.5603558
vn 0.0456718 0.9828109 0.1788767
vn 0.0421278 0.9986213 -0.0313162
vn 0.0342910 0.9987258 -0.0370243
vn 0.0317576 0.9994530 -0.0092303
vn 0.0405330 0.9991482 -0.0077457
vn 0.0566378 0.9979520 -0.0297324
vn 0.0701988 0.9952933 -0.0668093
vn 0.0792429 0.9914365 -0.1037991
vn 0.0926526 0.9881786 -0.1221416
vn 0.1067503 0.9851453 -0.1345104
vn 0.1022720 0.9819222 -0.1592768
vn 0.0711024 0.9819338 -0.1753582
vn 0.0274362 0.9847260 -0.1719356
vn -0.0073112 0.9552666 -0.2956558
vn -0.0109746 0.7592528 -0.6507034
vn 0.0413771 0.8232971 0.5661004
vn 0.0512378 0.9805238 0.1895991
vn 0.0467752 0.9986513 -0.0225318
vn 0.0461762 0.9983238 -0.0348907
vn 0.0560965 0.9982836 -0.0168282
vn 0.0727393 0.9970412 -0.0248578
vn 0.0904337 0.9947451 -0.0479995
vn 0.0999120 0.9920970 -0.0759013
vn 0.0961770 0.9897236 -0.1058162
vn 0.0867062 0.9879894 -0.1279022
vn 0.0788587 0.9875188 -0.1363379
vn 0.0654484 0.9877568 -0.1416087
vn 0.0424155 0.9893093 -0.1395280
vn 0.0204921 0.9896576 -0.1419784
vn 0.0104942 0.9563993 -0.2918738
vn 0.0029581 0.7500792 -0.6613415
vn 0.0326431 0.8260166 0.5626996
vn 0.0428632 0.9812211 0.1880635
vn 0.0434169 0.9988858 -0.0184955
vn 0.0495898 0.9977683 -0.0447128
vn 0.0673270 0.9971961 -0.0326626
vn 0.0864505 0.9953204 -0.0431691
vn 0.1011058 0.9929576 -0.0617491
vn 0.1061594 0.9912654 -0.0782511
vn 0.1006691 0.9902035 -0.0967619
vn 0.0860272 0.9896021 -0.1152692
vn 0.0685743 0.9898787 -0.1242483
vn 0.0513155 0.9909940 -0.1236842
vn 0.0335801 0.9926220 -0.1165072
vn 0.0208400 0.9911850 -0.1308354
vn 0.0075275 0.9555297 -0.2947989
vn -0.0165174 0.7484918 -0.6629382
vn 0.0548194 0.8267289 0.5599231
vn 0.0480925 0.9819824 0.1827495
vn 0.0415122 0.9989843 -0.0175236
vn 0.0474336 0.9970225 -0.0607967
vn 0.0677593 0.9963211 -0.0524703
vn 0.0880280 0.9942384 -0.0611653
vn 0.1020441 0.9922385 -0.0710620
vn 0.1068185 0.9911577 -0.0787180
vn 0.1033925 0.9906611 -0.0888850
vn 0.0922058 0.9908177 -0.0988854
vn 0.0744209 0.9915655 -0.1061102
vn 0.0543774 0.9930373 -0.1044989
vn 0.0349651 0.9945661 -0.0980598
vn 0.0194401 0.9922939 -0.1223720
vn -0.0022875 0.9576022 -0.2880851
vn -0.0343551 0.7510111 -0.6593951
vn 0.0198085 0.8279980 0.5603810
vn 0.0131174 0.9851925 0.1709498
vn 0.0227631 0.9993895 -0.0265001
vn 0.0358136 0.9964633 -0.0760148
vn 0.0545307 0.9958658 -0.0726464
vn 0.0746654 0.9941719 -0.0777636
vn 0.0895030 0.9928195 -0.0793637
vn 0.0947890 0.9923769 -0.0787593
vn 0.0916430 0.9924369 -0.0816737
vn 0.0813639 0.9930986 -0.0844687
vn 0.0644271 0.9941546 -0.0866346
vn 0.0437712 0.9954649 -0.0844608
vn 0.0267965 0.9962800 -0.0819029
vn 0.0124627 0.9936321 -0.1119813
vn -0.0038191 0.9587494 -0.2842269
vn -0.0275872 0.7455969 -0.6658260
vn -0.0129808 0.8285834 0.5597154
vn -0.0208399 0.9890550 0.1460681
vn -0.0027644 0.9988225 -0.0484338
vn 0.0127565 0.9960604 -0.0877550
vn 0.0261735 0.9955586 -0.0904330
vn 0.0433799 0.9946749 -0.0934872
vn 0.0573900 0.9945587 -0.0869452
vn 0.0598749 0.9952900 -0.0762418
vn 0.0533205 0.9959447 -0.0724644
vn 0.0431131 0.9964586 -0.0721899
vn 0.0309863 0.9970575 -0.0701154
vn 0.0186571 0.9973985 -0.0696285
vn 0.0123128 0.9971911 -0.0738794
vn 0.0118745 0.9939368 -0.1093090
vn 0.0083524 0.9555442 -0.2947294
vn -0.0102466 0.7294127 -0.6839969
vn 0.0034358 0.8302839 0.5573301
vn -0.0199459 0.9910975 0.1316357
vn -0.0276175 0.9974352 -0.0660330
vn -0.0213988 0.9952122 -0.0953662
vn -0.0146207 0.9947455 -0.1013290
vn -0.0058549 0.9944407 -0.1051353
vn 0.0029790 0.9956869 -0.0927289
vn 0.0048022 0.9974100 -0.0717663
vn -0.0020206 0.9980638 -0.0621648
vn -0.0101357 0.9979700 -0.0628747
vn -0.0159041 0.9979210 -0.0624569
vn -0.0147417 0.9976296 -0.0672151
vn -0.0030418 0.9967217 -0.0808496
vn 0.0158185 0.9923412 -0.1225094
vn 0.0241234 0.9490842 -0.3140975
vn -0.0004737 0.7090578 -0.7051502
vn -0.0389520 0.8364767 0.5466162
vn -0.0446745 0.9896110 0.1366542
vn -0.0549756 0.9960096 -0.0703025
vn -0.0558095 0.9935744 -0.0984643
vn -0.0554443 0.9930221 -0.1040812
vn -0.0556822 0.9925418 -0.1084447
vn -0.0541068 0.9937890 -0.0972408
vn -0.0491866 0.9961219 -0.0729502
vn -0.0460430 0.9972392 -0.0582589
vn -0.0472371 0.9972390 -0.0572993
vn -0.0459607 0.9969261 -0.0634509
vn -0.0320131 0.9962611 -0.0802431
vn -0.0028651 0.9945178 -0.1045283
vn 0.0306260 0.9883288 -0.1492252
vn 0.0460962 0.9401611 -0.3375978
vn 0.0197228 0.6927967 -0.7208632
vn -0.0859257 0.8400781 0.5356169
vn -0.0716330 0.9870437 0.1435730
vn -0.0656427 0.9957170 -0.0651056
vn -0.0699604 0.9928580 -0.0966363
vn -0.0727553 0.9920649 -0.1025378
vn -0.0743501 0.9914923 -0.1068415
vn -0.0724831 0.9920836 -0.1025496
vn -0.0642103 0.9944505 -0.0833382
vn -0.0547821 0.9964941 -0.0632343
vn -0.0486457 0.9971409 -0.0578247
vn -0.0394798 0.9966354 -0.0718280
vn -0.0195501 0.9945605 -0.1023093
vn 0.0127471 0.9905577 -0.1365028
vn 0.0504312 0.9819642 -0.1822167
vn 0.0699057 0.9313886 -0.3572516
vn 0.0463772 0.6884360 -0.7238130
vn -0.0704417 0.8374208 0.5420004
vn -0.0598990 0.9866869 0.1511988
vn -0.0582270 0.9969187 -0.0525601
vn -0.0663381 0.9936369 -0.0910212
vn -0.0693403 0.9925071 -0.1006059
vn -0.0671869 0.9918593 -0.1081717
vn -0.0619832 0.9921030 -0.1090396
vn -0.0554565 0.9939232 -0.0950848
vn -0.0486291 0.9961995 -0.0722612
vn -0.0392734 0.9970825 -0.0654543
vn -0.0240314 0.9960137 -0.0859023
vn -0.0026905 0.9922592 -0.1241547
vn 0.0249847 0.9859516 -0.1651518
vn 0.0557896 0.9756751 -0.2120042
vn 0.0773548 0.9254053 -0.3710000
vn 0.0652021 0.6937312 -0.7172766
vn -0.0450999 0.8328750 0.5516207
vn -0.0174527 0.9861841 0.1647317
vn -0.0191067 0.9993622 -0.0301676
vn -0.0378606 0.9962643 -0.0776147
vn -0.0508534 0.9941326 -0.0954686
vn -0.0507625 0.9922731 -0.1132130
vn -0.0381336 0.9917570 -0.1223264
vn -0.0207912 0.9937280 -0.1098741
vn -0.0122166 0.9967822 -0.0792212
vn -0.0094140 0.9973332 -0.0723718
vn 0.0008789 0.9949127 -0.1007361
vn 0.0213407 0.9892859 -0.1444233
vn 0.0476283 0.9808261 -0.1889753
vn 0.0743695 0.9691871 -0.2348311
vn 0.0912206 0.9225023 -0.3750573
vn 0.0873188 0.7055678 -0.7032422
vn 0.0255274 0.8535393 0.5204027
vn 0.1394553 0.9808645 0.1358568
vn 0.1892926 0.9818038 -0.0151591
vn 0.1860922 0.9807156 -0.0597205
vn 0.1747685 0.9812725 -0.0809955
vn 0.1645633 0.9806084 -0.1064237
vn 0.1630756 0.9777691 -0.1318108
vn 0.1702165 0.9772936 -0.1261881
vn 0.1800512 0.9796714 -0.0884624
vn 0.1984260 0.9763178 -0.0862008
vn 0.2237747 0.9670963 -0.1210355
vn 0.2444144 0.9557860 -0.1635079
vn 0.2557526 0.9450020 -0.2038673
vn 0.2526766 0.9377886 -0.2381326
vn 0.2021701 0.9223437 -0.3292556
vn 0.1435565 0.7393071 -0.6578878
vn 0.3777714 0.8507865 0.3653093
vn 0.5699948 0.8204111 0.0450731
vn 0.6255266 0.7798657 -0.0229318
vn 0.6381971 0.7687377 -0.0417950
vn 0.6408165 0.7657620 -0.0544318
vn 0.6422839 0.7631498 -0.0712301
vn 0.6434461 0.7588764 -0.1004178
vn 0.6371984 0.7629578 -0.1089660
vn 0.6343647 0.7675095 -0.0922527
vn 0.6502516 0.7531877 -0.0994039
vn 0.6646925 0.7376212 -0.1187382
vn 0.6641895 0.7337241 -0.1431819
vn 0.6523154 0.7381285 -0.1721938
vn 0.6309248 0.7518708 -0.1913750
vn 0.5728669 0.7903266 -0.2172733
vn 0.4259084 0.7629967 -0.4862490
vn 0.5483794 -0.5868117 0.5957618
vn 0.5483794 -0.5868117 0.5957618
vn 0.5483794 -0.5868117 0.5957618
vn 0.8507737 0.5246917 -0.0297107
vn 0.8507737 0.5246917 -0.0297107
vn 0.8602530 0.5085886 -0.0360896
vn 0.8602530 0.5085886 -0.0360896
vn 0.8638196 0.4983982 -0.0735859
vn 0.8638196 0.4983982 -0.0735859
vn 0.8675888 0.4886750 -0.0921224
vn 0.8675888 0.4886750 -0.0921224
vn 0.8703120 0.4834821 -0.0938183
vn 0.8703120 0.4834821 -0.0938183
vn 0.8623763 0.4912090 -0.1225599
vn 0.8623763 0.4912090 -0.1225599
vn 0.8573920 0.4969805 -0.1337513
vn 0.8573920 0.4969805 -0.1337513
vn 0.8407934 0.5264735 -0.1260637
vn 0.8407934 0.5264735 -0.1260637
vn 0.7428199 0.6206905 -0.2509219
vn 0.7428199 0.6206905 -0.2509219
vn 0.7790079 -0.5982758 0.1876504
vn 0.7790079 -0.5982758 0.1876504
vn 0.8458313 -0.5316907 0.0432930
vn 0.8458313 -0.5316907 0.0432930
vn 0.8601581 -0.5060931 0.0632281
vn 0.8601581 -0.5060931 0.0632281
vn 0.8561971 -0.5161540 0.0226156
vn 0.8561971 -0.5161540 0.0226156
vn 0.8578846 -0.5120130 0.0433203
vn 0.8578846 -0.5120130 0.0433203
vn 0.8550342 -0.5153621 0.0576050
vn 0.8550342 -0.5153621 0.0576050
vn 0.8519738 -0.5196151 0.0643483
vn 0.8519738 -0.5196151 0.0643483
vn 0.8519092 -0.5192006 0.0684221
vn 0.8519092 -0.5192006 0.0684221
vn 0.7616557 -0.1254360 -0.6357253
vn 0.7616557 -0.1254360 -0.6357253
vn 0.9836907 0.1760849 -0.0366951
vn 0.9979621 0.0545873 -0.0330439
vn 0.9985687 -0.0492055 -0.0209597
vn 0.9864116 0.1527611 -0.0604644
vn 0.9983121 0.0384928 -0.0434888
vn 0.9942129 -0.1051510 -0.0219962
vn 0.9897139 0.1260202 -0.0677145
vn 0.9992133 0.0073372 -0.0389751
vn 0.9913033 -0.1314302 -0.0066250
vn 0.9896842 0.1315508 -0.0567398
vn 0.9993424 -0.0144081 -0.0332728
vn 0.9889989 -0.1477517 -0.0071126
vn 0.9863995 0.1554647 -0.0533534
vn 0.9994609 -0.0168140 -0.0282000
vn 0.9869838 -0.1608076 -0.0019346
vn 0.9831862 0.1742103 -0.0547321
vn 0.9993138 -0.0211632 -0.0303967
vn 0.9838145 -0.1790837 -0.0061706
vn 0.9777448 0.1960760 -0.0746265
vn 0.9982495 -0.0220086 -0.0548976
vn 0.9762046 -0.2152243 -0.0265134
vn 0.9686095 0.2379969 -0.0717853
vn 0.9981271 -0.0262118 -0.0552756
vn 0.9611379 -0.2753907 -0.0193378
vn 0.9608145 0.2733211 -0.0461623
vn 0.9993492 -0.0326963 -0.0152436
vn 0.9461680 -0.3228476 0.0231368
vn 0.9614626 0.2740467 -0.0220977
vn 0.9995019 -0.0231012 0.0215017
vn 0.9501417 -0.3076862 0.0505984
vn 0.9698108 0.2436061 -0.0110928
vn 0.9997212 -0.0051711 0.0230353
vn 0.9663042 -0.2539895 0.0417806
vn 0.9754422 0.2192644 -0.0208709
vn 0.9999961 0.0015521 -0.0023135
vn 0.9733885 -0.2284989 0.0174139
vn 0.9727601 0.2311521 -0.0175003
vn 0.9998544 0.0129577 -0.0110919
vn 0.9714650 -0.2371387 0.0045961
vn 0.9703367 0.2409455 -0.0198023
vn 0.9996088 0.0273657 -0.0057807
vn 0.9694807 -0.2447862 0.0136730
vn 0.9786097 0.2054028 0.0115203
vn 0.9988258 0.0324246 0.0359920
vn 0.9820465 -0.1851717 0.0360018
vn 0.9849078 0.1730536 -0.0030209
vn 0.9979485 0.0629236 -0.0117939
vn 0.9981143 -0.0505665 -0.0347955
vn 0.6325697 -0.6200612 -0.4640903
vn 0.6325697 -0.6200612 -0.4640903
vn 0.6325697 -0.6200612 -0.4640903
vn 0.1596788 -0.5614818 0.8119366
vn 0.1596788 -0.5614818 0.8119366
vn -0.0189148 -0.4954557 0.8684274
vn -0.0189148 -0.4954557 0.8684274
vn -0.0477172 -0.4855970 0.8728796
vn -0.0477172 -0.4855970 0.8728796
vn -0.0387396 -0.4765676 0.8782839
vn -0.0387396 -0.4765676 0.8782839
vn 0.0101425 -0.4723579 0.8813486
vn 0.0101425 -0.4723579 0.8813486
vn 0.0408697 -0.4864687 0.8727416
vn 0.0408697 -0.4864687 0.8727416
vn 0.0218037 -0.5023648 0.8643807
vn 0.0218037 -0.5023648 0.8643807
vn -0.0302601 -0.5135677 0.8575153
vn -0.0302601 -0.5135677 0.8575153
vn -0.0129360 -0.5369334 0.8435254
vn -0.0129360 -0.5369334 0.8435254
vn -0.1250477 -0.6319565 0.7648490
vn -0.1250477 -0.6319565 0.7648490
vn -0.0722155 -0.6962116 -0.7141948
vn -0.0722155 -0.6962116 -0.7141948
vn 0.0771832 -0.7176114 -0.6921537
vn 0.0771832 -0.7176114 -0.6921537
vn -0.0214862 -0.6790157 -0.7338092
vn -0.0214862 -0.6790157 -0.7338092
vn -0.0121553 -0.6716352 -0.7407822
vn -0.0121553 -0.6716352 -0.7407822
vn -0.0289458 -0.6618053 -0.7491168
vn -0.0289458 -0.6618053 -0.7491168
vn -0.0924350 -0.6510759 -0.7533631
vn -0.0924350 -0.6510759 -0.7533631
vn -0.0940625 -0.6561887 -0.7487112
vn -0.0940625 -0.6561887 -0.7487112
vn -0.0731177 -0.6620139 -0.7459165
vn -0.0731177 -0.6620139 -0.7459165
vn 0.0305357 -0.6842437 -0.7286137
vn 0.0305357 -0.6842437 -0.7286137
vn 0.1347948 -0.6822504 -0.7185851
vn 0.1347948 -0.6822504 -0.7185851
vn 0.3362680 -0.6879536 -0.6431514
vn 0.3362680 -0.6879536 -0.6431514
vn 0.8423825 -0.5367728 0.0476108
vn 0.8423825 -0.5367728 0.0476108
vn 0.8520478 -0.5223785 0.0336917
vn 0.8520478 -0.5223785 0.0336917
vn 0.8574931 -0.5122078 0.0484627
vn 0.8574931 -0.5122078 0.0484627
vn 0.8574395 -0.5106781 0.0632891
vn 0.8574395 -0.5106781 0.0632891
vn 0.8521487 -0.5213313 0.0453465
vn 0.8521487 -0.5213313 0.0453465
vn 0.8517344 -0.5234495 0.0234328
vn 0.8517344 -0.5234495 0.0234328
vn 0.8562883 -0.5155830 0.0307356
vn 0.8562883 -0.5155830 0.0307356
vn 0.8055034 -0.5736902 -0.1484724
vn 0.8055034 -0.5736902 -0.1484724
vn -0.8586671 -0.4869041 0.1600476
vn -0.8586671 -0.4869041 0.1600476
vn -0.8593517 -0.5111567 0.0152783
vn -0.8593517 -0.5111567 0.0152783
vn -0.8706524 -0.4901968 0.0408814
vn -0.8706524 -0.4901968 0.0408814
vn -0.8802047 -0.4686119 0.0751172
vn -0.8802047 -0.4686119 0.0751172
vn -0.5724493 -0.7583350 -0.3118168
vn -0.6561125 -0.7543893 -0.0203249
vn -0.6466559 -0.7585450 0.0802848
vn -0.6443329 -0.7568061 0.1099071
vn -0.6461673 -0.7589887 0.0800258
vn -0.6343107 -0.7715582 0.0484569
vn -0.6195357 -0.7839306 0.0403515
vn -0.6081572 -0.7924252 0.0469800
vn -0.6022144 -0.7970361 0.0455115
vn -0.6006065 -0.7986874 0.0370163
vn -0.6002267 -0.7987279 0.0419713
vn -0.6026949 -0.7956712 0.0605484
vn -0.6101075 -0.7872830 0.0891865
vn -0.6212801 -0.7693151 0.1488803
vn -0.5955312 -0.7696152 0.2302931
vn -0.3930471 -0.7729288 0.4980914
vn -0.1024606 -0.9262242 -0.3627816
vn -0.1481591 -0.9887605 0.0200353
vn -0.1818454 -0.9764442 0.1161415
vn -0.1934165 -0.9728730 0.1269179
vn -0.1910835 -0.9748508 0.1146871
vn -0.1740419 -0.9807151 0.0889228
vn -0.1532745 -0.9855394 0.0722436
vn -0.1415949 -0.9874365 0.0701425
vn -0.1385235 -0.9879231 0.0694206
vn -0.1401408 -0.9878623 0.0669958
vn -0.1495066 -0.9862227 0.0708005
vn -0.1674335 -0.9824739 0.0819207
vn -0.1876296 -0.9772692 0.0986911
vn -0.1993836 -0.9689505 0.1462232
vn -0.1631133 -0.9396249 0.3008308
vn -0.0580899 -0.7636578 0.6430024
vn 0.0340203 -0.9260634 -0.3758313
vn -0.0088818 -0.9999544 -0.0035156
vn -0.0216661 -0.9931968 0.1144144
vn -0.0147266 -0.9916763 0.1279117
vn -0.0084729 -0.9922216 0.1241959
vn -0.0008406 -0.9943044 0.1065744
vn 0.0071659 -0.9962153 0.0866237
vn 0.0119695 -0.9971265 0.0748025
vn 0.0120784 -0.9973643 0.0715449
vn 0.0080692 -0.9977116 0.0671292
vn -0.0006887 -0.9979548 0.0639216
vn -0.0137421 -0.9973890 0.0708956
vn -0.0295639 -0.9958926 0.0855795
vn -0.0515771 -0.9900616 0.1308347
vn -0.0672028 -0.9418452 0.3292592
vn -0.0438933 -0.7295116 0.6825586
vn 0.0348002 -0.9101894 -0.4127276
vn -0.0106653 -0.9996253 -0.0252090
vn -0.0153383 -0.9922597 0.1232287
vn -0.0089939 -0.9912454 0.1317258
vn -0.0120503 -0.9922981 0.1232843
vn -0.0202293 -0.9938606 0.1087744
vn -0.0254048 -0.9956194 0.0899820
vn -0.0263369 -0.9966953 0.0768439
vn -0.0271899 -0.9971837 0.0698946
vn -0.0311987 -0.9976430 0.0611164
vn -0.0368288 -0.9978632 0.0539694
vn -0.0417274 -0.9973338 0.0598665
vn -0.0440106 -0.9961866 0.0753342
vn -0.0461156 -0.9921834 0.1159551
vn -0.0537171 -0.9450263 0.3225520
vn -0.0470930 -0.7172458 0.6952271
vn -0.0161115 -0.8939812 -0.4478148
vn -0.0255989 -0.9989005 -0.0392751
vn -0.0238422 -0.9913234 0.1292655
vn -0.0247006 -0.9911281 0.1305944
vn -0.0329167 -0.9929688 0.1137072
vn -0.0471992 -0.9940361 0.0983084
vn -0.0595250 -0.9946464 0.0844707
vn -0.0665114 -0.9949003 0.0758259
vn -0.0693600 -0.9952069 0.0689375
vn -0.0689517 -0.9958595 0.0592404
vn -0.0658810 -0.9964173 0.0530325
vn -0.0599482 -0.9963770 0.0603245
vn -0.0539238 -0.9955074 0.0778289
vn -0.0523135 -0.9920604 0.1143655
vn -0.0560294 -0.9465018 0.3177973
vn -0.0508827 -0.7113463 0.7009974
vn -0.0211954 -0.8858307 -0.4635242
vn -0.0167311 -0.9988462 -0.0450171
vn -0.0191214 -0.9919664 0.1250486
vn -0.0295278 -0.9918096 0.1242651
vn -0.0419873 -0.9941389 0.0996238
vn -0.0584522 -0.9948868 0.0823621
vn -0.0738177 -0.9945478 0.0736596
vn -0.0841555 -0.9939630 0.0703942
vn -0.0877045 -0.9937423 0.0691661
vn -0.0829584 -0.9944576 0.0645920
vn -0.0719324 -0.9954863 0.0619081
vn -0.0587081 -0.9957897 0.0704009
vn -0.0480689 -0.9952764 0.0843458
vn -0.0442820 -0.9925740 0.1132957
vn -0.0481326 -0.9487081 0.3124677
vn -0.0415060 -0.7091264 0.7038586
vn -0.0094374 -0.8795658 -0.4756837
vn -0.0052194 -0.9986446 -0.0517848
vn -0.0121661 -0.9937047 0.1113681
vn -0.0269811 -0.9931736 0.1134826
vn -0.0414304 -0.9955591 0.0845324
vn -0.0580689 -0.9962108 0.0647462
vn -0.0739875 -0.9954216 0.0605121
vn -0.0841235 -0.9944232 0.0636050
vn -0.0853069 -0.9938018 0.0712797
vn -0.0770815 -0.9942310 0.0745870
vn -0.0619817 -0.9951398 0.0765185
vn -0.0457253 -0.9953636 0.0846207
vn -0.0339904 -0.9951386 0.0924331
vn -0.0284873 -0.9930460 0.1142289
vn -0.0235349 -0.9517193 0.3060663
vn -0.0076463 -0.7095323 0.7046314
vn -0.0246992 -0.8738409 -0.4855842
vn -0.0109115 -0.9982877 -0.0574693
vn -0.0071641 -0.9948069 0.1015280
vn -0.0149350 -0.9946759 0.1019643
vn -0.0271495 -0.9971248 0.0707458
vn -0.0412076 -0.9979511 0.0489436
vn -0.0544708 -0.9973797 0.0476079
vn -0.0622965 -0.9963343 0.0586275
vn -0.0614535 -0.9952855 0.0750359
vn -0.0526138 -0.9949032 0.0860200
vn -0.0369747 -0.9950104 0.0926671
vn -0.0220834 -0.9949536 0.0978765
vn -0.0132771 -0.9949896 0.0990930
vn -0.0108552 -0.9933100 0.1149668
vn -0.0060123 -0.9531969 0.3022903
vn 0.0078331 -0.7108341 0.7033162
vn -0.0552360 -0.8721068 -0.4861880
vn -0.0284405 -0.9981959 -0.0528804
vn -0.0090914 -0.9945554 0.1038120
vn -0.0031720 -0.9951912 0.0978995
vn -0.0044855 -0.9980208 0.0627236
vn -0.0097997 -0.9991895 0.0390420
vn -0.0159253 -0.9991272 0.0386150
vn -0.0191102 -0.9982156 0.0565739
vn -0.0166022 -0.9966636 0.0799120
vn -0.0083339 -0.9953402 0.0960642
vn 0.0014199 -0.9945206 0.1045309
vn 0.0088966 -0.9943157 0.1061001
vn 0.0125464 -0.9946182 0.1028458
vn 0.0115464 -0.9935749 0.1125866
vn 0.0115228 -0.9548870 0.2967454
vn 0.0177994 -0.7138364 0.7000864
vn -0.0850061 -0.8727976 -0.4806228
vn -0.0536137 -0.9978146 -0.0386218
vn -0.0263585 -0.9927632 0.1171604
vn -0.0078508 -0.9942518 0.1067781
vn 0.0070322 -0.9977425 0.0667867
vn 0.0168476 -0.9990824 0.0393769
vn 0.0215661 -0.9990674 0.0374066
vn 0.0249485 -0.9979487 0.0589575
vn 0.0296798 -0.9959038 0.0854100
vn 0.0340038 -0.9942567 0.1014767
vn 0.0355312 -0.9935030 0.1081169
vn 0.0352343 -0.9935157 0.1080975
vn 0.0338609 -0.9941271 0.1027857
vn 0.0314741 -0.9935755 0.1087063
vn 0.0329133 -0.9557394 0.2923677
vn 0.0375483 -0.7149277 0.6981894
vn -0.0964772 -0.8766233 -0.4714060
vn -0.0772846 -0.9967560 -0.0224675
vn -0.0539819 -0.9894084 0.1347472
vn -0.0299995 -0.9913337 0.1278965
vn -0.0037978 -0.9964529 0.0840668
vn 0.0172640 -0.9985748 0.0505022
vn 0.0302293 -0.9985771 0.0439305
vn 0.0375809 -0.9971964 0.0647063
vn 0.0419345 -0.9950408 0.0901955
vn 0.0434897 -0.9937505 0.1028042
vn 0.0426531 -0.9933370 0.1070632
vn 0.0407956 -0.9934605 0.1066391
vn 0.0384152 -0.9941959 0.1004933
vn 0.0368380 -0.9935588 0.1071623
vn 0.0353477 -0.9558031 0.2918746
vn 0.0224641 -0.7171718 0.6965342
vn -0.0849661 -0.8854060 -0.4569869
vn -0.0831008 -0.9964737 -0.0115890
vn -0.0725158 -0.9860806 0.1496207
vn -0.0529293 -0.9869658 0.1519767
vn -0.0251287 -0.9937400 0.1088544
vn 0.0010194 -0.9976674 0.0682558
vn 0.0184730 -0.9982990 0.0552971
vn 0.0275396 -0.9970855 0.0711496
vn 0.0307803 -0.9951453 0.0934783
vn 0.0323124 -0.9940541 0.1039829
vn 0.0336459 -0.9936982 0.1069198
vn 0.0338150 -0.9938737 0.1052215
vn 0.0320532 -0.9947250 0.0974405
vn 0.0293320 -0.9939531 0.1058157
vn 0.0176294 -0.9571283 0.2891272
vn -0.0151111 -0.7242434 0.6893787
vn -0.0481948 -0.8951147 -0.4432232
vn -0.0658196 -0.9977862 -0.0095163
vn -0.0721543 -0.9851747 0.1556428
vn -0.0636014 -0.9833061 0.1704817
vn -0.0410182 -0.9902218 0.1333357
vn -0.0142173 -0.9958336 0.0900746
vn 0.0073529 -0.9975275 0.0698910
vn 0.0185254 -0.9967931 0.0778481
vn 0.0217467 -0.9951781 0.0956429
vn 0.0234582 -0.9940134 0.1067098
vn 0.0263837 -0.9936838 0.1090705
vn 0.0270905 -0.9942670 0.1034364
vn 0.0235758 -0.9954188 0.0926584
vn 0.0181494 -0.9943668 0.1044295
vn 0.0051416 -0.9580741 0.2864745
vn -0.0270486 -0.7324705 0.6802613
vn 0.0142990 -0.9022436 -0.4309899
vn -0.0100266 -0.9998876 -0.0111439
vn -0.0271904 -0.9882886 0.1501540
vn -0.0368214 -0.9837797 0.1755611
vn -0.0307404 -0.9880736 0.1508825
vn -0.0120952 -0.9937665 0.1108237
vn 0.0075687 -0.9963121 0.0854682
vn 0.0192947 -0.9961764 0.0852077
vn 0.0237866 -0.9948931 0.0980909
vn 0.0258299 -0.9936172 0.1098070
vn 0.0280132 -0.9933637 0.1115511
vn 0.0284490 -0.9944575 0.1012183
vn 0.0280720 -0.9956669 0.0886534
vn 0.0325141 -0.9935118 0.1089824
vn 0.0239129 -0.9581093 0.2854027
vn -0.0182510 -0.7433120 0.6686959
vn 0.1467894 -0.9017345 -0.4066054
vn 0.1668074 -0.9859354 0.0103170
vn 0.1872903 -0.9723138 0.1397426
vn 0.1855112 -0.9693591 0.1610229
vn 0.1821531 -0.9723299 0.1462699
vn 0.1857735 -0.9758449 0.1149567
vn 0.1901717 -0.9777738 0.0882784
vn 0.1905620 -0.9780966 0.0837445
vn 0.1910957 -0.9767786 0.0968810
vn 0.1968087 -0.9739799 0.1123801
vn 0.2067711 -0.9717383 0.1138878
vn 0.2133454 -0.9721913 0.0965815
vn 0.2134663 -0.9732985 0.0843917
vn 0.2096391 -0.9715015 0.1106173
vn 0.1649398 -0.9549166 0.2468382
vn 0.0535557 -0.7768246 0.6274356
vn 0.4915027 -0.8182219 -0.2982248
vn 0.5844142 -0.8105510 0.0382993
vn 0.6078224 -0.7862694 0.1110508
vn 0.6180704 -0.7778741 0.1135831
vn 0.6245788 -0.7742159 0.1024252
vn 0.6295918 -0.7726777 0.0811377
vn 0.6309661 -0.7737136 0.0569997
vn 0.6296937 -0.7749596 0.0540692
vn 0.6311448 -0.7722927 0.0722513
vn 0.6362677 -0.7659900 0.0917767
vn 0.6412345 -0.7616327 0.0934556
vn 0.6433438 -0.7619376 0.0745648
vn 0.6400898 -0.7659767 0.0597074
vn 0.6282789 -0.7740082 0.0785935
vn 0.5828581 -0.8012270 0.1353206
vn 0.4064706 -0.7933659 0.4531581
vn 0.5209719 0.6159995 -0.5908747
vn 0.5209719 0.6159995 -0.5908747
vn 0.5209719 0.6159995 -0.5908747
vn -0.0221675 0.5907459 -0.8065531
vn -0.0221675 0.5907459 -0.8065531
vn -0.0337242 0.5086926 -0.8602874
vn -0.0337242 0.5086926 -0.8602874
vn -0.0368515 0.4900422 -0.8709192
vn -0.0368515 0.4900422 -0.8709192
vn -0.0084254 0.4298318 -0.9028696
vn -0.0084254 0.4298318 -0.9028696
vn 0.0709582 0.4164552 -0.9063829
vn 0.0709582 0.4164552 -0.9063829
vn 0.1280556 0.4392531 -0.8891898
vn 0.1280556 0.4392531 -0.8891898
vn 0.2577177 0.5362986 -0.8037197
vn 0.2577177 0.5362986 -0.8037197
vn -0.3736572 -0.6406295 -0.6708010
vn -0.3736572 -0.6406295 -0.6708010
vn 0.0604662 -0.7282467 -0.6826423
vn 0.0604662 -0.7282467 -0.6826423
vn -0.0012717 -0.6930357 -0.7209021
vn -0.0012717 -0.6930357 -0.7209021
vn -0.0622135 -0.6521222 -0.7555569
vn -0.0622135 -0.6521222 -0.7555569
vn -0.0307332 -0.6717449 -0.7401447
vn -0.0307332 -0.6717449 -0.7401447
vn 0.7180392 0.1504824 -0.6795401
vn 0.7180392 0.1504824 -0.6795401
vn 0.7445070 0.0337864 -0.6667591
vn 0.7445070 0.0337864 -0.6667591
vn -0.7371934 0.3109930 -0.5998576
vn -0.7371934 0.3109930 -0.5998576
vn -0.7872283 0.1557906 -0.5966582
vn -0.7872283 0.1557906 -0.5966582
vn -0.0972017 0.2754247 -0.9563959
vn -0.1499904 0.0673543 -0.9863905
vn -0.1639471 -0.1448312 -0.9757792
vn -0.0315400 0.2851572 -0.9579617
vn -0.0602407 0.0257416 -0.9978520
vn -0.0778692 -0.2654763 -0.9609675
vn 0.0192887 0.2534288 -0.9671618
vn 0.0354579 -0.0177698 -0.9992132
vn 0.0518747 -0.3301570 -0.9424996
vn 0.0645634 0.2156743 -0.9743286
vn 0.0908312 -0.0534942 -0.9944285
vn 0.1050248 -0.3464089 -0.9321860
vn 0.0101592 0.1848985 -0.9827051
vn 0.0166757 -0.0732100 -0.9971772
vn 0.0170367 -0.3338726 -0.9424643
vn -0.0544420 0.1891884 -0.9804304
vn -0.0535480 -0.0933116 -0.9941960
vn -0.0345142 -0.3536120 -0.9347551
vn -0.0422016 0.2119843 -0.9763615
vn -0.0397700 -0.1107850 -0.9930484
vn -0.0243631 -0.4001038 -0.9161459
vn -0.0218567 0.1970368 -0.9801524
vn -0.0186354 -0.1183979 -0.9927914
vn -0.0200378 -0.4074227 -0.9130198
vn -0.0219732 0.1598233 -0.9869010
vn -0.0338928 -0.1189978 -0.9923159
vn -0.0479614 -0.3840790 -0.9220538
vn -0.0531998 0.1443068 -0.9881019
vn -0.0765862 -0.1247745 -0.9892249
vn -0.0885415 -0.3800754 -0.9207079
vn -0.0373886 0.1417738 -0.9891928
vn -0.0637920 -0.1440517 -0.9875119
vn -0.0811494 -0.3936819 -0.9156578
vn 0.0055081 0.1162800 -0.9932012
vn -0.0161772 -0.1623794 -0.9865957
vn -0.0432468 -0.3850832 -0.9218680
vn 0.0238029 0.0617815 -0.9978058
vn 0.0132127 -0.1735824 -0.9847308
vn -0.0055561 -0.3635249 -0.9315678
vn 0.0532670 0.0334787 -0.9980189
vn 0.0465112 -0.1755713 -0.9833674
vn 0.0402184 -0.3648522 -0.9301963
vn 0.1518775 0.0545413 -0.9868933
vn 0.1464458 -0.1257093 -0.9811987
vn 0.1367284 -0.3391154 -0.9307557
vn 0.1676104 0.0649882 -0.9837089
vn 0.1722437 -0.0439841 -0.9840720
vn 0.1752745 -0.2482156 -0.9527160
vn 0.7679324 -0.4060265 -0.4954014
vn 0.7679324 -0.4060265 -0.4954014
vn 0.8994485 -0.0888857 -0.4278921
vn 0.8994485 -0.0888857 -0.4278921
vn 0.9195799 -0.0821966 -0.3842090
vn 0.9195799 -0.0821966 -0.3842090
vn 0.9238690 -0.1126346 -0.3657589
vn 0.9238690 -0.1126346 -0.3657589
vn 0.9119763 -0.1342789 -0.3876446
vn 0.9119763 -0.1342789 -0.3876446
vn 0.8893197 -0.1175639 -0.4419154
vn 0.8893197 -0.1175639 -0.4419154
vn 0.8306360 -0.1332996 -0.5406249
vn 0.8306360 -0.1332996 -0.5406249
vn 0.8426261 0.3381859 0.4190601
vn 0.8426261 0.3381859 0.4190601
vn 0.9007538 0.2996528 0.3144053
vn 0.9007538 0.2996528 0.3144053
vn 0.9457492 0.1846099 0.2673530
vn 0.9457492 0.1846099 0.2673530
vn 0.9398728 0.1796092 0.2904819
vn 0.9398728 0.1796092 0.2904819
vn 0.9353439 0.1557725 0.3175948
vn 0.9353439 0.1557725 0.3175948
vn 0.9291247 0.1661390 0.3303410
vn 0.9291247 0.1661390 0.3303410
vn 0.9184229 0.1937829 0.3448878
vn 0.9184229 0.1937829 0.3448878
vn 0.8656721 0.3259459 0.3799621
vn 0.8656721 0.3259459 0.3799621
vn 0.6723393 -0.6339622 0.3821675
vn 0.6723393 -0.6339622 0.3821675
vn 0.6597337 -0.7090890 0.2488862
vn 0.6597337 -0.7090890 0.2488862
vn 0.9736114 0.2118131 0.0849483
vn 0.9843224 0.1439404 -0.1019333
vn 0.9633042 0.0496107 -0.2637872
vn 0.9781738 0.1351617 0.1578206
vn 0.9965097 0.0411219 -0.0726442
vn 0.9587856 -0.0461228 -0.2803619
vn 0.9854680 0.1172794 0.1228751
vn 0.9972212 0.0224426 -0.0710360
vn 0.9624557 -0.0487026 -0.2670335
vn 0.9950619 0.0855035 0.0504068
vn 0.9981703 0.0092296 -0.0597572
vn 0.9765297 -0.0491097 -0.2097094
vn 0.9983501 0.0573851 -0.0020157
vn 0.9976402 0.0130787 -0.0674016
vn 0.9868314 -0.0269611 -0.1594895
vn 0.9985606 0.0535551 -0.0029367
vn 0.9968543 0.0133663 -0.0781208
vn 0.9904400 -0.0233557 -0.1359522
vn 0.9978486 0.0639040 0.0146402
vn 0.9956178 0.0074141 -0.0932212
vn 0.9878056 -0.0382871 -0.1509118
vn 0.9977273 0.0494860 0.0457299
vn 0.9967831 0.0080940 -0.0797369
vn 0.9845961 -0.0222452 -0.1734236
vn 0.9960183 0.0609566 0.0650521
vn 0.9983129 0.0326797 -0.0479940
vn 0.9866912 0.0043374 -0.1625467
vn 0.9931713 0.0988268 0.0619999
vn 0.9968916 0.0696297 -0.0368640
vn 0.9874323 0.0332561 -0.1545035
vn 0.9898086 0.1244501 0.0692196
vn 0.9952781 0.0890399 -0.0386462
vn 0.9852052 0.0356203 -0.1676361
vn 0.9824080 0.1602118 0.0959512
vn 0.9946333 0.0825596 -0.0623576
vn 0.9777842 -0.0210080 -0.2085587
vn 0.9662253 0.2502337 0.0615783
vn 0.9832505 0.1203149 -0.1369040
vn 0.9541517 0.0013987 -0.2993201
vn 0.9752709 0.2209808 0.0037543
vn 0.9850205 0.1025747 -0.1386113
vn 0.9582935 0.0428146 -0.2825609
vn -0.7040355 -0.7016037 -0.1099393
vn -0.7040355 -0.7016037 -0.1099393
vn -0.7040355 -0.7016037 -0.1099393
vn -0.6388439 -0.2122726 0.7394720
vn -0.6388439 -0.2122726 0.7394720
vn -0.6388439 -0.2122726 0.7394720
vn 0.4919556 -0.1733336 0.8531910
vn 0.4919556 -0.1733336 0.8531910
vn 0.4919556 -0.1733336 0.8531910
vn -0.3353257 -0.9402027 -0.0597972
vn -0.3353257 -0.9402027 -0.0597972
vn -0.0836644 -0.9961540 0.0260299
vn -0.0836644 -0.9961540 0.0260299
vn 0.0049657 -0.9983730 0.0568052
vn 0.0049657 -0.9983730 0.0568052
vn 0.0434716 -0.9977310 0.0514128
vn 0.0434716 -0.9977310 0.0514128
vn 0.0164000 -0.9990396 0.0406294
vn 0.0164000 -0.9990396 0.0406294
vn -0.0682013 -0.9976568 0.0054368
vn -0.0682013 -0.9976568 0.0054368
vn -0.0908544 -0.9951699 -0.0371769
vn -0.0908544 -0.9951699 -0.0371769
vn -0.0389346 -0.9960045 -0.0803689
vn -0.0389346 -0.9960045 -0.0803689
vn 0.1275473 -0.9781824 -0.1639834
vn 0.1275473 -0.9781824 -0.1639834
vn -0.0251109 -0.6382484 0.7694207
vn -0.0251109 -0.6382484 0.7694207
vn -0.0081324 -0.6443733 0.7646677
vn -0.0081324 -0.6443733 0.7646677
vn 0.0804252 -0.6924902 0.7169303
vn 0.0804252 -0.6924902 0.7169303
vn 0.0399088 -0.7083090 0.7047735
vn 0.0399088 -0.7083090 0.7047735
vn -0.0630864 -0.6787081 0.7316935
vn -0.0630864 -0.6787081 0.7316935
vn -0.0476373 -0.6312124 0.7741458
vn -0.0476373 -0.6312124 0.7741458
vn -0.2945638 -0.4691606 0.8325385
vn -0.2945638 -0.4691606 0.8325385
vn -0.7758077 -0.5576721 0.2951683
vn -0.7758077 -0.5576721 0.2951683
vn -0.7754790 -0.5029307 0.3816975
vn -0.7754790 -0.5029307 0.3816975
vn -0.7754790 -0.5029307 0.3816975
vn 0.6653946 -0.5499557 0.5047760
vn 0.6653946 -0.5499557 0.5047760
vn 0.0351240 -0.7823353 0.6218663
vn 0.0254674 -0.8586950 0.5118536
vn -0.0072136 -0.9226905 0.3854739
vn -0.0686388 -0.8157248 0.5743535
vn -0.0869520 -0.8979375 0.4314484
vn -0.0995904 -0.9523613 0.2882530
vn -0.1079043 -0.8559409 0.5056894
vn -0.1155519 -0.9227521 0.3676634
vn -0.1150060 -0.9629221 0.2440384
vn -0.0866521 -0.8749097 0.4764709
vn -0.0968120 -0.9335967 0.3449995
vn -0.0999219 -0.9665220 0.2363278
vn -0.0729426 -0.8798114 0.4696928
vn -0.0858367 -0.9357498 0.3420590
vn -0.0915089 -0.9659457 0.2420229
vn -0.0622190 -0.8832195 0.4648140
vn -0.0739228 -0.9355322 0.3454200
vn -0.0767843 -0.9644874 0.2527219
vn -0.0388606 -0.8878769 0.4584370
vn -0.0438190 -0.9359531 0.3493873
vn -0.0428928 -0.9635876 0.2639298
vn -0.0030280 -0.8870150 0.4617307
vn 0.0003907 -0.9359930 0.3520183
vn 0.0042171 -0.9620525 0.2728321
vn 0.0465406 -0.8890354 0.4554669
vn 0.0444203 -0.9348747 0.3521876
vn 0.0479201 -0.9592810 0.2783590
vn 0.0668578 -0.8980626 0.4347570
vn 0.0660326 -0.9326571 0.3546697
vn 0.0702278 -0.9567751 0.2822223
vn 0.0517429 -0.8995316 0.4337808
vn 0.0611634 -0.9301649 0.3620115
vn 0.0676780 -0.9551459 0.2882984
vn 0.0252814 -0.8926333 0.4500740
vn 0.0363633 -0.9267293 0.3739659
vn 0.0446999 -0.9537598 0.2972274
vn 0.0044712 -0.8845247 0.4664721
vn 0.0170282 -0.9211462 0.3888440
vn 0.0282249 -0.9500085 0.3109455
vn 0.0107885 -0.8742056 0.4854362
vn 0.0247314 -0.9156477 0.4012203
vn 0.0332678 -0.9454491 0.3240667
vn -0.0116005 -0.8582615 0.5130814
vn 0.0039872 -0.9130018 0.4079360
vn 0.0067522 -0.9446245 0.3280837
vn -0.0411210 -0.8422301 0.5375476
vn -0.0329141 -0.9107114 0.4117297
vn -0.0305422 -0.9449688 0.3257314
vn -0.1261267 -0.8433439 0.5223632
vn -0.1483728 -0.8981397 0.4139210
vn -0.1428745 -0.9287465 0.3420772
vn 0.5458906 0.7768791 0.3137875
vn 0.5458906 0.7768791 0.3137875
vn 0.5458906 0.7768791 0.3137875
vn -0.0313316 0.9982103 0.0509364
vn -0.0313316 0.9982103 0.0509364
vn 0.0143149 0.9998463 0.0101134
vn 0.0143149 0.9998463 0.0101134
vn 0.0438718 0.9987481 -0.0240269
vn 0.0438718 0.9987481 -0.0240269
vn 0.0427700 0.9983597 -0.0380587
vn 0.0427700 0.9983597 -0.0380587
vn 0.0713339 0.9967721 -0.0368364
vn 0.0713339 0.9967721 -0.0368364
vn 0.0699549 0.9962338 -0.0512310
vn 0.0699549 0.9962338 -0.0512310
vn 0.0900689 0.9940884 -0.0606288
vn 0.0900689 0.9940884 -0.0606288
vn 0.1021444 0.9920585 -0.0733936
vn 0.1021444 0.9920585 -0.0733936
vn 0.2040438 0.9506106 0.2338920
vn 0.2040438 0.9506106 0.2338920
vn 0.1616322 -0.4015434 0.9014642
vn 0.1616322 -0.4015434 0.9014642
vn -0.0154876 -0.5502722 0.8348418
vn -0.0154876 -0.5502722 0.8348418
vn -0.0722466 -0.6078751 0.7907391
vn -0.0722466 -0.6078751 0.7907391
vn -0.0463353 -0.6320224 0.7735637
vn -0.0463353 -0.6320224 0.7735637
vn -0.0169029 -0.6405721 0.7677120
vn -0.0169029 -0.6405721 0.7677120
vn 0.0089750 -0.6525888 0.7576591
vn 0.0089750 -0.6525888 0.7576591
vn 0.0644982 -0.6709684 0.7386753
vn 0.0644982 -0.6709684 0.7386753
vn -0.0138312 -0.7063299 0.7077478
vn -0.0138312 -0.7063299 0.7077478
vn -0.0513720 -0.6464415 0.7612322
vn -0.0513720 -0.6464415 0.7612322
vn -0.1043697 -0.6086370 0.7865546
vn -0.1043697 -0.6086370 0.7865546
vn -0.8991594 0.2701471 0.3442859
vn -0.8991594 0.2701471 0.3442859
vn -0.8972734 0.2479102 0.3652956
vn -0.8972734 0.2479102 0.3652956
vn -0.8905743 0.2192905 0.3984836
vn -0.8905743 0.2192905 0.3984836
vn -0.8740447 0.2099268 0.4381512
vn -0.8740447 0.2099268 0.4381512
vn -0.8810618 0.1905231 0.4329330
vn -0.8810618 0.1905231 0.4329330
vn -0.8456642 0.3284347 0.4206932
vn -0.8456642 0.3284347 0.4206932
vn 0.7243239 0.5070997 0.4671240
vn 0.7243239 0.5070997 0.4671240
vn 0.9319426 0.2576314 0.2551645
vn 0.9319426 0.2576314 0.2551645
vn 0.9452712 0.2096211 0.2500426
vn 0.9452712 0.2096211 0.2500426
vn 0.9335629 0.1432103 0.3285588
vn 0.9335629 0.1432103 0.3285588
vn 0.9023633 0.2370733 0.3599121
vn 0.9023633 0.2370733 0.3599121
vn 0.7512694 0.2527585 0.6096781
vn 0.7512694 0.2527585 0.6096781
vn 0.4270295 0.7369574 0.5239652
vn 0.6327366 0.5224636 0.5715559
vn 0.7189261 0.4652444 0.5164232
vn 0.7572085 0.4143517 0.5049235
vn 0.7735639 0.3636258 0.5190137
vn 0.7792456 0.3252651 0.5357040
vn 0.7780456 0.2958629 0.5541752
vn 0.7772610 0.2539085 0.5756699
vn 0.7796055 0.2210840 0.5859498
vn 0.7753242 0.2215652 0.5914232
vn 0.7519174 0.2420994 0.6131951
vn 0.7062936 0.2916408 0.6450543
vn 0.6150337 0.3354242 0.7135994
vn 0.3837013 0.0173483 0.9232943
vn 0.1233254 0.9017227 0.4143514
vn 0.2885861 0.6919330 0.6617755
vn 0.3502014 0.6025357 0.7171540
vn 0.3705608 0.5440205 0.7528123
vn 0.3783028 0.4981122 0.7802379
vn 0.3774427 0.4539267 0.8071479
vn 0.3728060 0.4053491 0.8346903
vn 0.3724017 0.3476244 0.8605082
vn 0.3769596 0.2947714 0.8780724
vn 0.3791160 0.2703964 0.8849616
vn 0.3565598 0.2611607 0.8970286
vn 0.2932946 0.2786053 0.9145256
vn 0.1948835 0.2417025 0.9505790
vn 0.0601147 -0.2132633 0.9751436
vn 0.0874460 0.9461277 0.3117622
vn 0.1583419 0.7336750 0.6607943
vn 0.1610558 0.6136029 0.7730152
vn 0.1465356 0.5573297 0.8172582
vn 0.1308252 0.5091016 0.8507057
vn 0.1100983 0.4577750 0.8822248
vn 0.0896541 0.4056030 0.9096419
vn 0.0782517 0.3512415 0.9330091
vn 0.0792707 0.3004817 0.9504877
vn 0.0911086 0.2807625 0.9554432
vn 0.1223688 0.2688942 0.9553648
vn 0.1582932 0.2561697 0.9535829
vn 0.1245100 0.1596938 0.9792831
vn -0.0040329 -0.2993605 0.9541317
vn 0.0956370 0.9579926 0.2703770
vn 0.0902843 0.7334344 0.6737380
vn 0.0694519 0.5948244 0.8008498
vn 0.0501766 0.5425514 0.8385227
vn 0.0360038 0.4923273 0.8696652
vn 0.0233891 0.4349219 0.9001644
vn 0.0107383 0.3829070 0.9237245
vn 0.0036061 0.3399735 0.9404280
vn 0.0124276 0.3057649 0.9520259
vn 0.0408300 0.3013761 0.9526308
vn 0.0951298 0.3165395 0.9437972
vn 0.1349675 0.2780676 0.9510323
vn 0.1036185 0.1099444 0.9885219
vn 0.0089845 -0.3387056 0.9408495
vn 0.0826732 0.9599624 0.2676517
vn 0.0424340 0.7222964 0.6902807
vn 0.0135417 0.5779467 0.8159621
vn 0.0012506 0.5319645 0.8467657
vn -0.0034405 0.4833275 0.8754328
vn -0.0082870 0.4229935 0.9060949
vn -0.0128127 0.3714136 0.9283791
vn -0.0101996 0.3412195 0.9399283
vn 0.0139990 0.3300021 0.9438764
vn 0.0578632 0.3388394 0.9390631
vn 0.0964006 0.3571241 0.9290690
vn 0.1003518 0.2878070 0.9524162
vn 0.0761685 0.0948511 0.9925733
vn 0.0202962 -0.3431904 0.9390466
vn 0.0580515 0.9595825 0.2753755
vn 0.0013110 0.7130620 0.7010998
vn -0.0216765 0.5695278 0.8216861
vn -0.0241365 0.5306857 0.8472250
vn -0.0222051 0.4835472 0.8750367
vn -0.0186847 0.4234208 0.9057405
vn -0.0088806 0.3759567 0.9265947
vn 0.0086655 0.3574054 0.9339091
vn 0.0356654 0.3618811 0.9315417
vn 0.0597187 0.3687951 0.9275904
vn 0.0687773 0.3700468 0.9264638
vn 0.0659010 0.2904995 0.9546031
vn 0.0613863 0.1026289 0.9928238
vn 0.0229356 -0.3382097 0.9407913
vn 0.0284096 0.9579434 0.2855470
vn -0.0271035 0.7118323 0.7018265
vn -0.0380390 0.5698220 0.8208874
vn -0.0361727 0.5340496 0.8446790
vn -0.0310012 0.4896248 0.8713819
vn -0.0177115 0.4366107 0.8994761
vn 0.0041570 0.3954703 0.9184694
vn 0.0297262 0.3814140 0.9239263
vn 0.0485947 0.3825999 0.9226353
vn 0.0569709 0.3794487 0.9234571
vn 0.0603900 0.3720134 0.9262608
vn 0.0631186 0.2948276 0.9534635
vn 0.0590110 0.1080396 0.9923936
vn 0.0238736 -0.3413188 0.9396445
vn 0.0246676 0.9548224 0.2961519
vn -0.0355298 0.7137767 0.6994715
vn -0.0486029 0.5734640 0.8177878
vn -0.0444755 0.5387112 0.8413157
vn -0.0333401 0.5016701 0.8644163
vn -0.0137940 0.4570099 0.8893546
vn 0.0074572 0.4175512 0.9086229
vn 0.0231742 0.3997626 0.9163257
vn 0.0320953 0.3928334 0.9190493
vn 0.0385701 0.3855230 0.9218917
vn 0.0445219 0.3772276 0.9250497
vn 0.0582145 0.3050708 0.9505487
vn 0.0655651 0.1021899 0.9926018
vn 0.0355405 -0.3616392 0.9316403
vn 0.0241126 0.9531257 0.3016128
vn -0.0305130 0.7099598 0.7035809
vn -0.0504387 0.5768017 0.8153256
vn -0.0430862 0.5474490 0.8357291
vn -0.0277503 0.5166937 0.8557203
vn -0.0119246 0.4744164 0.8802198
vn -0.0016359 0.4300162 0.9028196
vn 0.0012124 0.4048691 0.9143738
vn 0.0011711 0.3973515 0.9176657
vn 0.0011160 0.3909034 0.9204311
vn 0.0008746 0.3820904 0.9241245
vn 0.0193351 0.3282128 0.9444059
vn 0.0574885 0.1048833 0.9928215
vn 0.0737171 -0.3885942 0.9184555
vn 0.0198167 0.9541792 0.2985793
vn -0.0220219 0.7054324 0.7084351
vn -0.0337273 0.5801680 0.8137982
vn -0.0255410 0.5578343 0.8295594
vn -0.0162123 0.5265726 0.8499755
vn -0.0137085 0.4800832 0.8771159
vn -0.0169761 0.4296322 0.9028444
vn -0.0231993 0.4020423 0.9153273
vn -0.0308377 0.3951972 0.9180784
vn -0.0401771 0.3882729 0.9206681
vn -0.0482783 0.3817862 0.9229889
vn -0.0407605 0.3505532 0.9356554
vn 0.0061600 0.1317138 0.9912687
vn 0.0668789 -0.3978099 0.9150270
vn 0.0149817 0.9542181 0.2987362
vn -0.0188945 0.7072532 0.7067077
vn -0.0177297 0.5844690 0.8112223
vn -0.0126420 0.5629226 0.8264130
vn -0.0138054 0.5258623 0.8504577
vn -0.0213083 0.4731409 0.8807291
vn -0.0329819 0.4191197 0.9073317
vn -0.0482534 0.3928071 0.9183540
vn -0.0636106 0.3867147 0.9200030
vn -0.0779957 0.3800744 0.9216617
vn -0.0868868 0.3789967 0.9213099
vn -0.0827087 0.3629195 0.9281424
vn -0.0467224 0.1655765 0.9850895
vn 0.0142037 -0.3935840 0.9191789
vn 0.0078611 0.9502395 0.3114209
vn -0.0222355 0.7126877 0.7011289
vn -0.0170530 0.5877637 0.8088529
vn -0.0208447 0.5596280 0.8284818
vn -0.0323947 0.5171798 0.8552634
vn -0.0428250 0.4608087 0.8864655
vn -0.0531188 0.4053865 0.9126008
vn -0.0703474 0.3780169 0.9231222
vn -0.0913970 0.3751713 0.9224386
vn -0.1037728 0.3732081 0.9219258
vn -0.1071594 0.3786459 0.9193171
vn -0.1002370 0.3734984 0.9221992
vn -0.0874669 0.1815125 0.9794911
vn -0.0508028 -0.3848998 0.9215592
vn -0.0205840 0.9437887 0.3299075
vn -0.0425384 0.7184867 0.6942386
vn -0.0357499 0.5873179 0.8085664
vn -0.0458408 0.5465315 0.8361831
vn -0.0653897 0.5028399 0.8619026
vn -0.0773267 0.4488026 0.8902791
vn -0.0840009 0.3940217 0.9152545
vn -0.0954673 0.3638110 0.9265676
vn -0.1092045 0.3657490 0.9242846
vn -0.1129849 0.3724072 0.9211662
vn -0.1133768 0.3780749 0.9188063
vn -0.1258574 0.3711230 0.9200150
vn -0.1494121 0.1720027 0.9736996
vn -0.1194947 -0.3646464 0.9234470
vn -0.0651509 0.9354233 0.3474748
vn -0.0855788 0.7226392 0.6859074
vn -0.0781254 0.5860527 0.8064979
vn -0.0850071 0.5298610 0.8438135
vn -0.1030521 0.4869404 0.8673347
vn -0.1126837 0.4407045 0.8905515
vn -0.1135546 0.3890816 0.9141778
vn -0.1172029 0.3559012 0.9271450
vn -0.1238177 0.3617893 0.9240009
vn -0.1228641 0.3780077 0.9176135
vn -0.1323584 0.3683805 0.9202049
vn -0.1722574 0.3396471 0.9246444
vn -0.1883603 0.1709900 0.9671002
vn -0.1204892 -0.3264767 0.9374941
vn -0.0894552 0.9214107 0.3781534
vn -0.1462565 0.7155319 0.6830981
vn -0.1512164 0.5870469 0.7953046
vn -0.1418640 0.5191223 0.8428444
vn -0.1460792 0.4734061 0.8686469
vn -0.1553256 0.4343643 0.8872439
vn -0.1669438 0.3851973 0.9076082
vn -0.1846626 0.3517438 0.9177014
vn -0.2017028 0.3647094 0.9090121
vn -0.2086529 0.3931633 0.8954812
vn -0.2045317 0.3747393 0.9042882
vn -0.1983596 0.3197770 0.9264967
vn -0.1751559 0.1970908 0.9646116
vn -0.1052593 -0.2843720 0.9529182
vn -0.1187077 0.8895896 0.4410657
vn -0.2409989 0.6723400 0.6999133
vn -0.2987658 0.5585167 0.7738204
vn -0.3196574 0.4883407 0.8119992
vn -0.3309530 0.4373111 0.8361991
vn -0.3473524 0.4000625 0.8481133
vn -0.3688218 0.3655688 0.8545936
vn -0.3840559 0.3503790 0.8542456
vn -0.3908985 0.3695959 0.8429693
vn -0.3954839 0.4020407 0.8258061
vn -0.3926913 0.4031287 0.8266081
vn -0.3729659 0.3469750 0.8605260
vn -0.3318027 0.2313239 0.9145471
vn -0.2208682 -0.2413568 0.9449677
vn -0.4035616 0.7428824 0.5341010
vn -0.6035128 0.5164340 0.6075098
vn -0.6511476 0.4363376 0.6209801
vn -0.6693411 0.3648672 0.6471895
vn -0.6824402 0.3173102 0.6584753
vn -0.6915082 0.2899950 0.6616037
vn -0.6976003 0.2940074 0.6533861
vn -0.7028081 0.2999529 0.6450496
vn -0.7133715 0.3135805 0.6267124
vn -0.7229470 0.3425957 0.5999799
vn -0.7350748 0.3555503 0.5772773
vn -0.7553455 0.3052577 0.5798886
vn -0.7390712 0.2382043 0.6301052
vn -0.5788079 -0.0430481 0.8143269
vn -0.5462323 0.1330288 -0.8270028
vn -0.5462323 0.1330288 -0.8270028
vn -0.5462323 0.1330288 -0.8270028
vn -0.5077341 0.7792496 0.3673911
vn -0.5077341 0.7792496 0.3673911
vn -0.5077341 0.7792496 0.3673911
vn 0.5218542 0.2224931 -0.8235077
vn 0.5218542 0.2224931 -0.8235077
vn 0.5218542 0.2224931 -0.8235077
vn 0.0754090 0.5673435 -0.8200213
vn 0.0754090 0.5673435 -0.8200213
vn 0.0643688 0.5569443 -0.8280518
vn 0.0643688 0.5569443 -0.8280518
vn 0.0981444 0.5494333 -0.8297535
vn 0.0981444 0.5494333 -0.8297535
vn 0.1644478 0.5660849 -0.8077778
vn 0.1644478 0.5660849 -0.8077778
vn 0.1585395 0.5809258 -0.7983674
vn 0.1585395 0.5809258 -0.7983674
vn 0.0766962 0.6230921 -0.7783790
vn 0.0766962 0.6230921 -0.7783790
vn 0.0058651 0.6118527 -0.7909501
vn 0.0058651 0.6118527 -0.7909501
vn -0.1234152 0.5249720 -0.8421242
vn -0.1234152 0.5249720 -0.8421242
vn -0.2628884 0.3217163 -0.9096088
vn -0.2628884 0.3217163 -0.9096088
vn -0.1821278 0.9377741 0.2956507
vn -0.1821278 0.9377741 0.2956507
vn -0.0322362 0.9847243 0.1711103
vn -0.0322362 0.9847243 0.1711103
vn -0.0372012 0.9941257 0.1016373
vn -0.0372012 0.9941257 0.1016373
vn 0.0446014 0.9981117 -0.0422315
vn 0.0446014 0.9981117 -0.0422315
vn 0.0569576 0.9979613 -0.0287952
vn 0.0569576 0.9979613 -0.0287952
vn 0.0845467 0.9940229 -0.0690696
vn 0.0845467 0.9940229 -0.0690696
vn 0.0193061 0.9997489 -0.0113729
vn 0.0193061 0.9997489 -0.0113729
vn -0.0027968 0.9966667 0.0815327
vn -0.0027968 0.9966667 0.0815327
vn -0.7061085 0.6080256 -0.3629268
vn -0.7061085 0.6080256 -0.3629268
vn 0.6642287 0.6911647 -0.2847657
vn 0.6642287 0.6911647 -0.2847657
vn 0.6635658 0.6262073 -0.4093224
vn 0.6635658 0.6262073 -0.4093224
vn 0.6466623 0.5435906 -0.5351046
vn 0.6466623 0.5435906 -0.5351046
vn -0.0559461 0.9587027 -0.2788534
vn -0.0908035 0.8741725 -0.4770505
vn -0.0818404 0.7641754 -0.6397954
vn 0.0099790 0.9802417 -0.1975520
vn -0.0358633 0.9050373 -0.4238176
vn -0.0755686 0.7268584 -0.6826171
vn 0.0085049 0.9857940 -0.1677429
vn -0.0064662 0.9331661 -0.3593872
vn -0.0421641 0.7571694 -0.6518563
vn 0.0212275 0.9793850 -0.2008843
vn 0.0380911 0.9347513 -0.3532551
vn 0.0211075 0.7985408 -0.6015705
vn 0.0552127 0.9697242 -0.2378793
vn 0.0547281 0.9308453 -0.3612922
vn 0.0443817 0.8229955 -0.5663115
vn 0.0737755 0.9684488 -0.2380419
vn 0.0728427 0.9320616 -0.3549018
vn 0.0777454 0.8218641 -0.5643536
vn 0.0754347 0.9625000 -0.2605822
vn 0.1028698 0.9221345 -0.3729421
vn 0.1183585 0.8111946 -0.5726731
vn 0.0583792 0.9494753 -0.3083643
vn 0.0959319 0.8950165 -0.4355946
vn 0.1317198 0.7967091 -0.5898342
vn 0.0912484 0.9339918 -0.3454461
vn 0.1181381 0.8616753 -0.4935171
vn 0.1375199 0.7754351 -0.6162700
vn 0.1195054 0.9203383 -0.3724190
vn 0.1399878 0.8395594 -0.5249221
vn 0.1554789 0.7584503 -0.6329134
vn 0.0993706 0.9202291 -0.3785551
vn 0.1108736 0.8255461 -0.5533360
vn 0.1309218 0.7374930 -0.6625433
vn 0.1105853 0.9234961 -0.3673226
vn 0.1086615 0.8225229 -0.5582551
vn 0.1022971 0.7278169 -0.6780987
vn 0.1403740 0.9143062 -0.3799203
vn 0.1394096 0.8394274 -0.5252873
vn 0.1041127 0.7614636 -0.6397920
vn 0.0690625 0.9177439 -0.3911221
vn 0.0616323 0.8675915 -0.4934433
vn 0.0605380 0.7984836 -0.5989650
vn -0.0268917 0.9263065 -0.3758098
vn -0.0029141 0.8599254 -0.5104113
vn 0.0412955 0.7786633 -0.6260816
vn -0.0432882 0.9121549 -0.4075533
vn -0.0105377 0.8360101 -0.5486130
vn 0.0109891 0.7446353 -0.6673813
vn -0.0037865 0.8858119 -0.4640290
vn 0.0127993 0.8277629 -0.5609322
vn 0.0125866 0.7482337 -0.6633158
vn 0.4978824 -0.8209140 -0.2796664
vn 0.4978824 -0.8209140 -0.2796664
vn 0.4978824 -0.8209140 -0.2796664
vn 0.2447391 0.3704265 -0.8960396
vn 0.2447391 0.3704265 -0.8960396
vn 0.1176452 0.5013801 -0.8571916
vn 0.1176452 0.5013801 -0.8571916
vn 0.1127393 0.5539392 -0.8248886
vn 0.1127393 0.5539392 -0.8248886
vn 0.1482970 0.5552642 -0.8183456
vn 0.1482970 0.5552642 -0.8183456
vn 0.1597138 0.5993771 -0.7843714
vn 0.1597138 0.5993771 -0.7843714
vn 0.1278433 0.6158312 -0.7774369
vn 0.1278433 0.6158312 -0.7774369
vn -0.0525637 0.5771432 -0.8149495
vn -0.0525637 0.5771432 -0.8149495
vn -0.1505961 0.4641850 -0.8728419
vn -0.1505961 0.4641850 -0.8728419
vn 0.0461461 -0.9973362 0.0564894
vn 0.0461461 -0.9973362 0.0564894
vn 0.0533399 -0.9973482 0.0495123
vn 0.0533399 -0.9973482 0.0495123
vn 0.0726477 -0.9960353 0.0513400
vn 0.0726477 -0.9960353 0.0513400
vn 0.0741097 -0.9958769 0.0523170
vn 0.0741097 -0.9958769 0.0523170
vn 0.0564396 -0.9972155 0.0487423
vn 0.0564396 -0.9972155 0.0487423
vn -0.0323051 -0.9991186 0.0268026
vn -0.0323051 -0.9991186 0.0268026
vn -0.0863439 -0.9960781 -0.0193141
vn -0.0863439 -0.9960781 -0.0193141
vn -0.0742046 -0.9958133 -0.0533833
vn -0.0742046 -0.9958133 -0.0533833
vn -0.7020046 -0.0856057 -0.7070088
vn -0.7020046 -0.0856057 -0.7070088
vn -0.7983006 -0.1440602 -0.5847759
vn -0.7983006 -0.1440602 -0.5847759
vn -0.8899803 -0.1118534 -0.4420677
vn -0.8899803 -0.1118534 -0.4420677
vn -0.9490618 -0.0989173 -0.2991607
vn -0.9490618 -0.0989173 -0.2991607
vn -0.9535803 0.0166653 -0.3006774
vn -0.9535803 0.0166653 -0.3006774
vn -0.9330263 -0.0239793 -0.3590085
vn -0.9330263 -0.0239793 -0.3590085
vn -0.8930144 -0.3128269 -0.3235191
vn -0.8930144 -0.3128269 -0.3235191
vn 0.8752081 -0.1825900 -0.4479640
vn 0.8752081 -0.1825900 -0.4479640
vn 0.8950869 -0.1469904 -0.4209670
vn 0.8950869 -0.1469904 -0.4209670
vn 0.9112755 -0.0741547 -0.4050657
vn 0.9112755 -0.0741547 -0.4050657
vn 0.9226452 -0.1458264 -0.3570164
vn 0.9226452 -0.1458264 -0.3570164
vn 0.8563696 -0.1229186 -0.5015197
vn 0.8563696 -0.1229186 -0.5015197
vn 0.8097216 -0.1296209 -0.5723192
vn 0.8097216 -0.1296209 -0.5723192
vn 0.7139168 -0.0161554 -0.7000442
vn 0.7139168 -0.0161554 -0.7000442
vn -0.4612703 0.0222842 -0.8869798
vn -0.6058601 -0.1953613 -0.7712115
vn -0.6397709 -0.2159824 -0.7375939
vn -0.6694362 -0.2297166 -0.7064598
vn -0.6877008 -0.2559154 -0.6793931
vn -0.6969683 -0.2602657 -0.6682043
vn -0.7182885 -0.2496311 -0.6494197
vn -0.7628604 -0.2238576 -0.6065736
vn -0.8128309 -0.2308399 -0.5348073
vn -0.8448788 -0.2275746 -0.4841380
vn -0.8517454 -0.1712185 -0.4951909
vn -0.8240688 -0.1439712 -0.5478895
vn -0.7609443 -0.2454776 -0.6005868
vn -0.6015912 -0.6745689 -0.4278374
vn -0.2341858 0.1761765 -0.9560956
vn -0.2894390 -0.2585126 -0.9216269
vn -0.2368041 -0.3606235 -0.9021500
vn -0.1829618 -0.3762590 -0.9082700
vn -0.1703133 -0.4089961 -0.8965019
vn -0.1615282 -0.4188643 -0.8935666
vn -0.1542122 -0.4008269 -0.9030817
vn -0.1660651 -0.3769883 -0.9112092
vn -0.2066750 -0.3800297 -0.9015891
vn -0.2686932 -0.3970727 -0.8775746
vn -0.3096651 -0.3902889 -0.8670537
vn -0.3010881 -0.4007995 -0.8652779
vn -0.2635279 -0.5070506 -0.8206417
vn -0.1777696 -0.8972003 -0.4042642
vn -0.1701101 0.2236544 -0.9597089
vn -0.1648917 -0.3063109 -0.9375417
vn -0.0792454 -0.4723698 -0.8778308
vn 0.0024952 -0.4395961 -0.8981920
vn 0.0331078 -0.4383307 -0.8982038
vn 0.0398778 -0.4522074 -0.8910210
vn 0.0452607 -0.4276942 -0.9027897
vn 0.0422790 -0.3934632 -0.9183677
vn 0.0254041 -0.3748729 -0.9267280
vn -0.0158923 -0.3862917 -0.9222397
vn -0.0762012 -0.4000705 -0.9133110
vn -0.1330817 -0.4227862 -0.8964044
vn -0.1344840 -0.5481341 -0.8255077
vn -0.0471500 -0.9312098 -0.3614212
vn -0.0960907 0.2410819 -0.9657360
vn -0.1064317 -0.3446375 -0.9326829
vn -0.0674862 -0.5307560 -0.8448336
vn -0.0366197 -0.4656404 -0.8842160
vn -0.0225755 -0.4399146 -0.8977557
vn -0.0099713 -0.4586160 -0.8885786
vn 0.0035596 -0.4283990 -0.9035826
vn 0.0089074 -0.3860157 -0.9224492
vn 0.0008257 -0.3545112 -0.9350514
vn -0.0272218 -0.3514431 -0.9358134
vn -0.0691124 -0.3650158 -0.9284325
vn -0.1084522 -0.3938524 -0.9127531
vn -0.0909405 -0.5741937 -0.8136532
vn 0.0062658 -0.9455464 -0.3254269
vn -0.0201795 0.2543458 -0.9669028
vn -0.0358468 -0.3676046 -0.9292911
vn -0.0288739 -0.5507898 -0.8341444
vn -0.0260628 -0.4731426 -0.8806003
vn -0.0183274 -0.4509530 -0.8923595
vn -0.0015617 -0.4728173 -0.8811591
vn 0.0176743 -0.4406751 -0.8974928
vn 0.0323599 -0.3929162 -0.9190048
vn 0.0354893 -0.3519866 -0.9353319
vn 0.0244113 -0.3386605 -0.9405919
vn 0.0042171 -0.3508470 -0.9364233
vn -0.0168392 -0.3822603 -0.9239011
vn -0.0110221 -0.5890415 -0.8080277
vn 0.0300046 -0.9502939 -0.3099053
vn 0.0599731 0.2586472 -0.9641083
vn 0.0243712 -0.3818146 -0.9239176
vn 0.0128340 -0.5507573 -0.8345667
vn 0.0112652 -0.4738987 -0.8805073
vn 0.0187167 -0.4677284 -0.8836741
vn 0.0330411 -0.4883213 -0.8720382
vn 0.0501274 -0.4571155 -0.8879936
vn 0.0646048 -0.4049747 -0.9120427
vn 0.0692723 -0.3555089 -0.9321023
vn 0.0649589 -0.3359935 -0.9396216
vn 0.0560871 -0.3453465 -0.9367979
vn 0.0451691 -0.3752168 -0.9258358
vn 0.0420716 -0.5836332 -0.8109267
vn 0.0529378 -0.9492847 -0.3099292
vn 0.1229017 0.2541901 -0.9593137
vn 0.0702161 -0.3845260 -0.9204399
vn 0.0348563 -0.5398275 -0.8410538
vn 0.0272922 -0.4705222 -0.8819660
vn 0.0277590 -0.4787363 -0.8775198
vn 0.0352948 -0.4983554 -0.8662541
vn 0.0475005 -0.4696492 -0.8815743
vn 0.0608391 -0.4142110 -0.9081453
vn 0.0708277 -0.3589884 -0.9306507
vn 0.0735856 -0.3339849 -0.9397016
vn 0.0669987 -0.3375687 -0.9389135
vn 0.0550753 -0.3637279 -0.9298757
vn 0.0522728 -0.5716929 -0.8188008
vn 0.0696072 -0.9477547 -0.3113130
vn 0.1519159 0.2455671 -0.9574019
vn 0.0772344 -0.3747683 -0.9238958
vn 0.0293440 -0.5225491 -0.8521041
vn 0.0222826 -0.4658002 -0.8846093
vn 0.0198047 -0.4835003 -0.8751201
vn 0.0226303 -0.5046328 -0.8630375
vn 0.0308624 -0.4786949 -0.8774388
vn 0.0426174 -0.4229140 -0.9051672
vn 0.0544850 -0.3653689 -0.9292669
vn 0.0604381 -0.3313790 -0.9415599
vn 0.0561907 -0.3257498 -0.9437848
vn 0.0443259 -0.3489171 -0.9361048
vn 0.0459671 -0.5596898 -0.8274264
vn 0.0696030 -0.9467648 -0.3143113
vn 0.1407741 0.2389270 -0.9607792
vn 0.0532703 -0.3595357 -0.9316095
vn 0.0068633 -0.5068342 -0.8620161
vn 0.0039831 -0.4602984 -0.8877553
vn -0.0012699 -0.4850517 -0.8744846
vn -0.0027017 -0.5073774 -0.8617197
vn 0.0031096 -0.4852974 -0.8743436
vn 0.0156739 -0.4320913 -0.9016936
vn 0.0285881 -0.3714723 -0.9280037
vn 0.0351748 -0.3291766 -0.9436131
vn 0.0364354 -0.3168184 -0.9477861
vn 0.0343320 -0.3384824 -0.9403461
vn 0.0419581 -0.5521832 -0.8326664
vn 0.0581078 -0.9453560 -0.3208201
vn 0.1328741 0.2375661 -0.9622405
vn 0.0299352 -0.3422634 -0.9391272
vn -0.0178020 -0.4968585 -0.8676490
vn -0.0168514 -0.4556032 -0.8900235
vn -0.0245887 -0.4833794 -0.8750657
vn -0.0309828 -0.5060246 -0.8619624
vn -0.0288524 -0.4911261 -0.8706105
vn -0.0157497 -0.4436094 -0.8960818
vn 0.0012118 -0.3798519 -0.9250464
vn 0.0135816 -0.3315126 -0.9433531
vn 0.0187172 -0.3136737 -0.9493464
vn 0.0177013 -0.3318905 -0.9431518
vn 0.0205095 -0.5480255 -0.8362101
vn 0.0224864 -0.9442257 -0.3285303
vn 0.1198763 0.2408772 -0.9631240
vn 0.0261379 -0.3244430 -0.9455441
vn -0.0230617 -0.4865273 -0.8733609
vn -0.0284627 -0.4508116 -0.8921652
vn -0.0385457 -0.4794089 -0.8767447
vn -0.0469358 -0.5018867 -0.8636590
vn -0.0479292 -0.4949858 -0.8675781
vn -0.0383412 -0.4554316 -0.8894446
vn -0.0230729 -0.3914327 -0.9199175
vn -0.0112393 -0.3356017 -0.9419370
vn -0.0077741 -0.3097233 -0.9507951
vn -0.0106540 -0.3232640 -0.9462488
vn -0.0148885 -0.5446651 -0.8385214
vn -0.0253972 -0.9407024 -0.3382810
vn 0.0813524 0.2396906 -0.9674348
vn 0.0258226 -0.3146575 -0.9488541
vn -0.0106290 -0.4693008 -0.8829744
vn -0.0278307 -0.4403328 -0.8974032
vn -0.0434386 -0.4741999 -0.8793449
vn -0.0512883 -0.4970380 -0.8662117
vn -0.0535959 -0.4964641 -0.8664011
vn -0.0493769 -0.4636443 -0.8846446
vn -0.0423608 -0.3993998 -0.9157976
vn -0.0381634 -0.3359552 -0.9411045
vn -0.0376668 -0.3032888 -0.9521539
vn -0.0388368 -0.3172798 -0.9475364
vn -0.0430045 -0.5456949 -0.8368797
vn -0.0600744 -0.9340408 -0.3520778
vn 0.0499544 0.2364072 -0.9703691
vn 0.0209348 -0.3151813 -0.9488005
vn 0.0029658 -0.4504625 -0.8927905
vn -0.0131865 -0.4242060 -0.9054697
vn -0.0284276 -0.4674385 -0.8835683
vn -0.0371722 -0.4897536 -0.8710680
vn -0.0443647 -0.4935602 -0.8685793
vn -0.0471007 -0.4656849 -0.8836963
vn -0.0487135 -0.3993579 -0.9155000
vn -0.0514372 -0.3323768 -0.9417430
vn -0.0531538 -0.2993634 -0.9526575
vn -0.0496752 -0.3220862 -0.9454062
vn -0.0513532 -0.5544357 -0.8306406
vn -0.0750831 -0.9266522 -0.3683450
vn 0.0768086 0.2424848 -0.9671099
vn 0.0545254 -0.3106447 -0.9489608
vn 0.0380172 -0.4358011 -0.8992397
vn 0.0323061 -0.4110477 -0.9110411
vn 0.0251184 -0.4554875 -0.8898878
vn 0.0090493 -0.4702260 -0.8824996
vn -0.0097670 -0.4807523 -0.8768020
vn -0.0210910 -0.4602755 -0.8875256
vn -0.0335001 -0.3900528 -0.9201829
vn -0.0451712 -0.3256756 -0.9444019
vn -0.0465985 -0.3010699 -0.9524629
vn -0.0329195 -0.3444130 -0.9382410
vn -0.0307702 -0.5694552 -0.8214464
vn -0.0695697 -0.9213621 -0.3824291
vn 0.1412849 0.2432400 -0.9596213
vn 0.1257429 -0.2835017 -0.9506922
vn 0.0769061 -0.4079100 -0.9097773
vn 0.0401733 -0.3953437 -0.9176543
vn 0.0143670 -0.4410343 -0.8973753
vn -0.0019220 -0.4550091 -0.8904846
vn -0.0098154 -0.4701876 -0.8825119
vn -0.0211407 -0.4501731 -0.8926910
vn -0.0346496 -0.3788753 -0.9247988
vn -0.0319328 -0.3271827 -0.9444214
vn -0.0080376 -0.3203077 -0.9472795
vn 0.0272174 -0.3847739 -0.9226095
vn 0.0396406 -0.5876471 -0.8081458
vn -0.0223664 -0.9181079 -0.3956990
vn 0.2098951 0.2058050 -0.9558182
vn 0.2677767 -0.2367373 -0.9339439
vn 0.2301828 -0.3440396 -0.9103035
vn 0.1932470 -0.3389978 -0.9207259
vn 0.1689410 -0.3923158 -0.9041832
vn 0.1614870 -0.4311915 -0.8876913
vn 0.1674277 -0.4487180 -0.8778496
vn 0.1677595 -0.4191610 -0.8922784
vn 0.1694670 -0.3594741 -0.9176379
vn 0.1824563 -0.3275342 -0.9270551
vn 0.1951379 -0.3318103 -0.9229426
vn 0.1930188 -0.3989136 -0.8964440
vn 0.1652533 -0.5882154 -0.7916400
vn 0.0544108 -0.9054113 -0.4210343
vn 0.4572285 0.0797448 -0.8857669
vn 0.6104475 -0.1768280 -0.7720660
vn 0.6279502 -0.2216709 -0.7460165
vn 0.6433018 -0.2115493 -0.7358054
vn 0.6713666 -0.2380425 -0.7018566
vn 0.6911510 -0.2800706 -0.6662362
vn 0.7061951 -0.2972258 -0.6426081
vn 0.7164460 -0.2584101 -0.6480193
vn 0.7162485 -0.2142999 -0.6641262
vn 0.7053660 -0.2021248 -0.6794146
vn 0.6860909 -0.2163723 -0.6945950
vn 0.6722451 -0.2806588 -0.6850673
vn 0.6211776 -0.4148037 -0.6648882
vn 0.3883227 -0.7694744 -0.5070645
vn -0.8502648 -0.1293761 -0.5102076
vn -0.8502648 -0.1293761 -0.5102076
vn -0.9143438 -0.1103922 -0.3896009
vn -0.9143438 -0.1103922 -0.3896009
vn -0.9308566 -0.1045154 -0.3501180
vn -0.9308566 -0.1045154 -0.3501180
vn -0.9674168 -0.0786141 -0.2406753
vn -0.9674168 -0.0786141 -0.2406753
vn -0.9783813 -0.0892288 -0.1865703
vn -0.9783813 -0.0892288 -0.1865703
vn -0.9795963 -0.0898409 -0.1797771
vn -0.9795963 -0.0898409 -0.1797771
vn -0.9716398 -0.0308780 -0.2344412
vn -0.9716398 -0.0308780 -0.2344412
vn -0.8165730 0.1371030 0.5607239
vn -0.8165730 0.1371030 0.5607239
vn -0.8799449 0.2239795 0.4189631
vn -0.8799449 0.2239795 0.4189631
vn -0.8979454 0.2397953 0.3690424
vn -0.8979454 0.2397953 0.3690424
vn -0.8793649 0.2146571 0.4250172
vn -0.8793649 0.2146571 0.4250172
vn -0.8772708 0.1808673 0.4446156
vn -0.8772708 0.1808673 0.4446156
vn -0.8771670 0.2232073 0.4251547
vn -0.8771670 0.2232073 0.4251547
vn -0.8681902 0.2943595 0.3994977
vn -0.8681902 0.2943595 0.3994977
vn -0.7301888 0.4735261 0.4925417
vn -0.7301888 0.4735261 0.4925417
vn -0.7681026 -0.5936645 0.2399600
vn -0.7681026 -0.5936645 0.2399600
vn -0.6965674 0.6981450 -0.1654920
vn -0.6965674 0.6981450 -0.1654920
vn -0.6835190 0.5022917 -0.5296271
vn -0.6835190 0.5022917 -0.5296271
vn -0.9792433 0.1146018 0.1671788
vn -0.9979457 0.0308301 0.0561593
vn -0.9981823 -0.0055924 -0.0600070
vn -0.9652566 0.1952472 0.1736614
vn -0.9893896 0.1448459 -0.0113099
vn -0.9771512 0.1015339 -0.1867263
vn -0.9761127 0.1838083 0.1158393
vn -0.9885325 0.1427245 -0.0493247
vn -0.9752434 0.0867900 -0.2033905
vn -0.9841242 0.1592173 0.0784185
vn -0.9935317 0.1092696 -0.0309008
vn -0.9901843 0.0468327 -0.1316870
vn -0.9873388 0.1116854 0.1126440
vn -0.9970838 0.0616543 0.0449719
vn -0.9997668 0.0065606 -0.0205730
vn -0.9860433 0.0802168 0.1458893
vn -0.9935837 0.0511746 0.1008590
vn -0.9995439 0.0072620 0.0293089
vn -0.9851546 0.0679495 0.1576491
vn -0.9926263 0.0467211 0.1118490
vn -0.9994457 0.0114470 0.0312621
vn -0.9826162 0.0812504 0.1669238
vn -0.9942462 0.0470107 0.0962527
vn -0.9994169 0.0165137 0.0298838
vn -0.9841235 0.0672635 0.1642447
vn -0.9967000 0.0400030 0.0706319
vn -0.9995933 0.0273746 0.0079853
vn -0.9890410 0.0594905 0.1351247
vn -0.9987656 0.0264253 0.0420582
vn -0.9985570 0.0045191 -0.0535123
vn -0.9910785 0.0584649 0.1197716
vn -0.9999068 0.0134170 0.0024894
vn -0.9891878 -0.0267850 -0.1441880
vn -0.9862487 0.1306495 0.1012135
vn -0.9979932 0.0477946 -0.0415359
vn -0.9803706 -0.0347724 -0.1940729
vn -0.9806694 0.1263281 0.1494268
vn -0.9990878 0.0333538 -0.0266670
vn -0.9747967 -0.0432618 -0.2188608
vn -0.9834006 0.1182971 0.1375823
vn -0.9971761 0.0520100 -0.0541719
vn -0.9678239 -0.0290952 -0.2499412
f 3925/3925/3925 3924/3924/3924 3927/3927/3927
f 3925/3925/3925 3927/3927/3927 3928/3928/3928
f 3922/3922/3922 3925/3925/3925 4489/4489/4489
f 3922/3922/3922 4489/4489/4489 4400/4400/4400
f 4073/4073/4073 3892/3892/3892 3929/3929/3929
f 4073/4073/4073 3929/3929/3929 3926/3926/3926
f 3965/3965/3965 3968/3968/3968 3969/3969/3969
f 3965/3965/3965 3969/3969/3969 3966/3966/3966
f 4073/4073/4073 3926/3926/3926 3923/3923/3923
f 4073/4073/4073 3923/3923/3923 4071/4071/4071
f 3923/3923/3923 3918/3918/3918 3887/3887/3887
f 3923/3923/3923 3887/3887/3887 4071/4071/4071
f 3920/3920/3920 3924/3924/3924 3925/3925/3925
f 3920/3920/3920 3925/3925/3925 3922/3922/3922
f 3924/3924/3924 3923/3923/3923 3926/3926/3926
f 3924/3924/3924 3926/3926/3926 3927/3927/3927
f 4489/4489/4489 3925/3925/3925 3928/3928/3928
f 4489/4489/4489 3928/3928/3928 4491/4491/4491
f 3923/3923/3923 3924/3924/3924 3920/3920/3920
f 3923/3923/3923 3920/3920/3920 3918/3918/3918
f 3966/3966/3966 3969/3969/3969 3970/3970/3970
f 3966/3966/3966 3970/3970/3970 3967/3967/3967
f 4009/4009/4009 4011/4011/4011 3969/3969/3969
f 4009/4009/4009 3969/3969/3969 3968/3968/3968
f 3892/3892/3892 4075/4075/4075 3932/3932/3932
f 3892/3892/3892 3932/3932/3932 3929/3929/3929
f 3970/3970/3970 4013/4013/4013 3890/3890/3890
f 3970/3970/3970 3890/3890/3890 4507/4507/4507
f 3928/3928/3928 3927/3927/3927 3930/3930/3930
f 3928/3928/3928 3930/3930/3930 3931/3931/3931
f 4075/4075/4075 4077/4077/4077 3935/3935/3935
f 4075/4075/4075 3935/3935/3935 3932/3932/3932
f 3931/3931/3931 3930/3930/3930 3933/3933/3933
f 3931/3931/3931 3933/3933/3933 3934/3934/3934
f 4077/4077/4077 4079/4079/4079 3938/3938/3938
f 4077/4077/4077 3938/3938/3938 3935/3935/3935
f 3926/3926/3926 3929/3929/3929 3930/3930/3930
f 3926/3926/3926 3930/3930/3930 3927/3927/3927
f 3928/3928/3928 3931/3931/3931 3906/3906/3906
f 3928/3928/3928 3906/3906/3906 4491/4491/4491
f 3934/3934/3934 3933/3933/3933 3936/3936/3936
f 3934/3934/3934 3936/3936/3936 3937/3937/3937
f 4079/4079/4079 3894/3894/3894 3941/3941/3941
f 4079/4079/4079 3941/3941/3941 3938/3938/3938
f 3930/3930/3930 3929/3929/3929 3932/3932/3932
f 3930/3930/3930 3932/3932/3932 3933/3933/3933
f 3931/3931/3931 3934/3934/3934 4493/4493/4493
f 3931/3931/3931 4493/4493/4493 3906/3906/3906
f 3937/3937/3937 3936/3936/3936 3939/3939/3939
f 3937/3937/3937 3939/3939/3939 3940/3940/3940
f 3894/3894/3894 4081/4081/4081 3944/3944/3944
f 3894/3894/3894 3944/3944/3944 3941/3941/3941
f 3933/3933/3933 3932/3932/3932 3935/3935/3935
f 3933/3933/3933 3935/3935/3935 3936/3936/3936
f 3934/3934/3934 3937/3937/3937 4495/4495/4495
f 3934/3934/3934 4495/4495/4495 4493/4493/4493
f 3940/3940/3940 3939/3939/3939 3942/3942/3942
f 3940/3940/3940 3942/3942/3942 3943/3943/3943
f 4081/4081/4081 4083/4083/4083 3947/3947/3947
f 4081/4081/4081 3947/3947/3947 3944/3944/3944
f 3936/3936/3936 3935/3935/3935 3938/3938/3938
f 3936/3936/3936 3938/3938/3938 3939/3939/3939
f 3937/3937/3937 3940/3940/3940 4497/4497/4497
f 3937/3937/3937 4497/4497/4497 4495/4495/4495
f 3943/3943/3943 3942/3942/3942 3945/3945/3945
f 3943/3943/3943 3945/3945/3945 3946/3946/3946
f 4083/4083/4083 3896/3896/3896 3950/3950/3950
f 4083/4083/4083 3950/3950/3950 3947/3947/3947
f 3939/3939/3939 3938/3938/3938 3941/3941/3941
f 3939/3939/3939 3941/3941/3941 3942/3942/3942
f 3940/3940/3940 3943/3943/3943 4499/4499/4499
f 3940/3940/3940 4499/4499/4499 4497/4497/4497
f 3946/3946/3946 3945/3945/3945 3948/3948/3948
f 3946/3946/3946 3948/3948/3948 3949/3949/3949
f 3896/3896/3896 3898/3898/3898 3953/3953/3953
f 3896/3896/3896 3953/3953/3953 3950/3950/3950
f 3942/3942/3942 3941/3941/3941 3944/3944/3944
f 3942/3942/3942 3944/3944/3944 3945/3945/3945
f 3943/3943/3943 3946/3946/3946 4501/4501/4501
f 3943/3943/3943 4501/4501/4501 4499/4499/4499
f 3949/3949/3949 3948/3948/3948 3951/3951/3951
f 3949/3949/3949 3951/3951/3951 3952/3952/3952
f 3898/3898/3898 4085/4085/4085 3956/3956/3956
f 3898/3898/3898 3956/3956/3956 3953/3953/3953
f 3945/3945/3945 3944/3944/3944 3947/3947/3947
f 3945/3945/3945 3947/3947/3947 3948/3948/3948
f 3946/3946/3946 3949/3949/3949 3908/3908/3908
f 3946/3946/3946 3908/3908/3908 4501/4501/4501
f 3952/3952/3952 3951/3951/3951 3954/3954/3954
f 3952/3952/3952 3954/3954/3954 3955/3955/3955
f 4085/4085/4085 3900/3900/3900 3959/3959/3959
f 4085/4085/4085 3959/3959/3959 3956/3956/3956
f 3948/3948/3948 3947/3947/3947 3950/3950/3950
f 3948/3948/3948 3950/3950/3950 3951/3951/3951
f 3949/3949/3949 3952/3952/3952 3910/3910/3910
f 3949/3949/3949 3910/3910/3910 3908/3908/3908
f 3955/3955/3955 3954/3954/3954 3957/3957/3957
f 3955/3955/3955 3957/3957/3957 3958/3958/3958
f 3900/3900/3900 3902/3902/3902 3962/3962/3962
f 3900/3900/3900 3962/3962/3962 3959/3959/3959
f 3951/3951/3951 3950/3950/3950 3953/3953/3953
f 3951/3951/3951 3953/3953/3953 3954/3954/3954
f 3952/3952/3952 3955/3955/3955 3912/3912/3912
f 3952/3952/3952 3912/3912/3912 3910/3910/3910
f 3958/3958/3958 3957/3957/3957 3960/3960/3960
f 3958/3958/3958 3960/3960/3960 3961/3961/3961
f 3902/3902/3902 4087/4087/4087 3965/3965/3965
f 3902/3902/3902 3965/3965/3965 3962/3962/3962
f 3954/3954/3954 3953/3953/3953 3956/3956/3956
f 3954/3954/3954 3956/3956/3956 3957/3957/3957
f 3955/3955/3955 3958/3958/3958 3914/3914/3914
f 3955/3955/3955 3914/3914/3914 3912/3912/3912
f 3961/3961/3961 3960/3960/3960 3963/3963/3963
f 3961/3961/3961 3963/3963/3963 3964/3964/3964
f 4087/4087/4087 3904/3904/3904 3968/3968/3968
f 4087/4087/4087 3968/3968/3968 3965/3965/3965
f 3957/3957/3957 3956/3956/3956 3959/3959/3959
f 3957/3957/3957 3959/3959/3959 3960/3960/3960
f 3958/3958/3958 3961/3961/3961 4503/4503/4503
f 3958/3958/3958 4503/4503/4503 3914/3914/3914
f 3964/3964/3964 3963/3963/3963 3966/3966/3966
f 3964/3964/3964 3966/3966/3966 3967/3967/3967
f 3916/3916/3916 3967/3967/3967 3970/3970/3970
f 3916/3916/3916 3970/3970/3970 4507/4507/4507
f 3960/3960/3960 3959/3959/3959 3962/3962/3962
f 3960/3960/3960 3962/3962/3962 3963/3963/3963
f 3961/3961/3961 3964/3964/3964 4505/4505/4505
f 3961/3961/3961 4505/4505/4505 4503/4503/4503
f 3963/3963/3963 3962/3962/3962 3965/3965/3965
f 3963/3963/3963 3965/3965/3965 3966/3966/3966
f 3964/3964/3964 3967/3967/3967 3916/3916/3916
f 3964/3964/3964 3916/3916/3916 4505/4505/4505
f 3970/3970/3970 3969/3969/3969 4011/4011/4011
f 3970/3970/3970 4011/4011/4011 4013/4013/4013
f 3904/3904/3904 4066/4066/4066 4009/4009/4009
f 3904/3904/3904 4009/4009/4009 3968/3968/3968
f 4016/4016/4016 4008/4008/4008 4065/4065/4065
f 4016/4016/4016 4065/4065/4065 3975/3975/3975
f 3987/3987/3987 4547/4547/4547 4021/4021/4021
f 3987/3987/3987 4021/4021/4021 4024/4024/4024
f 4058/4058/4058 4061/4061/4061 4062/4062/4062
f 4058/4058/4058 4062/4062/4062 4059/4059/4059
f 4844/4844/4844 4015/4015/4015 4063/4063/4063
f 4844/4844/4844 4063/4063/4063 4062/4062/4062
f 4007/4007/4007 4063/4063/4063 4015/4015/4015
f 4007/4007/4007 4015/4015/4015 3973/3973/3973
f 4061/4061/4061 4842/4842/4842 4844/4844/4844
f 4061/4061/4061 4844/4844/4844 4062/4062/4062
f 4058/4058/4058 4139/4139/4139 4141/4141/4141
f 4058/4058/4058 4141/4141/4141 4061/4061/4061
f 4059/4059/4059 4062/4062/4062 4063/4063/4063
f 4059/4059/4059 4063/4063/4063 4060/4060/4060
f 3989/3989/3989 3987/3987/3987 4024/4024/4024
f 3989/3989/3989 4024/4024/4024 4027/4027/4027
f 4016/4016/4016 4017/4017/4017 4010/4010/4010
f 4016/4016/4016 4010/4010/4010 4008/4008/4008
f 4069/4069/4069 4842/4842/4842 4061/4061/4061
f 4069/4069/4069 4061/4061/4061 4141/4141/4141
f 3991/3991/3991 3989/3989/3989 4027/4027/4027
f 3991/3991/3991 4027/4027/4027 4030/4030/4030
f 4059/4059/4059 4060/4060/4060 4057/4057/4057
f 4059/4059/4059 4057/4057/4057 4056/4056/4056
f 4056/4056/4056 4057/4057/4057 4054/4054/4054
f 4056/4056/4056 4054/4054/4054 4053/4053/4053
f 4053/4053/4053 4054/4054/4054 4051/4051/4051
f 4053/4053/4053 4051/4051/4051 4050/4050/4050
f 4050/4050/4050 4051/4051/4051 4048/4048/4048
f 4050/4050/4050 4048/4048/4048 4047/4047/4047
f 4047/4047/4047 4048/4048/4048 4045/4045/4045
f 4047/4047/4047 4045/4045/4045 4044/4044/4044
f 4044/4044/4044 4045/4045/4045 4042/4042/4042
f 4044/4044/4044 4042/4042/4042 4041/4041/4041
f 4041/4041/4041 4042/4042/4042 4039/4039/4039
f 4041/4041/4041 4039/4039/4039 4038/4038/4038
f 4038/4038/4038 4039/4039/4039 4036/4036/4036
f 4038/4038/4038 4036/4036/4036 4035/4035/4035
f 4035/4035/4035 4036/4036/4036 4033/4033/4033
f 4035/4035/4035 4033/4033/4033 4032/4032/4032
f 4032/4032/4032 4033/4033/4033 4030/4030/4030
f 4032/4032/4032 4030/4030/4030 4029/4029/4029
f 4029/4029/4029 4030/4030/4030 4027/4027/4027
f 4029/4029/4029 4027/4027/4027 4026/4026/4026
f 4026/4026/4026 4027/4027/4027 4024/4024/4024
f 4026/4026/4026 4024/4024/4024 4023/4023/4023
f 4023/4023/4023 4024/4024/4024 4021/4021/4021
f 4023/4023/4023 4021/4021/4021 4020/4020/4020
f 4020/4020/4020 4021/4021/4021 4018/4018/4018
f 4020/4020/4020 4018/4018/4018 4017/4017/4017
f 4547/4547/4547 3985/3985/3985 4018/4018/4018
f 4547/4547/4547 4018/4018/4018 4021/4021/4021
f 4017/4017/4017 4018/4018/4018 4012/4012/4012
f 4017/4017/4017 4012/4012/4012 4010/4010/4010
f 4019/4019/4019 4020/4020/4020 4017/4017/4017
f 4019/4019/4019 4017/4017/4017 4016/4016/4016
f 4055/4055/4055 4137/4137/4137 4139/4139/4139
f 4055/4055/4055 4139/4139/4139 4058/4058/4058
f 4052/4052/4052 4135/4135/4135 4137/4137/4137
f 4052/4052/4052 4137/4137/4137 4055/4055/4055
f 4049/4049/4049 4133/4133/4133 4135/4135/4135
f 4049/4049/4049 4135/4135/4135 4052/4052/4052
f 4046/4046/4046 4131/4131/4131 4133/4133/4133
f 4046/4046/4046 4133/4133/4133 4049/4049/4049
f 4007/4007/4007 4005/4005/4005 4060/4060/4060
f 4007/4007/4007 4060/4060/4060 4063/4063/4063
f 4043/4043/4043 3983/3983/3983 4131/4131/4131
f 4043/4043/4043 4131/4131/4131 4046/4046/4046
f 4005/4005/4005 4003/4003/4003 4057/4057/4057
f 4005/4005/4005 4057/4057/4057 4060/4060/4060
f 4040/4040/4040 4129/4129/4129 3983/3983/3983
f 4040/4040/4040 3983/3983/3983 4043/4043/4043
f 4003/4003/4003 4553/4553/4553 4054/4054/4054
f 4003/4003/4003 4054/4054/4054 4057/4057/4057
f 4037/4037/4037 3981/3981/3981 4129/4129/4129
f 4037/4037/4037 4129/4129/4129 4040/4040/4040
f 4553/4553/4553 4551/4551/4551 4051/4051/4051
f 4553/4553/4553 4051/4051/4051 4054/4054/4054
f 4034/4034/4034 4127/4127/4127 3981/3981/3981
f 4034/4034/4034 3981/3981/3981 4037/4037/4037
f 4551/4551/4551 4549/4549/4549 4048/4048/4048
f 4551/4551/4551 4048/4048/4048 4051/4051/4051
f 4031/4031/4031 4125/4125/4125 4127/4127/4127
f 4031/4031/4031 4127/4127/4127 4034/4034/4034
f 4549/4549/4549 4001/4001/4001 4045/4045/4045
f 4549/4549/4549 4045/4045/4045 4048/4048/4048
f 4028/4028/4028 4123/4123/4123 4125/4125/4125
f 4028/4028/4028 4125/4125/4125 4031/4031/4031
f 4001/4001/4001 3999/3999/3999 4042/4042/4042
f 4001/4001/4001 4042/4042/4042 4045/4045/4045
f 4025/4025/4025 3979/3979/3979 4123/4123/4123
f 4025/4025/4025 4123/4123/4123 4028/4028/4028
f 3999/3999/3999 3997/3997/3997 4039/4039/4039
f 3999/3999/3999 4039/4039/4039 4042/4042/4042
f 4022/4022/4022 4121/4121/4121 3979/3979/3979
f 4022/4022/4022 3979/3979/3979 4025/4025/4025
f 3997/3997/3997 3995/3995/3995 4036/4036/4036
f 3997/3997/3997 4036/4036/4036 4039/4039/4039
f 4019/4019/4019 3977/3977/3977 4121/4121/4121
f 4019/4019/4019 4121/4121/4121 4022/4022/4022
f 3995/3995/3995 3993/3993/3993 4033/4033/4033
f 3995/3995/3995 4033/4033/4033 4036/4036/4036
f 3993/3993/3993 3991/3991/3991 4030/4030/4030
f 3993/3993/3993 4030/4030/4030 4033/4033/4033
f 3889/3889/3889 4012/4012/4012 4018/4018/4018
f 3889/3889/3889 4018/4018/4018 3985/3985/3985
f 4022/4022/4022 4023/4023/4023 4020/4020/4020
f 4022/4022/4022 4020/4020/4020 4019/4019/4019
f 4025/4025/4025 4026/4026/4026 4023/4023/4023
f 4025/4025/4025 4023/4023/4023 4022/4022/4022
f 4028/4028/4028 4029/4029/4029 4026/4026/4026
f 4028/4028/4028 4026/4026/4026 4025/4025/4025
f 4031/4031/4031 4032/4032/4032 4029/4029/4029
f 4031/4031/4031 4029/4029/4029 4028/4028/4028
f 4034/4034/4034 4035/4035/4035 4032/4032/4032
f 4034/4034/4034 4032/4032/4032 4031/4031/4031
f 4037/4037/4037 4038/4038/4038 4035/4035/4035
f 4037/4037/4037 4035/4035/4035 4034/4034/4034
f 4040/4040/4040 4041/4041/4041 4038/4038/4038
f 4040/4040/4040 4038/4038/4038 4037/4037/4037
f 4043/4043/4043 4044/4044/4044 4041/4041/4041
f 4043/4043/4043 4041/4041/4041 4040/4040/4040
f 4046/4046/4046 4047/4047/4047 4044/4044/4044
f 4046/4046/4046 4044/4044/4044 4043/4043/4043
f 4049/4049/4049 4050/4050/4050 4047/4047/4047
f 4049/4049/4049 4047/4047/4047 4046/4046/4046
f 4052/4052/4052 4053/4053/4053 4050/4050/4050
f 4052/4052/4052 4050/4050/4050 4049/4049/4049
f 4055/4055/4055 4056/4056/4056 4053/4053/4053
f 4055/4055/4055 4053/4053/4053 4052/4052/4052
f 4058/4058/4058 4059/4059/4059 4056/4056/4056
f 4058/4058/4058 4056/4056/4056 4055/4055/4055
f 4019/4019/4019 4016/4016/4016 3975/3975/3975
f 4019/4019/4019 3975/3975/3975 3977/3977/3977
f 4395/4395/4395 4396/4396/4396 4380/4380/4380
f 4395/4395/4395 4380/4380/4380 4379/4379/4379
f 4190/4190/4190 4174/4174/4174 3901/3901/3901
f 4190/4190/4190 3901/3901/3901 3899/3899/3899
f 4174/4174/4174 4158/4158/4158 4086/4086/4086
f 4174/4174/4174 4086/4086/4086 3901/3901/3901
f 4158/4158/4158 4142/4142/4142 3903/3903/3903
f 4158/4158/4158 3903/3903/3903 4086/4086/4086
f 4396/4396/4396 4415/4415/4415 4417/4417/4417
f 4396/4396/4396 4417/4417/4417 4397/4397/4397
f 4394/4394/4394 4395/4395/4395 4379/4379/4379
f 4394/4394/4394 4379/4379/4379 4378/4378/4378
f 4346/4346/4346 4362/4362/4362 4363/4363/4363
f 4346/4346/4346 4363/4363/4363 4347/4347/4347
f 4330/4330/4330 4346/4346/4346 4347/4347/4347
f 4330/4330/4330 4347/4347/4347 4331/4331/4331
f 4314/4314/4314 4330/4330/4330 4331/4331/4331
f 4314/4314/4314 4331/4331/4331 4315/4315/4315
f 4298/4298/4298 4314/4314/4314 4315/4315/4315
f 4298/4298/4298 4315/4315/4315 4299/4299/4299
f 4282/4282/4282 4298/4298/4298 4299/4299/4299
f 4282/4282/4282 4299/4299/4299 4283/4283/4283
f 4266/4266/4266 4282/4282/4282 4283/4283/4283
f 4266/4266/4266 4283/4283/4283 4267/4267/4267
f 4250/4250/4250 4266/4266/4266 4267/4267/4267
f 4250/4250/4250 4267/4267/4267 4251/4251/4251
f 4234/4234/4234 4250/4250/4250 4251/4251/4251
f 4234/4234/4234 4251/4251/4251 4235/4235/4235
f 4218/4218/4218 4234/4234/4234 4235/4235/4235
f 4218/4218/4218 4235/4235/4235 4219/4219/4219
f 4202/4202/4202 4218/4218/4218 4219/4219/4219
f 4202/4202/4202 4219/4219/4219 4203/4203/4203
f 4186/4186/4186 4202/4202/4202 4203/4203/4203
f 4186/4186/4186 4203/4203/4203 4187/4187/4187
f 4170/4170/4170 4186/4186/4186 4187/4187/4187
f 4170/4170/4170 4187/4187/4187 4171/4171/4171
f 4154/4154/4154 4170/4170/4170 4171/4171/4171
f 4154/4154/4154 4171/4171/4171 4155/4155/4155
f 4134/4134/4134 4154/4154/4154 4155/4155/4155
f 4134/4134/4134 4155/4155/4155 4136/4136/4136
f 4395/4395/4395 4413/4413/4413 4415/4415/4415
f 4395/4395/4395 4415/4415/4415 4396/4396/4396
f 4156/4156/4156 4172/4172/4172 4173/4173/4173
f 4156/4156/4156 4173/4173/4173 4157/4157/4157
f 4382/4382/4382 4070/4070/4070 3885/3885/3885
f 4382/4382/4382 3885/3885/3885 4106/4106/4106
f 4142/4142/4142 3974/3974/3974 4064/4064/4064
f 4142/4142/4142 4064/4064/4064 3903/3903/3903
f 4172/4172/4172 4188/4188/4188 4189/4189/4189
f 4172/4172/4172 4189/4189/4189 4173/4173/4173
f 4188/4188/4188 4204/4204/4204 4205/4205/4205
f 4188/4188/4188 4205/4205/4205 4189/4189/4189
f 4206/4206/4206 4190/4190/4190 3899/3899/3899
f 4206/4206/4206 3899/3899/3899 4084/4084/4084
f 4204/4204/4204 4220/4220/4220 4221/4221/4221
f 4204/4204/4204 4221/4221/4221 4205/4205/4205
f 4222/4222/4222 4206/4206/4206 4084/4084/4084
f 4222/4222/4222 4084/4084/4084 3897/3897/3897
f 4220/4220/4220 4236/4236/4236 4237/4237/4237
f 4220/4220/4220 4237/4237/4237 4221/4221/4221
f 4238/4238/4238 4222/4222/4222 3897/3897/3897
f 4238/4238/4238 3897/3897/3897 3895/3895/3895
f 4236/4236/4236 4252/4252/4252 4253/4253/4253
f 4236/4236/4236 4253/4253/4253 4237/4237/4237
f 4254/4254/4254 4238/4238/4238 3895/3895/3895
f 4254/4254/4254 3895/3895/3895 4082/4082/4082
f 4252/4252/4252 4268/4268/4268 4269/4269/4269
f 4252/4252/4252 4269/4269/4269 4253/4253/4253
f 4270/4270/4270 4254/4254/4254 4082/4082/4082
f 4270/4270/4270 4082/4082/4082 4080/4080/4080
f 4268/4268/4268 4284/4284/4284 4285/4285/4285
f 4268/4268/4268 4285/4285/4285 4269/4269/4269
f 4286/4286/4286 4270/4270/4270 4080/4080/4080
f 4286/4286/4286 4080/4080/4080 3893/3893/3893
f 4284/4284/4284 4300/4300/4300 4301/4301/4301
f 4284/4284/4284 4301/4301/4301 4285/4285/4285
f 4302/4302/4302 4286/4286/4286 3893/3893/3893
f 4302/4302/4302 3893/3893/3893 4078/4078/4078
f 4300/4300/4300 4316/4316/4316 4317/4317/4317
f 4300/4300/4300 4317/4317/4317 4301/4301/4301
f 4318/4318/4318 4302/4302/4302 4078/4078/4078
f 4318/4318/4318 4078/4078/4078 4076/4076/4076
f 4316/4316/4316 4332/4332/4332 4333/4333/4333
f 4316/4316/4316 4333/4333/4333 4317/4317/4317
f 4334/4334/4334 4318/4318/4318 4076/4076/4076
f 4334/4334/4334 4076/4076/4076 4074/4074/4074
f 4332/4332/4332 4348/4348/4348 4349/4349/4349
f 4332/4332/4332 4349/4349/4349 4333/4333/4333
f 4350/4350/4350 4334/4334/4334 4074/4074/4074
f 4350/4350/4350 4074/4074/4074 3891/3891/3891
f 4348/4348/4348 4364/4364/4364 4365/4365/4365
f 4348/4348/4348 4365/4365/4365 4349/4349/4349
f 4366/4366/4366 4350/4350/4350 3891/3891/3891
f 4366/4366/4366 3891/3891/3891 4072/4072/4072
f 4070/4070/4070 4382/4382/4382 4366/4366/4366
f 4070/4070/4070 4366/4366/4366 4072/4072/4072
f 4396/4396/4396 4397/4397/4397 4381/4381/4381
f 4396/4396/4396 4381/4381/4381 4380/4380/4380
f 4393/4393/4393 4394/4394/4394 4378/4378/4378
f 4393/4393/4393 4378/4378/4378 4377/4377/4377
f 4360/4360/4360 4376/4376/4376 4377/4377/4377
f 4360/4360/4360 4377/4377/4377 4361/4361/4361
f 4362/4362/4362 4378/4378/4378 4379/4379/4379
f 4362/4362/4362 4379/4379/4379 4363/4363/4363
f 4392/4392/4392 4393/4393/4393 4377/4377/4377
f 4392/4392/4392 4377/4377/4377 4376/4376/4376
f 4393/4393/4393 4118/4118/4118 4411/4411/4411
f 4393/4393/4393 4411/4411/4411 4394/4394/4394
f 4359/4359/4359 4375/4375/4375 4376/4376/4376
f 4359/4359/4359 4376/4376/4376 4360/4360/4360
f 4392/4392/4392 4409/4409/4409 4118/4118/4118
f 4392/4392/4392 4118/4118/4118 4393/4393/4393
f 4361/4361/4361 4377/4377/4377 4378/4378/4378
f 4361/4361/4361 4378/4378/4378 4362/4362/4362
f 4391/4391/4391 4392/4392/4392 4376/4376/4376
f 4391/4391/4391 4376/4376/4376 4375/4375/4375
f 4358/4358/4358 4374/4374/4374 4375/4375/4375
f 4358/4358/4358 4375/4375/4375 4359/4359/4359
f 4391/4391/4391 4407/4407/4407 4409/4409/4409
f 4391/4391/4391 4409/4409/4409 4392/4392/4392
f 4390/4390/4390 4391/4391/4391 4375/4375/4375
f 4390/4390/4390 4375/4375/4375 4374/4374/4374
f 4357/4357/4357 4373/4373/4373 4374/4374/4374
f 4357/4357/4357 4374/4374/4374 4358/4358/4358
f 4390/4390/4390 4116/4116/4116 4407/4407/4407
f 4390/4390/4390 4407/4407/4407 4391/4391/4391
f 4389/4389/4389 4390/4390/4390 4374/4374/4374
f 4389/4389/4389 4374/4374/4374 4373/4373/4373
f 4356/4356/4356 4372/4372/4372 4373/4373/4373
f 4356/4356/4356 4373/4373/4373 4357/4357/4357
f 4389/4389/4389 4405/4405/4405 4116/4116/4116
f 4389/4389/4389 4116/4116/4116 4390/4390/4390
f 4388/4388/4388 4389/4389/4389 4373/4373/4373
f 4388/4388/4388 4373/4373/4373 4372/4372/4372
f 4355/4355/4355 4371/4371/4371 4372/4372/4372
f 4355/4355/4355 4372/4372/4372 4356/4356/4356
f 4388/4388/4388 4114/4114/4114 4405/4405/4405
f 4388/4388/4388 4405/4405/4405 4389/4389/4389
f 4387/4387/4387 4388/4388/4388 4372/4372/4372
f 4387/4387/4387 4372/4372/4372 4371/4371/4371
f 4354/4354/4354 4370/4370/4370 4371/4371/4371
f 4354/4354/4354 4371/4371/4371 4355/4355/4355
f 4387/4387/4387 4112/4112/4112 4114/4114/4114
f 4387/4387/4387 4114/4114/4114 4388/4388/4388
f 4386/4386/4386 4387/4387/4387 4371/4371/4371
f 4386/4386/4386 4371/4371/4371 4370/4370/4370
f 4353/4353/4353 4369/4369/4369 4370/4370/4370
f 4353/4353/4353 4370/4370/4370 4354/4354/4354
f 4386/4386/4386 4403/4403/4403 4112/4112/4112
f 4386/4386/4386 4112/4112/4112 4387/4387/4387
f 4385/4385/4385 4386/4386/4386 4370/4370/4370
f 4385/4385/4385 4370/4370/4370 4369/4369/4369
f 4352/4352/4352 4368/4368/4368 4369/4369/4369
f 4352/4352/4352 4369/4369/4369 4353/4353/4353
f 4385/4385/4385 4110/4110/4110 4403/4403/4403
f 4385/4385/4385 4403/4403/4403 4386/4386/4386
f 4384/4384/4384 4385/4385/4385 4369/4369/4369
f 4384/4384/4384 4369/4369/4369 4368/4368/4368
f 4351/4351/4351 4367/4367/4367 4368/4368/4368
f 4351/4351/4351 4368/4368/4368 4352/4352/4352
f 4384/4384/4384 4401/4401/4401 4110/4110/4110
f 4384/4384/4384 4110/4110/4110 4385/4385/4385
f 4383/4383/4383 4384/4384/4384 4368/4368/4368
f 4383/4383/4383 4368/4368/4368 4367/4367/4367
f 4350/4350/4350 4366/4366/4366 4367/4367/4367
f 4350/4350/4350 4367/4367/4367 4351/4351/4351
f 4383/4383/4383 4108/4108/4108 4401/4401/4401
f 4383/4383/4383 4401/4401/4401 4384/4384/4384
f 4382/4382/4382 4383/4383/4383 4367/4367/4367
f 4382/4382/4382 4367/4367/4367 4366/4366/4366
f 4349/4349/4349 4365/4365/4365 4821/4821/4821
f 4349/4349/4349 4821/4821/4821 4104/4104/4104
f 4382/4382/4382 4106/4106/4106 4108/4108/4108
f 4382/4382/4382 4108/4108/4108 4383/4383/4383
f 4365/4365/4365 4381/4381/4381 4823/4823/4823
f 4365/4365/4365 4823/4823/4823 4821/4821/4821
f 4364/4364/4364 4380/4380/4380 4381/4381/4381
f 4364/4364/4364 4381/4381/4381 4365/4365/4365
f 4347/4347/4347 4363/4363/4363 4364/4364/4364
f 4347/4347/4347 4364/4364/4364 4348/4348/4348
f 4363/4363/4363 4379/4379/4379 4380/4380/4380
f 4363/4363/4363 4380/4380/4380 4364/4364/4364
f 4397/4397/4397 4825/4825/4825 4823/4823/4823
f 4397/4397/4397 4823/4823/4823 4381/4381/4381
f 4344/4344/4344 4360/4360/4360 4361/4361/4361
f 4344/4344/4344 4361/4361/4361 4345/4345/4345
f 4343/4343/4343 4359/4359/4359 4360/4360/4360
f 4343/4343/4343 4360/4360/4360 4344/4344/4344
f 4342/4342/4342 4358/4358/4358 4359/4359/4359
f 4342/4342/4342 4359/4359/4359 4343/4343/4343
f 4341/4341/4341 4357/4357/4357 4358/4358/4358
f 4341/4341/4341 4358/4358/4358 4342/4342/4342
f 4340/4340/4340 4356/4356/4356 4357/4357/4357
f 4340/4340/4340 4357/4357/4357 4341/4341/4341
f 4339/4339/4339 4355/4355/4355 4356/4356/4356
f 4339/4339/4339 4356/4356/4356 4340/4340/4340
f 4338/4338/4338 4354/4354/4354 4355/4355/4355
f 4338/4338/4338 4355/4355/4355 4339/4339/4339
f 4337/4337/4337 4353/4353/4353 4354/4354/4354
f 4337/4337/4337 4354/4354/4354 4338/4338/4338
f 4336/4336/4336 4352/4352/4352 4353/4353/4353
f 4336/4336/4336 4353/4353/4353 4337/4337/4337
f 4335/4335/4335 4351/4351/4351 4352/4352/4352
f 4335/4335/4335 4352/4352/4352 4336/4336/4336
f 4334/4334/4334 4350/4350/4350 4351/4351/4351
f 4334/4334/4334 4351/4351/4351 4335/4335/4335
f 4333/4333/4333 4349/4349/4349 4104/4104/4104
f 4333/4333/4333 4104/4104/4104 4102/4102/4102
f 4331/4331/4331 4347/4347/4347 4348/4348/4348
f 4331/4331/4331 4348/4348/4348 4332/4332/4332
f 4328/4328/4328 4344/4344/4344 4345/4345/4345
f 4328/4328/4328 4345/4345/4345 4329/4329/4329
f 4345/4345/4345 4361/4361/4361 4362/4362/4362
f 4345/4345/4345 4362/4362/4362 4346/4346/4346
f 4327/4327/4327 4343/4343/4343 4344/4344/4344
f 4327/4327/4327 4344/4344/4344 4328/4328/4328
f 4326/4326/4326 4342/4342/4342 4343/4343/4343
f 4326/4326/4326 4343/4343/4343 4327/4327/4327
f 4325/4325/4325 4341/4341/4341 4342/4342/4342
f 4325/4325/4325 4342/4342/4342 4326/4326/4326
f 4324/4324/4324 4340/4340/4340 4341/4341/4341
f 4324/4324/4324 4341/4341/4341 4325/4325/4325
f 4323/4323/4323 4339/4339/4339 4340/4340/4340
f 4323/4323/4323 4340/4340/4340 4324/4324/4324
f 4322/4322/4322 4338/4338/4338 4339/4339/4339
f 4322/4322/4322 4339/4339/4339 4323/4323/4323
f 4321/4321/4321 4337/4337/4337 4338/4338/4338
f 4321/4321/4321 4338/4338/4338 4322/4322/4322
f 4320/4320/4320 4336/4336/4336 4337/4337/4337
f 4320/4320/4320 4337/4337/4337 4321/4321/4321
f 4319/4319/4319 4335/4335/4335 4336/4336/4336
f 4319/4319/4319 4336/4336/4336 4320/4320/4320
f 4318/4318/4318 4334/4334/4334 4335/4335/4335
f 4318/4318/4318 4335/4335/4335 4319/4319/4319
f 4317/4317/4317 4333/4333/4333 4102/4102/4102
f 4317/4317/4317 4102/4102/4102 4819/4819/4819
f 4315/4315/4315 4331/4331/4331 4332/4332/4332
f 4315/4315/4315 4332/4332/4332 4316/4316/4316
f 4312/4312/4312 4328/4328/4328 4329/4329/4329
f 4312/4312/4312 4329/4329/4329 4313/4313/4313
f 4329/4329/4329 4345/4345/4345 4346/4346/4346
f 4329/4329/4329 4346/4346/4346 4330/4330/4330
f 4311/4311/4311 4327/4327/4327 4328/4328/4328
f 4311/4311/4311 4328/4328/4328 4312/4312/4312
f 4310/4310/4310 4326/4326/4326 4327/4327/4327
f 4310/4310/4310 4327/4327/4327 4311/4311/4311
f 4309/4309/4309 4325/4325/4325 4326/4326/4326
f 4309/4309/4309 4326/4326/4326 4310/4310/4310
f 4308/4308/4308 4324/4324/4324 4325/4325/4325
f 4308/4308/4308 4325/4325/4325 4309/4309/4309
f 4307/4307/4307 4323/4323/4323 4324/4324/4324
f 4307/4307/4307 4324/4324/4324 4308/4308/4308
f 4306/4306/4306 4322/4322/4322 4323/4323/4323
f 4306/4306/4306 4323/4323/4323 4307/4307/4307
f 4305/4305/4305 4321/4321/4321 4322/4322/4322
f 4305/4305/4305 4322/4322/4322 4306/4306/4306
f 4304/4304/4304 4320/4320/4320 4321/4321/4321
f 4304/4304/4304 4321/4321/4321 4305/4305/4305
f 4303/4303/4303 4319/4319/4319 4320/4320/4320
f 4303/4303/4303 4320/4320/4320 4304/4304/4304
f 4302/4302/4302 4318/4318/4318 4319/4319/4319
f 4302/4302/4302 4319/4319/4319 4303/4303/4303
f 4301/4301/4301 4317/4317/4317 4819/4819/4819
f 4301/4301/4301 4819/4819/4819 4100/4100/4100
f 4299/4299/4299 4315/4315/4315 4316/4316/4316
f 4299/4299/4299 4316/4316/4316 4300/4300/4300
f 4296/4296/4296 4312/4312/4312 4313/4313/4313
f 4296/4296/4296 4313/4313/4313 4297/4297/4297
f 4313/4313/4313 4329/4329/4329 4330/4330/4330
f 4313/4313/4313 4330/4330/4330 4314/4314/4314
f 4295/4295/4295 4311/4311/4311 4312/4312/4312
f 4295/4295/4295 4312/4312/4312 4296/4296/4296
f 4294/4294/4294 4310/4310/4310 4311/4311/4311
f 4294/4294/4294 4311/4311/4311 4295/4295/4295
f 4293/4293/4293 4309/4309/4309 4310/4310/4310
f 4293/4293/4293 4310/4310/4310 4294/4294/4294
f 4292/4292/4292 4308/4308/4308 4309/4309/4309
f 4292/4292/4292 4309/4309/4309 4293/4293/4293
f 4291/4291/4291 4307/4307/4307 4308/4308/4308
f 4291/4291/4291 4308/4308/4308 4292/4292/4292
f 4290/4290/4290 4306/4306/4306 4307/4307/4307
f 4290/4290/4290 4307/4307/4307 4291/4291/4291
f 4289/4289/4289 4305/4305/4305 4306/4306/4306
f 4289/4289/4289 4306/4306/4306 4290/4290/4290
f 4288/4288/4288 4304/4304/4304 4305/4305/4305
f 4288/4288/4288 4305/4305/4305 4289/4289/4289
f 4287/4287/4287 4303/4303/4303 4304/4304/4304
f 4287/4287/4287 4304/4304/4304 4288/4288/4288
f 4286/4286/4286 4302/4302/4302 4303/4303/4303
f 4286/4286/4286 4303/4303/4303 4287/4287/4287
f 4285/4285/4285 4301/4301/4301 4100/4100/4100
f 4285/4285/4285 4100/4100/4100 4098/4098/4098
f 4283/4283/4283 4299/4299/4299 4300/4300/4300
f 4283/4283/4283 4300/4300/4300 4284/4284/4284
f 4280/4280/4280 4296/4296/4296 4297/4297/4297
f 4280/4280/4280 4297/4297/4297 4281/4281/4281
f 4297/4297/4297 4313/4313/4313 4314/4314/4314
f 4297/4297/4297 4314/4314/4314 4298/4298/4298
f 4279/4279/4279 4295/4295/4295 4296/4296/4296
f 4279/4279/4279 4296/4296/4296 4280/4280/4280
f 4278/4278/4278 4294/4294/4294 4295/4295/4295
f 4278/4278/4278 4295/4295/4295 4279/4279/4279
f 4277/4277/4277 4293/4293/4293 4294/4294/4294
f 4277/4277/4277 4294/4294/4294 4278/4278/4278
f 4276/4276/4276 4292/4292/4292 4293/4293/4293
f 4276/4276/4276 4293/4293/4293 4277/4277/4277
f 4275/4275/4275 4291/4291/4291 4292/4292/4292
f 4275/4275/4275 4292/4292/4292 4276/4276/4276
f 4274/4274/4274 4290/4290/4290 4291/4291/4291
f 4274/4274/4274 4291/4291/4291 4275/4275/4275
f 4273/4273/4273 4289/4289/4289 4290/4290/4290
f 4273/4273/4273 4290/4290/4290 4274/4274/4274
f 4272/4272/4272 4288/4288/4288 4289/4289/4289
f 4272/4272/4272 4289/4289/4289 4273/4273/4273
f 4271/4271/4271 4287/4287/4287 4288/4288/4288
f 4271/4271/4271 4288/4288/4288 4272/4272/4272
f 4270/4270/4270 4286/4286/4286 4287/4287/4287
f 4270/4270/4270 4287/4287/4287 4271/4271/4271
f 4269/4269/4269 4285/4285/4285 4098/4098/4098
f 4269/4269/4269 4098/4098/4098 4817/4817/4817
f 4267/4267/4267 4283/4283/4283 4284/4284/4284
f 4267/4267/4267 4284/4284/4284 4268/4268/4268
f 4264/4264/4264 4280/4280/4280 4281/4281/4281
f 4264/4264/4264 4281/4281/4281 4265/4265/4265
f 4281/4281/4281 4297/4297/4297 4298/4298/4298
f 4281/4281/4281 4298/4298/4298 4282/4282/4282
f 4263/4263/4263 4279/4279/4279 4280/4280/4280
f 4263/4263/4263 4280/4280/4280 4264/4264/4264
f 4262/4262/4262 4278/4278/4278 4279/4279/4279
f 4262/4262/4262 4279/4279/4279 4263/4263/4263
f 4261/4261/4261 4277/4277/4277 4278/4278/4278
f 4261/4261/4261 4278/4278/4278 4262/4262/4262
f 4260/4260/4260 4276/4276/4276 4277/4277/4277
f 4260/4260/4260 4277/4277/4277 4261/4261/4261
f 4259/4259/4259 4275/4275/4275 4276/4276/4276
f 4259/4259/4259 4276/4276/4276 4260/4260/4260
f 4258/4258/4258 4274/4274/4274 4275/4275/4275
f 4258/4258/4258 4275/4275/4275 4259/4259/4259
f 4257/4257/4257 4273/4273/4273 4274/4274/4274
f 4257/4257/4257 4274/4274/4274 4258/4258/4258
f 4256/4256/4256 4272/4272/4272 4273/4273/4273
f 4256/4256/4256 4273/4273/4273 4257/4257/4257
f 4255/4255/4255 4271/4271/4271 4272/4272/4272
f 4255/4255/4255 4272/4272/4272 4256/4256/4256
f 4254/4254/4254 4270/4270/4270 4271/4271/4271
f 4254/4254/4254 4271/4271/4271 4255/4255/4255
f 4253/4253/4253 4269/4269/4269 4817/4817/4817
f 4253/4253/4253 4817/4817/4817 4096/4096/4096
f 4251/4251/4251 4267/4267/4267 4268/4268/4268
f 4251/4251/4251 4268/4268/4268 4252/4252/4252
f 4248/4248/4248 4264/4264/4264 4265/4265/4265
f 4248/4248/4248 4265/4265/4265 4249/4249/4249
f 4265/4265/4265 4281/4281/4281 4282/4282/4282
f 4265/4265/4265 4282/4282/4282 4266/4266/4266
f 4247/4247/4247 4263/4263/4263 4264/4264/4264
f 4247/4247/4247 4264/4264/4264 4248/4248/4248
f 4246/4246/4246 4262/4262/4262 4263/4263/4263
f 4246/4246/4246 4263/4263/4263 4247/4247/4247
f 4245/4245/4245 4261/4261/4261 4262/4262/4262
f 4245/4245/4245 4262/4262/4262 4246/4246/4246
f 4244/4244/4244 4260/4260/4260 4261/4261/4261
f 4244/4244/4244 4261/4261/4261 4245/4245/4245
f 4243/4243/4243 4259/4259/4259 4260/4260/4260
f 4243/4243/4243 4260/4260/4260 4244/4244/4244
f 4242/4242/4242 4258/4258/4258 4259/4259/4259
f 4242/4242/4242 4259/4259/4259 4243/4243/4243
f 4241/4241/4241 4257/4257/4257 4258/4258/4258
f 4241/4241/4241 4258/4258/4258 4242/4242/4242
f 4240/4240/4240 4256/4256/4256 4257/4257/4257
f 4240/4240/4240 4257/4257/4257 4241/4241/4241
f 4239/4239/4239 4255/4255/4255 4256/4256/4256
f 4239/4239/4239 4256/4256/4256 4240/4240/4240
f 4238/4238/4238 4254/4254/4254 4255/4255/4255
f 4238/4238/4238 4255/4255/4255 4239/4239/4239
f 4237/4237/4237 4253/4253/4253 4096/4096/4096
f 4237/4237/4237 4096/4096/4096 4815/4815/4815
f 4235/4235/4235 4251/4251/4251 4252/4252/4252
f 4235/4235/4235 4252/4252/4252 4236/4236/4236
f 4232/4232/4232 4248/4248/4248 4249/4249/4249
f 4232/4232/4232 4249/4249/4249 4233/4233/4233
f 4249/4249/4249 4265/4265/4265 4266/4266/4266
f 4249/4249/4249 4266/4266/4266 4250/4250/4250
f 4231/4231/4231 4247/4247/4247 4248/4248/4248
f 4231/4231/4231 4248/4248/4248 4232/4232/4232
f 4230/4230/4230 4246/4246/4246 4247/4247/4247
f 4230/4230/4230 4247/4247/4247 4231/4231/4231
f 4229/4229/4229 4245/4245/4245 4246/4246/4246
f 4229/4229/4229 4246/4246/4246 4230/4230/4230
f 4228/4228/4228 4244/4244/4244 4245/4245/4245
f 4228/4228/4228 4245/4245/4245 4229/4229/4229
f 4227/4227/4227 4243/4243/4243 4244/4244/4244
f 4227/4227/4227 4244/4244/4244 4228/4228/4228
f 4226/4226/4226 4242/4242/4242 4243/4243/4243
f 4226/4226/4226 4243/4243/4243 4227/4227/4227
f 4225/4225/4225 4241/4241/4241 4242/4242/4242
f 4225/4225/4225 4242/4242/4242 4226/4226/4226
f 4224/4224/4224 4240/4240/4240 4241/4241/4241
f 4224/4224/4224 4241/4241/4241 4225/4225/4225
f 4223/4223/4223 4239/4239/4239 4240/4240/4240
f 4223/4223/4223 4240/4240/4240 4224/4224/4224
f 4222/4222/4222 4238/4238/4238 4239/4239/4239
f 4222/4222/4222 4239/4239/4239 4223/4223/4223
f 4221/4221/4221 4237/4237/4237 4815/4815/4815
f 4221/4221/4221 4815/4815/4815 4094/4094/4094
f 4219/4219/4219 4235/4235/4235 4236/4236/4236
f 4219/4219/4219 4236/4236/4236 4220/4220/4220
f 4216/4216/4216 4232/4232/4232 4233/4233/4233
f 4216/4216/4216 4233/4233/4233 4217/4217/4217
f 4233/4233/4233 4249/4249/4249 4250/4250/4250
f 4233/4233/4233 4250/4250/4250 4234/4234/4234
f 4215/4215/4215 4231/4231/4231 4232/4232/4232
f 4215/4215/4215 4232/4232/4232 4216/4216/4216
f 4214/4214/4214 4230/4230/4230 4231/4231/4231
f 4214/4214/4214 4231/4231/4231 4215/4215/4215
f 4213/4213/4213 4229/4229/4229 4230/4230/4230
f 4213/4213/4213 4230/4230/4230 4214/4214/4214
f 4212/4212/4212 4228/4228/4228 4229/4229/4229
f 4212/4212/4212 4229/4229/4229 4213/4213/4213
f 4211/4211/4211 4227/4227/4227 4228/4228/4228
f 4211/4211/4211 4228/4228/4228 4212/4212/4212
f 4210/4210/4210 4226/4226/4226 4227/4227/4227
f 4210/4210/4210 4227/4227/4227 4211/4211/4211
f 4209/4209/4209 4225/4225/4225 4226/4226/4226
f 4209/4209/4209 4226/4226/4226 4210/4210/4210
f 4208/4208/4208 4224/4224/4224 4225/4225/4225
f 4208/4208/4208 4225/4225/4225 4209/4209/4209
f 4207/4207/4207 4223/4223/4223 4224/4224/4224
f 4207/4207/4207 4224/4224/4224 4208/4208/4208
f 4206/4206/4206 4222/4222/4222 4223/4223/4223
f 4206/4206/4206 4223/4223/4223 4207/4207/4207
f 4205/4205/4205 4221/4221/4221 4094/4094/4094
f 4205/4205/4205 4094/4094/4094 4092/4092/4092
f 4203/4203/4203 4219/4219/4219 4220/4220/4220
f 4203/4203/4203 4220/4220/4220 4204/4204/4204
f 4200/4200/4200 4216/4216/4216 4217/4217/4217
f 4200/4200/4200 4217/4217/4217 4201/4201/4201
f 4217/4217/4217 4233/4233/4233 4234/4234/4234
f 4217/4217/4217 4234/4234/4234 4218/4218/4218
f 4199/4199/4199 4215/4215/4215 4216/4216/4216
f 4199/4199/4199 4216/4216/4216 4200/4200/4200
f 4198/4198/4198 4214/4214/4214 4215/4215/4215
f 4198/4198/4198 4215/4215/4215 4199/4199/4199
f 4197/4197/4197 4213/4213/4213 4214/4214/4214
f 4197/4197/4197 4214/4214/4214 4198/4198/4198
f 4196/4196/4196 4212/4212/4212 4213/4213/4213
f 4196/4196/4196 4213/4213/4213 4197/4197/4197
f 4195/4195/4195 4211/4211/4211 4212/4212/4212
f 4195/4195/4195 4212/4212/4212 4196/4196/4196
f 4194/4194/4194 4210/4210/4210 4211/4211/4211
f 4194/4194/4194 4211/4211/4211 4195/4195/4195
f 4193/4193/4193 4209/4209/4209 4210/4210/4210
f 4193/4193/4193 4210/4210/4210 4194/4194/4194
f 4192/4192/4192 4208/4208/4208 4209/4209/4209
f 4192/4192/4192 4209/4209/4209 4193/4193/4193
f 4191/4191/4191 4207/4207/4207 4208/4208/4208
f 4191/4191/4191 4208/4208/4208 4192/4192/4192
f 4190/4190/4190 4206/4206/4206 4207/4207/4207
f 4190/4190/4190 4207/4207/4207 4191/4191/4191
f 4189/4189/4189 4205/4205/4205 4092/4092/4092
f 4189/4189/4189 4092/4092/4092 4090/4090/4090
f 4187/4187/4187 4203/4203/4203 4204/4204/4204
f 4187/4187/4187 4204/4204/4204 4188/4188/4188
f 4184/4184/4184 4200/4200/4200 4201/4201/4201
f 4184/4184/4184 4201/4201/4201 4185/4185/4185
f 4201/4201/4201 4217/4217/4217 4218/4218/4218
f 4201/4201/4201 4218/4218/4218 4202/4202/4202
f 4183/4183/4183 4199/4199/4199 4200/4200/4200
f 4183/4183/4183 4200/4200/4200 4184/4184/4184
f 4182/4182/4182 4198/4198/4198 4199/4199/4199
f 4182/4182/4182 4199/4199/4199 4183/4183/4183
f 4181/4181/4181 4197/4197/4197 4198/4198/4198
f 4181/4181/4181 4198/4198/4198 4182/4182/4182
f 4180/4180/4180 4196/4196/4196 4197/4197/4197
f 4180/4180/4180 4197/4197/4197 4181/4181/4181
f 4179/4179/4179 4195/4195/4195 4196/4196/4196
f 4179/4179/4179 4196/4196/4196 4180/4180/4180
f 4178/4178/4178 4194/4194/4194 4195/4195/4195
f 4178/4178/4178 4195/4195/4195 4179/4179/4179
f 4177/4177/4177 4193/4193/4193 4194/4194/4194
f 4177/4177/4177 4194/4194/4194 4178/4178/4178
f 4176/4176/4176 4192/4192/4192 4193/4193/4193
f 4176/4176/4176 4193/4193/4193 4177/4177/4177
f 4175/4175/4175 4191/4191/4191 4192/4192/4192
f 4175/4175/4175 4192/4192/4192 4176/4176/4176
f 4174/4174/4174 4190/4190/4190 4191/4191/4191
f 4174/4174/4174 4191/4191/4191 4175/4175/4175
f 4173/4173/4173 4189/4189/4189 4090/4090/4090
f 4173/4173/4173 4090/4090/4090 4813/4813/4813
f 4171/4171/4171 4187/4187/4187 4188/4188/4188
f 4171/4171/4171 4188/4188/4188 4172/4172/4172
f 4168/4168/4168 4184/4184/4184 4185/4185/4185
f 4168/4168/4168 4185/4185/4185 4169/4169/4169
f 4185/4185/4185 4201/4201/4201 4202/4202/4202
f 4185/4185/4185 4202/4202/4202 4186/4186/4186
f 4167/4167/4167 4183/4183/4183 4184/4184/4184
f 4167/4167/4167 4184/4184/4184 4168/4168/4168
f 4166/4166/4166 4182/4182/4182 4183/4183/4183
f 4166/4166/4166 4183/4183/4183 4167/4167/4167
f 4165/4165/4165 4181/4181/4181 4182/4182/4182
f 4165/4165/4165 4182/4182/4182 4166/4166/4166
f 4164/4164/4164 4180/4180/4180 4181/4181/4181
f 4164/4164/4164 4181/4181/4181 4165/4165/4165
f 4163/4163/4163 4179/4179/4179 4180/4180/4180
f 4163/4163/4163 4180/4180/4180 4164/4164/4164
f 4162/4162/4162 4178/4178/4178 4179/4179/4179
f 4162/4162/4162 4179/4179/4179 4163/4163/4163
f 4161/4161/4161 4177/4177/4177 4178/4178/4178
f 4161/4161/4161 4178/4178/4178 4162/4162/4162
f 4160/4160/4160 4176/4176/4176 4177/4177/4177
f 4160/4160/4160 4177/4177/4177 4161/4161/4161
f 4159/4159/4159 4175/4175/4175 4176/4176/4176
f 4159/4159/4159 4176/4176/4176 4160/4160/4160
f 4158/4158/4158 4174/4174/4174 4175/4175/4175
f 4158/4158/4158 4175/4175/4175 4159/4159/4159
f 4157/4157/4157 4173/4173/4173 4813/4813/4813
f 4157/4157/4157 4813/4813/4813 4088/4088/4088
f 4155/4155/4155 4171/4171/4171 4172/4172/4172
f 4155/4155/4155 4172/4172/4172 4156/4156/4156
f 4152/4152/4152 4168/4168/4168 4169/4169/4169
f 4152/4152/4152 4169/4169/4169 4153/4153/4153
f 4169/4169/4169 4185/4185/4185 4186/4186/4186
f 4169/4169/4169 4186/4186/4186 4170/4170/4170
f 4151/4151/4151 4167/4167/4167 4168/4168/4168
f 4151/4151/4151 4168/4168/4168 4152/4152/4152
f 4150/4150/4150 4166/4166/4166 4167/4167/4167
f 4150/4150/4150 4167/4167/4167 4151/4151/4151
f 4149/4149/4149 4165/4165/4165 4166/4166/4166
f 4149/4149/4149 4166/4166/4166 4150/4150/4150
f 4148/4148/4148 4164/4164/4164 4165/4165/4165
f 4148/4148/4148 4165/4165/4165 4149/4149/4149
f 4147/4147/4147 4163/4163/4163 4164/4164/4164
f 4147/4147/4147 4164/4164/4164 4148/4148/4148
f 4146/4146/4146 4162/4162/4162 4163/4163/4163
f 4146/4146/4146 4163/4163/4163 4147/4147/4147
f 4145/4145/4145 4161/4161/4161 4162/4162/4162
f 4145/4145/4145 4162/4162/4162 4146/4146/4146
f 4144/4144/4144 4160/4160/4160 4161/4161/4161
f 4144/4144/4144 4161/4161/4161 4145/4145/4145
f 4143/4143/4143 4159/4159/4159 4160/4160/4160
f 4143/4143/4143 4160/4160/4160 4144/4144/4144
f 4142/4142/4142 4158/4158/4158 4159/4159/4159
f 4142/4142/4142 4159/4159/4159 4143/4143/4143
f 4140/4140/4140 4157/4157/4157 4088/4088/4088
f 4140/4140/4140 4088/4088/4088 4067/4067/4067
f 4136/4136/4136 4155/4155/4155 4156/4156/4156
f 4136/4136/4136 4156/4156/4156 4138/4138/4138
f 4153/4153/4153 4169/4169/4169 4170/4170/4170
f 4153/4153/4153 4170/4170/4170 4154/4154/4154
f 4394/4394/4394 4411/4411/4411 4413/4413/4413
f 4394/4394/4394 4413/4413/4413 4395/4395/4395
f 4132/4132/4132 4153/4153/4153 4154/4154/4154
f 4132/4132/4132 4154/4154/4154 4134/4134/4134
f 4130/4130/4130 4152/4152/4152 4153/4153/4153
f 4130/4130/4130 4153/4153/4153 4132/4132/4132
f 3982/3982/3982 4151/4151/4151 4152/4152/4152
f 3982/3982/3982 4152/4152/4152 4130/4130/4130
f 4128/4128/4128 4150/4150/4150 4151/4151/4151
f 4128/4128/4128 4151/4151/4151 3982/3982/3982
f 3980/3980/3980 4149/4149/4149 4150/4150/4150
f 3980/3980/3980 4150/4150/4150 4128/4128/4128
f 4126/4126/4126 4148/4148/4148 4149/4149/4149
f 4126/4126/4126 4149/4149/4149 3980/3980/3980
f 4124/4124/4124 4147/4147/4147 4148/4148/4148
f 4124/4124/4124 4148/4148/4148 4126/4126/4126
f 4122/4122/4122 4146/4146/4146 4147/4147/4147
f 4122/4122/4122 4147/4147/4147 4124/4124/4124
f 3978/3978/3978 4145/4145/4145 4146/4146/4146
f 3978/3978/3978 4146/4146/4146 4122/4122/4122
f 4120/4120/4120 4144/4144/4144 4145/4145/4145
f 4120/4120/4120 4145/4145/4145 3978/3978/3978
f 3976/3976/3976 4143/4143/4143 4144/4144/4144
f 3976/3976/3976 4144/4144/4144 4120/4120/4120
f 3974/3974/3974 4142/4142/4142 4143/4143/4143
f 3974/3974/3974 4143/4143/4143 3976/3976/3976
f 4397/4397/4397 4417/4417/4417 4810/4810/4810
f 4397/4397/4397 4810/4810/4810 4825/4825/4825
f 4138/4138/4138 4156/4156/4156 4157/4157/4157
f 4138/4138/4138 4157/4157/4157 4140/4140/4140
f 4418/4418/4418 4416/4416/4416 4440/4440/4440
f 4418/4418/4418 4440/4440/4440 4437/4437/4437
f 4812/4812/4812 4418/4418/4418 4437/4437/4437
f 4812/4812/4812 4437/4437/4437 4838/4838/4838
f 4480/4480/4480 4483/4483/4483 4484/4484/4484
f 4480/4480/4480 4484/4484/4484 4481/4481/4481
f 4481/4481/4481 4484/4484/4484 4420/4420/4420
f 4481/4481/4481 4420/4420/4420 4531/4531/4531
f 4441/4441/4441 4442/4442/4442 4439/4439/4439
f 4441/4441/4441 4439/4439/4439 4438/4438/4438
f 4416/4416/4416 4414/4414/4414 4443/4443/4443
f 4416/4416/4416 4443/4443/4443 4440/4440/4440
f 4414/4414/4414 4412/4412/4412 4446/4446/4446
f 4414/4414/4414 4446/4446/4446 4443/4443/4443
f 4441/4441/4441 4444/4444/4444 4445/4445/4445
f 4441/4441/4441 4445/4445/4445 4442/4442/4442
f 4440/4440/4440 4443/4443/4443 4444/4444/4444
f 4440/4440/4440 4444/4444/4444 4441/4441/4441
f 3919/3919/3919 3921/3921/3921 4484/4484/4484
f 3919/3919/3919 4484/4484/4484 4483/4483/4483
f 4412/4412/4412 4119/4119/4119 4449/4449/4449
f 4412/4412/4412 4449/4449/4449 4446/4446/4446
f 4444/4444/4444 4447/4447/4447 4448/4448/4448
f 4444/4444/4444 4448/4448/4448 4445/4445/4445
f 4444/4444/4444 4443/4443/4443 4446/4446/4446
f 4444/4444/4444 4446/4446/4446 4447/4447/4447
f 4438/4438/4438 4437/4437/4437 4440/4440/4440
f 4438/4438/4438 4440/4440/4440 4441/4441/4441
f 4119/4119/4119 4410/4410/4410 4452/4452/4452
f 4119/4119/4119 4452/4452/4452 4449/4449/4449
f 4447/4447/4447 4450/4450/4450 4451/4451/4451
f 4447/4447/4447 4451/4451/4451 4448/4448/4448
f 4447/4447/4447 4446/4446/4446 4449/4449/4449
f 4447/4447/4447 4449/4449/4449 4450/4450/4450
f 4436/4436/4436 4439/4439/4439 4545/4545/4545
f 4436/4436/4436 4545/4545/4545 4487/4487/4487
f 4410/4410/4410 4408/4408/4408 4455/4455/4455
f 4410/4410/4410 4455/4455/4455 4452/4452/4452
f 4450/4450/4450 4453/4453/4453 4454/4454/4454
f 4450/4450/4450 4454/4454/4454 4451/4451/4451
f 4450/4450/4450 4449/4449/4449 4452/4452/4452
f 4450/4450/4450 4452/4452/4452 4453/4453/4453
f 4439/4439/4439 4442/4442/4442 4543/4543/4543
f 4439/4439/4439 4543/4543/4543 4545/4545/4545
f 4408/4408/4408 4117/4117/4117 4458/4458/4458
f 4408/4408/4408 4458/4458/4458 4455/4455/4455
f 4453/4453/4453 4456/4456/4456 4457/4457/4457
f 4453/4453/4453 4457/4457/4457 4454/4454/4454
f 4453/4453/4453 4452/4452/4452 4455/4455/4455
f 4453/4453/4453 4455/4455/4455 4456/4456/4456
f 4442/4442/4442 4445/4445/4445 4434/4434/4434
f 4442/4442/4442 4434/4434/4434 4543/4543/4543
f 4117/4117/4117 4406/4406/4406 4461/4461/4461
f 4117/4117/4117 4461/4461/4461 4458/4458/4458
f 4456/4456/4456 4459/4459/4459 4460/4460/4460
f 4456/4456/4456 4460/4460/4460 4457/4457/4457
f 4456/4456/4456 4455/4455/4455 4458/4458/4458
f 4456/4456/4456 4458/4458/4458 4459/4459/4459
f 4445/4445/4445 4448/4448/4448 4432/4432/4432
f 4445/4445/4445 4432/4432/4432 4434/4434/4434
f 4406/4406/4406 4115/4115/4115 4464/4464/4464
f 4406/4406/4406 4464/4464/4464 4461/4461/4461
f 4459/4459/4459 4462/4462/4462 4463/4463/4463
f 4459/4459/4459 4463/4463/4463 4460/4460/4460
f 4459/4459/4459 4458/4458/4458 4461/4461/4461
f 4459/4459/4459 4461/4461/4461 4462/4462/4462
f 4448/4448/4448 4451/4451/4451 4430/4430/4430
f 4448/4448/4448 4430/4430/4430 4432/4432/4432
f 4115/4115/4115 4113/4113/4113 4467/4467/4467
f 4115/4115/4115 4467/4467/4467 4464/4464/4464
f 4462/4462/4462 4465/4465/4465 4466/4466/4466
f 4462/4462/4462 4466/4466/4466 4463/4463/4463
f 4462/4462/4462 4461/4461/4461 4464/4464/4464
f 4462/4462/4462 4464/4464/4464 4465/4465/4465
f 4451/4451/4451 4454/4454/4454 4428/4428/4428
f 4451/4451/4451 4428/4428/4428 4430/4430/4430
f 4113/4113/4113 4404/4404/4404 4470/4470/4470
f 4113/4113/4113 4470/4470/4470 4467/4467/4467
f 4465/4465/4465 4468/4468/4468 4469/4469/4469
f 4465/4465/4465 4469/4469/4469 4466/4466/4466
f 4465/4465/4465 4464/4464/4464 4467/4467/4467
f 4465/4465/4465 4467/4467/4467 4468/4468/4468
f 4454/4454/4454 4457/4457/4457 4426/4426/4426
f 4454/4454/4454 4426/4426/4426 4428/4428/4428
f 4404/4404/4404 4111/4111/4111 4473/4473/4473
f 4404/4404/4404 4473/4473/4473 4470/4470/4470
f 4468/4468/4468 4471/4471/4471 4472/4472/4472
f 4468/4468/4468 4472/4472/4472 4469/4469/4469
f 4468/4468/4468 4467/4467/4467 4470/4470/4470
f 4468/4468/4468 4470/4470/4470 4471/4471/4471
f 4457/4457/4457 4460/4460/4460 4541/4541/4541
f 4457/4457/4457 4541/4541/4541 4426/4426/4426
f 4111/4111/4111 4402/4402/4402 4476/4476/4476
f 4111/4111/4111 4476/4476/4476 4473/4473/4473
f 4474/4474/4474 4475/4475/4475 4472/4472/4472
f 4474/4474/4474 4472/4472/4472 4471/4471/4471
f 4471/4471/4471 4470/4470/4470 4473/4473/4473
f 4471/4471/4471 4473/4473/4473 4474/4474/4474
f 4460/4460/4460 4463/4463/4463 4539/4539/4539
f 4460/4460/4460 4539/4539/4539 4541/4541/4541
f 4402/4402/4402 4109/4109/4109 4479/4479/4479
f 4402/4402/4402 4479/4479/4479 4476/4476/4476
f 4482/4482/4482 4107/4107/4107 3886/3886/3886
f 4482/4482/4482 3886/3886/3886 3917/3917/3917
f 4474/4474/4474 4477/4477/4477 4478/4478/4478
f 4474/4474/4474 4478/4478/4478 4475/4475/4475
f 4474/4474/4474 4473/4473/4473 4476/4476/4476
f 4474/4474/4474 4476/4476/4476 4477/4477/4477
f 4463/4463/4463 4466/4466/4466 4537/4537/4537
f 4463/4463/4463 4537/4537/4537 4539/4539/4539
f 4109/4109/4109 4107/4107/4107 4482/4482/4482
f 4109/4109/4109 4482/4482/4482 4479/4479/4479
f 4483/4483/4483 4482/4482/4482 3917/3917/3917
f 4483/4483/4483 3917/3917/3917 3919/3919/3919
f 4477/4477/4477 4480/4480/4480 4481/4481/4481
f 4477/4477/4477 4481/4481/4481 4478/4478/4478
f 4477/4477/4477 4476/4476/4476 4479/4479/4479
f 4477/4477/4477 4479/4479/4479 4480/4480/4480
f 4466/4466/4466 4469/4469/4469 4424/4424/4424
f 4466/4466/4466 4424/4424/4424 4537/4537/4537
f 4478/4478/4478 4481/4481/4481 4531/4531/4531
f 4478/4478/4478 4531/4531/4531 4422/4422/4422
f 4475/4475/4475 4478/4478/4478 4422/4422/4422
f 4475/4475/4475 4422/4422/4422 4533/4533/4533
f 4479/4479/4479 4482/4482/4482 4483/4483/4483
f 4479/4479/4479 4483/4483/4483 4480/4480/4480
f 4469/4469/4469 4472/4472/4472 4535/4535/4535
f 4469/4469/4469 4535/4535/4535 4424/4424/4424
f 4438/4438/4438 4439/4439/4439 4436/4436/4436
f 4438/4438/4438 4436/4436/4436 4840/4840/4840
f 4472/4472/4472 4475/4475/4475 4533/4533/4533
f 4472/4472/4472 4533/4533/4533 4535/4535/4535
f 4399/4399/4399 4420/4420/4420 4484/4484/4484
f 4399/4399/4399 4484/4484/4484 3921/3921/3921
f 4437/4437/4437 4438/4438/4438 4840/4840/4840
f 4437/4437/4437 4840/4840/4840 4838/4838/4838
f 4585/4585/4585 4601/4601/4601 4504/4504/4504
f 4585/4585/4585 4504/4504/4504 3915/3915/3915
f 4004/4004/4004 4006/4006/4006 4554/4554/4554
f 4004/4004/4004 4554/4554/4554 4555/4555/4555
f 4617/4617/4617 4633/4633/4633 3913/3913/3913
f 4617/4617/4617 3913/3913/3913 4502/4502/4502
f 4433/4433/4433 4431/4431/4431 4797/4797/4797
f 4433/4433/4433 4797/4797/4797 4796/4796/4796
f 4571/4571/4571 4572/4572/4572 4556/4556/4556
f 4571/4571/4571 4556/4556/4556 4555/4555/4555
f 4587/4587/4587 4588/4588/4588 4572/4572/4572
f 4587/4587/4587 4572/4572/4572 4571/4571/4571
f 4603/4603/4603 4604/4604/4604 4588/4588/4588
f 4603/4603/4603 4588/4588/4588 4587/4587/4587
f 4619/4619/4619 4620/4620/4620 4604/4604/4604
f 4619/4619/4619 4604/4604/4604 4603/4603/4603
f 4635/4635/4635 4636/4636/4636 4620/4620/4620
f 4635/4635/4635 4620/4620/4620 4619/4619/4619
f 4651/4651/4651 4652/4652/4652 4636/4636/4636
f 4651/4651/4651 4636/4636/4636 4635/4635/4635
f 4667/4667/4667 4668/4668/4668 4652/4652/4652
f 4667/4667/4667 4652/4652/4652 4651/4651/4651
f 4683/4683/4683 4684/4684/4684 4668/4668/4668
f 4683/4683/4683 4668/4668/4668 4667/4667/4667
f 4699/4699/4699 4700/4700/4700 4684/4684/4684
f 4699/4699/4699 4684/4684/4684 4683/4683/4683
f 4715/4715/4715 4716/4716/4716 4700/4700/4700
f 4715/4715/4715 4700/4700/4700 4699/4699/4699
f 4731/4731/4731 4732/4732/4732 4716/4716/4716
f 4731/4731/4731 4716/4716/4716 4715/4715/4715
f 4747/4747/4747 4748/4748/4748 4732/4732/4732
f 4747/4747/4747 4732/4732/4732 4731/4731/4731
f 4763/4763/4763 4764/4764/4764 4748/4748/4748
f 4763/4763/4763 4748/4748/4748 4747/4747/4747
f 4779/4779/4779 4780/4780/4780 4764/4764/4764
f 4779/4779/4779 4764/4764/4764 4763/4763/4763
f 4795/4795/4795 4796/4796/4796 4780/4780/4780
f 4795/4795/4795 4780/4780/4780 4779/4779/4779
f 4569/4569/4569 4585/4585/4585 3915/3915/3915
f 4569/4569/4569 3915/3915/3915 4506/4506/4506
f 4570/4570/4570 4571/4571/4571 4555/4555/4555
f 4570/4570/4570 4555/4555/4555 4554/4554/4554
f 4633/4633/4633 4649/4649/4649 3911/3911/3911
f 4633/4633/4633 3911/3911/3911 3913/3913/3913
f 4542/4542/4542 4433/4433/4433 4796/4796/4796
f 4542/4542/4542 4796/4796/4796 4795/4795/4795
f 4601/4601/4601 4617/4617/4617 4502/4502/4502
f 4601/4601/4601 4502/4502/4502 4504/4504/4504
f 4586/4586/4586 4587/4587/4587 4571/4571/4571
f 4586/4586/4586 4571/4571/4571 4570/4570/4570
f 4649/4649/4649 4665/4665/4665 3909/3909/3909
f 4649/4649/4649 3909/3909/3909 3911/3911/3911
f 4550/4550/4550 4552/4552/4552 4557/4557/4557
f 4550/4550/4550 4557/4557/4557 4558/4558/4558
f 4602/4602/4602 4603/4603/4603 4587/4587/4587
f 4602/4602/4602 4587/4587/4587 4586/4586/4586
f 4665/4665/4665 4681/4681/4681 3907/3907/3907
f 4665/4665/4665 3907/3907/3907 3909/3909/3909
f 4573/4573/4573 4574/4574/4574 4558/4558/4558
f 4573/4573/4573 4558/4558/4558 4557/4557/4557
f 4618/4618/4618 4619/4619/4619 4603/4603/4603
f 4618/4618/4618 4603/4603/4603 4602/4602/4602
f 4681/4681/4681 4697/4697/4697 4500/4500/4500
f 4681/4681/4681 4500/4500/4500 3907/3907/3907
f 4589/4589/4589 4590/4590/4590 4574/4574/4574
f 4589/4589/4589 4574/4574/4574 4573/4573/4573
f 4634/4634/4634 4635/4635/4635 4619/4619/4619
f 4634/4634/4634 4619/4619/4619 4618/4618/4618
f 4697/4697/4697 4713/4713/4713 4498/4498/4498
f 4697/4697/4697 4498/4498/4498 4500/4500/4500
f 4605/4605/4605 4606/4606/4606 4590/4590/4590
f 4605/4605/4605 4590/4590/4590 4589/4589/4589
f 4650/4650/4650 4651/4651/4651 4635/4635/4635
f 4650/4650/4650 4635/4635/4635 4634/4634/4634
f 4713/4713/4713 4729/4729/4729 4496/4496/4496
f 4713/4713/4713 4496/4496/4496 4498/4498/4498
f 4621/4621/4621 4622/4622/4622 4606/4606/4606
f 4621/4621/4621 4606/4606/4606 4605/4605/4605
f 4666/4666/4666 4667/4667/4667 4651/4651/4651
f 4666/4666/4666 4651/4651/4651 4650/4650/4650
f 4729/4729/4729 4745/4745/4745 4494/4494/4494
f 4729/4729/4729 4494/4494/4494 4496/4496/4496
f 4637/4637/4637 4638/4638/4638 4622/4622/4622
f 4637/4637/4637 4622/4622/4622 4621/4621/4621
f 4682/4682/4682 4683/4683/4683 4667/4667/4667
f 4682/4682/4682 4667/4667/4667 4666/4666/4666
f 4745/4745/4745 4761/4761/4761 4492/4492/4492
f 4745/4745/4745 4492/4492/4492 4494/4494/4494
f 4653/4653/4653 4654/4654/4654 4638/4638/4638
f 4653/4653/4653 4638/4638/4638 4637/4637/4637
f 4698/4698/4698 4699/4699/4699 4683/4683/4683
f 4698/4698/4698 4683/4683/4683 4682/4682/4682
f 4761/4761/4761 4777/4777/4777 3905/3905/3905
f 4761/4761/4761 3905/3905/3905 4492/4492/4492
f 4669/4669/4669 4670/4670/4670 4654/4654/4654
f 4669/4669/4669 4654/4654/4654 4653/4653/4653
f 4714/4714/4714 4715/4715/4715 4699/4699/4699
f 4714/4714/4714 4699/4699/4699 4698/4698/4698
f 4777/4777/4777 4793/4793/4793 4490/4490/4490
f 4777/4777/4777 4490/4490/4490 3905/3905/3905
f 4685/4685/4685 4686/4686/4686 4670/4670/4670
f 4685/4685/4685 4670/4670/4670 4669/4669/4669
f 4730/4730/4730 4731/4731/4731 4715/4715/4715
f 4730/4730/4730 4715/4715/4715 4714/4714/4714
f 4809/4809/4809 4488/4488/4488 4490/4490/4490
f 4809/4809/4809 4490/4490/4490 4793/4793/4793
f 4701/4701/4701 4702/4702/4702 4686/4686/4686
f 4701/4701/4701 4686/4686/4686 4685/4685/4685
f 4746/4746/4746 4747/4747/4747 4731/4731/4731
f 4746/4746/4746 4731/4731/4731 4730/4730/4730
f 4528/4528/4528 4794/4794/4794 4778/4778/4778
f 4528/4528/4528 4778/4778/4778 4526/4526/4526
f 4717/4717/4717 4718/4718/4718 4702/4702/4702
f 4717/4717/4717 4702/4702/4702 4701/4701/4701
f 4762/4762/4762 4763/4763/4763 4747/4747/4747
f 4762/4762/4762 4747/4747/4747 4746/4746/4746
f 4733/4733/4733 4734/4734/4734 4718/4718/4718
f 4733/4733/4733 4718/4718/4718 4717/4717/4717
f 4778/4778/4778 4779/4779/4779 4763/4763/4763
f 4778/4778/4778 4763/4763/4763 4762/4762/4762
f 4749/4749/4749 4750/4750/4750 4734/4734/4734
f 4749/4749/4749 4734/4734/4734 4733/4733/4733
f 4794/4794/4794 4795/4795/4795 4779/4779/4779
f 4794/4794/4794 4779/4779/4779 4778/4778/4778
f 4765/4765/4765 4766/4766/4766 4750/4750/4750
f 4765/4765/4765 4750/4750/4750 4749/4749/4749
f 4002/4002/4002 4004/4004/4004 4555/4555/4555
f 4002/4002/4002 4555/4555/4555 4556/4556/4556
f 4506/4506/4506 3888/3888/3888 3984/3984/3984
f 4506/4506/4506 3984/3984/3984 4569/4569/4569
f 4544/4544/4544 4542/4542/4542 4795/4795/4795
f 4544/4544/4544 4795/4795/4795 4794/4794/4794
f 4796/4796/4796 4797/4797/4797 4781/4781/4781
f 4796/4796/4796 4781/4781/4781 4780/4780/4780
f 4797/4797/4797 4798/4798/4798 4782/4782/4782
f 4797/4797/4797 4782/4782/4782 4781/4781/4781
f 4798/4798/4798 4799/4799/4799 4783/4783/4783
f 4798/4798/4798 4783/4783/4783 4782/4782/4782
f 4799/4799/4799 4800/4800/4800 4784/4784/4784
f 4799/4799/4799 4784/4784/4784 4783/4783/4783
f 4800/4800/4800 4801/4801/4801 4785/4785/4785
f 4800/4800/4800 4785/4785/4785 4784/4784/4784
f 4801/4801/4801 4802/4802/4802 4786/4786/4786
f 4801/4801/4801 4786/4786/4786 4785/4785/4785
f 4802/4802/4802 4803/4803/4803 4787/4787/4787
f 4802/4802/4802 4787/4787/4787 4786/4786/4786
f 4803/4803/4803 4804/4804/4804 4788/4788/4788
f 4803/4803/4803 4788/4788/4788 4787/4787/4787
f 4804/4804/4804 4805/4805/4805 4789/4789/4789
f 4804/4804/4804 4789/4789/4789 4788/4788/4788
f 4805/4805/4805 4806/4806/4806 4790/4790/4790
f 4805/4805/4805 4790/4790/4790 4789/4789/4789
f 4806/4806/4806 4807/4807/4807 4791/4791/4791
f 4806/4806/4806 4791/4791/4791 4790/4790/4790
f 4807/4807/4807 4808/4808/4808 4792/4792/4792
f 4807/4807/4807 4792/4792/4792 4791/4791/4791
f 4808/4808/4808 4809/4809/4809 4793/4793/4793
f 4808/4808/4808 4793/4793/4793 4792/4792/4792
f 4526/4526/4526 4778/4778/4778 4762/4762/4762
f 4526/4526/4526 4762/4762/4762 4524/4524/4524
f 4766/4766/4766 4767/4767/4767 4751/4751/4751
f 4766/4766/4766 4751/4751/4751 4750/4750/4750
f 4780/4780/4780 4781/4781/4781 4765/4765/4765
f 4780/4780/4780 4765/4765/4765 4764/4764/4764
f 4767/4767/4767 4768/4768/4768 4752/4752/4752
f 4767/4767/4767 4752/4752/4752 4751/4751/4751
f 4781/4781/4781 4782/4782/4782 4766/4766/4766
f 4781/4781/4781 4766/4766/4766 4765/4765/4765
f 4768/4768/4768 4769/4769/4769 4753/4753/4753
f 4768/4768/4768 4753/4753/4753 4752/4752/4752
f 4782/4782/4782 4783/4783/4783 4767/4767/4767
f 4782/4782/4782 4767/4767/4767 4766/4766/4766
f 4769/4769/4769 4770/4770/4770 4754/4754/4754
f 4769/4769/4769 4754/4754/4754 4753/4753/4753
f 4783/4783/4783 4784/4784/4784 4768/4768/4768
f 4783/4783/4783 4768/4768/4768 4767/4767/4767
f 4770/4770/4770 4771/4771/4771 4755/4755/4755
f 4770/4770/4770 4755/4755/4755 4754/4754/4754
f 4784/4784/4784 4785/4785/4785 4769/4769/4769
f 4784/4784/4784 4769/4769/4769 4768/4768/4768
f 4771/4771/4771 4772/4772/4772 4756/4756/4756
f 4771/4771/4771 4756/4756/4756 4755/4755/4755
f 4785/4785/4785 4786/4786/4786 4770/4770/4770
f 4785/4785/4785 4770/4770/4770 4769/4769/4769
f 4772/4772/4772 4773/4773/4773 4757/4757/4757
f 4772/4772/4772 4757/4757/4757 4756/4756/4756
f 4786/4786/4786 4787/4787/4787 4771/4771/4771
f 4786/4786/4786 4771/4771/4771 4770/4770/4770
f 4773/4773/4773 4774/4774/4774 4758/4758/4758
f 4773/4773/4773 4758/4758/4758 4757/4757/4757
f 4787/4787/4787 4788/4788/4788 4772/4772/4772
f 4787/4787/4787 4772/4772/4772 4771/4771/4771
f 4774/4774/4774 4775/4775/4775 4759/4759/4759
f 4774/4774/4774 4759/4759/4759 4758/4758/4758
f 4788/4788/4788 4789/4789/4789 4773/4773/4773
f 4788/4788/4788 4773/4773/4773 4772/4772/4772
f 4775/4775/4775 4776/4776/4776 4760/4760/4760
f 4775/4775/4775 4760/4760/4760 4759/4759/4759
f 4789/4789/4789 4790/4790/4790 4774/4774/4774
f 4789/4789/4789 4774/4774/4774 4773/4773/4773
f 4776/4776/4776 4777/4777/4777 4761/4761/4761
f 4776/4776/4776 4761/4761/4761 4760/4760/4760
f 4790/4790/4790 4791/4791/4791 4775/4775/4775
f 4790/4790/4790 4775/4775/4775 4774/4774/4774
f 4835/4835/4835 4746/4746/4746 4730/4730/4730
f 4835/4835/4835 4730/4730/4730 4522/4522/4522
f 4791/4791/4791 4792/4792/4792 4776/4776/4776
f 4791/4791/4791 4776/4776/4776 4775/4775/4775
f 4792/4792/4792 4793/4793/4793 4777/4777/4777
f 4792/4792/4792 4777/4777/4777 4776/4776/4776
f 4524/4524/4524 4762/4762/4762 4746/4746/4746
f 4524/4524/4524 4746/4746/4746 4835/4835/4835
f 4750/4750/4750 4751/4751/4751 4735/4735/4735
f 4750/4750/4750 4735/4735/4735 4734/4734/4734
f 4764/4764/4764 4765/4765/4765 4749/4749/4749
f 4764/4764/4764 4749/4749/4749 4748/4748/4748
f 4751/4751/4751 4752/4752/4752 4736/4736/4736
f 4751/4751/4751 4736/4736/4736 4735/4735/4735
f 4752/4752/4752 4753/4753/4753 4737/4737/4737
f 4752/4752/4752 4737/4737/4737 4736/4736/4736
f 4753/4753/4753 4754/4754/4754 4738/4738/4738
f 4753/4753/4753 4738/4738/4738 4737/4737/4737
f 4754/4754/4754 4755/4755/4755 4739/4739/4739
f 4754/4754/4754 4739/4739/4739 4738/4738/4738
f 4755/4755/4755 4756/4756/4756 4740/4740/4740
f 4755/4755/4755 4740/4740/4740 4739/4739/4739
f 4756/4756/4756 4757/4757/4757 4741/4741/4741
f 4756/4756/4756 4741/4741/4741 4740/4740/4740
f 4757/4757/4757 4758/4758/4758 4742/4742/4742
f 4757/4757/4757 4742/4742/4742 4741/4741/4741
f 4758/4758/4758 4759/4759/4759 4743/4743/4743
f 4758/4758/4758 4743/4743/4743 4742/4742/4742
f 4759/4759/4759 4760/4760/4760 4744/4744/4744
f 4759/4759/4759 4744/4744/4744 4743/4743/4743
f 4760/4760/4760 4761/4761/4761 4745/4745/4745
f 4760/4760/4760 4745/4745/4745 4744/4744/4744
f 4522/4522/4522 4730/4730/4730 4714/4714/4714
f 4522/4522/4522 4714/4714/4714 4520/4520/4520
f 4734/4734/4734 4735/4735/4735 4719/4719/4719
f 4734/4734/4734 4719/4719/4719 4718/4718/4718
f 4748/4748/4748 4749/4749/4749 4733/4733/4733
f 4748/4748/4748 4733/4733/4733 4732/4732/4732
f 4735/4735/4735 4736/4736/4736 4720/4720/4720
f 4735/4735/4735 4720/4720/4720 4719/4719/4719
f 4736/4736/4736 4737/4737/4737 4721/4721/4721
f 4736/4736/4736 4721/4721/4721 4720/4720/4720
f 4737/4737/4737 4738/4738/4738 4722/4722/4722
f 4737/4737/4737 4722/4722/4722 4721/4721/4721
f 4738/4738/4738 4739/4739/4739 4723/4723/4723
f 4738/4738/4738 4723/4723/4723 4722/4722/4722
f 4739/4739/4739 4740/4740/4740 4724/4724/4724
f 4739/4739/4739 4724/4724/4724 4723/4723/4723
f 4740/4740/4740 4741/4741/4741 4725/4725/4725
f 4740/4740/4740 4725/4725/4725 4724/4724/4724
f 4741/4741/4741 4742/4742/4742 4726/4726/4726
f 4741/4741/4741 4726/4726/4726 4725/4725/4725
f 4742/4742/4742 4743/4743/4743 4727/4727/4727
f 4742/4742/4742 4727/4727/4727 4726/4726/4726
f 4743/4743/4743 4744/4744/4744 4728/4728/4728
f 4743/4743/4743 4728/4728/4728 4727/4727/4727
f 4744/4744/4744 4745/4745/4745 4729/4729/4729
f 4744/4744/4744 4729/4729/4729 4728/4728/4728
f 4520/4520/4520 4714/4714/4714 4698/4698/4698
f 4520/4520/4520 4698/4698/4698 4518/4518/4518
f 4718/4718/4718 4719/4719/4719 4703/4703/4703
f 4718/4718/4718 4703/4703/4703 4702/4702/4702
f 4732/4732/4732 4733/4733/4733 4717/4717/4717
f 4732/4732/4732 4717/4717/4717 4716/4716/4716
f 4719/4719/4719 4720/4720/4720 4704/4704/4704
f 4719/4719/4719 4704/4704/4704 4703/4703/4703
f 4720/4720/4720 4721/4721/4721 4705/4705/4705
f 4720/4720/4720 4705/4705/4705 4704/4704/4704
f 4721/4721/4721 4722/4722/4722 4706/4706/4706
f 4721/4721/4721 4706/4706/4706 4705/4705/4705
f 4722/4722/4722 4723/4723/4723 4707/4707/4707
f 4722/4722/4722 4707/4707/4707 4706/4706/4706
f 4723/4723/4723 4724/4724/4724 4708/4708/4708
f 4723/4723/4723 4708/4708/4708 4707/4707/4707
f 4724/4724/4724 4725/4725/4725 4709/4709/4709
f 4724/4724/4724 4709/4709/4709 4708/4708/4708
f 4725/4725/4725 4726/4726/4726 4710/4710/4710
f 4725/4725/4725 4710/4710/4710 4709/4709/4709
f 4726/4726/4726 4727/4727/4727 4711/4711/4711
f 4726/4726/4726 4711/4711/4711 4710/4710/4710
f 4727/4727/4727 4728/4728/4728 4712/4712/4712
f 4727/4727/4727 4712/4712/4712 4711/4711/4711
f 4728/4728/4728 4729/4729/4729 4713/4713/4713
f 4728/4728/4728 4713/4713/4713 4712/4712/4712
f 4518/4518/4518 4698/4698/4698 4682/4682/4682
f 4518/4518/4518 4682/4682/4682 4833/4833/4833
f 4702/4702/4702 4703/4703/4703 4687/4687/4687
f 4702/4702/4702 4687/4687/4687 4686/4686/4686
f 4716/4716/4716 4717/4717/4717 4701/4701/4701
f 4716/4716/4716 4701/4701/4701 4700/4700/4700
f 4703/4703/4703 4704/4704/4704 4688/4688/4688
f 4703/4703/4703 4688/4688/4688 4687/4687/4687
f 4704/4704/4704 4705/4705/4705 4689/4689/4689
f 4704/4704/4704 4689/4689/4689 4688/4688/4688
f 4705/4705/4705 4706/4706/4706 4690/4690/4690
f 4705/4705/4705 4690/4690/4690 4689/4689/4689
f 4706/4706/4706 4707/4707/4707 4691/4691/4691
f 4706/4706/4706 4691/4691/4691 4690/4690/4690
f 4707/4707/4707 4708/4708/4708 4692/4692/4692
f 4707/4707/4707 4692/4692/4692 4691/4691/4691
f 4708/4708/4708 4709/4709/4709 4693/4693/4693
f 4708/4708/4708 4693/4693/4693 4692/4692/4692
f 4709/4709/4709 4710/4710/4710 4694/4694/4694
f 4709/4709/4709 4694/4694/4694 4693/4693/4693
f 4710/4710/4710 4711/4711/4711 4695/4695/4695
f 4710/4710/4710 4695/4695/4695 4694/4694/4694
f 4711/4711/4711 4712/4712/4712 4696/4696/4696
f 4711/4711/4711 4696/4696/4696 4695/4695/4695
f 4712/4712/4712 4713/4713/4713 4697/4697/4697
f 4712/4712/4712 4697/4697/4697 4696/4696/4696
f 4833/4833/4833 4682/4682/4682 4666/4666/4666
f 4833/4833/4833 4666/4666/4666 4516/4516/4516
f 4686/4686/4686 4687/4687/4687 4671/4671/4671
f 4686/4686/4686 4671/4671/4671 4670/4670/4670
f 4700/4700/4700 4701/4701/4701 4685/4685/4685
f 4700/4700/4700 4685/4685/4685 4684/4684/4684
f 4687/4687/4687 4688/4688/4688 4672/4672/4672
f 4687/4687/4687 4672/4672/4672 4671/4671/4671
f 4688/4688/4688 4689/4689/4689 4673/4673/4673
f 4688/4688/4688 4673/4673/4673 4672/4672/4672
f 4689/4689/4689 4690/4690/4690 4674/4674/4674
f 4689/4689/4689 4674/4674/4674 4673/4673/4673
f 4690/4690/4690 4691/4691/4691 4675/4675/4675
f 4690/4690/4690 4675/4675/4675 4674/4674/4674
f 4691/4691/4691 4692/4692/4692 4676/4676/4676
f 4691/4691/4691 4676/4676/4676 4675/4675/4675
f 4692/4692/4692 4693/4693/4693 4677/4677/4677
f 4692/4692/4692 4677/4677/4677 4676/4676/4676
f 4693/4693/4693 4694/4694/4694 4678/4678/4678
f 4693/4693/4693 4678/4678/4678 4677/4677/4677
f 4694/4694/4694 4695/4695/4695 4679/4679/4679
f 4694/4694/4694 4679/4679/4679 4678/4678/4678
f 4695/4695/4695 4696/4696/4696 4680/4680/4680
f 4695/4695/4695 4680/4680/4680 4679/4679/4679
f 4696/4696/4696 4697/4697/4697 4681/4681/4681
f 4696/4696/4696 4681/4681/4681 4680/4680/4680
f 4516/4516/4516 4666/4666/4666 4650/4650/4650
f 4516/4516/4516 4650/4650/4650 4514/4514/4514
f 4670/4670/4670 4671/4671/4671 4655/4655/4655
f 4670/4670/4670 4655/4655/4655 4654/4654/4654
f 4684/4684/4684 4685/4685/4685 4669/4669/4669
f 4684/4684/4684 4669/4669/4669 4668/4668/4668
f 4671/4671/4671 4672/4672/4672 4656/4656/4656
f 4671/4671/4671 4656/4656/4656 4655/4655/4655
f 4672/4672/4672 4673/4673/4673 4657/4657/4657
f 4672/4672/4672 4657/4657/4657 4656/4656/4656
f 4673/4673/4673 4674/4674/4674 4658/4658/4658
f 4673/4673/4673 4658/4658/4658 4657/4657/4657
f 4674/4674/4674 4675/4675/4675 4659/4659/4659
f 4674/4674/4674 4659/4659/4659 4658/4658/4658
f 4675/4675/4675 4676/4676/4676 4660/4660/4660
f 4675/4675/4675 4660/4660/4660 4659/4659/4659
f 4676/4676/4676 4677/4677/4677 4661/4661/4661
f 4676/4676/4676 4661/4661/4661 4660/4660/4660
f 4677/4677/4677 4678/4678/4678 4662/4662/4662
f 4677/4677/4677 4662/4662/4662 4661/4661/4661
f 4678/4678/4678 4679/4679/4679 4663/4663/4663
f 4678/4678/4678 4663/4663/4663 4662/4662/4662
f 4679/4679/4679 4680/4680/4680 4664/4664/4664
f 4679/4679/4679 4664/4664/4664 4663/4663/4663
f 4680/4680/4680 4681/4681/4681 4665/4665/4665
f 4680/4680/4680 4665/4665/4665 4664/4664/4664
f 4514/4514/4514 4650/4650/4650 4634/4634/4634
f 4514/4514/4514 4634/4634/4634 4512/4512/4512
f 4654/4654/4654 4655/4655/4655 4639/4639/4639
f 4654/4654/4654 4639/4639/4639 4638/4638/4638
f 4668/4668/4668 4669/4669/4669 4653/4653/4653
f 4668/4668/4668 4653/4653/4653 4652/4652/4652
f 4655/4655/4655 4656/4656/4656 4640/4640/4640
f 4655/4655/4655 4640/4640/4640 4639/4639/4639
f 4656/4656/4656 4657/4657/4657 4641/4641/4641
f 4656/4656/4656 4641/4641/4641 4640/4640/4640
f 4657/4657/4657 4658/4658/4658 4642/4642/4642
f 4657/4657/4657 4642/4642/4642 4641/4641/4641
f 4658/4658/4658 4659/4659/4659 4643/4643/4643
f 4658/4658/4658 4643/4643/4643 4642/4642/4642
f 4659/4659/4659 4660/4660/4660 4644/4644/4644
f 4659/4659/4659 4644/4644/4644 4643/4643/4643
f 4660/4660/4660 4661/4661/4661 4645/4645/4645
f 4660/4660/4660 4645/4645/4645 4644/4644/4644
f 4661/4661/4661 4662/4662/4662 4646/4646/4646
f 4661/4661/4661 4646/4646/4646 4645/4645/4645
f 4662/4662/4662 4663/4663/4663 4647/4647/4647
f 4662/4662/4662 4647/4647/4647 4646/4646/4646
f 4663/4663/4663 4664/4664/4664 4648/4648/4648
f 4663/4663/4663 4648/4648/4648 4647/4647/4647
f 4664/4664/4664 4665/4665/4665 4649/4649/4649
f 4664/4664/4664 4649/4649/4649 4648/4648/4648
f 4512/4512/4512 4634/4634/4634 4618/4618/4618
f 4512/4512/4512 4618/4618/4618 4831/4831/4831
f 4638/4638/4638 4639/4639/4639 4623/4623/4623
f 4638/4638/4638 4623/4623/4623 4622/4622/4622
f 4652/4652/4652 4653/4653/4653 4637/4637/4637
f 4652/4652/4652 4637/4637/4637 4636/4636/4636
f 4639/4639/4639 4640/4640/4640 4624/4624/4624
f 4639/4639/4639 4624/4624/4624 4623/4623/4623
f 4640/4640/4640 4641/4641/4641 4625/4625/4625
f 4640/4640/4640 4625/4625/4625 4624/4624/4624
f 4641/4641/4641 4642/4642/4642 4626/4626/4626
f 4641/4641/4641 4626/4626/4626 4625/4625/4625
f 4642/4642/4642 4643/4643/4643 4627/4627/4627
f 4642/4642/4642 4627/4627/4627 4626/4626/4626
f 4643/4643/4643 4644/4644/4644 4628/4628/4628
f 4643/4643/4643 4628/4628/4628 4627/4627/4627
f 4644/4644/4644 4645/4645/4645 4629/4629/4629
f 4644/4644/4644 4629/4629/4629 4628/4628/4628
f 4645/4645/4645 4646/4646/4646 4630/4630/4630
f 4645/4645/4645 4630/4630/4630 4629/4629/4629
f 4646/4646/4646 4647/4647/4647 4631/4631/4631
f 4646/4646/4646 4631/4631/4631 4630/4630/4630
f 4647/4647/4647 4648/4648/4648 4632/4632/4632
f 4647/4647/4647 4632/4632/4632 4631/4631/4631
f 4648/4648/4648 4649/4649/4649 4633/4633/4633
f 4648/4648/4648 4633/4633/4633 4632/4632/4632
f 4831/4831/4831 4618/4618/4618 4602/4602/4602
f 4831/4831/4831 4602/4602/4602 4510/4510/4510
f 4622/4622/4622 4623/4623/4623 4607/4607/4607
f 4622/4622/4622 4607/4607/4607 4606/4606/4606
f 4636/4636/4636 4637/4637/4637 4621/4621/4621
f 4636/4636/4636 4621/4621/4621 4620/4620/4620
f 4623/4623/4623 4624/4624/4624 4608/4608/4608
f 4623/4623/4623 4608/4608/4608 4607/4607/4607
f 4624/4624/4624 4625/4625/4625 4609/4609/4609
f 4624/4624/4624 4609/4609/4609 4608/4608/4608
f 4625/4625/4625 4626/4626/4626 4610/4610/4610
f 4625/4625/4625 4610/4610/4610 4609/4609/4609
f 4626/4626/4626 4627/4627/4627 4611/4611/4611
f 4626/4626/4626 4611/4611/4611 4610/4610/4610
f 4627/4627/4627 4628/4628/4628 4612/4612/4612
f 4627/4627/4627 4612/4612/4612 4611/4611/4611
f 4628/4628/4628 4629/4629/4629 4613/4613/4613
f 4628/4628/4628 4613/4613/4613 4612/4612/4612
f 4629/4629/4629 4630/4630/4630 4614/4614/4614
f 4629/4629/4629 4614/4614/4614 4613/4613/4613
f 4630/4630/4630 4631/4631/4631 4615/4615/4615
f 4630/4630/4630 4615/4615/4615 4614/4614/4614
f 4631/4631/4631 4632/4632/4632 4616/4616/4616
f 4631/4631/4631 4616/4616/4616 4615/4615/4615
f 4632/4632/4632 4633/4633/4633 4617/4617/4617
f 4632/4632/4632 4617/4617/4617 4616/4616/4616
f 4510/4510/4510 4602/4602/4602 4586/4586/4586
f 4510/4510/4510 4586/4586/4586 4829/4829/4829
f 4606/4606/4606 4607/4607/4607 4591/4591/4591
f 4606/4606/4606 4591/4591/4591 4590/4590/4590
f 4620/4620/4620 4621/4621/4621 4605/4605/4605
f 4620/4620/4620 4605/4605/4605 4604/4604/4604
f 4607/4607/4607 4608/4608/4608 4592/4592/4592
f 4607/4607/4607 4592/4592/4592 4591/4591/4591
f 4608/4608/4608 4609/4609/4609 4593/4593/4593
f 4608/4608/4608 4593/4593/4593 4592/4592/4592
f 4609/4609/4609 4610/4610/4610 4594/4594/4594
f 4609/4609/4609 4594/4594/4594 4593/4593/4593
f 4610/4610/4610 4611/4611/4611 4595/4595/4595
f 4610/4610/4610 4595/4595/4595 4594/4594/4594
f 4611/4611/4611 4612/4612/4612 4596/4596/4596
f 4611/4611/4611 4596/4596/4596 4595/4595/4595
f 4612/4612/4612 4613/4613/4613 4597/4597/4597
f 4612/4612/4612 4597/4597/4597 4596/4596/4596
f 4613/4613/4613 4614/4614/4614 4598/4598/4598
f 4613/4613/4613 4598/4598/4598 4597/4597/4597
f 4614/4614/4614 4615/4615/4615 4599/4599/4599
f 4614/4614/4614 4599/4599/4599 4598/4598/4598
f 4615/4615/4615 4616/4616/4616 4600/4600/4600
f 4615/4615/4615 4600/4600/4600 4599/4599/4599
f 4616/4616/4616 4617/4617/4617 4601/4601/4601
f 4616/4616/4616 4601/4601/4601 4600/4600/4600
f 4829/4829/4829 4586/4586/4586 4570/4570/4570
f 4829/4829/4829 4570/4570/4570 4508/4508/4508
f 4590/4590/4590 4591/4591/4591 4575/4575/4575
f 4590/4590/4590 4575/4575/4575 4574/4574/4574
f 4604/4604/4604 4605/4605/4605 4589/4589/4589
f 4604/4604/4604 4589/4589/4589 4588/4588/4588
f 4591/4591/4591 4592/4592/4592 4576/4576/4576
f 4591/4591/4591 4576/4576/4576 4575/4575/4575
f 4592/4592/4592 4593/4593/4593 4577/4577/4577
f 4592/4592/4592 4577/4577/4577 4576/4576/4576
f 4593/4593/4593 4594/4594/4594 4578/4578/4578
f 4593/4593/4593 4578/4578/4578 4577/4577/4577
f 4594/4594/4594 4595/4595/4595 4579/4579/4579
f 4594/4594/4594 4579/4579/4579 4578/4578/4578
f 4595/4595/4595 4596/4596/4596 4580/4580/4580
f 4595/4595/4595 4580/4580/4580 4579/4579/4579
f 4596/4596/4596 4597/4597/4597 4581/4581/4581
f 4596/4596/4596 4581/4581/4581 4580/4580/4580
f 4597/4597/4597 4598/4598/4598 4582/4582/4582
f 4597/4597/4597 4582/4582/4582 4581/4581/4581
f 4598/4598/4598 4599/4599/4599 4583/4583/4583
f 4598/4598/4598 4583/4583/4583 4582/4582/4582
f 4599/4599/4599 4600/4600/4600 4584/4584/4584
f 4599/4599/4599 4584/4584/4584 4583/4583/4583
f 4600/4600/4600 4601/4601/4601 4585/4585/4585
f 4600/4600/4600 4585/4585/4585 4584/4584/4584
f 4508/4508/4508 4570/4570/4570 4554/4554/4554
f 4508/4508/4508 4554/4554/4554 4827/4827/4827
f 4574/4574/4574 4575/4575/4575 4559/4559/4559
f 4574/4574/4574 4559/4559/4559 4558/4558/4558
f 4588/4588/4588 4589/4589/4589 4573/4573/4573
f 4588/4588/4588 4573/4573/4573 4572/4572/4572
f 4575/4575/4575 4576/4576/4576 4560/4560/4560
f 4575/4575/4575 4560/4560/4560 4559/4559/4559
f 4576/4576/4576 4577/4577/4577 4561/4561/4561
f 4576/4576/4576 4561/4561/4561 4560/4560/4560
f 4577/4577/4577 4578/4578/4578 4562/4562/4562
f 4577/4577/4577 4562/4562/4562 4561/4561/4561
f 4578/4578/4578 4579/4579/4579 4563/4563/4563
f 4578/4578/4578 4563/4563/4563 4562/4562/4562
f 4579/4579/4579 4580/4580/4580 4564/4564/4564
f 4579/4579/4579 4564/4564/4564 4563/4563/4563
f 4580/4580/4580 4581/4581/4581 4565/4565/4565
f 4580/4580/4580 4565/4565/4565 4564/4564/4564
f 4581/4581/4581 4582/4582/4582 4566/4566/4566
f 4581/4581/4581 4566/4566/4566 4565/4565/4565
f 4582/4582/4582 4583/4583/4583 4567/4567/4567
f 4582/4582/4582 4567/4567/4567 4566/4566/4566
f 4583/4583/4583 4584/4584/4584 4568/4568/4568
f 4583/4583/4583 4568/4568/4568 4567/4567/4567
f 4584/4584/4584 4585/4585/4585 4569/4569/4569
f 4584/4584/4584 4569/4569/4569 4568/4568/4568
f 4827/4827/4827 4554/4554/4554 4006/4006/4006
f 4827/4827/4827 4006/4006/4006 3971/3971/3971
f 4548/4548/4548 4550/4550/4550 4558/4558/4558
f 4548/4548/4548 4558/4558/4558 4559/4559/4559
f 4572/4572/4572 4573/4573/4573 4557/4557/4557
f 4572/4572/4572 4557/4557/4557 4556/4556/4556
f 4000/4000/4000 4548/4548/4548 4559/4559/4559
f 4000/4000/4000 4559/4559/4559 4560/4560/4560
f 3998/3998/3998 4000/4000/4000 4560/4560/4560
f 3998/3998/3998 4560/4560/4560 4561/4561/4561
f 3996/3996/3996 3998/3998/3998 4561/4561/4561
f 3996/3996/3996 4561/4561/4561 4562/4562/4562
f 3994/3994/3994 3996/3996/3996 4562/4562/4562
f 3994/3994/3994 4562/4562/4562 4563/4563/4563
f 3992/3992/3992 3994/3994/3994 4563/4563/4563
f 3992/3992/3992 4563/4563/4563 4564/4564/4564
f 3990/3990/3990 3992/3992/3992 4564/4564/4564
f 3990/3990/3990 4564/4564/4564 4565/4565/4565
f 3988/3988/3988 3990/3990/3990 4565/4565/4565
f 3988/3988/3988 4565/4565/4565 4566/4566/4566
f 3986/3986/3986 3988/3988/3988 4566/4566/4566
f 3986/3986/3986 4566/4566/4566 4567/4567/4567
f 4546/4546/4546 3986/3986/3986 4567/4567/4567
f 4546/4546/4546 4567/4567/4567 4568/4568/4568
f 3984/3984/3984 4546/4546/4546 4568/4568/4568
f 3984/3984/3984 4568/4568/4568 4569/4569/4569
f 4485/4485/4485 4544/4544/4544 4794/4794/4794
f 4485/4485/4485 4794/4794/4794 4528/4528/4528
f 4552/4552/4552 4002/4002/4002 4556/4556/4556
f 4552/4552/4552 4556/4556/4556 4557/4557/4557
f 4429/4429/4429 4427/4427/4427 4799/4799/4799
f 4429/4429/4429 4799/4799/4799 4798/4798/4798
f 4431/4431/4431 4429/4429/4429 4798/4798/4798
f 4431/4431/4431 4798/4798/4798 4797/4797/4797
f 4427/4427/4427 4425/4425/4425 4800/4800/4800
f 4427/4427/4427 4800/4800/4800 4799/4799/4799
f 4425/4425/4425 4540/4540/4540 4801/4801/4801
f 4425/4425/4425 4801/4801/4801 4800/4800/4800
f 4540/4540/4540 4538/4538/4538 4802/4802/4802
f 4540/4540/4540 4802/4802/4802 4801/4801/4801
f 4538/4538/4538 4536/4536/4536 4803/4803/4803
f 4538/4538/4538 4803/4803/4803 4802/4802/4802
f 4536/4536/4536 4423/4423/4423 4804/4804/4804
f 4536/4536/4536 4804/4804/4804 4803/4803/4803
f 4423/4423/4423 4534/4534/4534 4805/4805/4805
f 4423/4423/4423 4805/4805/4805 4804/4804/4804
f 4534/4534/4534 4532/4532/4532 4806/4806/4806
f 4534/4534/4534 4806/4806/4806 4805/4805/4805
f 4532/4532/4532 4421/4421/4421 4807/4807/4807
f 4532/4532/4532 4807/4807/4807 4806/4806/4806
f 4421/4421/4421 4530/4530/4530 4808/4808/4808
f 4421/4421/4421 4808/4808/4808 4807/4807/4807
f 4530/4530/4530 4419/4419/4419 4809/4809/4809
f 4530/4530/4530 4809/4809/4809 4808/4808/4808
f 4398/4398/4398 4488/4488/4488 4809/4809/4809
f 4398/4398/4398 4809/4809/4809 4419/4419/4419
f 4839/4839/4839 4435/4435/4435 4892/4892/4892
f 4839/4839/4839 4892/4892/4892 4891/4891/4891
f 4845/4845/4845 4089/4089/4089 4814/4814/4814
f 4845/4845/4845 4814/4814/4814 4848/4848/4848
f 4887/4887/4887 4890/4890/4890 4891/4891/4891
f 4887/4887/4887 4891/4891/4891 4888/4888/4888
f 4845/4845/4845 4846/4846/4846 4843/4843/4843
f 4845/4845/4845 4843/4843/4843 4841/4841/4841
f 4848/4848/4848 4814/4814/4814 4091/4091/4091
f 4848/4848/4848 4091/4091/4091 4851/4851/4851
f 4846/4846/4846 4849/4849/4849 4850/4850/4850
f 4846/4846/4846 4850/4850/4850 4847/4847/4847
f 4837/4837/4837 4839/4839/4839 4891/4891/4891
f 4837/4837/4837 4891/4891/4891 4890/4890/4890
f 4851/4851/4851 4091/4091/4091 4093/4093/4093
f 4851/4851/4851 4093/4093/4093 4854/4854/4854
f 4849/4849/4849 4852/4852/4852 4853/4853/4853
f 4849/4849/4849 4853/4853/4853 4850/4850/4850
f 4848/4848/4848 4849/4849/4849 4846/4846/4846
f 4848/4848/4848 4846/4846/4846 4845/4845/4845
f 4847/4847/4847 4850/4850/4850 4509/4509/4509
f 4847/4847/4847 4509/4509/4509 4828/4828/4828
f 4854/4854/4854 4093/4093/4093 4095/4095/4095
f 4854/4854/4854 4095/4095/4095 4857/4857/4857
f 4852/4852/4852 4855/4855/4855 4856/4856/4856
f 4852/4852/4852 4856/4856/4856 4853/4853/4853
f 4851/4851/4851 4852/4852/4852 4849/4849/4849
f 4851/4851/4851 4849/4849/4849 4848/4848/4848
f 4850/4850/4850 4853/4853/4853 4830/4830/4830
f 4850/4850/4850 4830/4830/4830 4509/4509/4509
f 4857/4857/4857 4095/4095/4095 4816/4816/4816
f 4857/4857/4857 4816/4816/4816 4860/4860/4860
f 4855/4855/4855 4858/4858/4858 4859/4859/4859
f 4855/4855/4855 4859/4859/4859 4856/4856/4856
f 4854/4854/4854 4855/4855/4855 4852/4852/4852
f 4854/4854/4854 4852/4852/4852 4851/4851/4851
f 4853/4853/4853 4856/4856/4856 4511/4511/4511
f 4853/4853/4853 4511/4511/4511 4830/4830/4830
f 4860/4860/4860 4816/4816/4816 4097/4097/4097
f 4860/4860/4860 4097/4097/4097 4863/4863/4863
f 4858/4858/4858 4861/4861/4861 4862/4862/4862
f 4858/4858/4858 4862/4862/4862 4859/4859/4859
f 4857/4857/4857 4858/4858/4858 4855/4855/4855
f 4857/4857/4857 4855/4855/4855 4854/4854/4854
f 4856/4856/4856 4859/4859/4859 4832/4832/4832
f 4856/4856/4856 4832/4832/4832 4511/4511/4511
f 4863/4863/4863 4097/4097/4097 4818/4818/4818
f 4863/4863/4863 4818/4818/4818 4866/4866/4866
f 4861/4861/4861 4864/4864/4864 4865/4865/4865
f 4861/4861/4861 4865/4865/4865 4862/4862/4862
f 4860/4860/4860 4861/4861/4861 4858/4858/4858
f 4860/4860/4860 4858/4858/4858 4857/4857/4857
f 4859/4859/4859 4862/4862/4862 4513/4513/4513
f 4859/4859/4859 4513/4513/4513 4832/4832/4832
f 4866/4866/4866 4818/4818/4818 4099/4099/4099
f 4866/4866/4866 4099/4099/4099 4869/4869/4869
f 4864/4864/4864 4867/4867/4867 4868/4868/4868
f 4864/4864/4864 4868/4868/4868 4865/4865/4865
f 4863/4863/4863 4864/4864/4864 4861/4861/4861
f 4863/4863/4863 4861/4861/4861 4860/4860/4860
f 4862/4862/4862 4865/4865/4865 4515/4515/4515
f 4862/4862/4862 4515/4515/4515 4513/4513/4513
f 4869/4869/4869 4099/4099/4099 4101/4101/4101
f 4869/4869/4869 4101/4101/4101 4872/4872/4872
f 4867/4867/4867 4870/4870/4870 4871/4871/4871
f 4867/4867/4867 4871/4871/4871 4868/4868/4868
f 4866/4866/4866 4867/4867/4867 4864/4864/4864
f 4866/4866/4866 4864/4864/4864 4863/4863/4863
f 4865/4865/4865 4868/4868/4868 4517/4517/4517
f 4865/4865/4865 4517/4517/4517 4515/4515/4515
f 4872/4872/4872 4101/4101/4101 4820/4820/4820
f 4872/4872/4872 4820/4820/4820 4875/4875/4875
f 4870/4870/4870 4873/4873/4873 4874/4874/4874
f 4870/4870/4870 4874/4874/4874 4871/4871/4871
f 4869/4869/4869 4870/4870/4870 4867/4867/4867
f 4869/4869/4869 4867/4867/4867 4866/4866/4866
f 4868/4868/4868 4871/4871/4871 4834/4834/4834
f 4868/4868/4868 4834/4834/4834 4517/4517/4517
f 4875/4875/4875 4820/4820/4820 4103/4103/4103
f 4875/4875/4875 4103/4103/4103 4878/4878/4878
f 4873/4873/4873 4876/4876/4876 4877/4877/4877
f 4873/4873/4873 4877/4877/4877 4874/4874/4874
f 4872/4872/4872 4873/4873/4873 4870/4870/4870
f 4872/4872/4872 4870/4870/4870 4869/4869/4869
f 4871/4871/4871 4874/4874/4874 4519/4519/4519
f 4871/4871/4871 4519/4519/4519 4834/4834/4834
f 4878/4878/4878 4103/4103/4103 4105/4105/4105
f 4878/4878/4878 4105/4105/4105 4881/4881/4881
f 4876/4876/4876 4879/4879/4879 4880/4880/4880
f 4876/4876/4876 4880/4880/4880 4877/4877/4877
f 4875/4875/4875 4876/4876/4876 4873/4873/4873
f 4875/4875/4875 4873/4873/4873 4872/4872/4872
f 4874/4874/4874 4877/4877/4877 4521/4521/4521
f 4874/4874/4874 4521/4521/4521 4519/4519/4519
f 4881/4881/4881 4105/4105/4105 4822/4822/4822
f 4881/4881/4881 4822/4822/4822 4884/4884/4884
f 4879/4879/4879 4882/4882/4882 4883/4883/4883
f 4879/4879/4879 4883/4883/4883 4880/4880/4880
f 4878/4878/4878 4879/4879/4879 4876/4876/4876
f 4878/4878/4878 4876/4876/4876 4875/4875/4875
f 4877/4877/4877 4880/4880/4880 4523/4523/4523
f 4877/4877/4877 4523/4523/4523 4521/4521/4521
f 4884/4884/4884 4822/4822/4822 4824/4824/4824
f 4884/4884/4884 4824/4824/4824 4887/4887/4887
f 4882/4882/4882 4885/4885/4885 4886/4886/4886
f 4882/4882/4882 4886/4886/4886 4883/4883/4883
f 4881/4881/4881 4882/4882/4882 4879/4879/4879
f 4881/4881/4881 4879/4879/4879 4878/4878/4878
f 4880/4880/4880 4883/4883/4883 4836/4836/4836
f 4880/4880/4880 4836/4836/4836 4523/4523/4523
f 4887/4887/4887 4824/4824/4824 4826/4826/4826
f 4887/4887/4887 4826/4826/4826 4890/4890/4890
f 4885/4885/4885 4888/4888/4888 4889/4889/4889
f 4885/4885/4885 4889/4889/4889 4886/4886/4886
f 4884/4884/4884 4885/4885/4885 4882/4882/4882
f 4884/4884/4884 4882/4882/4882 4881/4881/4881
f 4883/4883/4883 4886/4886/4886 4525/4525/4525
f 4883/4883/4883 4525/4525/4525 4836/4836/4836
f 4889/4889/4889 4892/4892/4892 4529/4529/4529
f 4889/4889/4889 4529/4529/4529 4527/4527/4527
f 4841/4841/4841 4068/4068/4068 4089/4089/4089
f 4841/4841/4841 4089/4089/4089 4845/4845/4845
f 4887/4887/4887 4888/4888/4888 4885/4885/4885
f 4887/4887/4887 4885/4885/4885 4884/4884/4884
f 4886/4886/4886 4889/4889/4889 4527/4527/4527
f 4886/4886/4886 4527/4527/4527 4525/4525/4525
f 4846/4846/4846 4847/4847/4847 4014/4014/4014
f 4846/4846/4846 4014/4014/4014 4843/4843/4843
f 4888/4888/4888 4891/4891/4891 4892/4892/4892
f 4888/4888/4888 4892/4892/4892 4889/4889/4889
f 4826/4826/4826 4811/4811/4811 4837/4837/4837
f 4826/4826/4826 4837/4837/4837 4890/4890/4890
f 4014/4014/4014 4847/4847/4847 4828/4828/4828
f 4014/4014/4014 4828/4828/4828 3972/3972/3972
f 4529/4529/4529 4892/4892/4892 4435/4435/4435
f 4529/4529/4529 4435/4435/4435 4486/4486/4486
f 4927/4927/4927 5416/5416/5416 5069/5069/5069
f 4927/4927/4927 5069/5069/5069 5121/5121/5121
f 4963/4963/4963 4966/4966/4966 4967/4967/4967
f 4963/4963/4963 4967/4967/4967 4964/4964/4964
f 4935/4935/4935 4905/4905/4905 5532/5532/5532
f 4935/4935/4935 5532/5532/5532 4932/4932/4932
f 4967/4967/4967 4966/4966/4966 5015/5015/5015
f 4967/4967/4967 5015/5015/5015 4923/4923/4923
f 4927/4927/4927 5121/5121/5121 4907/4907/4907
f 4927/4927/4927 4907/4907/4907 4930/4930/4930
f 4966/4966/4966 5131/5131/5131 4975/4975/4975
f 4966/4966/4966 4975/4975/4975 5015/5015/5015
f 4968/4968/4968 4967/4967/4967 4923/4923/4923
f 4968/4968/4968 4923/4923/4923 4925/4925/4925
f 4932/4932/4932 5532/5532/5532 5534/5534/5534
f 4932/4932/4932 5534/5534/5534 4929/4929/4929
f 4929/4929/4929 5420/5420/5420 5418/5418/5418
f 4929/4929/4929 5418/5418/5418 4928/4928/4928
f 4935/4935/4935 4932/4932/4932 4931/4931/4931
f 4935/4935/4935 4931/4931/4931 4934/4934/4934
f 4930/4930/4930 4907/4907/4907 4909/4909/4909
f 4930/4930/4930 4909/4909/4909 4933/4933/4933
f 4933/4933/4933 4909/4909/4909 5123/5123/5123
f 4933/4933/4933 5123/5123/5123 4936/4936/4936
f 4936/4936/4936 5123/5123/5123 5125/5125/5125
f 4936/4936/4936 5125/5125/5125 4939/4939/4939
f 4939/4939/4939 5125/5125/5125 4911/4911/4911
f 4939/4939/4939 4911/4911/4911 4942/4942/4942
f 4942/4942/4942 4911/4911/4911 4913/4913/4913
f 4942/4942/4942 4913/4913/4913 4945/4945/4945
f 4945/4945/4945 4913/4913/4913 4915/4915/4915
f 4945/4945/4945 4915/4915/4915 4948/4948/4948
f 4948/4948/4948 4915/4915/4915 5127/5127/5127
f 4948/4948/4948 5127/5127/5127 4951/4951/4951
f 4951/4951/4951 5127/5127/5127 4917/4917/4917
f 4951/4951/4951 4917/4917/4917 4954/4954/4954
f 4954/4954/4954 4917/4917/4917 4919/4919/4919
f 4954/4954/4954 4919/4919/4919 4957/4957/4957
f 4957/4957/4957 4919/4919/4919 5129/5129/5129
f 4957/4957/4957 5129/5129/5129 4960/4960/4960
f 4960/4960/4960 5129/5129/5129 4921/4921/4921
f 4960/4960/4960 4921/4921/4921 4963/4963/4963
f 4963/4963/4963 4921/4921/4921 5131/5131/5131
f 4963/4963/4963 5131/5131/5131 4966/4966/4966
f 4930/4930/4930 4931/4931/4931 4928/4928/4928
f 4930/4930/4930 4928/4928/4928 4927/4927/4927
f 4933/4933/4933 4934/4934/4934 4931/4931/4931
f 4933/4933/4933 4931/4931/4931 4930/4930/4930
f 4936/4936/4936 4937/4937/4937 4934/4934/4934
f 4936/4936/4936 4934/4934/4934 4933/4933/4933
f 4939/4939/4939 4940/4940/4940 4937/4937/4937
f 4939/4939/4939 4937/4937/4937 4936/4936/4936
f 4942/4942/4942 4943/4943/4943 4940/4940/4940
f 4942/4942/4942 4940/4940/4940 4939/4939/4939
f 4945/4945/4945 4946/4946/4946 4943/4943/4943
f 4945/4945/4945 4943/4943/4943 4942/4942/4942
f 4948/4948/4948 4949/4949/4949 4946/4946/4946
f 4948/4948/4948 4946/4946/4946 4945/4945/4945
f 4951/4951/4951 4952/4952/4952 4949/4949/4949
f 4951/4951/4951 4949/4949/4949 4948/4948/4948
f 4954/4954/4954 4955/4955/4955 4952/4952/4952
f 4954/4954/4954 4952/4952/4952 4951/4951/4951
f 4957/4957/4957 4958/4958/4958 4955/4955/4955
f 4957/4957/4957 4955/4955/4955 4954/4954/4954
f 4960/4960/4960 4961/4961/4961 4958/4958/4958
f 4960/4960/4960 4958/4958/4958 4957/4957/4957
f 4963/4963/4963 4964/4964/4964 4961/4961/4961
f 4963/4963/4963 4961/4961/4961 4960/4960/4960
f 4931/4931/4931 4932/4932/4932 4929/4929/4929
f 4931/4931/4931 4929/4929/4929 4928/4928/4928
f 4938/4938/4938 4935/4935/4935 4934/4934/4934
f 4938/4938/4938 4934/4934/4934 4937/4937/4937
f 4941/4941/4941 4938/4938/4938 4937/4937/4937
f 4941/4941/4941 4937/4937/4937 4940/4940/4940
f 4944/4944/4944 4941/4941/4941 4940/4940/4940
f 4944/4944/4944 4940/4940/4940 4943/4943/4943
f 4947/4947/4947 4944/4944/4944 4943/4943/4943
f 4947/4947/4947 4943/4943/4943 4946/4946/4946
f 4950/4950/4950 4947/4947/4947 4946/4946/4946
f 4950/4950/4950 4946/4946/4946 4949/4949/4949
f 4952/4952/4952 4953/4953/4953 4950/4950/4950
f 4952/4952/4952 4950/4950/4950 4949/4949/4949
f 4955/4955/4955 4956/4956/4956 4953/4953/4953
f 4955/4955/4955 4953/4953/4953 4952/4952/4952
f 4929/4929/4929 5534/5534/5534 5377/5377/5377
f 4929/4929/4929 5377/5377/5377 5420/5420/5420
f 4964/4964/4964 4967/4967/4967 4968/4968/4968
f 4964/4964/4964 4968/4968/4968 4965/4965/4965
f 4964/4964/4964 4965/4965/4965 4962/4962/4962
f 4964/4964/4964 4962/4962/4962 4961/4961/4961
f 4961/4961/4961 4962/4962/4962 4959/4959/4959
f 4961/4961/4961 4959/4959/4959 4958/4958/4958
f 4958/4958/4958 4959/4959/4959 4956/4956/4956
f 4958/4958/4958 4956/4956/4956 4955/4955/4955
f 4928/4928/4928 5418/5418/5418 5416/5416/5416
f 4928/4928/4928 5416/5416/5416 4927/4927/4927
f 4938/4938/4938 5530/5530/5530 4905/4905/4905
f 4938/4938/4938 4905/4905/4905 4935/4935/4935
f 4941/4941/4941 4903/4903/4903 5530/5530/5530
f 4941/4941/4941 5530/5530/5530 4938/4938/4938
f 4944/4944/4944 4901/4901/4901 4903/4903/4903
f 4944/4944/4944 4903/4903/4903 4941/4941/4941
f 4947/4947/4947 5528/5528/5528 4901/4901/4901
f 4947/4947/4947 4901/4901/4901 4944/4944/4944
f 4950/4950/4950 4899/4899/4899 5528/5528/5528
f 4950/4950/4950 5528/5528/5528 4947/4947/4947
f 4953/4953/4953 4897/4897/4897 4899/4899/4899
f 4953/4953/4953 4899/4899/4899 4950/4950/4950
f 4956/4956/4956 5526/5526/5526 4897/4897/4897
f 4956/4956/4956 4897/4897/4897 4953/4953/4953
f 4959/4959/4959 4895/4895/4895 5526/5526/5526
f 4959/4959/4959 5526/5526/5526 4956/4956/4956
f 4962/4962/4962 5524/5524/5524 4895/4895/4895
f 4962/4962/4962 4895/4895/4895 4959/4959/4959
f 4965/4965/4965 5522/5522/5522 5524/5524/5524
f 4965/4965/4965 5524/5524/5524 4962/4962/4962
f 4968/4968/4968 4893/4893/4893 5522/5522/5522
f 4968/4968/4968 5522/5522/5522 4965/4965/4965
f 5473/5473/5473 4893/4893/4893 4968/4968/4968
f 5473/5473/5473 4968/4968/4968 4925/4925/4925
f 4977/4977/4977 5090/5090/5090 5017/5017/5017
f 4977/4977/4977 5017/5017/5017 5016/5016/5016
f 5067/5067/5067 5066/5066/5066 5011/5011/5011
f 5067/5067/5067 5011/5011/5011 5805/5805/5805
f 5063/5063/5063 5062/5062/5062 5065/5065/5065
f 5063/5063/5063 5065/5065/5065 5066/5066/5066
f 5022/5022/5022 5025/5025/5025 5507/5507/5507
f 5022/5022/5022 5507/5507/5507 4993/4993/4993
f 5066/5066/5066 5065/5065/5065 5014/5014/5014
f 5066/5066/5066 5014/5014/5014 5011/5011/5011
f 5090/5090/5090 5092/5092/5092 5020/5020/5020
f 5090/5090/5090 5020/5020/5020 5017/5017/5017
f 5065/5065/5065 5009/5009/5009 4974/4974/4974
f 5065/5065/5065 4974/4974/4974 5013/5013/5013
f 5018/5018/5018 5019/5019/5019 4926/4926/4926
f 5018/5018/5018 4926/4926/4926 4924/4924/4924
f 5064/5064/5064 5063/5063/5063 5066/5066/5066
f 5064/5064/5064 5066/5066/5066 5067/5067/5067
f 5019/5019/5019 5022/5022/5022 4993/4993/4993
f 5019/5019/5019 4993/4993/4993 4995/4995/4995
f 4995/4995/4995 5475/5475/5475 4926/4926/4926
f 4995/4995/4995 4926/4926/4926 5019/5019/5019
f 5092/5092/5092 5094/5094/5094 5023/5023/5023
f 5092/5092/5092 5023/5023/5023 5020/5020/5020
f 5094/5094/5094 5096/5096/5096 5026/5026/5026
f 5094/5094/5094 5026/5026/5026 5023/5023/5023
f 5096/5096/5096 4997/4997/4997 5029/5029/5029
f 5096/5096/5096 5029/5029/5029 5026/5026/5026
f 4997/4997/4997 5098/5098/5098 5032/5032/5032
f 4997/4997/4997 5032/5032/5032 5029/5029/5029
f 5098/5098/5098 4999/4999/4999 5035/5035/5035
f 5098/5098/5098 5035/5035/5035 5032/5032/5032
f 4999/4999/4999 5100/5100/5100 5038/5038/5038
f 4999/4999/4999 5038/5038/5038 5035/5035/5035
f 5100/5100/5100 5102/5102/5102 5041/5041/5041
f 5100/5100/5100 5041/5041/5041 5038/5038/5038
f 5102/5102/5102 5001/5001/5001 5044/5044/5044
f 5102/5102/5102 5044/5044/5044 5041/5041/5041
f 5001/5001/5001 5003/5003/5003 5047/5047/5047
f 5001/5001/5001 5047/5047/5047 5044/5044/5044
f 5003/5003/5003 5104/5104/5104 5050/5050/5050
f 5003/5003/5003 5050/5050/5050 5047/5047/5047
f 5104/5104/5104 5005/5005/5005 5053/5053/5053
f 5104/5104/5104 5053/5053/5053 5050/5050/5050
f 5005/5005/5005 5106/5106/5106 5056/5056/5056
f 5005/5005/5005 5056/5056/5056 5053/5053/5053
f 5106/5106/5106 5007/5007/5007 5059/5059/5059
f 5106/5106/5106 5059/5059/5059 5056/5056/5056
f 5007/5007/5007 5108/5108/5108 5062/5062/5062
f 5007/5007/5007 5062/5062/5062 5059/5059/5059
f 5062/5062/5062 5108/5108/5108 5009/5009/5009
f 5062/5062/5062 5009/5009/5009 5065/5065/5065
f 5063/5063/5063 5064/5064/5064 5061/5061/5061
f 5063/5063/5063 5061/5061/5061 5060/5060/5060
f 5060/5060/5060 5061/5061/5061 5058/5058/5058
f 5060/5060/5060 5058/5058/5058 5057/5057/5057
f 5057/5057/5057 5058/5058/5058 5055/5055/5055
f 5057/5057/5057 5055/5055/5055 5054/5054/5054
f 5054/5054/5054 5055/5055/5055 5052/5052/5052
f 5054/5054/5054 5052/5052/5052 5051/5051/5051
f 5051/5051/5051 5052/5052/5052 5049/5049/5049
f 5051/5051/5051 5049/5049/5049 5048/5048/5048
f 5048/5048/5048 5049/5049/5049 5046/5046/5046
f 5048/5048/5048 5046/5046/5046 5045/5045/5045
f 5045/5045/5045 5046/5046/5046 5043/5043/5043
f 5045/5045/5045 5043/5043/5043 5042/5042/5042
f 5042/5042/5042 5043/5043/5043 5040/5040/5040
f 5042/5042/5042 5040/5040/5040 5039/5039/5039
f 5039/5039/5039 5040/5040/5040 5037/5037/5037
f 5039/5039/5039 5037/5037/5037 5036/5036/5036
f 5036/5036/5036 5037/5037/5037 5034/5034/5034
f 5036/5036/5036 5034/5034/5034 5033/5033/5033
f 5033/5033/5033 5034/5034/5034 5031/5031/5031
f 5033/5033/5033 5031/5031/5031 5030/5030/5030
f 5030/5030/5030 5031/5031/5031 5028/5028/5028
f 5030/5030/5030 5028/5028/5028 5027/5027/5027
f 5027/5027/5027 5028/5028/5028 5025/5025/5025
f 5027/5027/5027 5025/5025/5025 5024/5024/5024
f 5024/5024/5024 5025/5025/5025 5022/5022/5022
f 5024/5024/5024 5022/5022/5022 5021/5021/5021
f 5021/5021/5021 5022/5022/5022 5019/5019/5019
f 5021/5021/5021 5019/5019/5019 5018/5018/5018
f 5018/5018/5018 4924/4924/4924 5016/5016/5016
f 5018/5018/5018 5016/5016/5016 5017/5017/5017
f 5025/5025/5025 5028/5028/5028 4991/4991/4991
f 5025/5025/5025 4991/4991/4991 5507/5507/5507
f 5021/5021/5021 5018/5018/5018 5017/5017/5017
f 5021/5021/5021 5017/5017/5017 5020/5020/5020
f 5028/5028/5028 5031/5031/5031 5505/5505/5505
f 5028/5028/5028 5505/5505/5505 4991/4991/4991
f 5024/5024/5024 5021/5021/5021 5020/5020/5020
f 5024/5024/5024 5020/5020/5020 5023/5023/5023
f 5031/5031/5031 5034/5034/5034 4989/4989/4989
f 5031/5031/5031 4989/4989/4989 5505/5505/5505
f 5027/5027/5027 5024/5024/5024 5023/5023/5023
f 5027/5027/5027 5023/5023/5023 5026/5026/5026
f 5034/5034/5034 5037/5037/5037 5503/5503/5503
f 5034/5034/5034 5503/5503/5503 4989/4989/4989
f 5030/5030/5030 5027/5027/5027 5026/5026/5026
f 5030/5030/5030 5026/5026/5026 5029/5029/5029
f 5037/5037/5037 5040/5040/5040 4987/4987/4987
f 5037/5037/5037 4987/4987/4987 5503/5503/5503
f 5033/5033/5033 5030/5030/5030 5029/5029/5029
f 5033/5033/5033 5029/5029/5029 5032/5032/5032
f 5040/5040/5040 5043/5043/5043 5501/5501/5501
f 5040/5040/5040 5501/5501/5501 4987/4987/4987
f 5036/5036/5036 5033/5033/5033 5032/5032/5032
f 5036/5036/5036 5032/5032/5032 5035/5035/5035
f 5043/5043/5043 5046/5046/5046 5499/5499/5499
f 5043/5043/5043 5499/5499/5499 5501/5501/5501
f 5039/5039/5039 5036/5036/5036 5035/5035/5035
f 5039/5039/5039 5035/5035/5035 5038/5038/5038
f 5046/5046/5046 5049/5049/5049 5497/5497/5497
f 5046/5046/5046 5497/5497/5497 5499/5499/5499
f 5042/5042/5042 5039/5039/5039 5038/5038/5038
f 5042/5042/5042 5038/5038/5038 5041/5041/5041
f 5049/5049/5049 5052/5052/5052 5495/5495/5495
f 5049/5049/5049 5495/5495/5495 5497/5497/5497
f 5045/5045/5045 5042/5042/5042 5041/5041/5041
f 5045/5045/5045 5041/5041/5041 5044/5044/5044
f 5052/5052/5052 5055/5055/5055 4985/4985/4985
f 5052/5052/5052 4985/4985/4985 5495/5495/5495
f 5048/5048/5048 5045/5045/5045 5044/5044/5044
f 5048/5048/5048 5044/5044/5044 5047/5047/5047
f 5055/5055/5055 5058/5058/5058 5493/5493/5493
f 5055/5055/5055 5493/5493/5493 4985/4985/4985
f 5051/5051/5051 5048/5048/5048 5047/5047/5047
f 5051/5051/5051 5047/5047/5047 5050/5050/5050
f 5058/5058/5058 5061/5061/5061 4983/4983/4983
f 5058/5058/5058 4983/4983/4983 5493/5493/5493
f 5054/5054/5054 5051/5051/5051 5050/5050/5050
f 5054/5054/5054 5050/5050/5050 5053/5053/5053
f 5061/5061/5061 5064/5064/5064 4981/4981/4981
f 5061/5061/5061 4981/4981/4981 4983/4983/4983
f 5057/5057/5057 5054/5054/5054 5053/5053/5053
f 5057/5057/5057 5053/5053/5053 5056/5056/5056
f 5064/5064/5064 5067/5067/5067 4979/4979/4979
f 5064/5064/5064 4979/4979/4979 4981/4981/4981
f 5060/5060/5060 5057/5057/5057 5056/5056/5056
f 5060/5060/5060 5056/5056/5056 5059/5059/5059
f 5063/5063/5063 5060/5060/5060 5059/5059/5059
f 5063/5063/5063 5059/5059/5059 5062/5062/5062
f 4971/4971/4971 4979/4979/4979 5067/5067/5067
f 4971/4971/4971 5067/5067/5067 5805/5805/5805
f 5343/5343/5343 5344/5344/5344 5330/5330/5330
f 5343/5343/5343 5330/5330/5330 5329/5329/5329
f 5359/5359/5359 5345/5345/5345 5344/5344/5344
f 5359/5359/5359 5344/5344/5344 5358/5358/5358
f 5359/5359/5359 5358/5358/5358 5119/5119/5119
f 5359/5359/5359 5119/5119/5119 5800/5800/5800
f 5374/5374/5374 5802/5802/5802 5357/5357/5357
f 5374/5374/5374 5357/5357/5357 5398/5398/5398
f 5133/5133/5133 5134/5134/5134 4908/4908/4908
f 5133/5133/5133 4908/4908/4908 5122/5122/5122
f 5147/5147/5147 5148/5148/5148 5134/5134/5134
f 5147/5147/5147 5134/5134/5134 5133/5133/5133
f 5161/5161/5161 5162/5162/5162 5148/5148/5148
f 5161/5161/5161 5148/5148/5148 5147/5147/5147
f 5175/5175/5175 5176/5176/5176 5162/5162/5162
f 5175/5175/5175 5162/5162/5162 5161/5161/5161
f 5189/5189/5189 5190/5190/5190 5176/5176/5176
f 5189/5189/5189 5176/5176/5176 5175/5175/5175
f 5203/5203/5203 5204/5204/5204 5190/5190/5190
f 5203/5203/5203 5190/5190/5190 5189/5189/5189
f 5217/5217/5217 5218/5218/5218 5204/5204/5204
f 5217/5217/5217 5204/5204/5204 5203/5203/5203
f 5231/5231/5231 5232/5232/5232 5218/5218/5218
f 5231/5231/5231 5218/5218/5218 5217/5217/5217
f 5245/5245/5245 5246/5246/5246 5232/5232/5232
f 5245/5245/5245 5232/5232/5232 5231/5231/5231
f 5259/5259/5259 5260/5260/5260 5246/5246/5246
f 5259/5259/5259 5246/5246/5246 5245/5245/5245
f 5273/5273/5273 5274/5274/5274 5260/5260/5260
f 5273/5273/5273 5260/5260/5260 5259/5259/5259
f 5287/5287/5287 5288/5288/5288 5274/5274/5274
f 5287/5287/5287 5274/5274/5274 5273/5273/5273
f 5301/5301/5301 5302/5302/5302 5288/5288/5288
f 5301/5301/5301 5288/5288/5288 5287/5287/5287
f 5315/5315/5315 5316/5316/5316 5302/5302/5302
f 5315/5315/5315 5302/5302/5302 5301/5301/5301
f 5358/5358/5358 5344/5344/5344 5343/5343/5343
f 5358/5358/5358 5343/5343/5343 5357/5357/5357
f 5329/5329/5329 5330/5330/5330 5316/5316/5316
f 5329/5329/5329 5316/5316/5316 5315/5315/5315
f 5370/5370/5370 5008/5008/5008 5107/5107/5107
f 5370/5370/5370 5107/5107/5107 5356/5356/5356
f 5370/5370/5370 5789/5789/5789 4973/4973/4973
f 5370/5370/5370 4973/4973/4973 5008/5008/5008
f 5345/5345/5345 5346/5346/5346 5332/5332/5332
f 5345/5345/5345 5332/5332/5332 5331/5331/5331
f 5360/5360/5360 5346/5346/5346 5345/5345/5345
f 5360/5360/5360 5345/5345/5345 5359/5359/5359
f 5346/5346/5346 5347/5347/5347 5333/5333/5333
f 5346/5346/5346 5333/5333/5333 5332/5332/5332
f 5361/5361/5361 5347/5347/5347 5346/5346/5346
f 5361/5361/5361 5346/5346/5346 5360/5360/5360
f 5347/5347/5347 5348/5348/5348 5334/5334/5334
f 5347/5347/5347 5334/5334/5334 5333/5333/5333
f 5362/5362/5362 5348/5348/5348 5347/5347/5347
f 5362/5362/5362 5347/5347/5347 5361/5361/5361
f 5348/5348/5348 5349/5349/5349 5335/5335/5335
f 5348/5348/5348 5335/5335/5335 5334/5334/5334
f 5363/5363/5363 5349/5349/5349 5348/5348/5348
f 5363/5363/5363 5348/5348/5348 5362/5362/5362
f 5349/5349/5349 5350/5350/5350 5336/5336/5336
f 5349/5349/5349 5336/5336/5336 5335/5335/5335
f 5364/5364/5364 5350/5350/5350 5349/5349/5349
f 5364/5364/5364 5349/5349/5349 5363/5363/5363
f 5350/5350/5350 5351/5351/5351 5337/5337/5337
f 5350/5350/5350 5337/5337/5337 5336/5336/5336
f 5365/5365/5365 5351/5351/5351 5350/5350/5350
f 5365/5365/5365 5350/5350/5350 5364/5364/5364
f 5351/5351/5351 5352/5352/5352 5338/5338/5338
f 5351/5351/5351 5338/5338/5338 5337/5337/5337
f 5366/5366/5366 5352/5352/5352 5351/5351/5351
f 5366/5366/5366 5351/5351/5351 5365/5365/5365
f 5352/5352/5352 5353/5353/5353 5339/5339/5339
f 5352/5352/5352 5339/5339/5339 5338/5338/5338
f 5367/5367/5367 5353/5353/5353 5352/5352/5352
f 5367/5367/5367 5352/5352/5352 5366/5366/5366
f 5353/5353/5353 5354/5354/5354 5340/5340/5340
f 5353/5353/5353 5340/5340/5340 5339/5339/5339
f 5368/5368/5368 5354/5354/5354 5353/5353/5353
f 5368/5368/5368 5353/5353/5353 5367/5367/5367
f 5354/5354/5354 5355/5355/5355 5341/5341/5341
f 5354/5354/5354 5341/5341/5341 5340/5340/5340
f 5369/5369/5369 5355/5355/5355 5354/5354/5354
f 5369/5369/5369 5354/5354/5354 5368/5368/5368
f 5355/5355/5355 5356/5356/5356 5342/5342/5342
f 5355/5355/5355 5342/5342/5342 5341/5341/5341
f 5369/5369/5369 5370/5370/5370 5356/5356/5356
f 5369/5369/5369 5356/5356/5356 5355/5355/5355
f 5356/5356/5356 5107/5107/5107 5006/5006/5006
f 5356/5356/5356 5006/5006/5006 5342/5342/5342
f 5400/5400/5400 5343/5343/5343 5329/5329/5329
f 5400/5400/5400 5329/5329/5329 5402/5402/5402
f 5331/5331/5331 5332/5332/5332 5318/5318/5318
f 5331/5331/5331 5318/5318/5318 5317/5317/5317
f 5302/5302/5302 5303/5303/5303 5289/5289/5289
f 5302/5302/5302 5289/5289/5289 5288/5288/5288
f 5357/5357/5357 5343/5343/5343 5400/5400/5400
f 5357/5357/5357 5400/5400/5400 5398/5398/5398
f 5402/5402/5402 5329/5329/5329 5315/5315/5315
f 5402/5402/5402 5315/5315/5315 5071/5071/5071
f 5344/5344/5344 5345/5345/5345 5331/5331/5331
f 5344/5344/5344 5331/5331/5331 5330/5330/5330
f 5330/5330/5330 5331/5331/5331 5317/5317/5317
f 5330/5330/5330 5317/5317/5317 5316/5316/5316
f 5316/5316/5316 5317/5317/5317 5303/5303/5303
f 5316/5316/5316 5303/5303/5303 5302/5302/5302
f 5332/5332/5332 5333/5333/5333 5319/5319/5319
f 5332/5332/5332 5319/5319/5319 5318/5318/5318
f 5361/5361/5361 5360/5360/5360 5799/5799/5799
f 5361/5361/5361 5799/5799/5799 5118/5118/5118
f 5358/5358/5358 5357/5357/5357 5802/5802/5802
f 5358/5358/5358 5802/5802/5802 5119/5119/5119
f 5333/5333/5333 5334/5334/5334 5320/5320/5320
f 5333/5333/5333 5320/5320/5320 5319/5319/5319
f 5362/5362/5362 5361/5361/5361 5118/5118/5118
f 5362/5362/5362 5118/5118/5118 5797/5797/5797
f 5334/5334/5334 5335/5335/5335 5321/5321/5321
f 5334/5334/5334 5321/5321/5321 5320/5320/5320
f 5363/5363/5363 5362/5362/5362 5797/5797/5797
f 5363/5363/5363 5797/5797/5797 5116/5116/5116
f 5335/5335/5335 5336/5336/5336 5322/5322/5322
f 5335/5335/5335 5322/5322/5322 5321/5321/5321
f 5364/5364/5364 5363/5363/5363 5116/5116/5116
f 5364/5364/5364 5116/5116/5116 5795/5795/5795
f 5336/5336/5336 5337/5337/5337 5323/5323/5323
f 5336/5336/5336 5323/5323/5323 5322/5322/5322
f 5365/5365/5365 5364/5364/5364 5795/5795/5795
f 5365/5365/5365 5795/5795/5795 5114/5114/5114
f 5337/5337/5337 5338/5338/5338 5324/5324/5324
f 5337/5337/5337 5324/5324/5324 5323/5323/5323
f 5366/5366/5366 5365/5365/5365 5114/5114/5114
f 5366/5366/5366 5114/5114/5114 5112/5112/5112
f 5338/5338/5338 5339/5339/5339 5325/5325/5325
f 5338/5338/5338 5325/5325/5325 5324/5324/5324
f 5367/5367/5367 5366/5366/5366 5112/5112/5112
f 5367/5367/5367 5112/5112/5112 5110/5110/5110
f 5339/5339/5339 5340/5340/5340 5326/5326/5326
f 5339/5339/5339 5326/5326/5326 5325/5325/5325
f 5368/5368/5368 5367/5367/5367 5110/5110/5110
f 5368/5368/5368 5110/5110/5110 5793/5793/5793
f 5340/5340/5340 5341/5341/5341 5327/5327/5327
f 5340/5340/5340 5327/5327/5327 5326/5326/5326
f 5369/5369/5369 5368/5368/5368 5793/5793/5793
f 5369/5369/5369 5793/5793/5793 5791/5791/5791
f 5341/5341/5341 5342/5342/5342 5328/5328/5328
f 5341/5341/5341 5328/5328/5328 5327/5327/5327
f 5791/5791/5791 5789/5789/5789 5370/5370/5370
f 5791/5791/5791 5370/5370/5370 5369/5369/5369
f 5342/5342/5342 5006/5006/5006 5105/5105/5105
f 5342/5342/5342 5105/5105/5105 5328/5328/5328
f 5317/5317/5317 5318/5318/5318 5304/5304/5304
f 5317/5317/5317 5304/5304/5304 5303/5303/5303
f 5288/5288/5288 5289/5289/5289 5275/5275/5275
f 5288/5288/5288 5275/5275/5275 5274/5274/5274
f 5318/5318/5318 5319/5319/5319 5305/5305/5305
f 5318/5318/5318 5305/5305/5305 5304/5304/5304
f 5319/5319/5319 5320/5320/5320 5306/5306/5306
f 5319/5319/5319 5306/5306/5306 5305/5305/5305
f 5320/5320/5320 5321/5321/5321 5307/5307/5307
f 5320/5320/5320 5307/5307/5307 5306/5306/5306
f 5321/5321/5321 5322/5322/5322 5308/5308/5308
f 5321/5321/5321 5308/5308/5308 5307/5307/5307
f 5322/5322/5322 5323/5323/5323 5309/5309/5309
f 5322/5322/5322 5309/5309/5309 5308/5308/5308
f 5323/5323/5323 5324/5324/5324 5310/5310/5310
f 5323/5323/5323 5310/5310/5310 5309/5309/5309
f 5324/5324/5324 5325/5325/5325 5311/5311/5311
f 5324/5324/5324 5311/5311/5311 5310/5310/5310
f 5325/5325/5325 5326/5326/5326 5312/5312/5312
f 5325/5325/5325 5312/5312/5312 5311/5311/5311
f 5326/5326/5326 5327/5327/5327 5313/5313/5313
f 5326/5326/5326 5313/5313/5313 5312/5312/5312
f 5327/5327/5327 5328/5328/5328 5314/5314/5314
f 5327/5327/5327 5314/5314/5314 5313/5313/5313
f 5328/5328/5328 5105/5105/5105 5004/5004/5004
f 5328/5328/5328 5004/5004/5004 5314/5314/5314
f 5303/5303/5303 5304/5304/5304 5290/5290/5290
f 5303/5303/5303 5290/5290/5290 5289/5289/5289
f 5274/5274/5274 5275/5275/5275 5261/5261/5261
f 5274/5274/5274 5261/5261/5261 5260/5260/5260
f 5071/5071/5071 5315/5315/5315 5301/5301/5301
f 5071/5071/5071 5301/5301/5301 5073/5073/5073
f 5304/5304/5304 5305/5305/5305 5291/5291/5291
f 5304/5304/5304 5291/5291/5291 5290/5290/5290
f 5305/5305/5305 5306/5306/5306 5292/5292/5292
f 5305/5305/5305 5292/5292/5292 5291/5291/5291
f 5306/5306/5306 5307/5307/5307 5293/5293/5293
f 5306/5306/5306 5293/5293/5293 5292/5292/5292
f 5307/5307/5307 5308/5308/5308 5294/5294/5294
f 5307/5307/5307 5294/5294/5294 5293/5293/5293
f 5308/5308/5308 5309/5309/5309 5295/5295/5295
f 5308/5308/5308 5295/5295/5295 5294/5294/5294
f 5309/5309/5309 5310/5310/5310 5296/5296/5296
f 5309/5309/5309 5296/5296/5296 5295/5295/5295
f 5310/5310/5310 5311/5311/5311 5297/5297/5297
f 5310/5310/5310 5297/5297/5297 5296/5296/5296
f 5311/5311/5311 5312/5312/5312 5298/5298/5298
f 5311/5311/5311 5298/5298/5298 5297/5297/5297
f 5312/5312/5312 5313/5313/5313 5299/5299/5299
f 5312/5312/5312 5299/5299/5299 5298/5298/5298
f 5313/5313/5313 5314/5314/5314 5300/5300/5300
f 5313/5313/5313 5300/5300/5300 5299/5299/5299
f 5314/5314/5314 5004/5004/5004 5103/5103/5103
f 5314/5314/5314 5103/5103/5103 5300/5300/5300
f 5289/5289/5289 5290/5290/5290 5276/5276/5276
f 5289/5289/5289 5276/5276/5276 5275/5275/5275
f 5260/5260/5260 5261/5261/5261 5247/5247/5247
f 5260/5260/5260 5247/5247/5247 5246/5246/5246
f 5073/5073/5073 5301/5301/5301 5287/5287/5287
f 5073/5073/5073 5287/5287/5287 5075/5075/5075
f 5290/5290/5290 5291/5291/5291 5277/5277/5277
f 5290/5290/5290 5277/5277/5277 5276/5276/5276
f 5291/5291/5291 5292/5292/5292 5278/5278/5278
f 5291/5291/5291 5278/5278/5278 5277/5277/5277
f 5292/5292/5292 5293/5293/5293 5279/5279/5279
f 5292/5292/5292 5279/5279/5279 5278/5278/5278
f 5293/5293/5293 5294/5294/5294 5280/5280/5280
f 5293/5293/5293 5280/5280/5280 5279/5279/5279
f 5294/5294/5294 5295/5295/5295 5281/5281/5281
f 5294/5294/5294 5281/5281/5281 5280/5280/5280
f 5295/5295/5295 5296/5296/5296 5282/5282/5282
f 5295/5295/5295 5282/5282/5282 5281/5281/5281
f 5296/5296/5296 5297/5297/5297 5283/5283/5283
f 5296/5296/5296 5283/5283/5283 5282/5282/5282
f 5297/5297/5297 5298/5298/5298 5284/5284/5284
f 5297/5297/5297 5284/5284/5284 5283/5283/5283
f 5298/5298/5298 5299/5299/5299 5285/5285/5285
f 5298/5298/5298 5285/5285/5285 5284/5284/5284
f 5299/5299/5299 5300/5300/5300 5286/5286/5286
f 5299/5299/5299 5286/5286/5286 5285/5285/5285
f 5300/5300/5300 5103/5103/5103 5002/5002/5002
f 5300/5300/5300 5002/5002/5002 5286/5286/5286
f 5275/5275/5275 5276/5276/5276 5262/5262/5262
f 5275/5275/5275 5262/5262/5262 5261/5261/5261
f 5246/5246/5246 5247/5247/5247 5233/5233/5233
f 5246/5246/5246 5233/5233/5233 5232/5232/5232
f 5075/5075/5075 5287/5287/5287 5273/5273/5273
f 5075/5075/5075 5273/5273/5273 5404/5404/5404
f 5276/5276/5276 5277/5277/5277 5263/5263/5263
f 5276/5276/5276 5263/5263/5263 5262/5262/5262
f 5277/5277/5277 5278/5278/5278 5264/5264/5264
f 5277/5277/5277 5264/5264/5264 5263/5263/5263
f 5278/5278/5278 5279/5279/5279 5265/5265/5265
f 5278/5278/5278 5265/5265/5265 5264/5264/5264
f 5279/5279/5279 5280/5280/5280 5266/5266/5266
f 5279/5279/5279 5266/5266/5266 5265/5265/5265
f 5280/5280/5280 5281/5281/5281 5267/5267/5267
f 5280/5280/5280 5267/5267/5267 5266/5266/5266
f 5281/5281/5281 5282/5282/5282 5268/5268/5268
f 5281/5281/5281 5268/5268/5268 5267/5267/5267
f 5282/5282/5282 5283/5283/5283 5269/5269/5269
f 5282/5282/5282 5269/5269/5269 5268/5268/5268
f 5283/5283/5283 5284/5284/5284 5270/5270/5270
f 5283/5283/5283 5270/5270/5270 5269/5269/5269
f 5284/5284/5284 5285/5285/5285 5271/5271/5271
f 5284/5284/5284 5271/5271/5271 5270/5270/5270
f 5285/5285/5285 5286/5286/5286 5272/5272/5272
f 5285/5285/5285 5272/5272/5272 5271/5271/5271
f 5286/5286/5286 5002/5002/5002 5000/5000/5000
f 5286/5286/5286 5000/5000/5000 5272/5272/5272
f 5261/5261/5261 5262/5262/5262 5248/5248/5248
f 5261/5261/5261 5248/5248/5248 5247/5247/5247
f 5232/5232/5232 5233/5233/5233 5219/5219/5219
f 5232/5232/5232 5219/5219/5219 5218/5218/5218
f 5404/5404/5404 5273/5273/5273 5259/5259/5259
f 5404/5404/5404 5259/5259/5259 5077/5077/5077
f 5262/5262/5262 5263/5263/5263 5249/5249/5249
f 5262/5262/5262 5249/5249/5249 5248/5248/5248
f 5263/5263/5263 5264/5264/5264 5250/5250/5250
f 5263/5263/5263 5250/5250/5250 5249/5249/5249
f 5264/5264/5264 5265/5265/5265 5251/5251/5251
f 5264/5264/5264 5251/5251/5251 5250/5250/5250
f 5265/5265/5265 5266/5266/5266 5252/5252/5252
f 5265/5265/5265 5252/5252/5252 5251/5251/5251
f 5266/5266/5266 5267/5267/5267 5253/5253/5253
f 5266/5266/5266 5253/5253/5253 5252/5252/5252
f 5267/5267/5267 5268/5268/5268 5254/5254/5254
f 5267/5267/5267 5254/5254/5254 5253/5253/5253
f 5268/5268/5268 5269/5269/5269 5255/5255/5255
f 5268/5268/5268 5255/5255/5255 5254/5254/5254
f 5269/5269/5269 5270/5270/5270 5256/5256/5256
f 5269/5269/5269 5256/5256/5256 5255/5255/5255
f 5270/5270/5270 5271/5271/5271 5257/5257/5257
f 5270/5270/5270 5257/5257/5257 5256/5256/5256
f 5271/5271/5271 5272/5272/5272 5258/5258/5258
f 5271/5271/5271 5258/5258/5258 5257/5257/5257
f 5272/5272/5272 5000/5000/5000 5101/5101/5101
f 5272/5272/5272 5101/5101/5101 5258/5258/5258
f 5247/5247/5247 5248/5248/5248 5234/5234/5234
f 5247/5247/5247 5234/5234/5234 5233/5233/5233
f 5218/5218/5218 5219/5219/5219 5205/5205/5205
f 5218/5218/5218 5205/5205/5205 5204/5204/5204
f 5077/5077/5077 5259/5259/5259 5245/5245/5245
f 5077/5077/5077 5245/5245/5245 5406/5406/5406
f 5248/5248/5248 5249/5249/5249 5235/5235/5235
f 5248/5248/5248 5235/5235/5235 5234/5234/5234
f 5249/5249/5249 5250/5250/5250 5236/5236/5236
f 5249/5249/5249 5236/5236/5236 5235/5235/5235
f 5250/5250/5250 5251/5251/5251 5237/5237/5237
f 5250/5250/5250 5237/5237/5237 5236/5236/5236
f 5251/5251/5251 5252/5252/5252 5238/5238/5238
f 5251/5251/5251 5238/5238/5238 5237/5237/5237
f 5252/5252/5252 5253/5253/5253 5239/5239/5239
f 5252/5252/5252 5239/5239/5239 5238/5238/5238
f 5253/5253/5253 5254/5254/5254 5240/5240/5240
f 5253/5253/5253 5240/5240/5240 5239/5239/5239
f 5254/5254/5254 5255/5255/5255 5241/5241/5241
f 5254/5254/5254 5241/5241/5241 5240/5240/5240
f 5255/5255/5255 5256/5256/5256 5242/5242/5242
f 5255/5255/5255 5242/5242/5242 5241/5241/5241
f 5256/5256/5256 5257/5257/5257 5243/5243/5243
f 5256/5256/5256 5243/5243/5243 5242/5242/5242
f 5257/5257/5257 5258/5258/5258 5244/5244/5244
f 5257/5257/5257 5244/5244/5244 5243/5243/5243
f 5258/5258/5258 5101/5101/5101 5099/5099/5099
f 5258/5258/5258 5099/5099/5099 5244/5244/5244
f 5233/5233/5233 5234/5234/5234 5220/5220/5220
f 5233/5233/5233 5220/5220/5220 5219/5219/5219
f 5204/5204/5204 5205/5205/5205 5191/5191/5191
f 5204/5204/5204 5191/5191/5191 5190/5190/5190
f 5406/5406/5406 5245/5245/5245 5231/5231/5231
f 5406/5406/5406 5231/5231/5231 5079/5079/5079
f 5234/5234/5234 5235/5235/5235 5221/5221/5221
f 5234/5234/5234 5221/5221/5221 5220/5220/5220
f 5235/5235/5235 5236/5236/5236 5222/5222/5222
f 5235/5235/5235 5222/5222/5222 5221/5221/5221
f 5236/5236/5236 5237/5237/5237 5223/5223/5223
f 5236/5236/5236 5223/5223/5223 5222/5222/5222
f 5237/5237/5237 5238/5238/5238 5224/5224/5224
f 5237/5237/5237 5224/5224/5224 5223/5223/5223
f 5238/5238/5238 5239/5239/5239 5225/5225/5225
f 5238/5238/5238 5225/5225/5225 5224/5224/5224
f 5239/5239/5239 5240/5240/5240 5226/5226/5226
f 5239/5239/5239 5226/5226/5226 5225/5225/5225
f 5240/5240/5240 5241/5241/5241 5227/5227/5227
f 5240/5240/5240 5227/5227/5227 5226/5226/5226
f 5241/5241/5241 5242/5242/5242 5228/5228/5228
f 5241/5241/5241 5228/5228/5228 5227/5227/5227
f 5242/5242/5242 5243/5243/5243 5229/5229/5229
f 5242/5242/5242 5229/5229/5229 5228/5228/5228
f 5243/5243/5243 5244/5244/5244 5230/5230/5230
f 5243/5243/5243 5230/5230/5230 5229/5229/5229
f 5244/5244/5244 5099/5099/5099 4998/4998/4998
f 5244/5244/5244 4998/4998/4998 5230/5230/5230
f 5219/5219/5219 5220/5220/5220 5206/5206/5206
f 5219/5219/5219 5206/5206/5206 5205/5205/5205
f 5190/5190/5190 5191/5191/5191 5177/5177/5177
f 5190/5190/5190 5177/5177/5177 5176/5176/5176
f 5079/5079/5079 5231/5231/5231 5217/5217/5217
f 5079/5079/5079 5217/5217/5217 5081/5081/5081
f 5220/5220/5220 5221/5221/5221 5207/5207/5207
f 5220/5220/5220 5207/5207/5207 5206/5206/5206
f 5221/5221/5221 5222/5222/5222 5208/5208/5208
f 5221/5221/5221 5208/5208/5208 5207/5207/5207
f 5222/5222/5222 5223/5223/5223 5209/5209/5209
f 5222/5222/5222 5209/5209/5209 5208/5208/5208
f 5223/5223/5223 5224/5224/5224 5210/5210/5210
f 5223/5223/5223 5210/5210/5210 5209/5209/5209
f 5224/5224/5224 5225/5225/5225 5211/5211/5211
f 5224/5224/5224 5211/5211/5211 5210/5210/5210
f 5225/5225/5225 5226/5226/5226 5212/5212/5212
f 5225/5225/5225 5212/5212/5212 5211/5211/5211
f 5226/5226/5226 5227/5227/5227 5213/5213/5213
f 5226/5226/5226 5213/5213/5213 5212/5212/5212
f 5227/5227/5227 5228/5228/5228 5214/5214/5214
f 5227/5227/5227 5214/5214/5214 5213/5213/5213
f 5228/5228/5228 5229/5229/5229 5215/5215/5215
f 5228/5228/5228 5215/5215/5215 5214/5214/5214
f 5229/5229/5229 5230/5230/5230 5216/5216/5216
f 5229/5229/5229 5216/5216/5216 5215/5215/5215
f 5230/5230/5230 4998/4998/4998 5097/5097/5097
f 5230/5230/5230 5097/5097/5097 5216/5216/5216
f 5205/5205/5205 5206/5206/5206 5192/5192/5192
f 5205/5205/5205 5192/5192/5192 5191/5191/5191
f 5176/5176/5176 5177/5177/5177 5163/5163/5163
f 5176/5176/5176 5163/5163/5163 5162/5162/5162
f 5081/5081/5081 5217/5217/5217 5203/5203/5203
f 5081/5081/5081 5203/5203/5203 5083/5083/5083
f 5206/5206/5206 5207/5207/5207 5193/5193/5193
f 5206/5206/5206 5193/5193/5193 5192/5192/5192
f 5207/5207/5207 5208/5208/5208 5194/5194/5194
f 5207/5207/5207 5194/5194/5194 5193/5193/5193
f 5208/5208/5208 5209/5209/5209 5195/5195/5195
f 5208/5208/5208 5195/5195/5195 5194/5194/5194
f 5209/5209/5209 5210/5210/5210 5196/5196/5196
f 5209/5209/5209 5196/5196/5196 5195/5195/5195
f 5210/5210/5210 5211/5211/5211 5197/5197/5197
f 5210/5210/5210 5197/5197/5197 5196/5196/5196
f 5211/5211/5211 5212/5212/5212 5198/5198/5198
f 5211/5211/5211 5198/5198/5198 5197/5197/5197
f 5212/5212/5212 5213/5213/5213 5199/5199/5199
f 5212/5212/5212 5199/5199/5199 5198/5198/5198
f 5213/5213/5213 5214/5214/5214 5200/5200/5200
f 5213/5213/5213 5200/5200/5200 5199/5199/5199
f 5214/5214/5214 5215/5215/5215 5201/5201/5201
f 5214/5214/5214 5201/5201/5201 5200/5200/5200
f 5215/5215/5215 5216/5216/5216 5202/5202/5202
f 5215/5215/5215 5202/5202/5202 5201/5201/5201
f 5216/5216/5216 5097/5097/5097 4996/4996/4996
f 5216/5216/5216 4996/4996/4996 5202/5202/5202
f 5191/5191/5191 5192/5192/5192 5178/5178/5178
f 5191/5191/5191 5178/5178/5178 5177/5177/5177
f 5162/5162/5162 5163/5163/5163 5149/5149/5149
f 5162/5162/5162 5149/5149/5149 5148/5148/5148
f 5083/5083/5083 5203/5203/5203 5189/5189/5189
f 5083/5083/5083 5189/5189/5189 5085/5085/5085
f 5192/5192/5192 5193/5193/5193 5179/5179/5179
f 5192/5192/5192 5179/5179/5179 5178/5178/5178
f 5193/5193/5193 5194/5194/5194 5180/5180/5180
f 5193/5193/5193 5180/5180/5180 5179/5179/5179
f 5194/5194/5194 5195/5195/5195 5181/5181/5181
f 5194/5194/5194 5181/5181/5181 5180/5180/5180
f 5195/5195/5195 5196/5196/5196 5182/5182/5182
f 5195/5195/5195 5182/5182/5182 5181/5181/5181
f 5196/5196/5196 5197/5197/5197 5183/5183/5183
f 5196/5196/5196 5183/5183/5183 5182/5182/5182
f 5197/5197/5197 5198/5198/5198 5184/5184/5184
f 5197/5197/5197 5184/5184/5184 5183/5183/5183
f 5198/5198/5198 5199/5199/5199 5185/5185/5185
f 5198/5198/5198 5185/5185/5185 5184/5184/5184
f 5199/5199/5199 5200/5200/5200 5186/5186/5186
f 5199/5199/5199 5186/5186/5186 5185/5185/5185
f 5200/5200/5200 5201/5201/5201 5187/5187/5187
f 5200/5200/5200 5187/5187/5187 5186/5186/5186
f 5201/5201/5201 5202/5202/5202 5188/5188/5188
f 5201/5201/5201 5188/5188/5188 5187/5187/5187
f 5202/5202/5202 4996/4996/4996 5095/5095/5095
f 5202/5202/5202 5095/5095/5095 5188/5188/5188
f 5177/5177/5177 5178/5178/5178 5164/5164/5164
f 5177/5177/5177 5164/5164/5164 5163/5163/5163
f 5148/5148/5148 5149/5149/5149 5135/5135/5135
f 5148/5148/5148 5135/5135/5135 5134/5134/5134
f 5085/5085/5085 5189/5189/5189 5175/5175/5175
f 5085/5085/5085 5175/5175/5175 5408/5408/5408
f 5178/5178/5178 5179/5179/5179 5165/5165/5165
f 5178/5178/5178 5165/5165/5165 5164/5164/5164
f 5179/5179/5179 5180/5180/5180 5166/5166/5166
f 5179/5179/5179 5166/5166/5166 5165/5165/5165
f 5180/5180/5180 5181/5181/5181 5167/5167/5167
f 5180/5180/5180 5167/5167/5167 5166/5166/5166
f 5181/5181/5181 5182/5182/5182 5168/5168/5168
f 5181/5181/5181 5168/5168/5168 5167/5167/5167
f 5182/5182/5182 5183/5183/5183 5169/5169/5169
f 5182/5182/5182 5169/5169/5169 5168/5168/5168
f 5183/5183/5183 5184/5184/5184 5170/5170/5170
f 5183/5183/5183 5170/5170/5170 5169/5169/5169
f 5184/5184/5184 5185/5185/5185 5171/5171/5171
f 5184/5184/5184 5171/5171/5171 5170/5170/5170
f 5185/5185/5185 5186/5186/5186 5172/5172/5172
f 5185/5185/5185 5172/5172/5172 5171/5171/5171
f 5186/5186/5186 5187/5187/5187 5173/5173/5173
f 5186/5186/5186 5173/5173/5173 5172/5172/5172
f 5187/5187/5187 5188/5188/5188 5174/5174/5174
f 5187/5187/5187 5174/5174/5174 5173/5173/5173
f 5188/5188/5188 5095/5095/5095 5093/5093/5093
f 5188/5188/5188 5093/5093/5093 5174/5174/5174
f 5163/5163/5163 5164/5164/5164 5150/5150/5150
f 5163/5163/5163 5150/5150/5150 5149/5149/5149
f 5134/5134/5134 5135/5135/5135 4910/4910/4910
f 5134/5134/5134 4910/4910/4910 4908/4908/4908
f 5408/5408/5408 5175/5175/5175 5161/5161/5161
f 5408/5408/5408 5161/5161/5161 5410/5410/5410
f 5164/5164/5164 5165/5165/5165 5151/5151/5151
f 5164/5164/5164 5151/5151/5151 5150/5150/5150
f 5165/5165/5165 5166/5166/5166 5152/5152/5152
f 5165/5165/5165 5152/5152/5152 5151/5151/5151
f 5166/5166/5166 5167/5167/5167 5153/5153/5153
f 5166/5166/5166 5153/5153/5153 5152/5152/5152
f 5167/5167/5167 5168/5168/5168 5154/5154/5154
f 5167/5167/5167 5154/5154/5154 5153/5153/5153
f 5168/5168/5168 5169/5169/5169 5155/5155/5155
f 5168/5168/5168 5155/5155/5155 5154/5154/5154
f 5169/5169/5169 5170/5170/5170 5156/5156/5156
f 5169/5169/5169 5156/5156/5156 5155/5155/5155
f 5170/5170/5170 5171/5171/5171 5157/5157/5157
f 5170/5170/5170 5157/5157/5157 5156/5156/5156
f 5171/5171/5171 5172/5172/5172 5158/5158/5158
f 5171/5171/5171 5158/5158/5158 5157/5157/5157
f 5172/5172/5172 5173/5173/5173 5159/5159/5159
f 5172/5172/5172 5159/5159/5159 5158/5158/5158
f 5173/5173/5173 5174/5174/5174 5160/5160/5160
f 5173/5173/5173 5160/5160/5160 5159/5159/5159
f 5174/5174/5174 5093/5093/5093 5091/5091/5091
f 5174/5174/5174 5091/5091/5091 5160/5160/5160
f 5149/5149/5149 5150/5150/5150 5136/5136/5136
f 5149/5149/5149 5136/5136/5136 5135/5135/5135
f 5410/5410/5410 5161/5161/5161 5147/5147/5147
f 5410/5410/5410 5147/5147/5147 5412/5412/5412
f 5150/5150/5150 5151/5151/5151 5137/5137/5137
f 5150/5150/5150 5137/5137/5137 5136/5136/5136
f 5151/5151/5151 5152/5152/5152 5138/5138/5138
f 5151/5151/5151 5138/5138/5138 5137/5137/5137
f 5152/5152/5152 5153/5153/5153 5139/5139/5139
f 5152/5152/5152 5139/5139/5139 5138/5138/5138
f 5153/5153/5153 5154/5154/5154 5140/5140/5140
f 5153/5153/5153 5140/5140/5140 5139/5139/5139
f 5154/5154/5154 5155/5155/5155 5141/5141/5141
f 5154/5154/5154 5141/5141/5141 5140/5140/5140
f 5155/5155/5155 5156/5156/5156 5142/5142/5142
f 5155/5155/5155 5142/5142/5142 5141/5141/5141
f 5156/5156/5156 5157/5157/5157 5143/5143/5143
f 5156/5156/5156 5143/5143/5143 5142/5142/5142
f 5157/5157/5157 5158/5158/5158 5144/5144/5144
f 5157/5157/5157 5144/5144/5144 5143/5143/5143
f 5158/5158/5158 5159/5159/5159 5145/5145/5145
f 5158/5158/5158 5145/5145/5145 5144/5144/5144
f 5159/5159/5159 5160/5160/5160 5146/5146/5146
f 5159/5159/5159 5146/5146/5146 5145/5145/5145
f 5160/5160/5160 5091/5091/5091 5089/5089/5089
f 5160/5160/5160 5089/5089/5089 5146/5146/5146
f 5135/5135/5135 5136/5136/5136 5124/5124/5124
f 5135/5135/5135 5124/5124/5124 4910/4910/4910
f 5412/5412/5412 5147/5147/5147 5133/5133/5133
f 5412/5412/5412 5133/5133/5133 5087/5087/5087
f 5136/5136/5136 5137/5137/5137 5126/5126/5126
f 5136/5136/5136 5126/5126/5126 5124/5124/5124
f 5360/5360/5360 5359/5359/5359 5800/5800/5800
f 5360/5360/5360 5800/5800/5800 5799/5799/5799
f 5137/5137/5137 5138/5138/5138 4912/4912/4912
f 5137/5137/5137 4912/4912/4912 5126/5126/5126
f 5138/5138/5138 5139/5139/5139 4914/4914/4914
f 5138/5138/5138 4914/4914/4914 4912/4912/4912
f 5139/5139/5139 5140/5140/5140 4916/4916/4916
f 5139/5139/5139 4916/4916/4916 4914/4914/4914
f 5140/5140/5140 5141/5141/5141 5128/5128/5128
f 5140/5140/5140 5128/5128/5128 4916/4916/4916
f 5141/5141/5141 5142/5142/5142 4918/4918/4918
f 5141/5141/5141 4918/4918/4918 5128/5128/5128
f 5142/5142/5142 5143/5143/5143 4920/4920/4920
f 5142/5142/5142 4920/4920/4920 4918/4918/4918
f 5143/5143/5143 5144/5144/5144 5130/5130/5130
f 5143/5143/5143 5130/5130/5130 4920/4920/4920
f 5144/5144/5144 5145/5145/5145 4922/4922/4922
f 5144/5144/5144 4922/4922/4922 5130/5130/5130
f 5145/5145/5145 5146/5146/5146 5132/5132/5132
f 5145/5145/5145 5132/5132/5132 4922/4922/4922
f 5132/5132/5132 5146/5146/5146 5089/5089/5089
f 5132/5132/5132 5089/5089/5089 4976/4976/4976
f 5087/5087/5087 5133/5133/5133 5122/5122/5122
f 5087/5087/5087 5122/5122/5122 5068/5068/5068
f 5472/5472/5472 5471/5471/5471 5419/5419/5419
f 5472/5472/5472 5419/5419/5419 5421/5421/5421
f 5468/5468/5468 5467/5467/5467 5470/5470/5470
f 5468/5468/5468 5470/5470/5470 5471/5471/5471
f 5472/5472/5472 5469/5469/5469 5468/5468/5468
f 5472/5472/5472 5468/5468/5468 5471/5471/5471
f 5424/5424/5424 5396/5396/5396 5371/5371/5371
f 5424/5424/5424 5371/5371/5371 5808/5808/5808
f 5471/5471/5471 5470/5470/5470 5417/5417/5417
f 5471/5471/5471 5417/5417/5417 5419/5419/5419
f 5401/5401/5401 5425/5425/5425 5422/5422/5422
f 5401/5401/5401 5422/5422/5422 5399/5399/5399
f 5414/5414/5414 5806/5806/5806 5422/5422/5422
f 5414/5414/5414 5422/5422/5422 5423/5423/5423
f 5399/5399/5399 5422/5422/5422 5806/5806/5806
f 5399/5399/5399 5806/5806/5806 5375/5375/5375
f 5427/5427/5427 5430/5430/5430 5394/5394/5394
f 5427/5427/5427 5394/5394/5394 5490/5490/5490
f 5427/5427/5427 5490/5490/5490 5396/5396/5396
f 5427/5427/5427 5396/5396/5396 5424/5424/5424
f 5430/5430/5430 5433/5433/5433 5488/5488/5488
f 5430/5430/5430 5488/5488/5488 5394/5394/5394
f 5088/5088/5088 5070/5070/5070 5417/5417/5417
f 5088/5088/5088 5417/5417/5417 5470/5470/5470
f 5423/5423/5423 5424/5424/5424 5808/5808/5808
f 5423/5423/5423 5808/5808/5808 5414/5414/5414
f 5425/5425/5425 5426/5426/5426 5423/5423/5423
f 5425/5425/5425 5423/5423/5423 5422/5422/5422
f 5433/5433/5433 5436/5436/5436 5392/5392/5392
f 5433/5433/5433 5392/5392/5392 5488/5488/5488
f 5403/5403/5403 5428/5428/5428 5425/5425/5425
f 5403/5403/5403 5425/5425/5425 5401/5401/5401
f 5428/5428/5428 5429/5429/5429 5426/5426/5426
f 5428/5428/5428 5426/5426/5426 5425/5425/5425
f 5427/5427/5427 5424/5424/5424 5423/5423/5423
f 5427/5427/5427 5423/5423/5423 5426/5426/5426
f 5436/5436/5436 5439/5439/5439 5390/5390/5390
f 5436/5436/5436 5390/5390/5390 5392/5392/5392
f 5072/5072/5072 5431/5431/5431 5428/5428/5428
f 5072/5072/5072 5428/5428/5428 5403/5403/5403
f 5431/5431/5431 5432/5432/5432 5429/5429/5429
f 5431/5431/5431 5429/5429/5429 5428/5428/5428
f 5429/5429/5429 5430/5430/5430 5427/5427/5427
f 5429/5429/5429 5427/5427/5427 5426/5426/5426
f 5439/5439/5439 5442/5442/5442 5486/5486/5486
f 5439/5439/5439 5486/5486/5486 5390/5390/5390
f 5074/5074/5074 5434/5434/5434 5431/5431/5431
f 5074/5074/5074 5431/5431/5431 5072/5072/5072
f 5434/5434/5434 5435/5435/5435 5432/5432/5432
f 5434/5434/5434 5432/5432/5432 5431/5431/5431
f 5432/5432/5432 5433/5433/5433 5430/5430/5430
f 5432/5432/5432 5430/5430/5430 5429/5429/5429
f 5442/5442/5442 5445/5445/5445 5484/5484/5484
f 5442/5442/5442 5484/5484/5484 5486/5486/5486
f 5076/5076/5076 5437/5437/5437 5434/5434/5434
f 5076/5076/5076 5434/5434/5434 5074/5074/5074
f 5437/5437/5437 5438/5438/5438 5435/5435/5435
f 5437/5437/5437 5435/5435/5435 5434/5434/5434
f 5435/5435/5435 5436/5436/5436 5433/5433/5433
f 5435/5435/5435 5433/5433/5433 5432/5432/5432
f 5445/5445/5445 5448/5448/5448 5388/5388/5388
f 5445/5445/5445 5388/5388/5388 5484/5484/5484
f 5405/5405/5405 5440/5440/5440 5437/5437/5437
f 5405/5405/5405 5437/5437/5437 5076/5076/5076
f 5440/5440/5440 5441/5441/5441 5438/5438/5438
f 5440/5440/5440 5438/5438/5438 5437/5437/5437
f 5438/5438/5438 5439/5439/5439 5436/5436/5436
f 5438/5438/5438 5436/5436/5436 5435/5435/5435
f 5448/5448/5448 5451/5451/5451 5386/5386/5386
f 5448/5448/5448 5386/5386/5386 5388/5388/5388
f 5078/5078/5078 5443/5443/5443 5440/5440/5440
f 5078/5078/5078 5440/5440/5440 5405/5405/5405
f 5443/5443/5443 5444/5444/5444 5441/5441/5441
f 5443/5443/5443 5441/5441/5441 5440/5440/5440
f 5441/5441/5441 5442/5442/5442 5439/5439/5439
f 5441/5441/5441 5439/5439/5439 5438/5438/5438
f 5451/5451/5451 5454/5454/5454 5482/5482/5482
f 5451/5451/5451 5482/5482/5482 5386/5386/5386
f 5407/5407/5407 5446/5446/5446 5443/5443/5443
f 5407/5407/5407 5443/5443/5443 5078/5078/5078
f 5446/5446/5446 5447/5447/5447 5444/5444/5444
f 5446/5446/5446 5444/5444/5444 5443/5443/5443
f 5444/5444/5444 5445/5445/5445 5442/5442/5442
f 5444/5444/5444 5442/5442/5442 5441/5441/5441
f 5454/5454/5454 5457/5457/5457 5384/5384/5384
f 5454/5454/5454 5384/5384/5384 5482/5482/5482
f 5080/5080/5080 5449/5449/5449 5446/5446/5446
f 5080/5080/5080 5446/5446/5446 5407/5407/5407
f 5449/5449/5449 5450/5450/5450 5447/5447/5447
f 5449/5449/5449 5447/5447/5447 5446/5446/5446
f 5447/5447/5447 5448/5448/5448 5445/5445/5445
f 5447/5447/5447 5445/5445/5445 5444/5444/5444
f 5457/5457/5457 5460/5460/5460 5382/5382/5382
f 5457/5457/5457 5382/5382/5382 5384/5384/5384
f 5082/5082/5082 5452/5452/5452 5449/5449/5449
f 5082/5082/5082 5449/5449/5449 5080/5080/5080
f 5452/5452/5452 5453/5453/5453 5450/5450/5450
f 5452/5452/5452 5450/5450/5450 5449/5449/5449
f 5450/5450/5450 5451/5451/5451 5448/5448/5448
f 5450/5450/5450 5448/5448/5448 5447/5447/5447
f 5460/5460/5460 5463/5463/5463 5380/5380/5380
f 5460/5460/5460 5380/5380/5380 5382/5382/5382
f 5084/5084/5084 5455/5455/5455 5452/5452/5452
f 5084/5084/5084 5452/5452/5452 5082/5082/5082
f 5455/5455/5455 5456/5456/5456 5453/5453/5453
f 5455/5455/5455 5453/5453/5453 5452/5452/5452
f 5453/5453/5453 5454/5454/5454 5451/5451/5451
f 5453/5453/5453 5451/5451/5451 5450/5450/5450
f 5463/5463/5463 5466/5466/5466 5480/5480/5480
f 5463/5463/5463 5480/5480/5480 5380/5380/5380
f 5086/5086/5086 5458/5458/5458 5455/5455/5455
f 5086/5086/5086 5455/5455/5455 5084/5084/5084
f 5458/5458/5458 5459/5459/5459 5456/5456/5456
f 5458/5458/5458 5456/5456/5456 5455/5455/5455
f 5456/5456/5456 5457/5457/5457 5454/5454/5454
f 5456/5456/5456 5454/5454/5454 5453/5453/5453
f 5466/5466/5466 5469/5469/5469 5478/5478/5478
f 5466/5466/5466 5478/5478/5478 5480/5480/5480
f 5409/5409/5409 5461/5461/5461 5458/5458/5458
f 5409/5409/5409 5458/5458/5458 5086/5086/5086
f 5461/5461/5461 5462/5462/5462 5459/5459/5459
f 5461/5461/5461 5459/5459/5459 5458/5458/5458
f 5459/5459/5459 5460/5460/5460 5457/5457/5457
f 5459/5459/5459 5457/5457/5457 5456/5456/5456
f 5469/5469/5469 5472/5472/5472 5476/5476/5476
f 5469/5469/5469 5476/5476/5476 5478/5478/5478
f 5411/5411/5411 5464/5464/5464 5461/5461/5461
f 5411/5411/5411 5461/5461/5461 5409/5409/5409
f 5464/5464/5464 5465/5465/5465 5462/5462/5462
f 5464/5464/5464 5462/5462/5462 5461/5461/5461
f 5462/5462/5462 5463/5463/5463 5460/5460/5460
f 5462/5462/5462 5460/5460/5460 5459/5459/5459
f 5413/5413/5413 5467/5467/5467 5464/5464/5464
f 5413/5413/5413 5464/5464/5464 5411/5411/5411
f 5467/5467/5467 5468/5468/5468 5465/5465/5465
f 5467/5467/5467 5465/5465/5465 5464/5464/5464
f 5465/5465/5465 5466/5466/5466 5463/5463/5463
f 5465/5465/5465 5463/5463/5463 5462/5462/5462
f 5413/5413/5413 5088/5088/5088 5470/5470/5470
f 5413/5413/5413 5470/5470/5470 5467/5467/5467
f 5468/5468/5468 5469/5469/5469 5466/5466/5466
f 5468/5468/5468 5466/5466/5466 5465/5465/5465
f 5378/5378/5378 5476/5476/5476 5472/5472/5472
f 5378/5378/5378 5472/5472/5472 5421/5421/5421
f 5549/5549/5549 5521/5521/5521 5519/5519/5519
f 5549/5549/5549 5519/5519/5519 5548/5548/5548
f 5761/5761/5761 5747/5747/5747 5746/5746/5746
f 5761/5761/5761 5746/5746/5746 5760/5760/5760
f 5537/5537/5537 5536/5536/5536 5550/5550/5550
f 5537/5537/5537 5550/5550/5550 5551/5551/5551
f 5745/5745/5745 5759/5759/5759 4992/4992/4992
f 5745/5745/5745 4992/4992/4992 5506/5506/5506
f 5773/5773/5773 4994/4994/4994 4992/4992/4992
f 5773/5773/5773 4992/4992/4992 5759/5759/5759
f 5523/5523/5523 4894/4894/4894 5773/5773/5773
f 5523/5523/5523 5773/5773/5773 5772/5772/5772
f 5565/5565/5565 5564/5564/5564 5578/5578/5578
f 5565/5565/5565 5578/5578/5578 5579/5579/5579
f 5551/5551/5551 5550/5550/5550 5564/5564/5564
f 5551/5551/5551 5564/5564/5564 5565/5565/5565
f 5579/5579/5579 5578/5578/5578 5592/5592/5592
f 5579/5579/5579 5592/5592/5592 5593/5593/5593
f 5379/5379/5379 5535/5535/5535 5760/5760/5760
f 5379/5379/5379 5760/5760/5760 5477/5477/5477
f 5593/5593/5593 5592/5592/5592 5606/5606/5606
f 5593/5593/5593 5606/5606/5606 5607/5607/5607
f 4980/4980/4980 5563/5563/5563 5577/5577/5577
f 4980/4980/4980 5577/5577/5577 4982/4982/4982
f 5607/5607/5607 5606/5606/5606 5620/5620/5620
f 5607/5607/5607 5620/5620/5620 5621/5621/5621
f 5577/5577/5577 5591/5591/5591 5492/5492/5492
f 5577/5577/5577 5492/5492/5492 4982/4982/4982
f 5621/5621/5621 5620/5620/5620 5634/5634/5634
f 5621/5621/5621 5634/5634/5634 5635/5635/5635
f 5591/5591/5591 5605/5605/5605 4984/4984/4984
f 5591/5591/5591 4984/4984/4984 5492/5492/5492
f 5635/5635/5635 5634/5634/5634 5648/5648/5648
f 5635/5635/5635 5648/5648/5648 5649/5649/5649
f 5605/5605/5605 5619/5619/5619 5494/5494/5494
f 5605/5605/5605 5494/5494/5494 4984/4984/4984
f 5649/5649/5649 5648/5648/5648 5662/5662/5662
f 5649/5649/5649 5662/5662/5662 5663/5663/5663
f 5619/5619/5619 5633/5633/5633 5496/5496/5496
f 5619/5619/5619 5496/5496/5496 5494/5494/5494
f 5663/5663/5663 5662/5662/5662 5676/5676/5676
f 5663/5663/5663 5676/5676/5676 5677/5677/5677
f 5633/5633/5633 5647/5647/5647 5498/5498/5498
f 5633/5633/5633 5498/5498/5498 5496/5496/5496
f 5677/5677/5677 5676/5676/5676 5690/5690/5690
f 5677/5677/5677 5690/5690/5690 5691/5691/5691
f 5647/5647/5647 5661/5661/5661 5500/5500/5500
f 5647/5647/5647 5500/5500/5500 5498/5498/5498
f 5691/5691/5691 5690/5690/5690 5704/5704/5704
f 5691/5691/5691 5704/5704/5704 5705/5705/5705
f 5661/5661/5661 5675/5675/5675 4986/4986/4986
f 5661/5661/5661 4986/4986/4986 5500/5500/5500
f 5705/5705/5705 5704/5704/5704 5718/5718/5718
f 5705/5705/5705 5718/5718/5718 5719/5719/5719
f 5675/5675/5675 5689/5689/5689 5502/5502/5502
f 5675/5675/5675 5502/5502/5502 4986/4986/4986
f 5760/5760/5760 5535/5535/5535 5533/5533/5533
f 5760/5760/5760 5533/5533/5533 5761/5761/5761
f 5689/5689/5689 5703/5703/5703 4988/4988/4988
f 5689/5689/5689 4988/4988/4988 5502/5502/5502
f 5703/5703/5703 5717/5717/5717 5504/5504/5504
f 5703/5703/5703 5504/5504/5504 4988/4988/4988
f 5719/5719/5719 5718/5718/5718 5732/5732/5732
f 5719/5719/5719 5732/5732/5732 5733/5733/5733
f 5717/5717/5717 5731/5731/5731 4990/4990/4990
f 5717/5717/5717 4990/4990/4990 5504/5504/5504
f 5731/5731/5731 5745/5745/5745 5506/5506/5506
f 5731/5731/5731 5506/5506/5506 4990/4990/4990
f 5509/5509/5509 5373/5373/5373 5397/5397/5397
f 5509/5509/5509 5397/5397/5397 5536/5536/5536
f 5761/5761/5761 5533/5533/5533 4906/4906/4906
f 5761/5761/5761 4906/4906/4906 5762/5762/5762
f 5763/5763/5763 5749/5749/5749 5748/5748/5748
f 5763/5763/5763 5748/5748/5748 5762/5762/5762
f 5763/5763/5763 5531/5531/5531 4904/4904/4904
f 5763/5763/5763 4904/4904/4904 5764/5764/5764
f 5764/5764/5764 4904/4904/4904 4902/4902/4902
f 5764/5764/5764 4902/4902/4902 5765/5765/5765
f 5764/5764/5764 5750/5750/5750 5749/5749/5749
f 5764/5764/5764 5749/5749/5749 5763/5763/5763
f 5765/5765/5765 5751/5751/5751 5750/5750/5750
f 5765/5765/5765 5750/5750/5750 5764/5764/5764
f 5766/5766/5766 5752/5752/5752 5751/5751/5751
f 5766/5766/5766 5751/5751/5751 5765/5765/5765
f 5767/5767/5767 5753/5753/5753 5752/5752/5752
f 5767/5767/5767 5752/5752/5752 5766/5766/5766
f 5768/5768/5768 5754/5754/5754 5753/5753/5753
f 5768/5768/5768 5753/5753/5753 5767/5767/5767
f 5769/5769/5769 5755/5755/5755 5754/5754/5754
f 5769/5769/5769 5754/5754/5754 5768/5768/5768
f 5770/5770/5770 5756/5756/5756 5755/5755/5755
f 5770/5770/5770 5755/5755/5755 5769/5769/5769
f 5771/5771/5771 5757/5757/5757 5756/5756/5756
f 5771/5771/5771 5756/5756/5756 5770/5770/5770
f 5772/5772/5772 5758/5758/5758 5757/5757/5757
f 5772/5772/5772 5757/5757/5757 5771/5771/5771
f 5773/5773/5773 5759/5759/5759 5758/5758/5758
f 5773/5773/5773 5758/5758/5758 5772/5772/5772
f 5732/5732/5732 5481/5481/5481 5479/5479/5479
f 5732/5732/5732 5479/5479/5479 5746/5746/5746
f 5762/5762/5762 4906/4906/4906 5531/5531/5531
f 5762/5762/5762 5531/5531/5531 5763/5763/5763
f 5733/5733/5733 5732/5732/5732 5746/5746/5746
f 5733/5733/5733 5746/5746/5746 5747/5747/5747
f 5773/5773/5773 4894/4894/4894 5474/5474/5474
f 5773/5773/5773 5474/5474/5474 4994/4994/4994
f 5720/5720/5720 5719/5719/5719 5733/5733/5733
f 5720/5720/5720 5733/5733/5733 5734/5734/5734
f 5734/5734/5734 5733/5733/5733 5747/5747/5747
f 5734/5734/5734 5747/5747/5747 5748/5748/5748
f 5735/5735/5735 5734/5734/5734 5748/5748/5748
f 5735/5735/5735 5748/5748/5748 5749/5749/5749
f 5736/5736/5736 5735/5735/5735 5749/5749/5749
f 5736/5736/5736 5749/5749/5749 5750/5750/5750
f 5737/5737/5737 5736/5736/5736 5750/5750/5750
f 5737/5737/5737 5750/5750/5750 5751/5751/5751
f 5738/5738/5738 5737/5737/5737 5751/5751/5751
f 5738/5738/5738 5751/5751/5751 5752/5752/5752
f 5739/5739/5739 5738/5738/5738 5752/5752/5752
f 5739/5739/5739 5752/5752/5752 5753/5753/5753
f 5740/5740/5740 5739/5739/5739 5753/5753/5753
f 5740/5740/5740 5753/5753/5753 5754/5754/5754
f 5741/5741/5741 5740/5740/5740 5754/5754/5754
f 5741/5741/5741 5754/5754/5754 5755/5755/5755
f 5742/5742/5742 5741/5741/5741 5755/5755/5755
f 5742/5742/5742 5755/5755/5755 5756/5756/5756
f 5743/5743/5743 5742/5742/5742 5756/5756/5756
f 5743/5743/5743 5756/5756/5756 5757/5757/5757
f 5744/5744/5744 5743/5743/5743 5757/5757/5757
f 5744/5744/5744 5757/5757/5757 5758/5758/5758
f 5759/5759/5759 5745/5745/5745 5744/5744/5744
f 5759/5759/5759 5744/5744/5744 5758/5758/5758
f 5718/5718/5718 5381/5381/5381 5481/5481/5481
f 5718/5718/5718 5481/5481/5481 5732/5732/5732
f 5706/5706/5706 5705/5705/5705 5719/5719/5719
f 5706/5706/5706 5719/5719/5719 5720/5720/5720
f 5721/5721/5721 5720/5720/5720 5734/5734/5734
f 5721/5721/5721 5734/5734/5734 5735/5735/5735
f 5722/5722/5722 5721/5721/5721 5735/5735/5735
f 5722/5722/5722 5735/5735/5735 5736/5736/5736
f 5723/5723/5723 5722/5722/5722 5736/5736/5736
f 5723/5723/5723 5736/5736/5736 5737/5737/5737
f 5724/5724/5724 5723/5723/5723 5737/5737/5737
f 5724/5724/5724 5737/5737/5737 5738/5738/5738
f 5725/5725/5725 5724/5724/5724 5738/5738/5738
f 5725/5725/5725 5738/5738/5738 5739/5739/5739
f 5726/5726/5726 5725/5725/5725 5739/5739/5739
f 5726/5726/5726 5739/5739/5739 5740/5740/5740
f 5727/5727/5727 5726/5726/5726 5740/5740/5740
f 5727/5727/5727 5740/5740/5740 5741/5741/5741
f 5728/5728/5728 5727/5727/5727 5741/5741/5741
f 5728/5728/5728 5741/5741/5741 5742/5742/5742
f 5729/5729/5729 5728/5728/5728 5742/5742/5742
f 5729/5729/5729 5742/5742/5742 5743/5743/5743
f 5730/5730/5730 5729/5729/5729 5743/5743/5743
f 5730/5730/5730 5743/5743/5743 5744/5744/5744
f 5745/5745/5745 5731/5731/5731 5730/5730/5730
f 5745/5745/5745 5730/5730/5730 5744/5744/5744
f 5704/5704/5704 5383/5383/5383 5381/5381/5381
f 5704/5704/5704 5381/5381/5381 5718/5718/5718
f 5692/5692/5692 5691/5691/5691 5705/5705/5705
f 5692/5692/5692 5705/5705/5705 5706/5706/5706
f 5707/5707/5707 5706/5706/5706 5720/5720/5720
f 5707/5707/5707 5720/5720/5720 5721/5721/5721
f 5708/5708/5708 5707/5707/5707 5721/5721/5721
f 5708/5708/5708 5721/5721/5721 5722/5722/5722
f 5709/5709/5709 5708/5708/5708 5722/5722/5722
f 5709/5709/5709 5722/5722/5722 5723/5723/5723
f 5710/5710/5710 5709/5709/5709 5723/5723/5723
f 5710/5710/5710 5723/5723/5723 5724/5724/5724
f 5711/5711/5711 5710/5710/5710 5724/5724/5724
f 5711/5711/5711 5724/5724/5724 5725/5725/5725
f 5712/5712/5712 5711/5711/5711 5725/5725/5725
f 5712/5712/5712 5725/5725/5725 5726/5726/5726
f 5713/5713/5713 5712/5712/5712 5726/5726/5726
f 5713/5713/5713 5726/5726/5726 5727/5727/5727
f 5714/5714/5714 5713/5713/5713 5727/5727/5727
f 5714/5714/5714 5727/5727/5727 5728/5728/5728
f 5715/5715/5715 5714/5714/5714 5728/5728/5728
f 5715/5715/5715 5728/5728/5728 5729/5729/5729
f 5716/5716/5716 5715/5715/5715 5729/5729/5729
f 5716/5716/5716 5729/5729/5729 5730/5730/5730
f 5731/5731/5731 5717/5717/5717 5716/5716/5716
f 5731/5731/5731 5716/5716/5716 5730/5730/5730
f 5690/5690/5690 5385/5385/5385 5383/5383/5383
f 5690/5690/5690 5383/5383/5383 5704/5704/5704
f 5678/5678/5678 5677/5677/5677 5691/5691/5691
f 5678/5678/5678 5691/5691/5691 5692/5692/5692
f 5693/5693/5693 5692/5692/5692 5706/5706/5706
f 5693/5693/5693 5706/5706/5706 5707/5707/5707
f 5694/5694/5694 5693/5693/5693 5707/5707/5707
f 5694/5694/5694 5707/5707/5707 5708/5708/5708
f 5695/5695/5695 5694/5694/5694 5708/5708/5708
f 5695/5695/5695 5708/5708/5708 5709/5709/5709
f 5696/5696/5696 5695/5695/5695 5709/5709/5709
f 5696/5696/5696 5709/5709/5709 5710/5710/5710
f 5697/5697/5697 5696/5696/5696 5710/5710/5710
f 5697/5697/5697 5710/5710/5710 5711/5711/5711
f 5698/5698/5698 5697/5697/5697 5711/5711/5711
f 5698/5698/5698 5711/5711/5711 5712/5712/5712
f 5699/5699/5699 5698/5698/5698 5712/5712/5712
f 5699/5699/5699 5712/5712/5712 5713/5713/5713
f 5700/5700/5700 5699/5699/5699 5713/5713/5713
f 5700/5700/5700 5713/5713/5713 5714/5714/5714
f 5701/5701/5701 5700/5700/5700 5714/5714/5714
f 5701/5701/5701 5714/5714/5714 5715/5715/5715
f 5702/5702/5702 5701/5701/5701 5715/5715/5715
f 5702/5702/5702 5715/5715/5715 5716/5716/5716
f 5717/5717/5717 5703/5703/5703 5702/5702/5702
f 5717/5717/5717 5702/5702/5702 5716/5716/5716
f 5676/5676/5676 5483/5483/5483 5385/5385/5385
f 5676/5676/5676 5385/5385/5385 5690/5690/5690
f 5664/5664/5664 5663/5663/5663 5677/5677/5677
f 5664/5664/5664 5677/5677/5677 5678/5678/5678
f 5679/5679/5679 5678/5678/5678 5692/5692/5692
f 5679/5679/5679 5692/5692/5692 5693/5693/5693
f 5680/5680/5680 5679/5679/5679 5693/5693/5693
f 5680/5680/5680 5693/5693/5693 5694/5694/5694
f 5681/5681/5681 5680/5680/5680 5694/5694/5694
f 5681/5681/5681 5694/5694/5694 5695/5695/5695
f 5682/5682/5682 5681/5681/5681 5695/5695/5695
f 5682/5682/5682 5695/5695/5695 5696/5696/5696
f 5683/5683/5683 5682/5682/5682 5696/5696/5696
f 5683/5683/5683 5696/5696/5696 5697/5697/5697
f 5684/5684/5684 5683/5683/5683 5697/5697/5697
f 5684/5684/5684 5697/5697/5697 5698/5698/5698
f 5685/5685/5685 5684/5684/5684 5698/5698/5698
f 5685/5685/5685 5698/5698/5698 5699/5699/5699
f 5686/5686/5686 5685/5685/5685 5699/5699/5699
f 5686/5686/5686 5699/5699/5699 5700/5700/5700
f 5687/5687/5687 5686/5686/5686 5700/5700/5700
f 5687/5687/5687 5700/5700/5700 5701/5701/5701
f 5688/5688/5688 5687/5687/5687 5701/5701/5701
f 5688/5688/5688 5701/5701/5701 5702/5702/5702
f 5703/5703/5703 5689/5689/5689 5688/5688/5688
f 5703/5703/5703 5688/5688/5688 5702/5702/5702
f 5662/5662/5662 5387/5387/5387 5483/5483/5483
f 5662/5662/5662 5483/5483/5483 5676/5676/5676
f 5650/5650/5650 5649/5649/5649 5663/5663/5663
f 5650/5650/5650 5663/5663/5663 5664/5664/5664
f 5665/5665/5665 5664/5664/5664 5678/5678/5678
f 5665/5665/5665 5678/5678/5678 5679/5679/5679
f 5666/5666/5666 5665/5665/5665 5679/5679/5679
f 5666/5666/5666 5679/5679/5679 5680/5680/5680
f 5667/5667/5667 5666/5666/5666 5680/5680/5680
f 5667/5667/5667 5680/5680/5680 5681/5681/5681
f 5668/5668/5668 5667/5667/5667 5681/5681/5681
f 5668/5668/5668 5681/5681/5681 5682/5682/5682
f 5669/5669/5669 5668/5668/5668 5682/5682/5682
f 5669/5669/5669 5682/5682/5682 5683/5683/5683
f 5670/5670/5670 5669/5669/5669 5683/5683/5683
f 5670/5670/5670 5683/5683/5683 5684/5684/5684
f 5671/5671/5671 5670/5670/5670 5684/5684/5684
f 5671/5671/5671 5684/5684/5684 5685/5685/5685
f 5672/5672/5672 5671/5671/5671 5685/5685/5685
f 5672/5672/5672 5685/5685/5685 5686/5686/5686
f 5673/5673/5673 5672/5672/5672 5686/5686/5686
f 5673/5673/5673 5686/5686/5686 5687/5687/5687
f 5674/5674/5674 5673/5673/5673 5687/5687/5687
f 5674/5674/5674 5687/5687/5687 5688/5688/5688
f 5689/5689/5689 5675/5675/5675 5674/5674/5674
f 5689/5689/5689 5674/5674/5674 5688/5688/5688
f 5648/5648/5648 5389/5389/5389 5387/5387/5387
f 5648/5648/5648 5387/5387/5387 5662/5662/5662
f 5636/5636/5636 5635/5635/5635 5649/5649/5649
f 5636/5636/5636 5649/5649/5649 5650/5650/5650
f 5651/5651/5651 5650/5650/5650 5664/5664/5664
f 5651/5651/5651 5664/5664/5664 5665/5665/5665
f 5652/5652/5652 5651/5651/5651 5665/5665/5665
f 5652/5652/5652 5665/5665/5665 5666/5666/5666
f 5653/5653/5653 5652/5652/5652 5666/5666/5666
f 5653/5653/5653 5666/5666/5666 5667/5667/5667
f 5654/5654/5654 5653/5653/5653 5667/5667/5667
f 5654/5654/5654 5667/5667/5667 5668/5668/5668
f 5655/5655/5655 5654/5654/5654 5668/5668/5668
f 5655/5655/5655 5668/5668/5668 5669/5669/5669
f 5656/5656/5656 5655/5655/5655 5669/5669/5669
f 5656/5656/5656 5669/5669/5669 5670/5670/5670
f 5657/5657/5657 5656/5656/5656 5670/5670/5670
f 5657/5657/5657 5670/5670/5670 5671/5671/5671
f 5658/5658/5658 5657/5657/5657 5671/5671/5671
f 5658/5658/5658 5671/5671/5671 5672/5672/5672
f 5659/5659/5659 5658/5658/5658 5672/5672/5672
f 5659/5659/5659 5672/5672/5672 5673/5673/5673
f 5660/5660/5660 5659/5659/5659 5673/5673/5673
f 5660/5660/5660 5673/5673/5673 5674/5674/5674
f 5675/5675/5675 5661/5661/5661 5660/5660/5660
f 5675/5675/5675 5660/5660/5660 5674/5674/5674
f 5634/5634/5634 5485/5485/5485 5389/5389/5389
f 5634/5634/5634 5389/5389/5389 5648/5648/5648
f 5622/5622/5622 5621/5621/5621 5635/5635/5635
f 5622/5622/5622 5635/5635/5635 5636/5636/5636
f 5637/5637/5637 5636/5636/5636 5650/5650/5650
f 5637/5637/5637 5650/5650/5650 5651/5651/5651
f 5638/5638/5638 5637/5637/5637 5651/5651/5651
f 5638/5638/5638 5651/5651/5651 5652/5652/5652
f 5639/5639/5639 5638/5638/5638 5652/5652/5652
f 5639/5639/5639 5652/5652/5652 5653/5653/5653
f 5640/5640/5640 5639/5639/5639 5653/5653/5653
f 5640/5640/5640 5653/5653/5653 5654/5654/5654
f 5641/5641/5641 5640/5640/5640 5654/5654/5654
f 5641/5641/5641 5654/5654/5654 5655/5655/5655
f 5642/5642/5642 5641/5641/5641 5655/5655/5655
f 5642/5642/5642 5655/5655/5655 5656/5656/5656
f 5643/5643/5643 5642/5642/5642 5656/5656/5656
f 5643/5643/5643 5656/5656/5656 5657/5657/5657
f 5644/5644/5644 5643/5643/5643 5657/5657/5657
f 5644/5644/5644 5657/5657/5657 5658/5658/5658
f 5645/5645/5645 5644/5644/5644 5658/5658/5658
f 5645/5645/5645 5658/5658/5658 5659/5659/5659
f 5646/5646/5646 5645/5645/5645 5659/5659/5659
f 5646/5646/5646 5659/5659/5659 5660/5660/5660
f 5661/5661/5661 5647/5647/5647 5646/5646/5646
f 5661/5661/5661 5646/5646/5646 5660/5660/5660
f 5620/5620/5620 5487/5487/5487 5485/5485/5485
f 5620/5620/5620 5485/5485/5485 5634/5634/5634
f 5608/5608/5608 5607/5607/5607 5621/5621/5621
f 5608/5608/5608 5621/5621/5621 5622/5622/5622
f 5623/5623/5623 5622/5622/5622 5636/5636/5636
f 5623/5623/5623 5636/5636/5636 5637/5637/5637
f 5624/5624/5624 5623/5623/5623 5637/5637/5637
f 5624/5624/5624 5637/5637/5637 5638/5638/5638
f 5625/5625/5625 5624/5624/5624 5638/5638/5638
f 5625/5625/5625 5638/5638/5638 5639/5639/5639
f 5626/5626/5626 5625/5625/5625 5639/5639/5639
f 5626/5626/5626 5639/5639/5639 5640/5640/5640
f 5627/5627/5627 5626/5626/5626 5640/5640/5640
f 5627/5627/5627 5640/5640/5640 5641/5641/5641
f 5628/5628/5628 5627/5627/5627 5641/5641/5641
f 5628/5628/5628 5641/5641/5641 5642/5642/5642
f 5629/5629/5629 5628/5628/5628 5642/5642/5642
f 5629/5629/5629 5642/5642/5642 5643/5643/5643
f 5630/5630/5630 5629/5629/5629 5643/5643/5643
f 5630/5630/5630 5643/5643/5643 5644/5644/5644
f 5631/5631/5631 5630/5630/5630 5644/5644/5644
f 5631/5631/5631 5644/5644/5644 5645/5645/5645
f 5632/5632/5632 5631/5631/5631 5645/5645/5645
f 5632/5632/5632 5645/5645/5645 5646/5646/5646
f 5647/5647/5647 5633/5633/5633 5632/5632/5632
f 5647/5647/5647 5632/5632/5632 5646/5646/5646
f 5606/5606/5606 5391/5391/5391 5487/5487/5487
f 5606/5606/5606 5487/5487/5487 5620/5620/5620
f 5594/5594/5594 5593/5593/5593 5607/5607/5607
f 5594/5594/5594 5607/5607/5607 5608/5608/5608
f 5609/5609/5609 5608/5608/5608 5622/5622/5622
f 5609/5609/5609 5622/5622/5622 5623/5623/5623
f 5610/5610/5610 5609/5609/5609 5623/5623/5623
f 5610/5610/5610 5623/5623/5623 5624/5624/5624
f 5611/5611/5611 5610/5610/5610 5624/5624/5624
f 5611/5611/5611 5624/5624/5624 5625/5625/5625
f 5612/5612/5612 5611/5611/5611 5625/5625/5625
f 5612/5612/5612 5625/5625/5625 5626/5626/5626
f 5613/5613/5613 5612/5612/5612 5626/5626/5626
f 5613/5613/5613 5626/5626/5626 5627/5627/5627
f 5614/5614/5614 5613/5613/5613 5627/5627/5627
f 5614/5614/5614 5627/5627/5627 5628/5628/5628
f 5615/5615/5615 5614/5614/5614 5628/5628/5628
f 5615/5615/5615 5628/5628/5628 5629/5629/5629
f 5616/5616/5616 5615/5615/5615 5629/5629/5629
f 5616/5616/5616 5629/5629/5629 5630/5630/5630
f 5617/5617/5617 5616/5616/5616 5630/5630/5630
f 5617/5617/5617 5630/5630/5630 5631/5631/5631
f 5618/5618/5618 5617/5617/5617 5631/5631/5631
f 5618/5618/5618 5631/5631/5631 5632/5632/5632
f 5633/5633/5633 5619/5619/5619 5618/5618/5618
f 5633/5633/5633 5618/5618/5618 5632/5632/5632
f 5592/5592/5592 5393/5393/5393 5391/5391/5391
f 5592/5592/5592 5391/5391/5391 5606/5606/5606
f 5580/5580/5580 5579/5579/5579 5593/5593/5593
f 5580/5580/5580 5593/5593/5593 5594/5594/5594
f 5595/5595/5595 5594/5594/5594 5608/5608/5608
f 5595/5595/5595 5608/5608/5608 5609/5609/5609
f 5596/5596/5596 5595/5595/5595 5609/5609/5609
f 5596/5596/5596 5609/5609/5609 5610/5610/5610
f 5597/5597/5597 5596/5596/5596 5610/5610/5610
f 5597/5597/5597 5610/5610/5610 5611/5611/5611
f 5598/5598/5598 5597/5597/5597 5611/5611/5611
f 5598/5598/5598 5611/5611/5611 5612/5612/5612
f 5599/5599/5599 5598/5598/5598 5612/5612/5612
f 5599/5599/5599 5612/5612/5612 5613/5613/5613
f 5600/5600/5600 5599/5599/5599 5613/5613/5613
f 5600/5600/5600 5613/5613/5613 5614/5614/5614
f 5601/5601/5601 5600/5600/5600 5614/5614/5614
f 5601/5601/5601 5614/5614/5614 5615/5615/5615
f 5602/5602/5602 5601/5601/5601 5615/5615/5615
f 5602/5602/5602 5615/5615/5615 5616/5616/5616
f 5603/5603/5603 5602/5602/5602 5616/5616/5616
f 5603/5603/5603 5616/5616/5616 5617/5617/5617
f 5604/5604/5604 5603/5603/5603 5617/5617/5617
f 5604/5604/5604 5617/5617/5617 5618/5618/5618
f 5619/5619/5619 5605/5605/5605 5604/5604/5604
f 5619/5619/5619 5604/5604/5604 5618/5618/5618
f 5578/5578/5578 5489/5489/5489 5393/5393/5393
f 5578/5578/5578 5393/5393/5393 5592/5592/5592
f 5566/5566/5566 5565/5565/5565 5579/5579/5579
f 5566/5566/5566 5579/5579/5579 5580/5580/5580
f 5581/5581/5581 5580/5580/5580 5594/5594/5594
f 5581/5581/5581 5594/5594/5594 5595/5595/5595
f 5582/5582/5582 5581/5581/5581 5595/5595/5595
f 5582/5582/5582 5595/5595/5595 5596/5596/5596
f 5583/5583/5583 5582/5582/5582 5596/5596/5596
f 5583/5583/5583 5596/5596/5596 5597/5597/5597
f 5584/5584/5584 5583/5583/5583 5597/5597/5597
f 5584/5584/5584 5597/5597/5597 5598/5598/5598
f 5585/5585/5585 5584/5584/5584 5598/5598/5598
f 5585/5585/5585 5598/5598/5598 5599/5599/5599
f 5586/5586/5586 5585/5585/5585 5599/5599/5599
f 5586/5586/5586 5599/5599/5599 5600/5600/5600
f 5587/5587/5587 5586/5586/5586 5600/5600/5600
f 5587/5587/5587 5600/5600/5600 5601/5601/5601
f 5588/5588/5588 5587/5587/5587 5601/5601/5601
f 5588/5588/5588 5601/5601/5601 5602/5602/5602
f 5589/5589/5589 5588/5588/5588 5602/5602/5602
f 5589/5589/5589 5602/5602/5602 5603/5603/5603
f 5590/5590/5590 5589/5589/5589 5603/5603/5603
f 5590/5590/5590 5603/5603/5603 5604/5604/5604
f 5605/5605/5605 5591/5591/5591 5590/5590/5590
f 5605/5605/5605 5590/5590/5590 5604/5604/5604
f 5564/5564/5564 5395/5395/5395 5489/5489/5489
f 5564/5564/5564 5489/5489/5489 5578/5578/5578
f 5552/5552/5552 5551/5551/5551 5565/5565/5565
f 5552/5552/5552 5565/5565/5565 5566/5566/5566
f 5567/5567/5567 5566/5566/5566 5580/5580/5580
f 5567/5567/5567 5580/5580/5580 5581/5581/5581
f 5568/5568/5568 5567/5567/5567 5581/5581/5581
f 5568/5568/5568 5581/5581/5581 5582/5582/5582
f 5569/5569/5569 5568/5568/5568 5582/5582/5582
f 5569/5569/5569 5582/5582/5582 5583/5583/5583
f 5570/5570/5570 5569/5569/5569 5583/5583/5583
f 5570/5570/5570 5583/5583/5583 5584/5584/5584
f 5571/5571/5571 5570/5570/5570 5584/5584/5584
f 5571/5571/5571 5584/5584/5584 5585/5585/5585
f 5572/5572/5572 5571/5571/5571 5585/5585/5585
f 5572/5572/5572 5585/5585/5585 5586/5586/5586
f 5573/5573/5573 5572/5572/5572 5586/5586/5586
f 5573/5573/5573 5586/5586/5586 5587/5587/5587
f 5574/5574/5574 5573/5573/5573 5587/5587/5587
f 5574/5574/5574 5587/5587/5587 5588/5588/5588
f 5575/5575/5575 5574/5574/5574 5588/5588/5588
f 5575/5575/5575 5588/5588/5588 5589/5589/5589
f 5576/5576/5576 5575/5575/5575 5589/5589/5589
f 5576/5576/5576 5589/5589/5589 5590/5590/5590
f 5591/5591/5591 5577/5577/5577 5576/5576/5576
f 5591/5591/5591 5576/5576/5576 5590/5590/5590
f 5550/5550/5550 5491/5491/5491 5395/5395/5395
f 5550/5550/5550 5395/5395/5395 5564/5564/5564
f 5538/5538/5538 5537/5537/5537 5551/5551/5551
f 5538/5538/5538 5551/5551/5551 5552/5552/5552
f 5553/5553/5553 5552/5552/5552 5566/5566/5566
f 5553/5553/5553 5566/5566/5566 5567/5567/5567
f 5554/5554/5554 5553/5553/5553 5567/5567/5567
f 5554/5554/5554 5567/5567/5567 5568/5568/5568
f 5555/5555/5555 5554/5554/5554 5568/5568/5568
f 5555/5555/5555 5568/5568/5568 5569/5569/5569
f 5556/5556/5556 5555/5555/5555 5569/5569/5569
f 5556/5556/5556 5569/5569/5569 5570/5570/5570
f 5557/5557/5557 5556/5556/5556 5570/5570/5570
f 5557/5557/5557 5570/5570/5570 5571/5571/5571
f 5558/5558/5558 5557/5557/5557 5571/5571/5571
f 5558/5558/5558 5571/5571/5571 5572/5572/5572
f 5559/5559/5559 5558/5558/5558 5572/5572/5572
f 5559/5559/5559 5572/5572/5572 5573/5573/5573
f 5560/5560/5560 5559/5559/5559 5573/5573/5573
f 5560/5560/5560 5573/5573/5573 5574/5574/5574
f 5561/5561/5561 5560/5560/5560 5574/5574/5574
f 5561/5561/5561 5574/5574/5574 5575/5575/5575
f 5562/5562/5562 5561/5561/5561 5575/5575/5575
f 5562/5562/5562 5575/5575/5575 5576/5576/5576
f 5577/5577/5577 5563/5563/5563 5562/5562/5562
f 5577/5577/5577 5562/5562/5562 5576/5576/5576
f 5536/5536/5536 5397/5397/5397 5491/5491/5491
f 5536/5536/5536 5491/5491/5491 5550/5550/5550
f 5511/5511/5511 5509/5509/5509 5536/5536/5536
f 5511/5511/5511 5536/5536/5536 5537/5537/5537
f 5539/5539/5539 5538/5538/5538 5552/5552/5552
f 5539/5539/5539 5552/5552/5552 5553/5553/5553
f 5540/5540/5540 5539/5539/5539 5553/5553/5553
f 5540/5540/5540 5553/5553/5553 5554/5554/5554
f 5541/5541/5541 5540/5540/5540 5554/5554/5554
f 5541/5541/5541 5554/5554/5554 5555/5555/5555
f 5542/5542/5542 5541/5541/5541 5555/5555/5555
f 5542/5542/5542 5555/5555/5555 5556/5556/5556
f 5543/5543/5543 5542/5542/5542 5556/5556/5556
f 5543/5543/5543 5556/5556/5556 5557/5557/5557
f 5544/5544/5544 5543/5543/5543 5557/5557/5557
f 5544/5544/5544 5557/5557/5557 5558/5558/5558
f 5545/5545/5545 5544/5544/5544 5558/5558/5558
f 5545/5545/5545 5558/5558/5558 5559/5559/5559
f 5546/5546/5546 5545/5545/5545 5559/5559/5559
f 5546/5546/5546 5559/5559/5559 5560/5560/5560
f 5547/5547/5547 5546/5546/5546 5560/5560/5560
f 5547/5547/5547 5560/5560/5560 5561/5561/5561
f 5548/5548/5548 5547/5547/5547 5561/5561/5561
f 5548/5548/5548 5561/5561/5561 5562/5562/5562
f 5563/5563/5563 5549/5549/5549 5548/5548/5548
f 5563/5563/5563 5548/5548/5548 5562/5562/5562
f 5479/5479/5479 5477/5477/5477 5760/5760/5760
f 5479/5479/5479 5760/5760/5760 5746/5746/5746
f 5775/5775/5775 5511/5511/5511 5537/5537/5537
f 5775/5775/5775 5537/5537/5537 5538/5538/5538
f 5513/5513/5513 5775/5775/5775 5538/5538/5538
f 5513/5513/5513 5538/5538/5538 5539/5539/5539
f 5777/5777/5777 5513/5513/5513 5539/5539/5539
f 5777/5777/5777 5539/5539/5539 5540/5540/5540
f 5779/5779/5779 5777/5777/5777 5540/5540/5540
f 5779/5779/5779 5540/5540/5540 5541/5541/5541
f 5515/5515/5515 5779/5779/5779 5541/5541/5541
f 5515/5515/5515 5541/5541/5541 5542/5542/5542
f 5781/5781/5781 5515/5515/5515 5542/5542/5542
f 5781/5781/5781 5542/5542/5542 5543/5543/5543
f 5783/5783/5783 5781/5781/5781 5543/5543/5543
f 5783/5783/5783 5543/5543/5543 5544/5544/5544
f 5785/5785/5785 5783/5783/5783 5544/5544/5544
f 5785/5785/5785 5544/5544/5544 5545/5545/5545
f 5787/5787/5787 5785/5785/5785 5545/5545/5545
f 5787/5787/5787 5545/5545/5545 5546/5546/5546
f 5517/5517/5517 5787/5787/5787 5546/5546/5546
f 5517/5517/5517 5546/5546/5546 5547/5547/5547
f 5519/5519/5519 5517/5517/5517 5547/5547/5547
f 5519/5519/5519 5547/5547/5547 5548/5548/5548
f 5762/5762/5762 5748/5748/5748 5747/5747/5747
f 5762/5762/5762 5747/5747/5747 5761/5761/5761
f 5765/5765/5765 4902/4902/4902 5529/5529/5529
f 5765/5765/5765 5529/5529/5529 5766/5766/5766
f 5766/5766/5766 5529/5529/5529 4900/4900/4900
f 5766/5766/5766 4900/4900/4900 5767/5767/5767
f 5767/5767/5767 4900/4900/4900 4898/4898/4898
f 5767/5767/5767 4898/4898/4898 5768/5768/5768
f 5768/5768/5768 4898/4898/4898 5527/5527/5527
f 5768/5768/5768 5527/5527/5527 5769/5769/5769
f 5769/5769/5769 5527/5527/5527 4896/4896/4896
f 5769/5769/5769 4896/4896/4896 5770/5770/5770
f 5770/5770/5770 4896/4896/4896 5525/5525/5525
f 5770/5770/5770 5525/5525/5525 5771/5771/5771
f 5771/5771/5771 5525/5525/5525 5523/5523/5523
f 5771/5771/5771 5523/5523/5523 5772/5772/5772
f 4978/4978/4978 5549/5549/5549 5563/5563/5563
f 4978/4978/4978 5563/5563/5563 4980/4980/4980
f 4978/4978/4978 4970/4970/4970 5521/5521/5521
f 4978/4978/4978 5521/5521/5521 5549/5549/5549
f 5812/5812/5812 5804/5804/5804 5010/5010/5010
f 5812/5812/5812 5010/5010/5010 5811/5811/5811
f 5807/5807/5807 5415/5415/5415 5850/5850/5850
f 5807/5807/5807 5850/5850/5850 5849/5849/5849
f 5848/5848/5848 5847/5847/5847 5850/5850/5850
f 5848/5848/5848 5850/5850/5850 5851/5851/5851
f 5788/5788/5788 5810/5810/5810 5012/5012/5012
f 5788/5788/5788 5012/5012/5012 4972/4972/4972
f 5847/5847/5847 5848/5848/5848 5845/5845/5845
f 5847/5847/5847 5845/5845/5845 5844/5844/5844
f 5516/5516/5516 5518/5518/5518 5815/5815/5815
f 5516/5516/5516 5815/5815/5815 5818/5818/5818
f 5812/5812/5812 5520/5520/5520 4969/4969/4969
f 5812/5812/5812 4969/4969/4969 5804/5804/5804
f 5849/5849/5849 5803/5803/5803 5376/5376/5376
f 5849/5849/5849 5376/5376/5376 5807/5807/5807
f 5415/5415/5415 5809/5809/5809 5851/5851/5851
f 5415/5415/5415 5851/5851/5851 5850/5850/5850
f 5815/5815/5815 5518/5518/5518 5520/5520/5520
f 5815/5815/5815 5520/5520/5520 5812/5812/5812
f 5810/5810/5810 5788/5788/5788 5790/5790/5790
f 5810/5810/5810 5790/5790/5790 5813/5813/5813
f 5844/5844/5844 5845/5845/5845 5842/5842/5842
f 5844/5844/5844 5842/5842/5842 5841/5841/5841
f 5841/5841/5841 5842/5842/5842 5839/5839/5839
f 5841/5841/5841 5839/5839/5839 5838/5838/5838
f 5838/5838/5838 5839/5839/5839 5836/5836/5836
f 5838/5838/5838 5836/5836/5836 5835/5835/5835
f 5835/5835/5835 5836/5836/5836 5833/5833/5833
f 5835/5835/5835 5833/5833/5833 5832/5832/5832
f 5832/5832/5832 5833/5833/5833 5830/5830/5830
f 5832/5832/5832 5830/5830/5830 5829/5829/5829
f 5829/5829/5829 5830/5830/5830 5827/5827/5827
f 5829/5829/5829 5827/5827/5827 5826/5826/5826
f 5826/5826/5826 5827/5827/5827 5824/5824/5824
f 5826/5826/5826 5824/5824/5824 5823/5823/5823
f 5823/5823/5823 5824/5824/5824 5821/5821/5821
f 5823/5823/5823 5821/5821/5821 5820/5820/5820
f 5820/5820/5820 5821/5821/5821 5818/5818/5818
f 5820/5820/5820 5818/5818/5818 5817/5817/5817
f 5817/5817/5817 5818/5818/5818 5815/5815/5815
f 5817/5817/5817 5815/5815/5815 5814/5814/5814
f 5814/5814/5814 5815/5815/5815 5812/5812/5812
f 5814/5814/5814 5812/5812/5812 5811/5811/5811
f 5813/5813/5813 5814/5814/5814 5811/5811/5811
f 5813/5813/5813 5811/5811/5811 5810/5810/5810
f 5846/5846/5846 5120/5120/5120 5803/5803/5803
f 5846/5846/5846 5803/5803/5803 5849/5849/5849
f 5843/5843/5843 5801/5801/5801 5120/5120/5120
f 5843/5843/5843 5120/5120/5120 5846/5846/5846
f 5846/5846/5846 5849/5849/5849 5850/5850/5850
f 5846/5846/5846 5850/5850/5850 5847/5847/5847
f 5840/5840/5840 5798/5798/5798 5801/5801/5801
f 5840/5840/5840 5801/5801/5801 5843/5843/5843
f 5846/5846/5846 5847/5847/5847 5844/5844/5844
f 5846/5846/5846 5844/5844/5844 5843/5843/5843
f 5837/5837/5837 5117/5117/5117 5798/5798/5798
f 5837/5837/5837 5798/5798/5798 5840/5840/5840
f 5843/5843/5843 5844/5844/5844 5841/5841/5841
f 5843/5843/5843 5841/5841/5841 5840/5840/5840
f 5834/5834/5834 5796/5796/5796 5117/5117/5117
f 5834/5834/5834 5117/5117/5117 5837/5837/5837
f 5840/5840/5840 5841/5841/5841 5838/5838/5838
f 5840/5840/5840 5838/5838/5838 5837/5837/5837
f 5831/5831/5831 5115/5115/5115 5796/5796/5796
f 5831/5831/5831 5796/5796/5796 5834/5834/5834
f 5837/5837/5837 5838/5838/5838 5835/5835/5835
f 5837/5837/5837 5835/5835/5835 5834/5834/5834
f 5828/5828/5828 5794/5794/5794 5115/5115/5115
f 5828/5828/5828 5115/5115/5115 5831/5831/5831
f 5834/5834/5834 5835/5835/5835 5832/5832/5832
f 5834/5834/5834 5832/5832/5832 5831/5831/5831
f 5825/5825/5825 5113/5113/5113 5794/5794/5794
f 5825/5825/5825 5794/5794/5794 5828/5828/5828
f 5831/5831/5831 5832/5832/5832 5829/5829/5829
f 5831/5831/5831 5829/5829/5829 5828/5828/5828
f 5822/5822/5822 5111/5111/5111 5113/5113/5113
f 5822/5822/5822 5113/5113/5113 5825/5825/5825
f 5828/5828/5828 5829/5829/5829 5826/5826/5826
f 5828/5828/5828 5826/5826/5826 5825/5825/5825
f 5819/5819/5819 5109/5109/5109 5111/5111/5111
f 5819/5819/5819 5111/5111/5111 5822/5822/5822
f 5825/5825/5825 5826/5826/5826 5823/5823/5823
f 5825/5825/5825 5823/5823/5823 5822/5822/5822
f 5816/5816/5816 5792/5792/5792 5109/5109/5109
f 5816/5816/5816 5109/5109/5109 5819/5819/5819
f 5822/5822/5822 5823/5823/5823 5820/5820/5820
f 5822/5822/5822 5820/5820/5820 5819/5819/5819
f 5813/5813/5813 5790/5790/5790 5792/5792/5792
f 5813/5813/5813 5792/5792/5792 5816/5816/5816
f 5819/5819/5819 5820/5820/5820 5817/5817/5817
f 5819/5819/5819 5817/5817/5817 5816/5816/5816
f 5816/5816/5816 5817/5817/5817 5814/5814/5814
f 5816/5816/5816 5814/5814/5814 5813/5813/5813
f 5012/5012/5012 5810/5810/5810 5811/5811/5811
f 5012/5012/5012 5811/5811/5811 5010/5010/5010
f 5786/5786/5786 5516/5516/5516 5818/5818/5818
f 5786/5786/5786 5818/5818/5818 5821/5821/5821
f 5784/5784/5784 5786/5786/5786 5821/5821/5821
f 5784/5784/5784 5821/5821/5821 5824/5824/5824
f 5782/5782/5782 5784/5784/5784 5824/5824/5824
f 5782/5782/5782 5824/5824/5824 5827/5827/5827
f 5780/5780/5780 5782/5782/5782 5827/5827/5827
f 5780/5780/5780 5827/5827/5827 5830/5830/5830
f 5514/5514/5514 5780/5780/5780 5830/5830/5830
f 5514/5514/5514 5830/5830/5830 5833/5833/5833
f 5778/5778/5778 5514/5514/5514 5833/5833/5833
f 5778/5778/5778 5833/5833/5833 5836/5836/5836
f 5776/5776/5776 5778/5778/5778 5836/5836/5836
f 5776/5776/5776 5836/5836/5836 5839/5839/5839
f 5512/5512/5512 5776/5776/5776 5839/5839/5839
f 5512/5512/5512 5839/5839/5839 5842/5842/5842
f 5774/5774/5774 5512/5512/5512 5842/5842/5842
f 5774/5774/5774 5842/5842/5842 5845/5845/5845
f 5510/5510/5510 5774/5774/5774 5845/5845/5845
f 5510/5510/5510 5845/5845/5845 5848/5848/5848
f 5508/5508/5508 5510/5510/5510 5848/5848/5848
f 5508/5508/5508 5848/5848/5848 5851/5851/5851
f 5809/5809/5809 5372/5372/5372 5508/5508/5508
f 5809/5809/5809 5508/5508/5508 5851/5851/5851
