# Piezas extraídas de modelos de terceros; véase procedencia.json
mtllib jeringa.mtl
o pieza_0
usemtl material_0
v -0.10211700201034546 -0.05895699933171272 -0.14484800398349762
v -0.10211700201034546 -0.05895699933171272 0.8195570111274719
v 0.0 -0.11791499704122543 0.8195570111274719
v 0.0 -0.11791499704122543 -0.14484800398349762
v 0.10211700201034546 0.05895699933171272 -0.14484800398349762
v 0.10211700201034546 0.05895699933171272 0.8195570111274719
v 0.0 0.11791499704122543 0.8195570111274719
v 0.0 0.11791499704122543 -0.14484800398349762
v 0.0 0.11791499704122543 -0.14484800398349762
v 0.0 0.11791499704122543 0.8195570111274719
v -0.10211700201034546 0.05895699933171272 0.8195570111274719
v -0.10211700201034546 0.05895699933171272 -0.14484800398349762
v -0.10211700201034546 0.05895699933171272 -0.14484800398349762
v -0.10211700201034546 0.05895699933171272 0.8195570111274719
v -0.10211700201034546 -0.05895699933171272 0.8195570111274719
v -0.10211700201034546 -0.05895699933171272 -0.14484800398349762
v 0.0 -0.11791499704122543 -0.14484800398349762
v 0.0 -0.11791499704122543 0.8195570111274719
v 0.10211700201034546 -0.05895699933171272 0.8195570111274719
v 0.10211700201034546 -0.05895699933171272 -0.14484800398349762
v 0.10211700201034546 -0.05895699933171272 -0.14484800398349762
v 0.10211700201034546 -0.05895699933171272 0.8195570111274719
v 0.10211700201034546 0.05895699933171272 0.8195570111274719
v 0.10211700201034546 0.05895699933171272 -0.14484800398349762
f 2 4 1
f 4 2 3
f 7 8 5
f 5 6 7
f 11 12 9
f 9 10 11
f 14 16 13
f 16 14 15
f 18 20 17
f 20 18 19
f 23 24 21
f 21 22 23
o pieza_1
usemtl material_1
v -0.10211700201034546 -0.05895699933171272 -0.14731700718402863
v 0.0 -0.11791499704122543 -0.14731700718402863
v 0.0 -0.11562400311231613 0.818638026714325
v -0.1001330018043518 -0.057812001556158066 0.818638026714325
v 0.10211700201034546 0.05895699933171272 -0.14731700718402863
v 0.0 0.11791499704122543 -0.14731700718402863
v 0.0 0.11562400311231613 0.818638026714325
v 0.1001330018043518 0.057812001556158066 0.818638026714325
v 0.0 0.11791499704122543 -0.14731700718402863
v -0.10211700201034546 0.05895699933171272 -0.14731700718402863
v -0.1001330018043518 0.057812001556158066 0.818638026714325
v 0.0 0.11562400311231613 0.818638026714325
v -0.10211700201034546 0.05895699933171272 -0.14731700718402863
v -0.10211700201034546 -0.05895699933171272 -0.14731700718402863
v -0.1001330018043518 -0.057812001556158066 0.818638026714325
v -0.1001330018043518 0.057812001556158066 0.818638026714325
v 0.0 -0.11791499704122543 -0.14731700718402863
v 0.10211700201034546 -0.05895699933171272 -0.14731700718402863
v 0.1001330018043518 -0.057812001556158066 0.818638026714325
v 0.0 -0.11562400311231613 0.818638026714325
v 0.10211700201034546 -0.05895699933171272 -0.14731700718402863
v 0.10211700201034546 0.05895699933171272 -0.14731700718402863
v 0.1001330018043518 0.057812001556158066 0.818638026714325
v 0.1001330018043518 -0.057812001556158066 0.818638026714325
v 0.10328099876642227 -0.05962900072336197 -0.16954700648784637
v 0.10211700201034546 -0.05895699933171272 -0.14731700718402863
v 0.10211700201034546 0.05895699933171272 -0.14731700718402863
v 0.10328099876642227 0.05962900072336197 -0.16954700648784637
v 0.1001330018043518 -0.057812001556158066 0.818638026714325
v 0.07810600101947784 -0.04509500041604042 0.840408980846405
v 0.0 -0.09018900245428085 0.840408980846405
v 0.0 -0.11562400311231613 0.818638026714325
v 0.1001330018043518 0.057812001556158066 0.818638026714325
v 0.07810600101947784 0.04509500041604042 0.840408980846405
v 0.07810600101947784 -0.04509500041604042 0.840408980846405
v 0.1001330018043518 -0.057812001556158066 0.818638026714325
v 0.0 0.11562400311231613 0.818638026714325
v 0.0 0.09018900245428085 0.840408980846405
v 0.07810600101947784 0.04509500041604042 0.840408980846405
v 0.1001330018043518 0.057812001556158066 0.818638026714325
v -0.1001330018043518 0.057812001556158066 0.818638026714325
v -0.07810600101947784 0.04509500041604042 0.840408980846405
v 0.0 0.09018900245428085 0.840408980846405
v 0.0 0.11562400311231613 0.818638026714325
v -0.1001330018043518 -0.057812001556158066 0.818638026714325
v -0.07810600101947784 -0.04509500041604042 0.840408980846405
v -0.07810600101947784 0.04509500041604042 0.840408980846405
v -0.1001330018043518 0.057812001556158066 0.818638026714325
v 0.0 -0.11562400311231613 0.818638026714325
v 0.0 -0.09018900245428085 0.840408980846405
v -0.07810600101947784 -0.04509500041604042 0.840408980846405
v -0.1001330018043518 -0.057812001556158066 0.818638026714325
v 0.07810600101947784 -0.04509500041604042 0.840408980846405
v 0.07810600101947784 0.04509500041604042 0.840408980846405
v 0.0 0.09018900245428085 0.840408980846405
v -0.07810600101947784 0.04509500041604042 0.840408980846405
v -0.07810600101947784 -0.04509500041604042 0.840408980846405
v 0.0 -0.09018900245428085 0.840408980846405
v -0.10211700201034546 0.05895699933171272 -0.14731700718402863
v -0.14647500216960907 0.08456700295209885 -0.14635400474071503
v -0.14647500216960907 -0.08456700295209885 -0.14635400474071503
v -0.10211700201034546 -0.05895699933171272 -0.14731700718402863
v -0.10211700201034546 -0.05895699933171272 -0.14731700718402863
v -0.14647500216960907 -0.08456700295209885 -0.14635400474071503
v 0.0 -0.16913500428199768 -0.14635400474071503
v 0.0 -0.11791499704122543 -0.14731700718402863
v 0.10328099876642227 -0.05962900072336197 -0.16954700648784637
v 0.14647500216960907 -0.08456700295209885 -0.17011100053787231
v 0.0 -0.16913500428199768 -0.17011100053787231
v 0.0 -0.11925899982452393 -0.16954700648784637
v 0.0 -0.11791499704122543 -0.14731700718402863
v 0.0 -0.16913500428199768 -0.14635400474071503
v 0.14647500216960907 -0.08456700295209885 -0.14635400474071503
v 0.10211700201034546 -0.05895699933171272 -0.14731700718402863
v -0.10328099876642227 0.05962900072336197 -0.16954700648784637
v -0.14647500216960907 0.08456700295209885 -0.17011100053787231
v 0.0 0.16913500428199768 -0.17011100053787231
v 0.0 0.11925899982452393 -0.16954700648784637
v 0.10211700201034546 0.05895699933171272 -0.14731700718402863
v 0.14647500216960907 0.08456700295209885 -0.14635400474071503
v 0.0 0.16913500428199768 -0.14635400474071503
v 0.0 0.11791499704122543 -0.14731700718402863
v 0.14647500216960907 -0.08456700295209885 -0.17011100053787231
v 0.14647500216960907 0.08456700295209885 -0.17011100053787231
v 0.14647500216960907 0.08456700295209885 -0.14635400474071503
v 0.14647500216960907 -0.08456700295209885 -0.14635400474071503
v 0.0 -0.16913500428199768 -0.17011100053787231
v 0.14647500216960907 -0.08456700295209885 -0.17011100053787231
v 0.14647500216960907 -0.08456700295209885 -0.14635400474071503
v 0.0 -0.16913500428199768 -0.14635400474071503
v -0.14647500216960907 0.08456700295209885 -0.17011100053787231
v -0.14647500216960907 -0.08456700295209885 -0.17011100053787231
v -0.14647500216960907 -0.08456700295209885 -0.14635400474071503
v -0.14647500216960907 0.08456700295209885 -0.14635400474071503
v 0.0 0.16913500428199768 -0.17011100053787231
v -0.14647500216960907 0.08456700295209885 -0.17011100053787231
v -0.14647500216960907 0.08456700295209885 -0.14635400474071503
v 0.0 0.16913500428199768 -0.14635400474071503
v 0.14647500216960907 0.08456700295209885 -0.17011100053787231
v 0.0 0.16913500428199768 -0.17011100053787231
v 0.0 0.16913500428199768 -0.14635400474071503
v 0.14647500216960907 0.08456700295209885 -0.14635400474071503
v -0.14647500216960907 -0.08456700295209885 -0.17011100053787231
v 0.0 -0.16913500428199768 -0.17011100053787231
v 0.0 -0.16913500428199768 -0.14635400474071503
v -0.14647500216960907 -0.08456700295209885 -0.14635400474071503
v -0.10328099876642227 -0.05962900072336197 -0.16954700648784637
v -0.14647500216960907 -0.08456700295209885 -0.17011100053787231
v -0.14647500216960907 0.08456700295209885 -0.17011100053787231
v -0.10328099876642227 0.05962900072336197 -0.16954700648784637
v 0.10328099876642227 0.05962900072336197 -0.16954700648784637
v 0.14647500216960907 0.08456700295209885 -0.17011100053787231
v 0.14647500216960907 -0.08456700295209885 -0.17011100053787231
v 0.10328099876642227 -0.05962900072336197 -0.16954700648784637
v 0.0 0.11791499704122543 -0.14731700718402863
v 0.0 0.16913500428199768 -0.14635400474071503
v -0.14647500216960907 0.08456700295209885 -0.14635400474071503
v -0.10211700201034546 0.05895699933171272 -0.14731700718402863
v 0.0 -0.11925899982452393 -0.16954700648784637
v 0.0 -0.16913500428199768 -0.17011100053787231
v -0.14647500216960907 -0.08456700295209885 -0.17011100053787231
v -0.10328099876642227 -0.05962900072336197 -0.16954700648784637
v 0.10211700201034546 -0.05895699933171272 -0.14731700718402863
v 0.14647500216960907 -0.08456700295209885 -0.14635400474071503
v 0.14647500216960907 0.08456700295209885 -0.14635400474071503
v 0.10211700201034546 0.05895699933171272 -0.14731700718402863
v 0.0 0.11925899982452393 -0.16954700648784637
v 0.0 0.16913500428199768 -0.17011100053787231
v 0.14647500216960907 0.08456700295209885 -0.17011100053787231
v 0.10328099876642227 0.05962900072336197 -0.16954700648784637
v 0.10328099876642227 0.05962900072336197 -0.16954700648784637
v 0.10211700201034546 0.05895699933171272 -0.14731700718402863
v 0.0 0.11791499704122543 -0.14731700718402863
v 0.0 0.11925899982452393 -0.16954700648784637
v 0.0 0.11925899982452393 -0.16954700648784637
v 0.0 0.11791499704122543 -0.14731700718402863
v -0.10211700201034546 0.05895699933171272 -0.14731700718402863
v -0.10328099876642227 0.05962900072336197 -0.16954700648784637
v -0.10328099876642227 0.05962900072336197 -0.16954700648784637
v -0.10211700201034546 0.05895699933171272 -0.14731700718402863
v -0.10211700201034546 -0.05895699933171272 -0.14731700718402863
v -0.10328099876642227 -0.05962900072336197 -0.16954700648784637
v -0.10328099876642227 -0.05962900072336197 -0.16954700648784637
v -0.10211700201034546 -0.05895699933171272 -0.14731700718402863
v 0.0 -0.11791499704122543 -0.14731700718402863
v 0.0 -0.11925899982452393 -0.16954700648784637
v 0.0 -0.11925899982452393 -0.16954700648784637
v 0.0 -0.11791499704122543 -0.14731700718402863
v 0.10211700201034546 -0.05895699933171272 -0.14731700718402863
v 0.10328099876642227 -0.05962900072336197 -0.16954700648784637
f 27 28 25
f 25 26 27
f 30 32 29
f 32 30 31
f 34 36 33
f 36 34 35
f 39 40 37
f 37 38 39
f 43 44 41
f 41 42 43
f 46 48 45
f 48 46 47
f 51 52 49
f 49 50 51
f 55 56 53
f 53 54 55
f 59 60 57
f 57 58 59
f 63 64 61
f 61 62 63
f 67 68 65
f 65 66 67
f 71 72 69
f 69 70 71
f 75 76 73
f 73 74 75
f 81 82 77
f 77 78 79
f 79 80 81
f 81 77 79
f 85 86 83
f 83 84 85
f 89 90 87
f 87 88 89
f 92 94 91
f 94 92 93
f 97 98 95
f 95 96 97
f 100 102 99
f 102 100 101
f 105 106 103
f 103 104 105
f 108 110 107
f 110 108 109
f 113 114 111
f 111 112 113
f 117 118 115
f 115 116 117
f 120 122 119
f 122 120 121
f 124 126 123
f 126 124 125
f 129 130 127
f 127 128 129
f 132 134 131
f 134 132 133
f 136 138 135
f 138 136 137
f 141 142 139
f 139 140 141
f 144 146 143
f 146 144 145
f 149 150 147
f 147 148 149
f 152 154 151
f 154 152 153
f 157 158 155
f 155 156 157
f 161 162 159
f 159 160 161
f 164 166 163
f 166 164 165
f 168 170 167
f 170 168 169
f 172 174 171
f 174 172 173
o pieza_2
usemtl material_2
v 0.10211700201034546 -0.05895699933171272 -0.17161700129508972
v 0.10211700201034546 0.05895699933171272 -0.17161700129508972
v 0.10211700201034546 0.05895699933171272 -0.14484800398349762
v 0.10211700201034546 -0.05895699933171272 -0.14484800398349762
v -0.10211700201034546 0.05895699933171272 -0.14484800398349762
v -0.10211700201034546 -0.05895699933171272 -0.14484800398349762
v -0.14816899597644806 -0.08554500341415405 -0.14484800398349762
v -0.14816899597644806 0.08554500341415405 -0.14484800398349762
v 0.0 -0.11791499704122543 -0.14484800398349762
v 0.0 -0.1710910052061081 -0.14484800398349762
v 0.10211700201034546 -0.05895699933171272 -0.17161700129508972
v 0.0 -0.11791499704122543 -0.17161700129508972
v 0.0 -0.1710910052061081 -0.17161700129508972
v 0.14816899597644806 -0.08554500341415405 -0.17161700129508972
v 0.0 -0.11791499704122543 -0.14484800398349762
v 0.10211700201034546 -0.05895699933171272 -0.14484800398349762
v 0.14816899597644806 -0.08554500341415405 -0.14484800398349762
v 0.0 -0.1710910052061081 -0.14484800398349762
v -0.10211700201034546 0.05895699933171272 -0.17161700129508972
v 0.0 0.11791499704122543 -0.17161700129508972
v 0.0 0.1710910052061081 -0.17161700129508972
v -0.14816899597644806 0.08554500341415405 -0.17161700129508972
v 0.10211700201034546 0.05895699933171272 -0.14484800398349762
v 0.0 0.11791499704122543 -0.14484800398349762
v 0.0 0.1710910052061081 -0.14484800398349762
v 0.14816899597644806 0.08554500341415405 -0.14484800398349762
v 0.14816899597644806 -0.08554500341415405 -0.17161700129508972
v 0.14816899597644806 -0.08554500341415405 -0.14484800398349762
v 0.14816899597644806 0.08554500341415405 -0.14484800398349762
v 0.14816899597644806 0.08554500341415405 -0.17161700129508972
v 0.0 -0.1710910052061081 -0.17161700129508972
v 0.0 -0.1710910052061081 -0.14484800398349762
v 0.14816899597644806 -0.08554500341415405 -0.14484800398349762
v 0.14816899597644806 -0.08554500341415405 -0.17161700129508972
v -0.14816899597644806 0.08554500341415405 -0.17161700129508972
v -0.14816899597644806 0.08554500341415405 -0.14484800398349762
v -0.14816899597644806 -0.08554500341415405 -0.14484800398349762
v -0.14816899597644806 -0.08554500341415405 -0.17161700129508972
v 0.0 0.1710910052061081 -0.17161700129508972
v 0.0 0.1710910052061081 -0.14484800398349762
v -0.14816899597644806 0.08554500341415405 -0.14484800398349762
v -0.14816899597644806 0.08554500341415405 -0.17161700129508972
v 0.14816899597644806 0.08554500341415405 -0.17161700129508972
v 0.14816899597644806 0.08554500341415405 -0.14484800398349762
v 0.0 0.1710910052061081 -0.14484800398349762
v 0.0 0.1710910052061081 -0.17161700129508972
v -0.14816899597644806 -0.08554500341415405 -0.17161700129508972
v -0.14816899597644806 -0.08554500341415405 -0.14484800398349762
v 0.0 -0.1710910052061081 -0.14484800398349762
v 0.0 -0.1710910052061081 -0.17161700129508972
v -0.10211700201034546 -0.05895699933171272 -0.17161700129508972
v -0.14816899597644806 -0.08554500341415405 -0.17161700129508972
v 0.10211700201034546 0.05895699933171272 -0.17161700129508972
v 0.14816899597644806 0.08554500341415405 -0.17161700129508972
v 0.10211700201034546 0.05895699933171272 -0.17161700129508972
v 0.0 0.11791499704122543 -0.17161700129508972
v 0.0 0.11791499704122543 -0.14484800398349762
v 0.10211700201034546 0.05895699933171272 -0.14484800398349762
v 0.0 0.11791499704122543 -0.17161700129508972
v -0.10211700201034546 0.05895699933171272 -0.17161700129508972
v -0.10211700201034546 0.05895699933171272 -0.14484800398349762
v 0.0 0.11791499704122543 -0.14484800398349762
v -0.10211700201034546 0.05895699933171272 -0.17161700129508972
v -0.10211700201034546 -0.05895699933171272 -0.17161700129508972
v -0.10211700201034546 -0.05895699933171272 -0.14484800398349762
v -0.10211700201034546 0.05895699933171272 -0.14484800398349762
v -0.10211700201034546 -0.05895699933171272 -0.17161700129508972
v 0.0 -0.11791499704122543 -0.17161700129508972
v 0.0 -0.11791499704122543 -0.14484800398349762
v -0.10211700201034546 -0.05895699933171272 -0.14484800398349762
v 0.0 -0.11791499704122543 -0.17161700129508972
v 0.10211700201034546 -0.05895699933171272 -0.17161700129508972
v 0.10211700201034546 -0.05895699933171272 -0.14484800398349762
v 0.0 -0.11791499704122543 -0.14484800398349762
f 176 178 175
f 178 176 177
f 180 182 179
f 182 180 181
f 183 181 180
f 181 183 184
f 187 188 185
f 185 186 187
f 190 192 189
f 192 190 191
f 195 196 193
f 193 194 195
f 198 200 197
f 200 198 199
f 203 204 201
f 201 202 203
f 206 208 205
f 208 206 207
f 210 212 209
f 212 210 211
f 215 216 213
f 213 214 215
f 219 220 217
f 217 218 219
f 222 224 221
f 224 222 223
f 196 226 225
f 225 193 196
f 188 228 227
f 227 185 188
f 179 199 198
f 199 179 182
f 226 187 186
f 186 225 226
f 197 191 190
f 191 197 200
f 228 195 194
f 194 227 228
f 230 232 229
f 232 230 231
f 234 236 233
f 236 234 235
f 239 240 237
f 237 238 239
f 243 244 241
f 241 242 243
f 247 248 245
f 245 246 247
o pieza_3
usemtl material_3
v 0.10211700201034546 -0.05895699933171272 0.8195570111274719
v 0.0 -0.11791499704122543 0.8195570111274719
v 0.0 -0.091280996799469 0.8426219820976257
v 0.07905200123786926 -0.0456399992108345 0.8426219820976257
v 0.10211700201034546 0.05895699933171272 0.8195570111274719
v 0.10211700201034546 -0.05895699933171272 0.8195570111274719
v 0.07905200123786926 -0.0456399992108345 0.8426219820976257
v 0.07905200123786926 0.0456399992108345 0.8426219820976257
v 0.0 0.11791499704122543 0.8195570111274719
v 0.10211700201034546 0.05895699933171272 0.8195570111274719
v 0.07905200123786926 0.0456399992108345 0.8426219820976257
v 0.0 0.091280996799469 0.8426219820976257
v -0.10211700201034546 0.05895699933171272 0.8195570111274719
v 0.0 0.11791499704122543 0.8195570111274719
v 0.0 0.091280996799469 0.8426219820976257
v -0.07905200123786926 0.0456399992108345 0.8426219820976257
v -0.10211700201034546 -0.05895699933171272 0.8195570111274719
v -0.10211700201034546 0.05895699933171272 0.8195570111274719
v -0.07905200123786926 0.0456399992108345 0.8426219820976257
v -0.07905200123786926 -0.0456399992108345 0.8426219820976257
v 0.0 -0.11791499704122543 0.8195570111274719
v -0.10211700201034546 -0.05895699933171272 0.8195570111274719
v -0.07905200123786926 -0.0456399992108345 0.8426219820976257
v 0.0 -0.091280996799469 0.8426219820976257
v 0.07905200123786926 -0.0456399992108345 0.8426219820976257
v 0.0 -0.091280996799469 0.8426219820976257
v -0.07905200123786926 -0.0456399992108345 0.8426219820976257
v -0.07905200123786926 0.0456399992108345 0.8426219820976257
v 0.0 0.091280996799469 0.8426219820976257
v 0.07905200123786926 0.0456399992108345 0.8426219820976257
f 250 252 249
f 252 250 251
f 254 256 253
f 256 254 255
f 258 260 257
f 260 258 259
f 262 264 261
f 264 262 263
f 266 268 265
f 268 266 267
f 270 272 269
f 272 270 271
f 274 278 273
f 278 276 277
f 276 274 275
f 274 276 278
o pieza_4
usemtl material_4
v 0.1001330018043518 0.057812001556158066 0.818638026714325
v 0.1001330018043518 -0.057812001556158066 0.818638026714325
v 0.0 -0.11562400311231613 0.818638026714325
v -0.1001330018043518 -0.057812001556158066 0.818638026714325
v -0.1001330018043518 0.057812001556158066 0.818638026714325
v 0.0 0.11562400311231613 0.818638026714325
f 280 284 279
f 284 282 283
f 282 280 281
f 280 282 284
o pieza_5
usemtl material_5
v 0.1049790009856224 0.03483999893069267 0.6751390099525452
v 0.1049790009856224 0.03483999893069267 0.679639995098114
v 0.10416200011968613 0.015213999897241592 0.6804569959640503
v 0.10416200011968613 0.015213999897241592 0.6743220090866089
v 0.10416200011968613 0.015213999897241592 0.6743220090866089
v 0.10416200011968613 0.015213999897241592 0.6804569959640503
v 0.10338400304317474 0.015213999897241592 0.6804569959640503
v 0.10338400304317474 0.015213999897241592 0.6743220090866089
v 0.10338400304317474 0.015213999897241592 0.6743220090866089
v 0.10338400304317474 0.015213999897241592 0.6804569959640503
v 0.10255800187587738 0.03480999916791916 0.6796489953994751
v 0.10255800187587738 0.03480999916791916 0.6751289963722229
v 0.10255800187587738 0.03480999916791916 0.6751289963722229
v 0.10255800187587738 0.03480999916791916 0.6796489953994751
v 0.10236400365829468 0.06083500012755394 0.68026202917099
v 0.10236900299787521 0.060832999646663666 0.6745200157165527
v 0.10416200011968613 0.015213999897241592 0.6743220090866089
v 0.10338400304317474 0.015213999897241592 0.6743220090866089
v 0.10255800187587738 0.03480999916791916 0.6751289963722229
v 0.1049790009856224 0.03483999893069267 0.6751390099525452
v 0.10338400304317474 0.015213999897241592 0.6804569959640503
v 0.10416200011968613 0.015213999897241592 0.6804569959640503
v 0.1049790009856224 0.03483999893069267 0.679639995098114
v 0.10255800187587738 0.03480999916791916 0.6796489953994751
v 0.10347100347280502 0.05938199907541275 0.6759790182113647
v 0.10236900299787521 0.060832999646663666 0.6745200157165527
v 0.06221099942922592 0.08260200172662735 0.6743040084838867
v 0.1049790009856224 0.03483999893069267 0.679639995098114
v 0.1049790009856224 0.03483999893069267 0.6751390099525452
v 0.10347100347280502 0.05938199907541275 0.6759790182113647
v 0.10346800088882446 0.059390999376773834 0.6788010001182556
v 0.1049790009856224 0.03483999893069267 0.6751390099525452
v 0.10255800187587738 0.03480999916791916 0.6751289963722229
v 0.10236900299787521 0.060832999646663666 0.6745200157165527
v 0.10347100347280502 0.05938199907541275 0.6759790182113647
v 0.10255800187587738 0.03480999916791916 0.6796489953994751
v 0.1049790009856224 0.03483999893069267 0.679639995098114
v 0.10346800088882446 0.059390999376773834 0.6788010001182556
v 0.10236400365829468 0.06083500012755394 0.68026202917099
v 0.06311900168657303 0.08203499764204025 0.6745139956474304
v 0.06311500072479248 0.08203999698162079 0.6804090142250061
v 0.062206998467445374 0.08260300010442734 0.6806210279464722
v 0.06221099942922592 0.08260200172662735 0.6743040084838867
v 0.10346800088882446 0.059390999376773834 0.6788010001182556
v 0.10347100347280502 0.05938199907541275 0.6759790182113647
v 0.06221099942922592 0.08260200172662735 0.6743040084838867
v 0.062206998467445374 0.08260300010442734 0.6806210279464722
v 0.10236400365829468 0.06083500012755394 0.68026202917099
v 0.10346800088882446 0.059390999376773834 0.6788010001182556
v 0.06311500072479248 0.08203999698162079 0.6804090142250061
v 0.10236900299787521 0.060832999646663666 0.6745200157165527
v 0.10236400365829468 0.06083500012755394 0.68026202917099
v 0.06311500072479248 0.08203999698162079 0.6804090142250061
v 0.06311900168657303 0.08203499764204025 0.6745139956474304
f 286 288 285
f 288 286 287
f 291 292 289
f 289 290 291
f 295 296 293
f 293 294 295
f 299 300 297
f 297 298 299
f 302 304 301
f 304 302 303
f 307 308 305
f 305 306 307
f 310 311 309
f 313 315 312
f 315 313 314
f 317 319 316
f 319 317 318
f 322 323 320
f 320 321 322
f 326 327 324
f 324 325 326
f 329 331 328
f 331 329 330
f 333 334 332
f 337 338 335
f 335 336 337
o pieza_6
usemtl material_6
v 0.1049790009856224 0.03483999893069267 0.7002739906311035
v 0.1049790009856224 0.03483999893069267 0.7047749757766724
v 0.10416200011968613 -0.027269000187516212 0.7055919766426086
v 0.10416200011968613 -0.027269000187516212 0.6994569897651672
v 0.10416200011968613 -0.027269000187516212 0.6994569897651672
v 0.10416200011968613 -0.027269000187516212 0.7055919766426086
v 0.10338400304317474 -0.027269000187516212 0.7055919766426086
v 0.10338400304317474 -0.027269000187516212 0.6994569897651672
v 0.10338400304317474 -0.027269000187516212 0.6994569897651672
v 0.10338400304317474 -0.027269000187516212 0.7055919766426086
v 0.10255800187587738 0.03480999916791916 0.7047849893569946
v 0.10255800187587738 0.03480999916791916 0.7002639770507812
v 0.10255800187587738 0.03480999916791916 0.7002639770507812
v 0.10255800187587738 0.03480999916791916 0.7047849893569946
v 0.10236400365829468 0.06083500012755394 0.7053970098495483
v 0.10236900299787521 0.060832999646663666 0.6996549963951111
v 0.10416200011968613 -0.027269000187516212 0.6994569897651672
v 0.10338400304317474 -0.027269000187516212 0.6994569897651672
v 0.10255800187587738 0.03480999916791916 0.7002639770507812
v 0.1049790009856224 0.03483999893069267 0.7002739906311035
v 0.10338400304317474 -0.027269000187516212 0.7055919766426086
v 0.10416200011968613 -0.027269000187516212 0.7055919766426086
v 0.1049790009856224 0.03483999893069267 0.7047749757766724
v 0.10255800187587738 0.03480999916791916 0.7047849893569946
v 0.10347100347280502 0.05938199907541275 0.7011139988899231
v 0.10236900299787521 0.060832999646663666 0.6996549963951111
v 0.06221099942922592 0.08260200172662735 0.6994389891624451
v 0.1049790009856224 0.03483999893069267 0.7047749757766724
v 0.1049790009856224 0.03483999893069267 0.7002739906311035
v 0.10347100347280502 0.05938199907541275 0.7011139988899231
v 0.10346800088882446 0.059390999376773834 0.703935980796814
v 0.1049790009856224 0.03483999893069267 0.7002739906311035
v 0.10255800187587738 0.03480999916791916 0.7002639770507812
v 0.10236900299787521 0.060832999646663666 0.6996549963951111
v 0.10347100347280502 0.05938199907541275 0.7011139988899231
v 0.10255800187587738 0.03480999916791916 0.7047849893569946
v 0.1049790009856224 0.03483999893069267 0.7047749757766724
v 0.10346800088882446 0.059390999376773834 0.703935980796814
v 0.10236400365829468 0.06083500012755394 0.7053970098495483
v 0.06311900168657303 0.08203499764204025 0.6996489763259888
v 0.06311500072479248 0.08203999698162079 0.7055439949035645
v 0.062206998467445374 0.08260300010442734 0.7057560086250305
v 0.06221099942922592 0.08260200172662735 0.6994389891624451
v 0.10346800088882446 0.059390999376773834 0.703935980796814
v 0.10347100347280502 0.05938199907541275 0.7011139988899231
v 0.06221099942922592 0.08260200172662735 0.6994389891624451
v 0.062206998467445374 0.08260300010442734 0.7057560086250305
v 0.10236400365829468 0.06083500012755394 0.7053970098495483
v 0.10346800088882446 0.059390999376773834 0.703935980796814
v 0.06311500072479248 0.08203999698162079 0.7055439949035645
v 0.10236900299787521 0.060832999646663666 0.6996549963951111
v 0.10236400365829468 0.06083500012755394 0.7053970098495483
v 0.06311500072479248 0.08203999698162079 0.7055439949035645
v 0.06311900168657303 0.08203499764204025 0.6996489763259888
f 340 342 339
f 342 340 341
f 345 346 343
f 343 344 345
f 349 350 347
f 347 348 349
f 353 354 351
f 351 352 353
f 356 358 355
f 358 356 357
f 361 362 359
f 359 360 361
f 364 365 363
f 367 369 366
f 369 367 368
f 371 373 370
f 373 371 372
f 376 377 374
f 374 375 376
f 380 381 378
f 378 379 380
f 383 385 382
f 385 383 384
f 387 388 386
f 391 392 389
f 389 390 391
o pieza_7
usemtl material_7
v 0.1049790009856224 0.03483999893069267 0.7985450029373169
v 0.1049790009856224 0.03483999893069267 0.8030459880828857
v 0.10416200011968613 0.015213999897241592 0.803862988948822
v 0.10416200011968613 0.015213999897241592 0.7977269887924194
v 0.10416200011968613 0.015213999897241592 0.7977269887924194
v 0.10416200011968613 0.015213999897241592 0.803862988948822
v 0.10338400304317474 0.015213999897241592 0.803862988948822
v 0.10338400304317474 0.015213999897241592 0.7977269887924194
v 0.10338400304317474 0.015213999897241592 0.7977269887924194
v 0.10338400304317474 0.015213999897241592 0.803862988948822
v 0.10255800187587738 0.03480999916791916 0.8030549883842468
v 0.10255800187587738 0.03480999916791916 0.7985349893569946
v 0.10255800187587738 0.03480999916791916 0.7985349893569946
v 0.10255800187587738 0.03480999916791916 0.8030549883842468
v 0.10236400365829468 0.06083500012755394 0.8036670088768005
v 0.10236900299787521 0.060832999646663666 0.7979260087013245
v 0.10416200011968613 0.015213999897241592 0.7977269887924194
v 0.10338400304317474 0.015213999897241592 0.7977269887924194
v 0.10255800187587738 0.03480999916791916 0.7985349893569946
v 0.1049790009856224 0.03483999893069267 0.7985450029373169
v 0.10338400304317474 0.015213999897241592 0.803862988948822
v 0.10416200011968613 0.015213999897241592 0.803862988948822
v 0.1049790009856224 0.03483999893069267 0.8030459880828857
v 0.10255800187587738 0.03480999916791916 0.8030549883842468
v 0.10347100347280502 0.05938199907541275 0.7993839979171753
v 0.10236900299787521 0.060832999646663666 0.7979260087013245
v 0.06221099942922592 0.08260200172662735 0.7977089881896973
v 0.1049790009856224 0.03483999893069267 0.8030459880828857
v 0.1049790009856224 0.03483999893069267 0.7985450029373169
v 0.10347100347280502 0.05938199907541275 0.7993839979171753
v 0.10346800088882446 0.059390999376773834 0.8022059798240662
v 0.1049790009856224 0.03483999893069267 0.7985450029373169
v 0.10255800187587738 0.03480999916791916 0.7985349893569946
v 0.10236900299787521 0.060832999646663666 0.7979260087013245
v 0.10347100347280502 0.05938199907541275 0.7993839979171753
v 0.10255800187587738 0.03480999916791916 0.8030549883842468
v 0.1049790009856224 0.03483999893069267 0.8030459880828857
v 0.10346800088882446 0.059390999376773834 0.8022059798240662
v 0.10236400365829468 0.06083500012755394 0.8036670088768005
v 0.06311900168657303 0.08203499764204025 0.7979199886322021
v 0.06311500072479248 0.08203999698162079 0.8038139939308167
v 0.062206998467445374 0.08260300010442734 0.8040270209312439
v 0.06221099942922592 0.08260200172662735 0.7977089881896973
v 0.10346800088882446 0.059390999376773834 0.8022059798240662
v 0.10347100347280502 0.05938199907541275 0.7993839979171753
v 0.06221099942922592 0.08260200172662735 0.7977089881896973
v 0.062206998467445374 0.08260300010442734 0.8040270209312439
v 0.10236400365829468 0.06083500012755394 0.8036670088768005
v 0.10346800088882446 0.059390999376773834 0.8022059798240662
v 0.06311500072479248 0.08203999698162079 0.8038139939308167
v 0.10236900299787521 0.060832999646663666 0.7979260087013245
v 0.10236400365829468 0.06083500012755394 0.8036670088768005
v 0.06311500072479248 0.08203999698162079 0.8038139939308167
v 0.06311900168657303 0.08203499764204025 0.7979199886322021
f 394 396 393
f 396 394 395
f 399 400 397
f 397 398 399
f 403 404 401
f 401 402 403
f 407 408 405
f 405 406 407
f 410 412 409
f 412 410 411
f 415 416 413
f 413 414 415
f 418 419 417
f 421 423 420
f 423 421 422
f 425 427 424
f 427 425 426
f 430 431 428
f 428 429 430
f 434 435 432
f 432 433 434
f 437 439 436
f 439 437 438
f 441 442 440
f 445 446 443
f 443 444 445
o pieza_8
usemtl material_8
v 0.1049790009856224 0.03483999893069267 0.7738630175590515
v 0.1049790009856224 0.03483999893069267 0.7783640027046204
v 0.10416200011968613 0.015213999897241592 0.7791820168495178
v 0.10416200011968613 0.015213999897241592 0.7730460166931152
v 0.10416200011968613 0.015213999897241592 0.7730460166931152
v 0.10416200011968613 0.015213999897241592 0.7791820168495178
v 0.10338400304317474 0.015213999897241592 0.7791820168495178
v 0.10338400304317474 0.015213999897241592 0.7730460166931152
v 0.10338400304317474 0.015213999897241592 0.7730460166931152
v 0.10338400304317474 0.015213999897241592 0.7791820168495178
v 0.10255800187587738 0.03480999916791916 0.7783740162849426
v 0.10255800187587738 0.03480999916791916 0.7738540172576904
v 0.10255800187587738 0.03480999916791916 0.7738540172576904
v 0.10255800187587738 0.03480999916791916 0.7783740162849426
v 0.10236400365829468 0.06083500012755394 0.7789859771728516
v 0.10236900299787521 0.060832999646663666 0.7732449769973755
v 0.10416200011968613 0.015213999897241592 0.7730460166931152
v 0.10338400304317474 0.015213999897241592 0.7730460166931152
v 0.10255800187587738 0.03480999916791916 0.7738540172576904
v 0.1049790009856224 0.03483999893069267 0.7738630175590515
v 0.10338400304317474 0.015213999897241592 0.7791820168495178
v 0.10416200011968613 0.015213999897241592 0.7791820168495178
v 0.1049790009856224 0.03483999893069267 0.7783640027046204
v 0.10255800187587738 0.03480999916791916 0.7783740162849426
v 0.10347100347280502 0.05938199907541275 0.7747030258178711
v 0.10236900299787521 0.060832999646663666 0.7732449769973755
v 0.06221099942922592 0.08260200172662735 0.7730280160903931
v 0.1049790009856224 0.03483999893069267 0.7783640027046204
v 0.1049790009856224 0.03483999893069267 0.7738630175590515
v 0.10347100347280502 0.05938199907541275 0.7747030258178711
v 0.10346800088882446 0.059390999376773834 0.777525007724762
v 0.1049790009856224 0.03483999893069267 0.7738630175590515
v 0.10255800187587738 0.03480999916791916 0.7738540172576904
v 0.10236900299787521 0.060832999646663666 0.7732449769973755
v 0.10347100347280502 0.05938199907541275 0.7747030258178711
v 0.10255800187587738 0.03480999916791916 0.7783740162849426
v 0.1049790009856224 0.03483999893069267 0.7783640027046204
v 0.10346800088882446 0.059390999376773834 0.777525007724762
v 0.10236400365829468 0.06083500012755394 0.7789859771728516
v 0.06311900168657303 0.08203499764204025 0.773239016532898
v 0.06311500072479248 0.08203999698162079 0.7791330218315125
v 0.062206998467445374 0.08260300010442734 0.7793449759483337
v 0.06221099942922592 0.08260200172662735 0.7730280160903931
v 0.10346800088882446 0.059390999376773834 0.777525007724762
v 0.10347100347280502 0.05938199907541275 0.7747030258178711
v 0.06221099942922592 0.08260200172662735 0.7730280160903931
v 0.062206998467445374 0.08260300010442734 0.7793449759483337
v 0.10236400365829468 0.06083500012755394 0.7789859771728516
v 0.10346800088882446 0.059390999376773834 0.777525007724762
v 0.06311500072479248 0.08203999698162079 0.7791330218315125
v 0.10236900299787521 0.060832999646663666 0.7732449769973755
v 0.10236400365829468 0.06083500012755394 0.7789859771728516
v 0.06311500072479248 0.08203999698162079 0.7791330218315125
v 0.06311900168657303 0.08203499764204025 0.773239016532898
f 448 450 447
f 450 448 449
f 453 454 451
f 451 452 453
f 457 458 455
f 455 456 457
f 461 462 459
f 459 460 461
f 464 466 463
f 466 464 465
f 469 470 467
f 467 468 469
f 472 473 471
f 475 477 474
f 477 475 476
f 479 481 478
f 481 479 480
f 484 485 482
f 482 483 484
f 488 489 486
f 486 487 488
f 491 493 490
f 493 491 492
f 495 496 494
f 499 500 497
f 497 498 499
o pieza_9
usemtl material_9
v 0.1049790009856224 0.03483999893069267 0.7491819858551025
v 0.1049790009856224 0.03483999893069267 0.7536829710006714
v 0.10416200011968613 0.015213999897241592 0.7544999718666077
v 0.10416200011968613 0.015213999897241592 0.7483649849891663
v 0.10416200011968613 0.015213999897241592 0.7483649849891663
v 0.10416200011968613 0.015213999897241592 0.7544999718666077
v 0.10338400304317474 0.015213999897241592 0.7544999718666077
v 0.10338400304317474 0.015213999897241592 0.7483649849891663
v 0.10338400304317474 0.015213999897241592 0.7483649849891663
v 0.10338400304317474 0.015213999897241592 0.7544999718666077
v 0.10255800187587738 0.03480999916791916 0.7536929845809937
v 0.10255800187587738 0.03480999916791916 0.7491729855537415
v 0.10255800187587738 0.03480999916791916 0.7491729855537415
v 0.10255800187587738 0.03480999916791916 0.7536929845809937
v 0.10236400365829468 0.06083500012755394 0.7543050050735474
v 0.10236900299787521 0.060832999646663666 0.7485640048980713
v 0.10416200011968613 0.015213999897241592 0.7483649849891663
v 0.10338400304317474 0.015213999897241592 0.7483649849891663
v 0.10255800187587738 0.03480999916791916 0.7491729855537415
v 0.1049790009856224 0.03483999893069267 0.7491819858551025
v 0.10338400304317474 0.015213999897241592 0.7544999718666077
v 0.10416200011968613 0.015213999897241592 0.7544999718666077
v 0.1049790009856224 0.03483999893069267 0.7536829710006714
v 0.10255800187587738 0.03480999916791916 0.7536929845809937
v 0.10347100347280502 0.05938199907541275 0.7500219941139221
v 0.10236900299787521 0.060832999646663666 0.7485640048980713
v 0.06221099942922592 0.08260200172662735 0.7483469843864441
v 0.1049790009856224 0.03483999893069267 0.7536829710006714
v 0.1049790009856224 0.03483999893069267 0.7491819858551025
v 0.10347100347280502 0.05938199907541275 0.7500219941139221
v 0.10346800088882446 0.059390999376773834 0.752843976020813
v 0.1049790009856224 0.03483999893069267 0.7491819858551025
v 0.10255800187587738 0.03480999916791916 0.7491729855537415
v 0.10236900299787521 0.060832999646663666 0.7485640048980713
v 0.10347100347280502 0.05938199907541275 0.7500219941139221
v 0.10255800187587738 0.03480999916791916 0.7536929845809937
v 0.1049790009856224 0.03483999893069267 0.7536829710006714
v 0.10346800088882446 0.059390999376773834 0.752843976020813
v 0.10236400365829468 0.06083500012755394 0.7543050050735474
v 0.06311900168657303 0.08203499764204025 0.748557984828949
v 0.06311500072479248 0.08203999698162079 0.7544519901275635
v 0.062206998467445374 0.08260300010442734 0.7546640038490295
v 0.06221099942922592 0.08260200172662735 0.7483469843864441
v 0.10346800088882446 0.059390999376773834 0.752843976020813
v 0.10347100347280502 0.05938199907541275 0.7500219941139221
v 0.06221099942922592 0.08260200172662735 0.7483469843864441
v 0.062206998467445374 0.08260300010442734 0.7546640038490295
v 0.10236400365829468 0.06083500012755394 0.7543050050735474
v 0.10346800088882446 0.059390999376773834 0.752843976020813
v 0.06311500072479248 0.08203999698162079 0.7544519901275635
v 0.10236900299787521 0.060832999646663666 0.7485640048980713
v 0.10236400365829468 0.06083500012755394 0.7543050050735474
v 0.06311500072479248 0.08203999698162079 0.7544519901275635
v 0.06311900168657303 0.08203499764204025 0.748557984828949
f 502 504 501
f 504 502 503
f 507 508 505
f 505 506 507
f 511 512 509
f 509 510 511
f 515 516 513
f 513 514 515
f 518 520 517
f 520 518 519
f 523 524 521
f 521 522 523
f 526 527 525
f 529 531 528
f 531 529 530
f 533 535 532
f 535 533 534
f 538 539 536
f 536 537 538
f 542 543 540
f 540 541 542
f 545 547 544
f 547 545 546
f 549 550 548
f 553 554 551
f 551 552 553
o pieza_10
usemtl material_10
v 0.1049790009856224 0.03483999893069267 0.7245010137557983
v 0.1049790009856224 0.03483999893069267 0.7290019989013672
v 0.10416200011968613 0.015213999897241592 0.7298189997673035
v 0.10416200011968613 0.015213999897241592 0.7236840128898621
v 0.10416200011968613 0.015213999897241592 0.7236840128898621
v 0.10416200011968613 0.015213999897241592 0.7298189997673035
v 0.10338400304317474 0.015213999897241592 0.7298189997673035
v 0.10338400304317474 0.015213999897241592 0.7236840128898621
v 0.10338400304317474 0.015213999897241592 0.7236840128898621
v 0.10338400304317474 0.015213999897241592 0.7298189997673035
v 0.10255800187587738 0.03480999916791916 0.7290120124816895
v 0.10255800187587738 0.03480999916791916 0.7244920134544373
v 0.10255800187587738 0.03480999916791916 0.7244920134544373
v 0.10255800187587738 0.03480999916791916 0.7290120124816895
v 0.10236400365829468 0.06083500012755394 0.7296239733695984
v 0.10236900299787521 0.060832999646663666 0.7238820195198059
v 0.10416200011968613 0.015213999897241592 0.7236840128898621
v 0.10338400304317474 0.015213999897241592 0.7236840128898621
v 0.10255800187587738 0.03480999916791916 0.7244920134544373
v 0.1049790009856224 0.03483999893069267 0.7245010137557983
v 0.10338400304317474 0.015213999897241592 0.7298189997673035
v 0.10416200011968613 0.015213999897241592 0.7298189997673035
v 0.1049790009856224 0.03483999893069267 0.7290019989013672
v 0.10255800187587738 0.03480999916791916 0.7290120124816895
v 0.10347100347280502 0.05938199907541275 0.7253410220146179
v 0.10236900299787521 0.060832999646663666 0.7238820195198059
v 0.06221099942922592 0.08260200172662735 0.7236660122871399
v 0.1049790009856224 0.03483999893069267 0.7290019989013672
v 0.1049790009856224 0.03483999893069267 0.7245010137557983
v 0.10347100347280502 0.05938199907541275 0.7253410220146179
v 0.10346800088882446 0.059390999376773834 0.7281630039215088
v 0.1049790009856224 0.03483999893069267 0.7245010137557983
v 0.10255800187587738 0.03480999916791916 0.7244920134544373
v 0.10236900299787521 0.060832999646663666 0.7238820195198059
v 0.10347100347280502 0.05938199907541275 0.7253410220146179
v 0.10255800187587738 0.03480999916791916 0.7290120124816895
v 0.1049790009856224 0.03483999893069267 0.7290019989013672
v 0.10346800088882446 0.059390999376773834 0.7281630039215088
v 0.10236400365829468 0.06083500012755394 0.7296239733695984
v 0.06311900168657303 0.08203499764204025 0.7238759994506836
v 0.06311500072479248 0.08203999698162079 0.7297710180282593
v 0.062206998467445374 0.08260300010442734 0.7299829721450806
v 0.06221099942922592 0.08260200172662735 0.7236660122871399
v 0.10346800088882446 0.059390999376773834 0.7281630039215088
v 0.10347100347280502 0.05938199907541275 0.7253410220146179
v 0.06221099942922592 0.08260200172662735 0.7236660122871399
v 0.062206998467445374 0.08260300010442734 0.7299829721450806
v 0.10236400365829468 0.06083500012755394 0.7296239733695984
v 0.10346800088882446 0.059390999376773834 0.7281630039215088
v 0.06311500072479248 0.08203999698162079 0.7297710180282593
v 0.10236900299787521 0.060832999646663666 0.7238820195198059
v 0.10236400365829468 0.06083500012755394 0.7296239733695984
v 0.06311500072479248 0.08203999698162079 0.7297710180282593
v 0.06311900168657303 0.08203499764204025 0.7238759994506836
f 556 558 555
f 558 556 557
f 561 562 559
f 559 560 561
f 565 566 563
f 563 564 565
f 569 570 567
f 567 568 569
f 572 574 571
f 574 572 573
f 577 578 575
f 575 576 577
f 580 581 579
f 583 585 582
f 585 583 584
f 587 589 586
f 589 587 588
f 592 593 590
f 590 591 592
f 596 597 594
f 594 595 596
f 599 601 598
f 601 599 600
f 603 604 602
f 607 608 605
f 605 606 607
o pieza_11
usemtl material_11
v 0.1049790009856224 0.03483999893069267 0.5757189989089966
v 0.1049790009856224 0.03483999893069267 0.5802209973335266
v 0.10416200011968613 -0.027269000187516212 0.5810379981994629
v 0.10416200011968613 -0.027269000187516212 0.5749019980430603
v 0.10416200011968613 -0.027269000187516212 0.5749019980430603
v 0.10416200011968613 -0.027269000187516212 0.5810379981994629
v 0.10338400304317474 -0.027269000187516212 0.5810379981994629
v 0.10338400304317474 -0.027269000187516212 0.5749019980430603
v 0.10338400304317474 -0.027269000187516212 0.5749019980430603
v 0.10338400304317474 -0.027269000187516212 0.5810379981994629
v 0.10255800187587738 0.03480999916791916 0.5802299976348877
v 0.10255800187587738 0.03480999916791916 0.5757099986076355
v 0.10255800187587738 0.03480999916791916 0.5757099986076355
v 0.10255800187587738 0.03480999916791916 0.5802299976348877
v 0.10236400365829468 0.06083500012755394 0.5808420181274414
v 0.10236900299787521 0.060832999646663666 0.5751010179519653
v 0.10416200011968613 -0.027269000187516212 0.5749019980430603
v 0.10338400304317474 -0.027269000187516212 0.5749019980430603
v 0.10255800187587738 0.03480999916791916 0.5757099986076355
v 0.1049790009856224 0.03483999893069267 0.5757189989089966
v 0.10338400304317474 -0.027269000187516212 0.5810379981994629
v 0.10416200011968613 -0.027269000187516212 0.5810379981994629
v 0.1049790009856224 0.03483999893069267 0.5802209973335266
v 0.10255800187587738 0.03480999916791916 0.5802299976348877
v 0.10347100347280502 0.05938199907541275 0.5765590071678162
v 0.10236900299787521 0.060832999646663666 0.5751010179519653
v 0.06221099942922592 0.08260200172662735 0.5748839974403381
v 0.1049790009856224 0.03483999893069267 0.5802209973335266
v 0.1049790009856224 0.03483999893069267 0.5757189989089966
v 0.10347100347280502 0.05938199907541275 0.5765590071678162
v 0.10346800088882446 0.059390999376773834 0.579380989074707
v 0.1049790009856224 0.03483999893069267 0.5757189989089966
v 0.10255800187587738 0.03480999916791916 0.5757099986076355
v 0.10236900299787521 0.060832999646663666 0.5751010179519653
v 0.10347100347280502 0.05938199907541275 0.5765590071678162
v 0.10255800187587738 0.03480999916791916 0.5802299976348877
v 0.1049790009856224 0.03483999893069267 0.5802209973335266
v 0.10346800088882446 0.059390999376773834 0.579380989074707
v 0.10236400365829468 0.06083500012755394 0.5808420181274414
v 0.06311900168657303 0.08203499764204025 0.575094997882843
v 0.06311500072479248 0.08203999698162079 0.5809890031814575
v 0.062206998467445374 0.08260300010442734 0.5812010169029236
v 0.06221099942922592 0.08260200172662735 0.5748839974403381
v 0.10346800088882446 0.059390999376773834 0.579380989074707
v 0.10347100347280502 0.05938199907541275 0.5765590071678162
v 0.06221099942922592 0.08260200172662735 0.5748839974403381
v 0.062206998467445374 0.08260300010442734 0.5812010169029236
v 0.10236400365829468 0.06083500012755394 0.5808420181274414
v 0.10346800088882446 0.059390999376773834 0.579380989074707
v 0.06311500072479248 0.08203999698162079 0.5809890031814575
v 0.10236900299787521 0.060832999646663666 0.5751010179519653
v 0.10236400365829468 0.06083500012755394 0.5808420181274414
v 0.06311500072479248 0.08203999698162079 0.5809890031814575
v 0.06311900168657303 0.08203499764204025 0.575094997882843
f 610 612 609
f 612 610 611
f 615 616 613
f 613 614 615
f 619 620 617
f 617 618 619
f 623 624 621
f 621 622 623
f 626 628 625
f 628 626 627
f 631 632 629
f 629 630 631
f 634 635 633
f 637 639 636
f 639 637 638
f 641 643 640
f 643 641 642
f 646 647 644
f 644 645 646
f 650 651 648
f 648 649 650
f 653 655 652
f 655 653 654
f 657 658 656
f 661 662 659
f 659 660 661
o pieza_12
usemtl material_12
v 0.1049790009856224 0.03483999893069267 0.6504579782485962
v 0.1049790009856224 0.03483999893069267 0.6549590229988098
v 0.10416200011968613 0.015213999897241592 0.6557760238647461
v 0.10416200011968613 0.015213999897241592 0.6496409773826599
v 0.10416200011968613 0.015213999897241592 0.6496409773826599
v 0.10416200011968613 0.015213999897241592 0.6557760238647461
v 0.10338400304317474 0.015213999897241592 0.6557760238647461
v 0.10338400304317474 0.015213999897241592 0.6496409773826599
v 0.10338400304317474 0.015213999897241592 0.6496409773826599
v 0.10338400304317474 0.015213999897241592 0.6557760238647461
v 0.10255800187587738 0.03480999916791916 0.6549680233001709
v 0.10255800187587738 0.03480999916791916 0.6504480242729187
v 0.10255800187587738 0.03480999916791916 0.6504480242729187
v 0.10255800187587738 0.03480999916791916 0.6549680233001709
v 0.10236400365829468 0.06083500012755394 0.655580997467041
v 0.10236900299787521 0.060832999646663666 0.6498389840126038
v 0.10416200011968613 0.015213999897241592 0.6496409773826599
v 0.10338400304317474 0.015213999897241592 0.6496409773826599
v 0.10255800187587738 0.03480999916791916 0.6504480242729187
v 0.1049790009856224 0.03483999893069267 0.6504579782485962
v 0.10338400304317474 0.015213999897241592 0.6557760238647461
v 0.10416200011968613 0.015213999897241592 0.6557760238647461
v 0.1049790009856224 0.03483999893069267 0.6549590229988098
v 0.10255800187587738 0.03480999916791916 0.6549680233001709
v 0.10347100347280502 0.05938199907541275 0.6512979865074158
v 0.10236900299787521 0.060832999646663666 0.6498389840126038
v 0.06221099942922592 0.08260200172662735 0.6496220231056213
v 0.1049790009856224 0.03483999893069267 0.6549590229988098
v 0.1049790009856224 0.03483999893069267 0.6504579782485962
v 0.10347100347280502 0.05938199907541275 0.6512979865074158
v 0.10346800088882446 0.059390999376773834 0.6541200280189514
v 0.1049790009856224 0.03483999893069267 0.6504579782485962
v 0.10255800187587738 0.03480999916791916 0.6504480242729187
v 0.10236900299787521 0.060832999646663666 0.6498389840126038
v 0.10347100347280502 0.05938199907541275 0.6512979865074158
v 0.10255800187587738 0.03480999916791916 0.6549680233001709
v 0.1049790009856224 0.03483999893069267 0.6549590229988098
v 0.10346800088882446 0.059390999376773834 0.6541200280189514
v 0.10236400365829468 0.06083500012755394 0.655580997467041
v 0.06311900168657303 0.08203499764204025 0.6498330235481262
v 0.06311500072479248 0.08203999698162079 0.6557279825210571
v 0.062206998467445374 0.08260300010442734 0.6559399962425232
v 0.06221099942922592 0.08260200172662735 0.6496220231056213
v 0.10346800088882446 0.059390999376773834 0.6541200280189514
v 0.10347100347280502 0.05938199907541275 0.6512979865074158
v 0.06221099942922592 0.08260200172662735 0.6496220231056213
v 0.062206998467445374 0.08260300010442734 0.6559399962425232
v 0.10236400365829468 0.06083500012755394 0.655580997467041
v 0.10346800088882446 0.059390999376773834 0.6541200280189514
v 0.06311500072479248 0.08203999698162079 0.6557279825210571
v 0.10236900299787521 0.060832999646663666 0.6498389840126038
v 0.10236400365829468 0.06083500012755394 0.655580997467041
v 0.06311500072479248 0.08203999698162079 0.6557279825210571
v 0.06311900168657303 0.08203499764204025 0.6498330235481262
f 664 666 663
f 666 664 665
f 669 670 667
f 667 668 669
f 673 674 671
f 671 672 673
f 677 678 675
f 675 676 677
f 680 682 679
f 682 680 681
f 685 686 683
f 683 684 685
f 688 689 687
f 691 693 690
f 693 691 692
f 695 697 694
f 697 695 696
f 700 701 698
f 698 699 700
f 704 705 702
f 702 703 704
f 707 709 706
f 709 707 708
f 711 712 710
f 715 716 713
f 713 714 715
o pieza_13
usemtl material_13
v 0.1049790009856224 0.03483999893069267 0.625777006149292
v 0.1049790009856224 0.03483999893069267 0.6302779912948608
v 0.10416200011968613 0.015213999897241592 0.6310949921607971
v 0.10416200011968613 0.015213999897241592 0.6249600052833557
v 0.10416200011968613 0.015213999897241592 0.6249600052833557
v 0.10416200011968613 0.015213999897241592 0.6310949921607971
v 0.10338400304317474 0.015213999897241592 0.6310949921607971
v 0.10338400304317474 0.015213999897241592 0.6249600052833557
v 0.10338400304317474 0.015213999897241592 0.6249600052833557
v 0.10338400304317474 0.015213999897241592 0.6310949921607971
v 0.10255800187587738 0.03480999916791916 0.6302869915962219
v 0.10255800187587738 0.03480999916791916 0.6257669925689697
v 0.10255800187587738 0.03480999916791916 0.6257669925689697
v 0.10255800187587738 0.03480999916791916 0.6302869915962219
v 0.10236400365829468 0.06083500012755394 0.6308990120887756
v 0.10236900299787521 0.060832999646663666 0.6251580119132996
v 0.10416200011968613 0.015213999897241592 0.6249600052833557
v 0.10338400304317474 0.015213999897241592 0.6249600052833557
v 0.10255800187587738 0.03480999916791916 0.6257669925689697
v 0.1049790009856224 0.03483999893069267 0.625777006149292
v 0.10338400304317474 0.015213999897241592 0.6310949921607971
v 0.10416200011968613 0.015213999897241592 0.6310949921607971
v 0.1049790009856224 0.03483999893069267 0.6302779912948608
v 0.10255800187587738 0.03480999916791916 0.6302869915962219
v 0.10347100347280502 0.05938199907541275 0.6266170144081116
v 0.10236900299787521 0.060832999646663666 0.6251580119132996
v 0.06221099942922592 0.08260200172662735 0.6249409914016724
v 0.1049790009856224 0.03483999893069267 0.6302779912948608
v 0.1049790009856224 0.03483999893069267 0.625777006149292
v 0.10347100347280502 0.05938199907541275 0.6266170144081116
v 0.10346800088882446 0.059390999376773834 0.6294379830360413
v 0.1049790009856224 0.03483999893069267 0.625777006149292
v 0.10255800187587738 0.03480999916791916 0.6257669925689697
v 0.10236900299787521 0.060832999646663666 0.6251580119132996
v 0.10347100347280502 0.05938199907541275 0.6266170144081116
v 0.10255800187587738 0.03480999916791916 0.6302869915962219
v 0.1049790009856224 0.03483999893069267 0.6302779912948608
v 0.10346800088882446 0.059390999376773834 0.6294379830360413
v 0.10236400365829468 0.06083500012755394 0.6308990120887756
v 0.06311900168657303 0.08203499764204025 0.6251519918441772
v 0.06311500072479248 0.08203999698162079 0.6310459971427917
v 0.062206998467445374 0.08260300010442734 0.631259024143219
v 0.06221099942922592 0.08260200172662735 0.6249409914016724
v 0.10346800088882446 0.059390999376773834 0.6294379830360413
v 0.10347100347280502 0.05938199907541275 0.6266170144081116
v 0.06221099942922592 0.08260200172662735 0.6249409914016724
v 0.062206998467445374 0.08260300010442734 0.631259024143219
v 0.10236400365829468 0.06083500012755394 0.6308990120887756
v 0.10346800088882446 0.059390999376773834 0.6294379830360413
v 0.06311500072479248 0.08203999698162079 0.6310459971427917
v 0.10236900299787521 0.060832999646663666 0.6251580119132996
v 0.10236400365829468 0.06083500012755394 0.6308990120887756
v 0.06311500072479248 0.08203999698162079 0.6310459971427917
v 0.06311900168657303 0.08203499764204025 0.6251519918441772
f 718 720 717
f 720 718 719
f 723 724 721
f 721 722 723
f 727 728 725
f 725 726 727
f 731 732 729
f 729 730 731
f 734 736 733
f 736 734 735
f 739 740 737
f 737 738 739
f 742 743 741
f 745 747 744
f 747 745 746
f 749 751 748
f 751 749 750
f 754 755 752
f 752 753 754
f 758 759 756
f 756 757 758
f 761 763 760
f 763 761 762
f 765 766 764
f 769 770 767
f 767 768 769
o pieza_14
usemtl material_14
v 0.1049790009856224 0.03483999893069267 0.601095974445343
v 0.1049790009856224 0.03483999893069267 0.6055970191955566
v 0.10416200011968613 0.015213999897241592 0.6064140200614929
v 0.10416200011968613 0.015213999897241592 0.6002780199050903
v 0.10416200011968613 0.015213999897241592 0.6002780199050903
v 0.10416200011968613 0.015213999897241592 0.6064140200614929
v 0.10338400304317474 0.015213999897241592 0.6064140200614929
v 0.10338400304317474 0.015213999897241592 0.6002780199050903
v 0.10338400304317474 0.015213999897241592 0.6002780199050903
v 0.10338400304317474 0.015213999897241592 0.6064140200614929
v 0.10255800187587738 0.03480999916791916 0.6056060194969177
v 0.10255800187587738 0.03480999916791916 0.6010860204696655
v 0.10255800187587738 0.03480999916791916 0.6010860204696655
v 0.10255800187587738 0.03480999916791916 0.6056060194969177
v 0.10236400365829468 0.06083500012755394 0.6062179803848267
v 0.10236900299787521 0.060832999646663666 0.6004769802093506
v 0.10416200011968613 0.015213999897241592 0.6002780199050903
v 0.10338400304317474 0.015213999897241592 0.6002780199050903
v 0.10255800187587738 0.03480999916791916 0.6010860204696655
v 0.1049790009856224 0.03483999893069267 0.601095974445343
v 0.10338400304317474 0.015213999897241592 0.6064140200614929
v 0.10416200011968613 0.015213999897241592 0.6064140200614929
v 0.1049790009856224 0.03483999893069267 0.6055970191955566
v 0.10255800187587738 0.03480999916791916 0.6056060194969177
v 0.10347100347280502 0.05938199907541275 0.6019359827041626
v 0.10236900299787521 0.060832999646663666 0.6004769802093506
v 0.06221099942922592 0.08260200172662735 0.6002600193023682
v 0.1049790009856224 0.03483999893069267 0.6055970191955566
v 0.1049790009856224 0.03483999893069267 0.601095974445343
v 0.10347100347280502 0.05938199907541275 0.6019359827041626
v 0.10346800088882446 0.059390999376773834 0.6047570109367371
v 0.1049790009856224 0.03483999893069267 0.601095974445343
v 0.10255800187587738 0.03480999916791916 0.6010860204696655
v 0.10236900299787521 0.060832999646663666 0.6004769802093506
v 0.10347100347280502 0.05938199907541275 0.6019359827041626
v 0.10255800187587738 0.03480999916791916 0.6056060194969177
v 0.1049790009856224 0.03483999893069267 0.6055970191955566
v 0.10346800088882446 0.059390999376773834 0.6047570109367371
v 0.10236400365829468 0.06083500012755394 0.6062179803848267
v 0.06311900168657303 0.08203499764204025 0.600471019744873
v 0.06311500072479248 0.08203999698162079 0.6063650250434875
v 0.062206998467445374 0.08260300010442734 0.60657799243927
v 0.06221099942922592 0.08260200172662735 0.6002600193023682
v 0.10346800088882446 0.059390999376773834 0.6047570109367371
v 0.10347100347280502 0.05938199907541275 0.6019359827041626
v 0.06221099942922592 0.08260200172662735 0.6002600193023682
v 0.062206998467445374 0.08260300010442734 0.60657799243927
v 0.10236400365829468 0.06083500012755394 0.6062179803848267
v 0.10346800088882446 0.059390999376773834 0.6047570109367371
v 0.06311500072479248 0.08203999698162079 0.6063650250434875
v 0.10236900299787521 0.060832999646663666 0.6004769802093506
v 0.10236400365829468 0.06083500012755394 0.6062179803848267
v 0.06311500072479248 0.08203999698162079 0.6063650250434875
v 0.06311900168657303 0.08203499764204025 0.600471019744873
f 772 774 771
f 774 772 773
f 777 778 775
f 775 776 777
f 781 782 779
f 779 780 781
f 785 786 783
f 783 784 785
f 788 790 787
f 790 788 789
f 793 794 791
f 791 792 793
f 796 797 795
f 799 801 798
f 801 799 800
f 803 805 802
f 805 803 804
f 808 809 806
f 806 807 808
f 812 813 810
f 810 811 812
f 815 817 814
f 817 815 816
f 819 820 818
f 823 824 821
f 821 822 823
o pieza_15
usemtl material_15
v 0.1049790009856224 0.03483999893069267 0.4519309997558594
v 0.1049790009856224 0.03483999893069267 0.4564320147037506
v 0.10416200011968613 -0.027269000187516212 0.4572489857673645
v 0.10416200011968613 -0.027269000187516212 0.4511139988899231
v 0.10416200011968613 -0.027269000187516212 0.4511139988899231
v 0.10416200011968613 -0.027269000187516212 0.4572489857673645
v 0.10338400304317474 -0.027269000187516212 0.4572489857673645
v 0.10338400304317474 -0.027269000187516212 0.4511139988899231
v 0.10338400304317474 -0.027269000187516212 0.4511139988899231
v 0.10338400304317474 -0.027269000187516212 0.4572489857673645
v 0.10255800187587738 0.03480999916791916 0.4564409852027893
v 0.10255800187587738 0.03480999916791916 0.4519209861755371
v 0.10255800187587738 0.03480999916791916 0.4519209861755371
v 0.10255800187587738 0.03480999916791916 0.4564409852027893
v 0.10236400365829468 0.06083500012755394 0.4570539891719818
v 0.10236900299787521 0.060832999646663666 0.45131200551986694
v 0.10416200011968613 -0.027269000187516212 0.4511139988899231
v 0.10338400304317474 -0.027269000187516212 0.4511139988899231
v 0.10255800187587738 0.03480999916791916 0.4519209861755371
v 0.1049790009856224 0.03483999893069267 0.4519309997558594
v 0.10338400304317474 -0.027269000187516212 0.4572489857673645
v 0.10416200011968613 -0.027269000187516212 0.4572489857673645
v 0.1049790009856224 0.03483999893069267 0.4564320147037506
v 0.10255800187587738 0.03480999916791916 0.4564409852027893
v 0.10347100347280502 0.05938199907541275 0.45277100801467896
v 0.10236900299787521 0.060832999646663666 0.45131200551986694
v 0.06221099942922592 0.08260200172662735 0.45109501481056213
v 0.1049790009856224 0.03483999893069267 0.4564320147037506
v 0.1049790009856224 0.03483999893069267 0.4519309997558594
v 0.10347100347280502 0.05938199907541275 0.45277100801467896
v 0.10346800088882446 0.059390999376773834 0.4555929899215698
v 0.1049790009856224 0.03483999893069267 0.4519309997558594
v 0.10255800187587738 0.03480999916791916 0.4519209861755371
v 0.10236900299787521 0.060832999646663666 0.45131200551986694
v 0.10347100347280502 0.05938199907541275 0.45277100801467896
v 0.10255800187587738 0.03480999916791916 0.4564409852027893
v 0.1049790009856224 0.03483999893069267 0.4564320147037506
v 0.10346800088882446 0.059390999376773834 0.4555929899215698
v 0.10236400365829468 0.06083500012755394 0.4570539891719818
v 0.06311900168657303 0.08203499764204025 0.45130598545074463
v 0.06311500072479248 0.08203999698162079 0.4572010040283203
v 0.062206998467445374 0.08260300010442734 0.457412987947464
v 0.06221099942922592 0.08260200172662735 0.45109501481056213
v 0.10346800088882446 0.059390999376773834 0.4555929899215698
v 0.10347100347280502 0.05938199907541275 0.45277100801467896
v 0.06221099942922592 0.08260200172662735 0.45109501481056213
v 0.062206998467445374 0.08260300010442734 0.457412987947464
v 0.10236400365829468 0.06083500012755394 0.4570539891719818
v 0.10346800088882446 0.059390999376773834 0.4555929899215698
v 0.06311500072479248 0.08203999698162079 0.4572010040283203
v 0.10236900299787521 0.060832999646663666 0.45131200551986694
v 0.10236400365829468 0.06083500012755394 0.4570539891719818
v 0.06311500072479248 0.08203999698162079 0.4572010040283203
v 0.06311900168657303 0.08203499764204025 0.45130598545074463
f 826 828 825
f 828 826 827
f 831 832 829
f 829 830 831
f 835 836 833
f 833 834 835
f 839 840 837
f 837 838 839
f 842 844 841
f 844 842 843
f 847 848 845
f 845 846 847
f 850 851 849
f 853 855 852
f 855 853 854
f 857 859 856
f 859 857 858
f 862 863 860
f 860 861 862
f 866 867 864
f 864 865 866
f 869 871 868
f 871 869 870
f 873 874 872
f 877 878 875
f 875 876 877
o pieza_16
usemtl material_16
v 0.1049790009856224 0.03483999893069267 0.5517330169677734
v 0.1049790009856224 0.03483999893069267 0.5562340021133423
v 0.10416200011968613 0.015213999897241592 0.5570510029792786
v 0.10416200011968613 0.015213999897241592 0.5509160161018372
v 0.10416200011968613 0.015213999897241592 0.5509160161018372
v 0.10416200011968613 0.015213999897241592 0.5570510029792786
v 0.10338400304317474 0.015213999897241592 0.5570510029792786
v 0.10338400304317474 0.015213999897241592 0.5509160161018372
v 0.10338400304317474 0.015213999897241592 0.5509160161018372
v 0.10338400304317474 0.015213999897241592 0.5570510029792786
v 0.10255800187587738 0.03480999916791916 0.5562440156936646
v 0.10255800187587738 0.03480999916791916 0.5517240166664124
v 0.10255800187587738 0.03480999916791916 0.5517240166664124
v 0.10255800187587738 0.03480999916791916 0.5562440156936646
v 0.10236400365829468 0.06083500012755394 0.5568559765815735
v 0.10236900299787521 0.060832999646663666 0.5511149764060974
v 0.10416200011968613 0.015213999897241592 0.5509160161018372
v 0.10338400304317474 0.015213999897241592 0.5509160161018372
v 0.10255800187587738 0.03480999916791916 0.5517240166664124
v 0.1049790009856224 0.03483999893069267 0.5517330169677734
v 0.10338400304317474 0.015213999897241592 0.5570510029792786
v 0.10416200011968613 0.015213999897241592 0.5570510029792786
v 0.1049790009856224 0.03483999893069267 0.5562340021133423
v 0.10255800187587738 0.03480999916791916 0.5562440156936646
v 0.10347100347280502 0.05938199907541275 0.552573025226593
v 0.10236900299787521 0.060832999646663666 0.5511149764060974
v 0.06221099942922592 0.08260200172662735 0.550898015499115
v 0.1049790009856224 0.03483999893069267 0.5562340021133423
v 0.1049790009856224 0.03483999893069267 0.5517330169677734
v 0.10347100347280502 0.05938199907541275 0.552573025226593
v 0.10346800088882446 0.059390999376773834 0.5553950071334839
v 0.1049790009856224 0.03483999893069267 0.5517330169677734
v 0.10255800187587738 0.03480999916791916 0.5517240166664124
v 0.10236900299787521 0.060832999646663666 0.5511149764060974
v 0.10347100347280502 0.05938199907541275 0.552573025226593
v 0.10255800187587738 0.03480999916791916 0.5562440156936646
v 0.1049790009856224 0.03483999893069267 0.5562340021133423
v 0.10346800088882446 0.059390999376773834 0.5553950071334839
v 0.10236400365829468 0.06083500012755394 0.5568559765815735
v 0.06311900168657303 0.08203499764204025 0.5511090159416199
v 0.06311500072479248 0.08203999698162079 0.5570030212402344
v 0.062206998467445374 0.08260300010442734 0.5572149753570557
v 0.06221099942922592 0.08260200172662735 0.550898015499115
v 0.10346800088882446 0.059390999376773834 0.5553950071334839
v 0.10347100347280502 0.05938199907541275 0.552573025226593
v 0.06221099942922592 0.08260200172662735 0.550898015499115
v 0.062206998467445374 0.08260300010442734 0.5572149753570557
v 0.10236400365829468 0.06083500012755394 0.5568559765815735
v 0.10346800088882446 0.059390999376773834 0.5553950071334839
v 0.06311500072479248 0.08203999698162079 0.5570030212402344
v 0.10236900299787521 0.060832999646663666 0.5511149764060974
v 0.10236400365829468 0.06083500012755394 0.5568559765815735
v 0.06311500072479248 0.08203999698162079 0.5570030212402344
v 0.06311900168657303 0.08203499764204025 0.5511090159416199
f 880 882 879
f 882 880 881
f 885 886 883
f 883 884 885
f 889 890 887
f 887 888 889
f 893 894 891
f 891 892 893
f 896 898 895
f 898 896 897
f 901 902 899
f 899 900 901
f 904 905 903
f 907 909 906
f 909 907 908
f 911 913 910
f 913 911 912
f 916 917 914
f 914 915 916
f 920 921 918
f 918 919 920
f 923 925 922
f 925 923 924
f 927 928 926
f 931 932 929
f 929 930 931
o pieza_17
usemtl material_17
v 0.1049790009856224 0.03483999893069267 0.5270519852638245
v 0.1049790009856224 0.03483999893069267 0.5315529704093933
v 0.10416200011968613 0.015213999897241592 0.5323699712753296
v 0.10416200011968613 0.015213999897241592 0.5262349843978882
v 0.10416200011968613 0.015213999897241592 0.5262349843978882
v 0.10416200011968613 0.015213999897241592 0.5323699712753296
v 0.10338400304317474 0.015213999897241592 0.5323699712753296
v 0.10338400304317474 0.015213999897241592 0.5262349843978882
v 0.10338400304317474 0.015213999897241592 0.5262349843978882
v 0.10338400304317474 0.015213999897241592 0.5323699712753296
v 0.10255800187587738 0.03480999916791916 0.5315629839897156
v 0.10255800187587738 0.03480999916791916 0.5270429849624634
v 0.10255800187587738 0.03480999916791916 0.5270429849624634
v 0.10255800187587738 0.03480999916791916 0.5315629839897156
v 0.10236400365829468 0.06083500012755394 0.5321750044822693
v 0.10236900299787521 0.060832999646663666 0.526432991027832
v 0.10416200011968613 0.015213999897241592 0.5262349843978882
v 0.10338400304317474 0.015213999897241592 0.5262349843978882
v 0.10255800187587738 0.03480999916791916 0.5270429849624634
v 0.1049790009856224 0.03483999893069267 0.5270519852638245
v 0.10338400304317474 0.015213999897241592 0.5323699712753296
v 0.10416200011968613 0.015213999897241592 0.5323699712753296
v 0.1049790009856224 0.03483999893069267 0.5315529704093933
v 0.10255800187587738 0.03480999916791916 0.5315629839897156
v 0.10347100347280502 0.05938199907541275 0.527891993522644
v 0.10236900299787521 0.060832999646663666 0.526432991027832
v 0.06221099942922592 0.08260200172662735 0.526216983795166
v 0.1049790009856224 0.03483999893069267 0.5315529704093933
v 0.1049790009856224 0.03483999893069267 0.5270519852638245
v 0.10347100347280502 0.05938199907541275 0.527891993522644
v 0.10346800088882446 0.059390999376773834 0.5307139754295349
v 0.1049790009856224 0.03483999893069267 0.5270519852638245
v 0.10255800187587738 0.03480999916791916 0.5270429849624634
v 0.10236900299787521 0.060832999646663666 0.526432991027832
v 0.10347100347280502 0.05938199907541275 0.527891993522644
v 0.10255800187587738 0.03480999916791916 0.5315629839897156
v 0.1049790009856224 0.03483999893069267 0.5315529704093933
v 0.10346800088882446 0.059390999376773834 0.5307139754295349
v 0.10236400365829468 0.06083500012755394 0.5321750044822693
v 0.06311900168657303 0.08203499764204025 0.5264279842376709
v 0.06311500072479248 0.08203999698162079 0.5323219895362854
v 0.062206998467445374 0.08260300010442734 0.5325340032577515
v 0.06221099942922592 0.08260200172662735 0.526216983795166
v 0.10346800088882446 0.059390999376773834 0.5307139754295349
v 0.10347100347280502 0.05938199907541275 0.527891993522644
v 0.06221099942922592 0.08260200172662735 0.526216983795166
v 0.062206998467445374 0.08260300010442734 0.5325340032577515
v 0.10236400365829468 0.06083500012755394 0.5321750044822693
v 0.10346800088882446 0.059390999376773834 0.5307139754295349
v 0.06311500072479248 0.08203999698162079 0.5323219895362854
v 0.10236900299787521 0.060832999646663666 0.526432991027832
v 0.10236400365829468 0.06083500012755394 0.5321750044822693
v 0.06311500072479248 0.08203999698162079 0.5323219895362854
v 0.06311900168657303 0.08203499764204025 0.5264279842376709
f 934 936 933
f 936 934 935
f 939 940 937
f 937 938 939
f 943 944 941
f 941 942 943
f 947 948 945
f 945 946 947
f 950 952 949
f 952 950 951
f 955 956 953
f 953 954 955
f 958 959 957
f 961 963 960
f 963 961 962
f 965 967 964
f 967 965 966
f 970 971 968
f 968 969 970
f 974 975 972
f 972 973 974
f 977 979 976
f 979 977 978
f 981 982 980
f 985 986 983
f 983 984 985
o pieza_18
usemtl material_18
v 0.1049790009856224 0.03483999893069267 0.5023710131645203
v 0.1049790009856224 0.03483999893069267 0.5068719983100891
v 0.10416200011968613 0.015213999897241592 0.5076889991760254
v 0.10416200011968613 0.015213999897241592 0.501554012298584
v 0.10416200011968613 0.015213999897241592 0.501554012298584
v 0.10416200011968613 0.015213999897241592 0.5076889991760254
v 0.10338400304317474 0.015213999897241592 0.5076889991760254
v 0.10338400304317474 0.015213999897241592 0.501554012298584
v 0.10338400304317474 0.015213999897241592 0.501554012298584
v 0.10338400304317474 0.015213999897241592 0.5076889991760254
v 0.10255800187587738 0.03480999916791916 0.5068820118904114
v 0.10255800187587738 0.03480999916791916 0.5023620128631592
v 0.10255800187587738 0.03480999916791916 0.5023620128631592
v 0.10255800187587738 0.03480999916791916 0.5068820118904114
v 0.10236400365829468 0.06083500012755394 0.5074939727783203
v 0.10236900299787521 0.060832999646663666 0.5017520189285278
v 0.10416200011968613 0.015213999897241592 0.501554012298584
v 0.10338400304317474 0.015213999897241592 0.501554012298584
v 0.10255800187587738 0.03480999916791916 0.5023620128631592
v 0.1049790009856224 0.03483999893069267 0.5023710131645203
v 0.10338400304317474 0.015213999897241592 0.5076889991760254
v 0.10416200011968613 0.015213999897241592 0.5076889991760254
v 0.1049790009856224 0.03483999893069267 0.5068719983100891
v 0.10255800187587738 0.03480999916791916 0.5068820118904114
v 0.10347100347280502 0.05938199907541275 0.5032110214233398
v 0.10236900299787521 0.060832999646663666 0.5017520189285278
v 0.06221099942922592 0.08260200172662735 0.5015360116958618
v 0.1049790009856224 0.03483999893069267 0.5068719983100891
v 0.1049790009856224 0.03483999893069267 0.5023710131645203
v 0.10347100347280502 0.05938199907541275 0.5032110214233398
v 0.10346800088882446 0.059390999376773834 0.5060330033302307
v 0.1049790009856224 0.03483999893069267 0.5023710131645203
v 0.10255800187587738 0.03480999916791916 0.5023620128631592
v 0.10236900299787521 0.060832999646663666 0.5017520189285278
v 0.10347100347280502 0.05938199907541275 0.5032110214233398
v 0.10255800187587738 0.03480999916791916 0.5068820118904114
v 0.1049790009856224 0.03483999893069267 0.5068719983100891
v 0.10346800088882446 0.059390999376773834 0.5060330033302307
v 0.10236400365829468 0.06083500012755394 0.5074939727783203
v 0.06311900168657303 0.08203499764204025 0.5017459988594055
v 0.06311500072479248 0.08203999698162079 0.5076410174369812
v 0.062206998467445374 0.08260300010442734 0.5078529715538025
v 0.06221099942922592 0.08260200172662735 0.5015360116958618
v 0.10346800088882446 0.059390999376773834 0.5060330033302307
v 0.10347100347280502 0.05938199907541275 0.5032110214233398
v 0.06221099942922592 0.08260200172662735 0.5015360116958618
v 0.062206998467445374 0.08260300010442734 0.5078529715538025
v 0.10236400365829468 0.06083500012755394 0.5074939727783203
v 0.10346800088882446 0.059390999376773834 0.5060330033302307
v 0.06311500072479248 0.08203999698162079 0.5076410174369812
v 0.10236900299787521 0.060832999646663666 0.5017520189285278
v 0.10236400365829468 0.06083500012755394 0.5074939727783203
v 0.06311500072479248 0.08203999698162079 0.5076410174369812
v 0.06311900168657303 0.08203499764204025 0.5017459988594055
f 988 990 987
f 990 988 989
f 993 994 991
f 991 992 993
f 997 998 995
f 995 996 997
f 1001 1002 999
f 999 1000 1001
f 1004 1006 1003
f 1006 1004 1005
f 1009 1010 1007
f 1007 1008 1009
f 1012 1013 1011
f 1015 1017 1014
f 1017 1015 1016
f 1019 1021 1018
f 1021 1019 1020
f 1024 1025 1022
f 1022 1023 1024
f 1028 1029 1026
f 1026 1027 1028
f 1031 1033 1030
f 1033 1031 1032
f 1035 1036 1034
f 1039 1040 1037
f 1037 1038 1039
o pieza_19
usemtl material_19
v 0.1049790009856224 0.03483999893069267 0.4776900112628937
v 0.1049790009856224 0.03483999893069267 0.4821909964084625
v 0.10416200011968613 0.015213999897241592 0.4830079972743988
v 0.10416200011968613 0.015213999897241592 0.4768730103969574
v 0.10416200011968613 0.015213999897241592 0.4768730103969574
v 0.10416200011968613 0.015213999897241592 0.4830079972743988
v 0.10338400304317474 0.015213999897241592 0.4830079972743988
v 0.10338400304317474 0.015213999897241592 0.4768730103969574
v 0.10338400304317474 0.015213999897241592 0.4768730103969574
v 0.10338400304317474 0.015213999897241592 0.4830079972743988
v 0.10255800187587738 0.03480999916791916 0.4822010099887848
v 0.10255800187587738 0.03480999916791916 0.4776799976825714
v 0.10255800187587738 0.03480999916791916 0.4776799976825714
v 0.10255800187587738 0.03480999916791916 0.4822010099887848
v 0.10236400365829468 0.06083500012755394 0.4828130006790161
v 0.10236900299787521 0.060832999646663666 0.47707098722457886
v 0.10416200011968613 0.015213999897241592 0.4768730103969574
v 0.10338400304317474 0.015213999897241592 0.4768730103969574
v 0.10255800187587738 0.03480999916791916 0.4776799976825714
v 0.1049790009856224 0.03483999893069267 0.4776900112628937
v 0.10338400304317474 0.015213999897241592 0.4830079972743988
v 0.10416200011968613 0.015213999897241592 0.4830079972743988
v 0.1049790009856224 0.03483999893069267 0.4821909964084625
v 0.10255800187587738 0.03480999916791916 0.4822010099887848
v 0.10347100347280502 0.05938199907541275 0.47852998971939087
v 0.10236900299787521 0.060832999646663666 0.47707098722457886
v 0.06221099942922592 0.08260200172662735 0.47685500979423523
v 0.1049790009856224 0.03483999893069267 0.4821909964084625
v 0.1049790009856224 0.03483999893069267 0.4776900112628937
v 0.10347100347280502 0.05938199907541275 0.47852998971939087
v 0.10346800088882446 0.059390999376773834 0.4813520014286041
v 0.1049790009856224 0.03483999893069267 0.4776900112628937
v 0.10255800187587738 0.03480999916791916 0.4776799976825714
v 0.10236900299787521 0.060832999646663666 0.47707098722457886
v 0.10347100347280502 0.05938199907541275 0.47852998971939087
v 0.10255800187587738 0.03480999916791916 0.4822010099887848
v 0.1049790009856224 0.03483999893069267 0.4821909964084625
v 0.10346800088882446 0.059390999376773834 0.4813520014286041
v 0.10236400365829468 0.06083500012755394 0.4828130006790161
v 0.06311900168657303 0.08203499764204025 0.47706499695777893
v 0.06311500072479248 0.08203999698162079 0.4829599857330322
v 0.062206998467445374 0.08260300010442734 0.4831719994544983
v 0.06221099942922592 0.08260200172662735 0.47685500979423523
v 0.10346800088882446 0.059390999376773834 0.4813520014286041
v 0.10347100347280502 0.05938199907541275 0.47852998971939087
v 0.06221099942922592 0.08260200172662735 0.47685500979423523
v 0.062206998467445374 0.08260300010442734 0.4831719994544983
v 0.10236400365829468 0.06083500012755394 0.4828130006790161
v 0.10346800088882446 0.059390999376773834 0.4813520014286041
v 0.06311500072479248 0.08203999698162079 0.4829599857330322
v 0.10236900299787521 0.060832999646663666 0.47707098722457886
v 0.10236400365829468 0.06083500012755394 0.4828130006790161
v 0.06311500072479248 0.08203999698162079 0.4829599857330322
v 0.06311900168657303 0.08203499764204025 0.47706499695777893
f 1042 1044 1041
f 1044 1042 1043
f 1047 1048 1045
f 1045 1046 1047
f 1051 1052 1049
f 1049 1050 1051
f 1055 1056 1053
f 1053 1054 1055
f 1058 1060 1057
f 1060 1058 1059
f 1063 1064 1061
f 1061 1062 1063
f 1066 1067 1065
f 1069 1071 1068
f 1071 1069 1070
f 1073 1075 1072
f 1075 1073 1074
f 1078 1079 1076
f 1076 1077 1078
f 1082 1083 1080
f 1080 1081 1082
f 1085 1087 1084
f 1087 1085 1086
f 1089 1090 1088
f 1093 1094 1091
f 1091 1092 1093
o pieza_20
usemtl material_20
v 0.1049790009856224 0.03483999893069267 0.327567994594574
v 0.1049790009856224 0.03483999893069267 0.3320690095424652
v 0.10416200011968613 -0.027269000187516212 0.3328860104084015
v 0.10416200011968613 -0.027269000187516212 0.3267509937286377
v 0.10416200011968613 -0.027269000187516212 0.3267509937286377
v 0.10416200011968613 -0.027269000187516212 0.3328860104084015
v 0.10338400304317474 -0.027269000187516212 0.3328860104084015
v 0.10338400304317474 -0.027269000187516212 0.3267509937286377
v 0.10338400304317474 -0.027269000187516212 0.3267509937286377
v 0.10338400304317474 -0.027269000187516212 0.3328860104084015
v 0.10255800187587738 0.03480999916791916 0.3320780098438263
v 0.10255800187587738 0.03480999916791916 0.3275580108165741
v 0.10255800187587738 0.03480999916791916 0.3275580108165741
v 0.10255800187587738 0.03480999916791916 0.3320780098438263
v 0.10236400365829468 0.06083500012755394 0.3326910138130188
v 0.10236900299787521 0.060832999646663666 0.32694900035858154
v 0.10416200011968613 -0.027269000187516212 0.3267509937286377
v 0.10338400304317474 -0.027269000187516212 0.3267509937286377
v 0.10255800187587738 0.03480999916791916 0.3275580108165741
v 0.1049790009856224 0.03483999893069267 0.327567994594574
v 0.10338400304317474 -0.027269000187516212 0.3328860104084015
v 0.10416200011968613 -0.027269000187516212 0.3328860104084015
v 0.1049790009856224 0.03483999893069267 0.3320690095424652
v 0.10255800187587738 0.03480999916791916 0.3320780098438263
v 0.10347100347280502 0.05938199907541275 0.32840800285339355
v 0.10236900299787521 0.060832999646663666 0.32694900035858154
v 0.06221099942922592 0.08260200172662735 0.32673200964927673
v 0.1049790009856224 0.03483999893069267 0.3320690095424652
v 0.1049790009856224 0.03483999893069267 0.327567994594574
v 0.10347100347280502 0.05938199907541275 0.32840800285339355
v 0.10346800088882446 0.059390999376773834 0.3312300145626068
v 0.1049790009856224 0.03483999893069267 0.327567994594574
v 0.10255800187587738 0.03480999916791916 0.3275580108165741
v 0.10236900299787521 0.060832999646663666 0.32694900035858154
v 0.10347100347280502 0.05938199907541275 0.32840800285339355
v 0.10255800187587738 0.03480999916791916 0.3320780098438263
v 0.1049790009856224 0.03483999893069267 0.3320690095424652
v 0.10346800088882446 0.059390999376773834 0.3312300145626068
v 0.10236400365829468 0.06083500012755394 0.3326910138130188
v 0.06311900168657303 0.08203499764204025 0.3269430100917816
v 0.06311500072479248 0.08203999698162079 0.3328379988670349
v 0.062206998467445374 0.08260300010442734 0.333050012588501
v 0.06221099942922592 0.08260200172662735 0.32673200964927673
v 0.10346800088882446 0.059390999376773834 0.3312300145626068
v 0.10347100347280502 0.05938199907541275 0.32840800285339355
v 0.06221099942922592 0.08260200172662735 0.32673200964927673
v 0.062206998467445374 0.08260300010442734 0.333050012588501
v 0.10236400365829468 0.06083500012755394 0.3326910138130188
v 0.10346800088882446 0.059390999376773834 0.3312300145626068
v 0.06311500072479248 0.08203999698162079 0.3328379988670349
v 0.10236900299787521 0.060832999646663666 0.32694900035858154
v 0.10236400365829468 0.06083500012755394 0.3326910138130188
v 0.06311500072479248 0.08203999698162079 0.3328379988670349
v 0.06311900168657303 0.08203499764204025 0.3269430100917816
f 1096 1098 1095
f 1098 1096 1097
f 1101 1102 1099
f 1099 1100 1101
f 1105 1106 1103
f 1103 1104 1105
f 1109 1110 1107
f 1107 1108 1109
f 1112 1114 1111
f 1114 1112 1113
f 1117 1118 1115
f 1115 1116 1117
f 1120 1121 1119
f 1123 1125 1122
f 1125 1123 1124
f 1127 1129 1126
f 1129 1127 1128
f 1132 1133 1130
f 1130 1131 1132
f 1136 1137 1134
f 1134 1135 1136
f 1139 1141 1138
f 1141 1139 1140
f 1143 1144 1142
f 1147 1148 1145
f 1145 1146 1147
o pieza_21
usemtl material_21
v 0.1049790009856224 0.03483999893069267 0.4283280074596405
v 0.1049790009856224 0.03483999893069267 0.43282899260520935
v 0.10416200011968613 0.015213999897241592 0.43364599347114563
v 0.10416200011968613 0.015213999897241592 0.4275110065937042
v 0.10416200011968613 0.015213999897241592 0.4275110065937042
v 0.10416200011968613 0.015213999897241592 0.43364599347114563
v 0.10338400304317474 0.015213999897241592 0.43364599347114563
v 0.10338400304317474 0.015213999897241592 0.4275110065937042
v 0.10338400304317474 0.015213999897241592 0.4275110065937042
v 0.10338400304317474 0.015213999897241592 0.43364599347114563
v 0.10255800187587738 0.03480999916791916 0.43283799290657043
v 0.10255800187587738 0.03480999916791916 0.42831799387931824
v 0.10255800187587738 0.03480999916791916 0.42831799387931824
v 0.10255800187587738 0.03480999916791916 0.43283799290657043
v 0.10236400365829468 0.06083500012755394 0.43345099687576294
v 0.10236900299787521 0.060832999646663666 0.42770901322364807
v 0.10416200011968613 0.015213999897241592 0.4275110065937042
v 0.10338400304317474 0.015213999897241592 0.4275110065937042
v 0.10255800187587738 0.03480999916791916 0.42831799387931824
v 0.1049790009856224 0.03483999893069267 0.4283280074596405
v 0.10338400304317474 0.015213999897241592 0.43364599347114563
v 0.10416200011968613 0.015213999897241592 0.43364599347114563
v 0.1049790009856224 0.03483999893069267 0.43282899260520935
v 0.10255800187587738 0.03480999916791916 0.43283799290657043
v 0.10347100347280502 0.05938199907541275 0.4291679859161377
v 0.10236900299787521 0.060832999646663666 0.42770901322364807
v 0.06221099942922592 0.08260200172662735 0.4274919927120209
v 0.1049790009856224 0.03483999893069267 0.43282899260520935
v 0.1049790009856224 0.03483999893069267 0.4283280074596405
v 0.10347100347280502 0.05938199907541275 0.4291679859161377
v 0.10346800088882446 0.059390999376773834 0.43198901414871216
v 0.1049790009856224 0.03483999893069267 0.4283280074596405
v 0.10255800187587738 0.03480999916791916 0.42831799387931824
v 0.10236900299787521 0.060832999646663666 0.42770901322364807
v 0.10347100347280502 0.05938199907541275 0.4291679859161377
v 0.10255800187587738 0.03480999916791916 0.43283799290657043
v 0.1049790009856224 0.03483999893069267 0.43282899260520935
v 0.10346800088882446 0.059390999376773834 0.43198901414871216
v 0.10236400365829468 0.06083500012755394 0.43345099687576294
v 0.06311900168657303 0.08203499764204025 0.42770299315452576
v 0.06311500072479248 0.08203999698162079 0.43359699845314026
v 0.062206998467445374 0.08260300010442734 0.4338099956512451
v 0.06221099942922592 0.08260200172662735 0.4274919927120209
v 0.10346800088882446 0.059390999376773834 0.43198901414871216
v 0.10347100347280502 0.05938199907541275 0.4291679859161377
v 0.06221099942922592 0.08260200172662735 0.4274919927120209
v 0.062206998467445374 0.08260300010442734 0.4338099956512451
v 0.10236400365829468 0.06083500012755394 0.43345099687576294
v 0.10346800088882446 0.059390999376773834 0.43198901414871216
v 0.06311500072479248 0.08203999698162079 0.43359699845314026
v 0.10236900299787521 0.060832999646663666 0.42770901322364807
v 0.10236400365829468 0.06083500012755394 0.43345099687576294
v 0.06311500072479248 0.08203999698162079 0.43359699845314026
v 0.06311900168657303 0.08203499764204025 0.42770299315452576
f 1150 1152 1149
f 1152 1150 1151
f 1155 1156 1153
f 1153 1154 1155
f 1159 1160 1157
f 1157 1158 1159
f 1163 1164 1161
f 1161 1162 1163
f 1166 1168 1165
f 1168 1166 1167
f 1171 1172 1169
f 1169 1170 1171
f 1174 1175 1173
f 1177 1179 1176
f 1179 1177 1178
f 1181 1183 1180
f 1183 1181 1182
f 1186 1187 1184
f 1184 1185 1186
f 1190 1191 1188
f 1188 1189 1190
f 1193 1195 1192
f 1195 1193 1194
f 1197 1198 1196
f 1201 1202 1199
f 1199 1200 1201
o pieza_22
usemtl material_22
v 0.1049790009856224 0.03483999893069267 0.4036470055580139
v 0.1049790009856224 0.03483999893069267 0.40814799070358276
v 0.10416200011968613 0.015213999897241592 0.40896499156951904
v 0.10416200011968613 0.015213999897241592 0.40282899141311646
v 0.10416200011968613 0.015213999897241592 0.40282899141311646
v 0.10416200011968613 0.015213999897241592 0.40896499156951904
v 0.10338400304317474 0.015213999897241592 0.40896499156951904
v 0.10338400304317474 0.015213999897241592 0.40282899141311646
v 0.10338400304317474 0.015213999897241592 0.40282899141311646
v 0.10338400304317474 0.015213999897241592 0.40896499156951904
v 0.10255800187587738 0.03480999916791916 0.40815699100494385
v 0.10255800187587738 0.03480999916791916 0.40363699197769165
v 0.10255800187587738 0.03480999916791916 0.40363699197769165
v 0.10255800187587738 0.03480999916791916 0.40815699100494385
v 0.10236400365829468 0.06083500012755394 0.40876901149749756
v 0.10236900299787521 0.060832999646663666 0.4030280113220215
v 0.10416200011968613 0.015213999897241592 0.40282899141311646
v 0.10338400304317474 0.015213999897241592 0.40282899141311646
v 0.10255800187587738 0.03480999916791916 0.40363699197769165
v 0.1049790009856224 0.03483999893069267 0.4036470055580139
v 0.10338400304317474 0.015213999897241592 0.40896499156951904
v 0.10416200011968613 0.015213999897241592 0.40896499156951904
v 0.1049790009856224 0.03483999893069267 0.40814799070358276
v 0.10255800187587738 0.03480999916791916 0.40815699100494385
v 0.10347100347280502 0.05938199907541275 0.4044870138168335
v 0.10236900299787521 0.060832999646663666 0.4030280113220215
v 0.06221099942922592 0.08260200172662735 0.4028109908103943
v 0.1049790009856224 0.03483999893069267 0.40814799070358276
v 0.1049790009856224 0.03483999893069267 0.4036470055580139
v 0.10347100347280502 0.05938199907541275 0.4044870138168335
v 0.10346800088882446 0.059390999376773834 0.40730801224708557
v 0.1049790009856224 0.03483999893069267 0.4036470055580139
v 0.10255800187587738 0.03480999916791916 0.40363699197769165
v 0.10236900299787521 0.060832999646663666 0.4030280113220215
v 0.10347100347280502 0.05938199907541275 0.4044870138168335
v 0.10255800187587738 0.03480999916791916 0.40815699100494385
v 0.1049790009856224 0.03483999893069267 0.40814799070358276
v 0.10346800088882446 0.059390999376773834 0.40730801224708557
v 0.10236400365829468 0.06083500012755394 0.40876901149749756
v 0.06311900168657303 0.08203499764204025 0.40302199125289917
v 0.06311500072479248 0.08203999698162079 0.40891599655151367
v 0.062206998467445374 0.08260300010442734 0.40912899374961853
v 0.06221099942922592 0.08260200172662735 0.4028109908103943
v 0.10346800088882446 0.059390999376773834 0.40730801224708557
v 0.10347100347280502 0.05938199907541275 0.4044870138168335
v 0.06221099942922592 0.08260200172662735 0.4028109908103943
v 0.062206998467445374 0.08260300010442734 0.40912899374961853
v 0.10236400365829468 0.06083500012755394 0.40876901149749756
v 0.10346800088882446 0.059390999376773834 0.40730801224708557
v 0.06311500072479248 0.08203999698162079 0.40891599655151367
v 0.10236900299787521 0.060832999646663666 0.4030280113220215
v 0.10236400365829468 0.06083500012755394 0.40876901149749756
v 0.06311500072479248 0.08203999698162079 0.40891599655151367
v 0.06311900168657303 0.08203499764204025 0.40302199125289917
f 1204 1206 1203
f 1206 1204 1205
f 1209 1210 1207
f 1207 1208 1209
f 1213 1214 1211
f 1211 1212 1213
f 1217 1218 1215
f 1215 1216 1217
f 1220 1222 1219
f 1222 1220 1221
f 1225 1226 1223
f 1223 1224 1225
f 1228 1229 1227
f 1231 1233 1230
f 1233 1231 1232
f 1235 1237 1234
f 1237 1235 1236
f 1240 1241 1238
f 1238 1239 1240
f 1244 1245 1242
f 1242 1243 1244
f 1247 1249 1246
f 1249 1247 1248
f 1251 1252 1250
f 1255 1256 1253
f 1253 1254 1255
o pieza_23
usemtl material_23
v 0.1049790009856224 0.03483999893069267 0.37896499037742615
v 0.1049790009856224 0.03483999893069267 0.3834669888019562
v 0.10416200011968613 0.015213999897241592 0.38428398966789246
v 0.10416200011968613 0.015213999897241592 0.37814798951148987
v 0.10416200011968613 0.015213999897241592 0.37814798951148987
v 0.10416200011968613 0.015213999897241592 0.38428398966789246
v 0.10338400304317474 0.015213999897241592 0.38428398966789246
v 0.10338400304317474 0.015213999897241592 0.37814798951148987
v 0.10338400304317474 0.015213999897241592 0.37814798951148987
v 0.10338400304317474 0.015213999897241592 0.38428398966789246
v 0.10255800187587738 0.03480999916791916 0.38347598910331726
v 0.10255800187587738 0.03480999916791916 0.37895599007606506
v 0.10255800187587738 0.03480999916791916 0.37895599007606506
v 0.10255800187587738 0.03480999916791916 0.38347598910331726
v 0.10236400365829468 0.06083500012755394 0.38408800959587097
v 0.10236900299787521 0.060832999646663666 0.3783470094203949
v 0.10416200011968613 0.015213999897241592 0.37814798951148987
v 0.10338400304317474 0.015213999897241592 0.37814798951148987
v 0.10255800187587738 0.03480999916791916 0.37895599007606506
v 0.1049790009856224 0.03483999893069267 0.37896499037742615
v 0.10338400304317474 0.015213999897241592 0.38428398966789246
v 0.10416200011968613 0.015213999897241592 0.38428398966789246
v 0.1049790009856224 0.03483999893069267 0.3834669888019562
v 0.10255800187587738 0.03480999916791916 0.38347598910331726
v 0.10347100347280502 0.05938199907541275 0.3798049986362457
v 0.10236900299787521 0.060832999646663666 0.3783470094203949
v 0.06221099942922592 0.08260200172662735 0.3781299889087677
v 0.1049790009856224 0.03483999893069267 0.3834669888019562
v 0.1049790009856224 0.03483999893069267 0.37896499037742615
v 0.10347100347280502 0.05938199907541275 0.3798049986362457
v 0.10346800088882446 0.059390999376773834 0.382627010345459
v 0.1049790009856224 0.03483999893069267 0.37896499037742615
v 0.10255800187587738 0.03480999916791916 0.37895599007606506
v 0.10236900299787521 0.060832999646663666 0.3783470094203949
v 0.10347100347280502 0.05938199907541275 0.3798049986362457
v 0.10255800187587738 0.03480999916791916 0.38347598910331726
v 0.1049790009856224 0.03483999893069267 0.3834669888019562
v 0.10346800088882446 0.059390999376773834 0.382627010345459
v 0.10236400365829468 0.06083500012755394 0.38408800959587097
v 0.06311900168657303 0.08203499764204025 0.3783409893512726
v 0.06311500072479248 0.08203999698162079 0.3842349946498871
v 0.062206998467445374 0.08260300010442734 0.38444799184799194
v 0.06221099942922592 0.08260200172662735 0.3781299889087677
v 0.10346800088882446 0.059390999376773834 0.382627010345459
v 0.10347100347280502 0.05938199907541275 0.3798049986362457
v 0.06221099942922592 0.08260200172662735 0.3781299889087677
v 0.062206998467445374 0.08260300010442734 0.38444799184799194
v 0.10236400365829468 0.06083500012755394 0.38408800959587097
v 0.10346800088882446 0.059390999376773834 0.382627010345459
v 0.06311500072479248 0.08203999698162079 0.3842349946498871
v 0.10236900299787521 0.060832999646663666 0.3783470094203949
v 0.10236400365829468 0.06083500012755394 0.38408800959587097
v 0.06311500072479248 0.08203999698162079 0.3842349946498871
v 0.06311900168657303 0.08203499764204025 0.3783409893512726
f 1258 1260 1257
f 1260 1258 1259
f 1263 1264 1261
f 1261 1262 1263
f 1267 1268 1265
f 1265 1266 1267
f 1271 1272 1269
f 1269 1270 1271
f 1274 1276 1273
f 1276 1274 1275
f 1279 1280 1277
f 1277 1278 1279
f 1282 1283 1281
f 1285 1287 1284
f 1287 1285 1286
f 1289 1291 1288
f 1291 1289 1290
f 1294 1295 1292
f 1292 1293 1294
f 1298 1299 1296
f 1296 1297 1298
f 1301 1303 1300
f 1303 1301 1302
f 1305 1306 1304
f 1309 1310 1307
f 1307 1308 1309
o pieza_24
usemtl material_24
v 0.1049790009856224 0.03483999893069267 0.35428398847579956
v 0.1049790009856224 0.03483999893069267 0.3587850034236908
v 0.10416200011968613 0.015213999897241592 0.3596020042896271
v 0.10416200011968613 0.015213999897241592 0.3534669876098633
v 0.10416200011968613 0.015213999897241592 0.3534669876098633
v 0.10416200011968613 0.015213999897241592 0.3596020042896271
v 0.10338400304317474 0.015213999897241592 0.3596020042896271
v 0.10338400304317474 0.015213999897241592 0.3534669876098633
v 0.10338400304317474 0.015213999897241592 0.3534669876098633
v 0.10338400304317474 0.015213999897241592 0.3596020042896271
v 0.10255800187587738 0.03480999916791916 0.3587949872016907
v 0.10255800187587738 0.03480999916791916 0.3542749881744385
v 0.10255800187587738 0.03480999916791916 0.3542749881744385
v 0.10255800187587738 0.03480999916791916 0.3587949872016907
v 0.10236400365829468 0.06083500012755394 0.3594070076942444
v 0.10236900299787521 0.060832999646663666 0.3536660075187683
v 0.10416200011968613 0.015213999897241592 0.3534669876098633
v 0.10338400304317474 0.015213999897241592 0.3534669876098633
v 0.10255800187587738 0.03480999916791916 0.3542749881744385
v 0.1049790009856224 0.03483999893069267 0.35428398847579956
v 0.10338400304317474 0.015213999897241592 0.3596020042896271
v 0.10416200011968613 0.015213999897241592 0.3596020042896271
v 0.1049790009856224 0.03483999893069267 0.3587850034236908
v 0.10255800187587738 0.03480999916791916 0.3587949872016907
v 0.10347100347280502 0.05938199907541275 0.35512399673461914
v 0.10236900299787521 0.060832999646663666 0.3536660075187683
v 0.06221099942922592 0.08260200172662735 0.3534489870071411
v 0.1049790009856224 0.03483999893069267 0.3587850034236908
v 0.1049790009856224 0.03483999893069267 0.35428398847579956
v 0.10347100347280502 0.05938199907541275 0.35512399673461914
v 0.10346800088882446 0.059390999376773834 0.3579460084438324
v 0.1049790009856224 0.03483999893069267 0.35428398847579956
v 0.10255800187587738 0.03480999916791916 0.3542749881744385
v 0.10236900299787521 0.060832999646663666 0.3536660075187683
v 0.10347100347280502 0.05938199907541275 0.35512399673461914
v 0.10255800187587738 0.03480999916791916 0.3587949872016907
v 0.1049790009856224 0.03483999893069267 0.3587850034236908
v 0.10346800088882446 0.059390999376773834 0.3579460084438324
v 0.10236400365829468 0.06083500012755394 0.3594070076942444
v 0.06311900168657303 0.08203499764204025 0.353659987449646
v 0.06311500072479248 0.08203999698162079 0.3595539927482605
v 0.062206998467445374 0.08260300010442734 0.35976600646972656
v 0.06221099942922592 0.08260200172662735 0.3534489870071411
v 0.10346800088882446 0.059390999376773834 0.3579460084438324
v 0.10347100347280502 0.05938199907541275 0.35512399673461914
v 0.06221099942922592 0.08260200172662735 0.3534489870071411
v 0.062206998467445374 0.08260300010442734 0.35976600646972656
v 0.10236400365829468 0.06083500012755394 0.3594070076942444
v 0.10346800088882446 0.059390999376773834 0.3579460084438324
v 0.06311500072479248 0.08203999698162079 0.3595539927482605
v 0.10236900299787521 0.060832999646663666 0.3536660075187683
v 0.10236400365829468 0.06083500012755394 0.3594070076942444
v 0.06311500072479248 0.08203999698162079 0.3595539927482605
v 0.06311900168657303 0.08203499764204025 0.353659987449646
f 1312 1314 1311
f 1314 1312 1313
f 1317 1318 1315
f 1315 1316 1317
f 1321 1322 1319
f 1319 1320 1321
f 1325 1326 1323
f 1323 1324 1325
f 1328 1330 1327
f 1330 1328 1329
f 1333 1334 1331
f 1331 1332 1333
f 1336 1337 1335
f 1339 1341 1338
f 1341 1339 1340
f 1343 1345 1342
f 1345 1343 1344
f 1348 1349 1346
f 1346 1347 1348
f 1352 1353 1350
f 1350 1351 1352
f 1355 1357 1354
f 1357 1355 1356
f 1359 1360 1358
f 1363 1364 1361
f 1361 1362 1363
o pieza_25
usemtl material_25
v 0.1049790009856224 0.03483999893069267 0.2089489996433258
v 0.1049790009856224 0.03483999893069267 0.21344999969005585
v 0.10416200011968613 -0.027269000187516212 0.21426799893379211
v 0.10416200011968613 -0.027269000187516212 0.20813199877738953
v 0.10416200011968613 -0.027269000187516212 0.20813199877738953
v 0.10416200011968613 -0.027269000187516212 0.21426799893379211
v 0.10338400304317474 -0.027269000187516212 0.21426799893379211
v 0.10338400304317474 -0.027269000187516212 0.20813199877738953
v 0.10338400304317474 -0.027269000187516212 0.20813199877738953
v 0.10338400304317474 -0.027269000187516212 0.21426799893379211
v 0.10255800187587738 0.03480999916791916 0.21345999836921692
v 0.10255800187587738 0.03480999916791916 0.20893999934196472
v 0.10255800187587738 0.03480999916791916 0.20893999934196472
v 0.10255800187587738 0.03480999916791916 0.21345999836921692
v 0.10236400365829468 0.06083500012755394 0.21407200396060944
v 0.10236900299787521 0.060832999646663666 0.20833100378513336
v 0.10416200011968613 -0.027269000187516212 0.20813199877738953
v 0.10338400304317474 -0.027269000187516212 0.20813199877738953
v 0.10255800187587738 0.03480999916791916 0.20893999934196472
v 0.1049790009856224 0.03483999893069267 0.2089489996433258
v 0.10338400304317474 -0.027269000187516212 0.21426799893379211
v 0.10416200011968613 -0.027269000187516212 0.21426799893379211
v 0.1049790009856224 0.03483999893069267 0.21344999969005585
v 0.10255800187587738 0.03480999916791916 0.21345999836921692
v 0.10347100347280502 0.05938199907541275 0.2097889930009842
v 0.10236900299787521 0.060832999646663666 0.20833100378513336
v 0.06221099942922592 0.08260200172662735 0.20811399817466736
v 0.1049790009856224 0.03483999893069267 0.21344999969005585
v 0.1049790009856224 0.03483999893069267 0.2089489996433258
v 0.10347100347280502 0.05938199907541275 0.2097889930009842
v 0.10346800088882446 0.059390999376773834 0.21261100471019745
v 0.1049790009856224 0.03483999893069267 0.2089489996433258
v 0.10255800187587738 0.03480999916791916 0.20893999934196472
v 0.10236900299787521 0.060832999646663666 0.20833100378513336
v 0.10347100347280502 0.05938199907541275 0.2097889930009842
v 0.10255800187587738 0.03480999916791916 0.21345999836921692
v 0.1049790009856224 0.03483999893069267 0.21344999969005585
v 0.10346800088882446 0.059390999376773834 0.21261100471019745
v 0.10236400365829468 0.06083500012755394 0.21407200396060944
v 0.06311900168657303 0.08203499764204025 0.20832499861717224
v 0.06311500072479248 0.08203999698162079 0.21421900391578674
v 0.062206998467445374 0.08260300010442734 0.2144310027360916
v 0.06221099942922592 0.08260200172662735 0.20811399817466736
v 0.10346800088882446 0.059390999376773834 0.21261100471019745
v 0.10347100347280502 0.05938199907541275 0.2097889930009842
v 0.06221099942922592 0.08260200172662735 0.20811399817466736
v 0.062206998467445374 0.08260300010442734 0.2144310027360916
v 0.10236400365829468 0.06083500012755394 0.21407200396060944
v 0.10346800088882446 0.059390999376773834 0.21261100471019745
v 0.06311500072479248 0.08203999698162079 0.21421900391578674
v 0.10236900299787521 0.060832999646663666 0.20833100378513336
v 0.10236400365829468 0.06083500012755394 0.21407200396060944
v 0.06311500072479248 0.08203999698162079 0.21421900391578674
v 0.06311900168657303 0.08203499764204025 0.20832499861717224
f 1366 1368 1365
f 1368 1366 1367
f 1371 1372 1369
f 1369 1370 1371
f 1375 1376 1373
f 1373 1374 1375
f 1379 1380 1377
f 1377 1378 1379
f 1382 1384 1381
f 1384 1382 1383
f 1387 1388 1385
f 1385 1386 1387
f 1390 1391 1389
f 1393 1395 1392
f 1395 1393 1394
f 1397 1399 1396
f 1399 1397 1398
f 1402 1403 1400
f 1400 1401 1402
f 1406 1407 1404
f 1404 1405 1406
f 1409 1411 1408
f 1411 1409 1410
f 1413 1414 1412
f 1417 1418 1415
f 1415 1416 1417
o pieza_26
usemtl material_26
v 0.1049790009856224 0.03483999893069267 0.3049220144748688
v 0.1049790009856224 0.03483999893069267 0.3094229996204376
v 0.10416200011968613 0.015213999897241592 0.3102400004863739
v 0.10416200011968613 0.015213999897241592 0.3041050136089325
v 0.10416200011968613 0.015213999897241592 0.3041050136089325
v 0.10416200011968613 0.015213999897241592 0.3102400004863739
v 0.10338400304317474 0.015213999897241592 0.3102400004863739
v 0.10338400304317474 0.015213999897241592 0.3041050136089325
v 0.10338400304317474 0.015213999897241592 0.3041050136089325
v 0.10338400304317474 0.015213999897241592 0.3102400004863739
v 0.10255800187587738 0.03480999916791916 0.3094330132007599
v 0.10255800187587738 0.03480999916791916 0.3049130141735077
v 0.10255800187587738 0.03480999916791916 0.3049130141735077
v 0.10255800187587738 0.03480999916791916 0.3094330132007599
v 0.10236400365829468 0.06083500012755394 0.3100450038909912
v 0.10236900299787521 0.060832999646663666 0.30430299043655396
v 0.10416200011968613 0.015213999897241592 0.3041050136089325
v 0.10338400304317474 0.015213999897241592 0.3041050136089325
v 0.10255800187587738 0.03480999916791916 0.3049130141735077
v 0.1049790009856224 0.03483999893069267 0.3049220144748688
v 0.10338400304317474 0.015213999897241592 0.3102400004863739
v 0.10416200011968613 0.015213999897241592 0.3102400004863739
v 0.1049790009856224 0.03483999893069267 0.3094229996204376
v 0.10255800187587738 0.03480999916791916 0.3094330132007599
v 0.10347100347280502 0.05938199907541275 0.30576199293136597
v 0.10236900299787521 0.060832999646663666 0.30430299043655396
v 0.06221099942922592 0.08260200172662735 0.3040870130062103
v 0.1049790009856224 0.03483999893069267 0.3094229996204376
v 0.1049790009856224 0.03483999893069267 0.3049220144748688
v 0.10347100347280502 0.05938199907541275 0.30576199293136597
v 0.10346800088882446 0.059390999376773834 0.3085840046405792
v 0.1049790009856224 0.03483999893069267 0.3049220144748688
v 0.10255800187587738 0.03480999916791916 0.3049130141735077
v 0.10236900299787521 0.060832999646663666 0.30430299043655396
v 0.10347100347280502 0.05938199907541275 0.30576199293136597
v 0.10255800187587738 0.03480999916791916 0.3094330132007599
v 0.1049790009856224 0.03483999893069267 0.3094229996204376
v 0.10346800088882446 0.059390999376773834 0.3085840046405792
v 0.10236400365829468 0.06083500012755394 0.3100450038909912
v 0.06311900168657303 0.08203499764204025 0.30429700016975403
v 0.06311500072479248 0.08203999698162079 0.3101919889450073
v 0.062206998467445374 0.08260300010442734 0.3104040026664734
v 0.06221099942922592 0.08260200172662735 0.3040870130062103
v 0.10346800088882446 0.059390999376773834 0.3085840046405792
v 0.10347100347280502 0.05938199907541275 0.30576199293136597
v 0.06221099942922592 0.08260200172662735 0.3040870130062103
v 0.062206998467445374 0.08260300010442734 0.3104040026664734
v 0.10236400365829468 0.06083500012755394 0.3100450038909912
v 0.10346800088882446 0.059390999376773834 0.3085840046405792
v 0.06311500072479248 0.08203999698162079 0.3101919889450073
v 0.10236900299787521 0.060832999646663666 0.30430299043655396
v 0.10236400365829468 0.06083500012755394 0.3100450038909912
v 0.06311500072479248 0.08203999698162079 0.3101919889450073
v 0.06311900168657303 0.08203499764204025 0.30429700016975403
f 1420 1422 1419
f 1422 1420 1421
f 1425 1426 1423
f 1423 1424 1425
f 1429 1430 1427
f 1427 1428 1429
f 1433 1434 1431
f 1431 1432 1433
f 1436 1438 1435
f 1438 1436 1437
f 1441 1442 1439
f 1439 1440 1441
f 1444 1445 1443
f 1447 1449 1446
f 1449 1447 1448
f 1451 1453 1450
f 1453 1451 1452
f 1456 1457 1454
f 1454 1455 1456
f 1460 1461 1458
f 1458 1459 1460
f 1463 1465 1462
f 1465 1463 1464
f 1467 1468 1466
f 1471 1472 1469
f 1469 1470 1471
o pieza_27
usemtl material_27
v 0.1049790009856224 0.03483999893069267 0.2802410125732422
v 0.1049790009856224 0.03483999893069267 0.28474199771881104
v 0.10416200011968613 0.015213999897241592 0.2855589985847473
v 0.10416200011968613 0.015213999897241592 0.2794240117073059
v 0.10416200011968613 0.015213999897241592 0.2794240117073059
v 0.10416200011968613 0.015213999897241592 0.2855589985847473
v 0.10338400304317474 0.015213999897241592 0.2855589985847473
v 0.10338400304317474 0.015213999897241592 0.2794240117073059
v 0.10338400304317474 0.015213999897241592 0.2794240117073059
v 0.10338400304317474 0.015213999897241592 0.2855589985847473
v 0.10255800187587738 0.03480999916791916 0.2847520112991333
v 0.10255800187587738 0.03480999916791916 0.2802309989929199
v 0.10255800187587738 0.03480999916791916 0.2802309989929199
v 0.10255800187587738 0.03480999916791916 0.2847520112991333
v 0.10236400365829468 0.06083500012755394 0.2853640019893646
v 0.10236900299787521 0.060832999646663666 0.27962198853492737
v 0.10416200011968613 0.015213999897241592 0.2794240117073059
v 0.10338400304317474 0.015213999897241592 0.2794240117073059
v 0.10255800187587738 0.03480999916791916 0.2802309989929199
v 0.1049790009856224 0.03483999893069267 0.2802410125732422
v 0.10338400304317474 0.015213999897241592 0.2855589985847473
v 0.10416200011968613 0.015213999897241592 0.2855589985847473
v 0.1049790009856224 0.03483999893069267 0.28474199771881104
v 0.10255800187587738 0.03480999916791916 0.2847520112991333
v 0.10347100347280502 0.05938199907541275 0.2810809910297394
v 0.10236900299787521 0.060832999646663666 0.27962198853492737
v 0.06221099942922592 0.08260200172662735 0.27940601110458374
v 0.1049790009856224 0.03483999893069267 0.28474199771881104
v 0.1049790009856224 0.03483999893069267 0.2802410125732422
v 0.10347100347280502 0.05938199907541275 0.2810809910297394
v 0.10346800088882446 0.059390999376773834 0.28390300273895264
v 0.1049790009856224 0.03483999893069267 0.2802410125732422
v 0.10255800187587738 0.03480999916791916 0.2802309989929199
v 0.10236900299787521 0.060832999646663666 0.27962198853492737
v 0.10347100347280502 0.05938199907541275 0.2810809910297394
v 0.10255800187587738 0.03480999916791916 0.2847520112991333
v 0.1049790009856224 0.03483999893069267 0.28474199771881104
v 0.10346800088882446 0.059390999376773834 0.28390300273895264
v 0.10236400365829468 0.06083500012755394 0.2853640019893646
v 0.06311900168657303 0.08203499764204025 0.27961599826812744
v 0.06311500072479248 0.08203999698162079 0.28551098704338074
v 0.062206998467445374 0.08260300010442734 0.2857230007648468
v 0.06221099942922592 0.08260200172662735 0.27940601110458374
v 0.10346800088882446 0.059390999376773834 0.28390300273895264
v 0.10347100347280502 0.05938199907541275 0.2810809910297394
v 0.06221099942922592 0.08260200172662735 0.27940601110458374
v 0.062206998467445374 0.08260300010442734 0.2857230007648468
v 0.10236400365829468 0.06083500012755394 0.2853640019893646
v 0.10346800088882446 0.059390999376773834 0.28390300273895264
v 0.06311500072479248 0.08203999698162079 0.28551098704338074
v 0.10236900299787521 0.060832999646663666 0.27962198853492737
v 0.10236400365829468 0.06083500012755394 0.2853640019893646
v 0.06311500072479248 0.08203999698162079 0.28551098704338074
v 0.06311900168657303 0.08203499764204025 0.27961599826812744
f 1474 1476 1473
f 1476 1474 1475
f 1479 1480 1477
f 1477 1478 1479
f 1483 1484 1481
f 1481 1482 1483
f 1487 1488 1485
f 1485 1486 1487
f 1490 1492 1489
f 1492 1490 1491
f 1495 1496 1493
f 1493 1494 1495
f 1498 1499 1497
f 1501 1503 1500
f 1503 1501 1502
f 1505 1507 1504
f 1507 1505 1506
f 1510 1511 1508
f 1508 1509 1510
f 1514 1515 1512
f 1512 1513 1514
f 1517 1519 1516
f 1519 1517 1518
f 1521 1522 1520
f 1525 1526 1523
f 1523 1524 1525
o pieza_28
usemtl material_28
v 0.1049790009856224 0.03483999893069267 0.2555600106716156
v 0.1049790009856224 0.03483999893069267 0.26006099581718445
v 0.10416200011968613 0.015213999897241592 0.2608779966831207
v 0.10416200011968613 0.015213999897241592 0.2547430098056793
v 0.10416200011968613 0.015213999897241592 0.2547430098056793
v 0.10416200011968613 0.015213999897241592 0.2608779966831207
v 0.10338400304317474 0.015213999897241592 0.2608779966831207
v 0.10338400304317474 0.015213999897241592 0.2547430098056793
v 0.10338400304317474 0.015213999897241592 0.2547430098056793
v 0.10338400304317474 0.015213999897241592 0.2608779966831207
v 0.10255800187587738 0.03480999916791916 0.26006999611854553
v 0.10255800187587738 0.03480999916791916 0.25554999709129333
v 0.10255800187587738 0.03480999916791916 0.25554999709129333
v 0.10255800187587738 0.03480999916791916 0.26006999611854553
v 0.10236400365829468 0.06083500012755394 0.26068300008773804
v 0.10236900299787521 0.060832999646663666 0.2549409866333008
v 0.10416200011968613 0.015213999897241592 0.2547430098056793
v 0.10338400304317474 0.015213999897241592 0.2547430098056793
v 0.10255800187587738 0.03480999916791916 0.25554999709129333
v 0.1049790009856224 0.03483999893069267 0.2555600106716156
v 0.10338400304317474 0.015213999897241592 0.2608779966831207
v 0.10416200011968613 0.015213999897241592 0.2608779966831207
v 0.1049790009856224 0.03483999893069267 0.26006099581718445
v 0.10255800187587738 0.03480999916791916 0.26006999611854553
v 0.10347100347280502 0.05938199907541275 0.2563999891281128
v 0.10236900299787521 0.060832999646663666 0.2549409866333008
v 0.06221099942922592 0.08260200172662735 0.25472399592399597
v 0.1049790009856224 0.03483999893069267 0.26006099581718445
v 0.1049790009856224 0.03483999893069267 0.2555600106716156
v 0.10347100347280502 0.05938199907541275 0.2563999891281128
v 0.10346800088882446 0.059390999376773834 0.25922200083732605
v 0.1049790009856224 0.03483999893069267 0.2555600106716156
v 0.10255800187587738 0.03480999916791916 0.25554999709129333
v 0.10236900299787521 0.060832999646663666 0.2549409866333008
v 0.10347100347280502 0.05938199907541275 0.2563999891281128
v 0.10255800187587738 0.03480999916791916 0.26006999611854553
v 0.1049790009856224 0.03483999893069267 0.26006099581718445
v 0.10346800088882446 0.059390999376773834 0.25922200083732605
v 0.10236400365829468 0.06083500012755394 0.26068300008773804
v 0.06311900168657303 0.08203499764204025 0.25493499636650085
v 0.06311500072479248 0.08203999698162079 0.26082998514175415
v 0.062206998467445374 0.08260300010442734 0.2610419988632202
v 0.06221099942922592 0.08260200172662735 0.25472399592399597
v 0.10346800088882446 0.059390999376773834 0.25922200083732605
v 0.10347100347280502 0.05938199907541275 0.2563999891281128
v 0.06221099942922592 0.08260200172662735 0.25472399592399597
v 0.062206998467445374 0.08260300010442734 0.2610419988632202
v 0.10236400365829468 0.06083500012755394 0.26068300008773804
v 0.10346800088882446 0.059390999376773834 0.25922200083732605
v 0.06311500072479248 0.08203999698162079 0.26082998514175415
v 0.10236900299787521 0.060832999646663666 0.2549409866333008
v 0.10236400365829468 0.06083500012755394 0.26068300008773804
v 0.06311500072479248 0.08203999698162079 0.26082998514175415
v 0.06311900168657303 0.08203499764204025 0.25493499636650085
f 1528 1530 1527
f 1530 1528 1529
f 1533 1534 1531
f 1531 1532 1533
f 1537 1538 1535
f 1535 1536 1537
f 1541 1542 1539
f 1539 1540 1541
f 1544 1546 1543
f 1546 1544 1545
f 1549 1550 1547
f 1547 1548 1549
f 1552 1553 1551
f 1555 1557 1554
f 1557 1555 1556
f 1559 1561 1558
f 1561 1559 1560
f 1564 1565 1562
f 1562 1563 1564
f 1568 1569 1566
f 1566 1567 1568
f 1571 1573 1570
f 1573 1571 1572
f 1575 1576 1574
f 1579 1580 1577
f 1577 1578 1579
o pieza_29
usemtl material_29
v 0.1049790009856224 0.03483999893069267 0.23087899386882782
v 0.1049790009856224 0.03483999893069267 0.23537999391555786
v 0.10416200011968613 0.015213999897241592 0.23619699478149414
v 0.10416200011968613 0.015213999897241592 0.23006199300289154
v 0.10416200011968613 0.015213999897241592 0.23006199300289154
v 0.10416200011968613 0.015213999897241592 0.23619699478149414
v 0.10338400304317474 0.015213999897241592 0.23619699478149414
v 0.10338400304317474 0.015213999897241592 0.23006199300289154
v 0.10338400304317474 0.015213999897241592 0.23006199300289154
v 0.10338400304317474 0.015213999897241592 0.23619699478149414
v 0.10255800187587738 0.03480999916791916 0.23538899421691895
v 0.10255800187587738 0.03480999916791916 0.23086899518966675
v 0.10255800187587738 0.03480999916791916 0.23086899518966675
v 0.10255800187587738 0.03480999916791916 0.23538899421691895
v 0.10236400365829468 0.06083500012755394 0.23600199818611145
v 0.10236900299787521 0.060832999646663666 0.2302599996328354
v 0.10416200011968613 0.015213999897241592 0.23006199300289154
v 0.10338400304317474 0.015213999897241592 0.23006199300289154
v 0.10255800187587738 0.03480999916791916 0.23086899518966675
v 0.1049790009856224 0.03483999893069267 0.23087899386882782
v 0.10338400304317474 0.015213999897241592 0.23619699478149414
v 0.10416200011968613 0.015213999897241592 0.23619699478149414
v 0.1049790009856224 0.03483999893069267 0.23537999391555786
v 0.10255800187587738 0.03480999916791916 0.23538899421691895
v 0.10347100347280502 0.05938199907541275 0.2317190021276474
v 0.10236900299787521 0.060832999646663666 0.2302599996328354
v 0.06221099942922592 0.08260200172662735 0.23004299402236938
v 0.1049790009856224 0.03483999893069267 0.23537999391555786
v 0.1049790009856224 0.03483999893069267 0.23087899386882782
v 0.10347100347280502 0.05938199907541275 0.2317190021276474
v 0.10346800088882446 0.059390999376773834 0.23454099893569946
v 0.1049790009856224 0.03483999893069267 0.23087899386882782
v 0.10255800187587738 0.03480999916791916 0.23086899518966675
v 0.10236900299787521 0.060832999646663666 0.2302599996328354
v 0.10347100347280502 0.05938199907541275 0.2317190021276474
v 0.10255800187587738 0.03480999916791916 0.23538899421691895
v 0.1049790009856224 0.03483999893069267 0.23537999391555786
v 0.10346800088882446 0.059390999376773834 0.23454099893569946
v 0.10236400365829468 0.06083500012755394 0.23600199818611145
v 0.06311900168657303 0.08203499764204025 0.23025399446487427
v 0.06311500072479248 0.08203999698162079 0.23614799976348877
v 0.062206998467445374 0.08260300010442734 0.23636099696159363
v 0.06221099942922592 0.08260200172662735 0.23004299402236938
v 0.10346800088882446 0.059390999376773834 0.23454099893569946
v 0.10347100347280502 0.05938199907541275 0.2317190021276474
v 0.06221099942922592 0.08260200172662735 0.23004299402236938
v 0.062206998467445374 0.08260300010442734 0.23636099696159363
v 0.10236400365829468 0.06083500012755394 0.23600199818611145
v 0.10346800088882446 0.059390999376773834 0.23454099893569946
v 0.06311500072479248 0.08203999698162079 0.23614799976348877
v 0.10236900299787521 0.060832999646663666 0.2302599996328354
v 0.10236400365829468 0.06083500012755394 0.23600199818611145
v 0.06311500072479248 0.08203999698162079 0.23614799976348877
v 0.06311900168657303 0.08203499764204025 0.23025399446487427
f 1582 1584 1581
f 1584 1582 1583
f 1587 1588 1585
f 1585 1586 1587
f 1591 1592 1589
f 1589 1590 1591
f 1595 1596 1593
f 1593 1594 1595
f 1598 1600 1597
f 1600 1598 1599
f 1603 1604 1601
f 1601 1602 1603
f 1606 1607 1605
f 1609 1611 1608
f 1611 1609 1610
f 1613 1615 1612
f 1615 1613 1614
f 1618 1619 1616
f 1616 1617 1618
f 1622 1623 1620
f 1620 1621 1622
f 1625 1627 1624
f 1627 1625 1626
f 1629 1630 1628
f 1633 1634 1631
f 1631 1632 1633
o pieza_30
usemtl material_30
v 0.10300000011920929 -0.03601999953389168 0.21125300228595734
v 0.10300000011920929 -0.0399480015039444 0.22470399737358093
v 0.10300000011920929 -0.035227999091148376 0.22936999797821045
v 0.10300000011920929 -0.05129700154066086 0.2270369976758957
v 0.10300000011920929 -0.04006199911236763 0.2158609926700592
v 0.10300000011920929 -0.04779699817299843 0.2141209989786148
v 0.10300000011920929 -0.052723001688718796 0.20842400193214417
v 0.10300000011920929 -0.047168999910354614 0.20810499787330627
v 0.10300000011920929 -0.051587000489234924 0.1974020004272461
v 0.10300000011920929 -0.046950001269578934 0.2004919946193695
v 0.10300000011920929 -0.032565001398324966 0.19482800364494324
v 0.10300000011920929 -0.03997800126671791 0.19738900661468506
v 0.10300000011920929 -0.03258100152015686 0.20014899969100952
v 0.10300000011920929 -0.041489001363515854 0.1923850029706955
f 1635 1636 1637
f 1636 1638 1637
f 1635 1639 1636
f 1635 1640 1639
f 1635 1641 1640
f 1642 1641 1635
f 1642 1643 1641
f 1644 1643 1642
f 1645 1646 1647
f 1646 1643 1644
f 1645 1643 1646
f 1645 1648 1643
o pieza_31
usemtl material_31
v 0.10300000011920929 -0.030455000698566437 0.32798999547958374
v 0.10300000011920929 -0.04574599862098694 0.3405730128288269
v 0.10300000011920929 -0.05023699998855591 0.35067299008369446
v 0.10300000011920929 -0.05291400104761124 0.330269992351532
v 0.10300000011920929 -0.03740299865603447 0.330269992351532
v 0.10300000011920929 -0.045781999826431274 0.330269992351532
v 0.10300000011920929 -0.05485000088810921 0.32560300827026367
v 0.10300000011920929 -0.030455000698566437 0.32560300827026367
v 0.10300000011920929 -0.045781999826431274 0.32560300827026367
v 0.10300000011920929 -0.05485000088810921 0.32560300827026367
v 0.10300000011920929 -0.030455000698566437 0.32560300827026367
v 0.10300000011920929 -0.045781999826431274 0.31372401118278503
v 0.10300000011920929 -0.050978999584913254 0.32560300827026367
v 0.10300000011920929 -0.045781999826431274 0.32560300827026367
v 0.10300000011920929 -0.050978999584913254 0.32560300827026367
v 0.10300000011920929 -0.050978999584913254 0.31372401118278503
f 1649 1650 1651
f 1650 1652 1651
f 1649 1653 1650
f 1654 1652 1650
f 1649 1654 1653
f 1649 1652 1654
f 1649 1655 1652
f 1656 1655 1649
f 1657 1658 1659
f 1660 1661 1662
f 1663 1658 1657
f 1660 1664 1661
o pieza_32
usemtl material_32
v 0.10300000011920929 -0.03417100012302399 0.4706049859523773
v 0.10300000011920929 -0.048629000782966614 0.47007301449775696
v 0.10300000011920929 -0.03973099961876869 0.4722909927368164
v 0.10300000011920929 -0.034185998141765594 0.46571698784828186
v 0.10300000011920929 -0.03968900069594383 0.46729499101638794
v 0.10300000011920929 -0.05164499953389168 0.46492698788642883
v 0.10300000011920929 -0.0456710010766983 0.4654029905796051
v 0.10300000011920929 -0.051194000989198685 0.45821401476860046
v 0.10300000011920929 -0.0461839996278286 0.4590680003166199
v 0.10300000011920929 -0.03977400064468384 0.45625200867652893
v 0.10300000011920929 -0.0399480015039444 0.45210298895835876
v 0.10300000011920929 -0.04843899980187416 0.45475900173187256
v 0.10300000011920929 -0.0455860011279583 0.44993099570274353
v 0.10300000011920929 -0.05266899988055229 0.44548100233078003
v 0.10300000011920929 -0.04743799939751625 0.44534599781036377
v 0.10300000011920929 -0.04282600060105324 0.43945300579071045
v 0.10300000011920929 -0.04974399879574776 0.4384860098361969
v 0.10300000011920929 -0.03329699859023094 0.4369629919528961
v 0.10300000011920929 -0.033323999494314194 0.44252100586891174
v 0.10300000011920929 -0.04206499829888344 0.4345859885215759
f 1665 1666 1667
f 1668 1666 1665
f 1668 1669 1666
f 1669 1670 1666
f 1671 1670 1669
f 1671 1672 1670
f 1673 1672 1671
f 1674 1672 1673
f 1675 1672 1674
f 1675 1676 1672
f 1677 1676 1675
f 1677 1678 1676
f 1679 1678 1677
f 1680 1678 1679
f 1680 1681 1678
f 1682 1680 1683
f 1682 1681 1680
f 1682 1684 1681
o pieza_33
usemtl material_33
v 0.10300000011920929 -0.03249499946832657 0.5926399827003479
v 0.1029990017414093 -0.050259001553058624 0.5921109914779663
v 0.1029990017414093 -0.03983600065112114 0.5960819721221924
v 0.10300000011920929 -0.0324379988014698 0.5860199928283691
v 0.10300000011920929 -0.03725099936127663 0.5902699828147888
v 0.1029990017414093 -0.044349998235702515 0.5900490283966064
v 0.1029990017414093 -0.046932999044656754 0.5834649801254272
v 0.1029990017414093 -0.05160599946975708 0.5799369812011719
v 0.10300000011920929 -0.04410099983215332 0.5755050182342529
v 0.10300000011920929 -0.041092999279499054 0.5642399787902832
v 0.10300000011920929 -0.031571000814437866 0.5593960285186768
v 0.1029990017414093 -0.05458499863743782 0.5641559958457947
v 0.10300000011920929 -0.05458499863743782 0.559224009513855
f 1685 1686 1687
f 1688 1689 1685
f 1689 1686 1685
f 1689 1690 1686
f 1691 1686 1690
f 1691 1692 1686
f 1693 1692 1691
f 1693 1694 1692
f 1695 1694 1693
f 1695 1696 1694
f 1695 1697 1696
o pieza_34
usemtl material_34
v 0.1029990017414093 -0.04058400169014931 0.6835830211639404
v 0.1029990017414093 -0.045781999826431274 0.7197510004043579
v 0.1029990017414093 -0.04058400169014931 0.7197510004043579
v 0.1029990017414093 -0.045781999826431274 0.6835830211639404
f 1698 1699 1700
f 1698 1701 1699
o pieza_35
usemtl material_35
v 0.0 -0.032150998711586 0.9634850025177002
v 0.0 -0.023454999551177025 0.9985309839248657
v 0.020312000066041946 -0.011726999655365944 0.9985309839248657
v 0.02784300036728382 -0.016075000166893005 0.9634850025177002
v 0.02784300036728382 -0.016075000166893005 0.9634850025177002
v 0.020312000066041946 -0.011726999655365944 0.9985309839248657
v 0.020312000066041946 0.011726999655365944 0.9985309839248657
v 0.02784300036728382 0.016075000166893005 0.9634850025177002
v 0.02784300036728382 0.016075000166893005 0.9634850025177002
v 0.020312000066041946 0.011726999655365944 0.9985309839248657
v 0.0 0.023454999551177025 0.9985309839248657
v 0.0 0.032150998711586 0.9634850025177002
v 0.0 0.032150998711586 0.9634850025177002
v 0.0 0.023454999551177025 0.9985309839248657
v -0.020312000066041946 0.011726999655365944 0.9985309839248657
v -0.02784300036728382 0.016075000166893005 0.9634850025177002
v 0.020312000066041946 -0.011726999655365944 0.9985309839248657
v 0.0 -0.023454999551177025 0.9985309839248657
v -0.020312000066041946 -0.011726999655365944 0.9985309839248657
v -0.020312000066041946 0.011726999655365944 0.9985309839248657
v 0.0 0.023454999551177025 0.9985309839248657
v 0.020312000066041946 0.011726999655365944 0.9985309839248657
v -0.02784300036728382 0.016075000166893005 0.9634850025177002
v -0.020312000066041946 0.011726999655365944 0.9985309839248657
v -0.020312000066041946 -0.011726999655365944 0.9985309839248657
v -0.02784300036728382 -0.016075000166893005 0.9634850025177002
v -0.02784300036728382 -0.016075000166893005 0.9634850025177002
v -0.020312000066041946 -0.011726999655365944 0.9985309839248657
v 0.0 -0.023454999551177025 0.9985309839248657
v 0.0 -0.032150998711586 0.9634850025177002
v 0.0 -0.038430001586675644 0.830968976020813
v 0.03328099846839905 -0.019215000793337822 0.830968976020813
v 0.03328099846839905 0.019215000793337822 0.830968976020813
v 0.0 0.038430001586675644 0.830968976020813
v -0.03328099846839905 0.019215000793337822 0.830968976020813
v -0.03328099846839905 -0.019215000793337822 0.830968976020813
v -0.03328099846839905 -0.019215000793337822 0.830968976020813
v -0.03328099846839905 -0.019215000793337822 0.9147499799728394
v 0.0 -0.038430001586675644 0.9147499799728394
v 0.0 -0.038430001586675644 0.830968976020813
v -0.03328099846839905 0.019215000793337822 0.830968976020813
v -0.03328099846839905 0.019215000793337822 0.9147499799728394
v -0.03328099846839905 -0.019215000793337822 0.9147499799728394
v -0.03328099846839905 -0.019215000793337822 0.830968976020813
v 0.0 0.038430001586675644 0.830968976020813
v 0.0 0.038430001586675644 0.9147499799728394
v -0.03328099846839905 0.019215000793337822 0.9147499799728394
v -0.03328099846839905 0.019215000793337822 0.830968976020813
v 0.03328099846839905 0.019215000793337822 0.830968976020813
v 0.03328099846839905 0.019215000793337822 0.9147499799728394
v 0.0 0.038430001586675644 0.9147499799728394
v 0.0 0.038430001586675644 0.830968976020813
v 0.03328099846839905 -0.019215000793337822 0.830968976020813
v 0.03328099846839905 -0.019215000793337822 0.9147499799728394
v 0.03328099846839905 0.019215000793337822 0.9147499799728394
v 0.03328099846839905 0.019215000793337822 0.830968976020813
v 0.0 -0.038430001586675644 0.830968976020813
v 0.0 -0.038430001586675644 0.9147499799728394
v 0.03328099846839905 -0.019215000793337822 0.9147499799728394
v 0.03328099846839905 -0.019215000793337822 0.830968976020813
v -0.03328099846839905 -0.019215000793337822 0.9147499799728394
v -0.02784300036728382 -0.016075000166893005 0.9634850025177002
v 0.0 -0.032150998711586 0.9634850025177002
v 0.0 -0.038430001586675644 0.9147499799728394
v -0.03328099846839905 0.019215000793337822 0.9147499799728394
v -0.02784300036728382 0.016075000166893005 0.9634850025177002
v -0.02784300036728382 -0.016075000166893005 0.9634850025177002
v -0.03328099846839905 -0.019215000793337822 0.9147499799728394
v 0.0 0.038430001586675644 0.9147499799728394
v 0.0 0.032150998711586 0.9634850025177002
v -0.02784300036728382 0.016075000166893005 0.9634850025177002
v -0.03328099846839905 0.019215000793337822 0.9147499799728394
v 0.03328099846839905 0.019215000793337822 0.9147499799728394
v 0.02784300036728382 0.016075000166893005 0.9634850025177002
v 0.0 0.032150998711586 0.9634850025177002
v 0.0 0.038430001586675644 0.9147499799728394
v 0.03328099846839905 -0.019215000793337822 0.9147499799728394
v 0.02784300036728382 -0.016075000166893005 0.9634850025177002
v 0.02784300036728382 0.016075000166893005 0.9634850025177002
v 0.03328099846839905 0.019215000793337822 0.9147499799728394
v 0.0 -0.038430001586675644 0.9147499799728394
v 0.0 -0.032150998711586 0.9634850025177002
v 0.02784300036728382 -0.016075000166893005 0.9634850025177002
v 0.03328099846839905 -0.019215000793337822 0.9147499799728394
f 1703 1705 1702
f 1705 1703 1704
f 1708 1709 1706
f 1706 1707 1708
f 1712 1713 1710
f 1710 1711 1712
f 1716 1717 1714
f 1714 1715 1716
f 1719 1723 1718
f 1723 1721 1722
f 1721 1719 1720
f 1719 1721 1723
f 1725 1727 1724
f 1727 1725 1726
f 1729 1731 1728
f 1731 1729 1730
f 1736 1737 1732
f 1732 1733 1734
f 1734 1735 1736
f 1736 1732 1734
f 1739 1741 1738
f 1741 1739 1740
f 1743 1745 1742
f 1745 1743 1744
f 1748 1749 1746
f 1746 1747 1748
f 1752 1753 1750
f 1750 1751 1752
f 1756 1757 1754
f 1754 1755 1756
f 1759 1761 1758
f 1761 1759 1760
f 1763 1765 1762
f 1765 1763 1764
f 1767 1769 1766
f 1769 1767 1768
f 1772 1773 1770
f 1770 1771 1772
f 1776 1777 1774
f 1774 1775 1776
f 1780 1781 1778
f 1778 1779 1780
f 1783 1785 1782
f 1785 1783 1784
o pieza_36
usemtl material_36
v 0.0 -0.004081000108271837 0.980817973613739
v 0.0 -0.004081000108271837 1.2931859493255615
v 0.003533999901264906 -0.0020409999415278435 1.2931859493255615
v 0.003533999901264906 -0.0020409999415278435 0.980817973613739
v 0.003533999901264906 -0.0020409999415278435 0.980817973613739
v 0.003533999901264906 -0.0020409999415278435 1.2931859493255615
v 0.003533999901264906 0.0020409999415278435 1.2931859493255615
v 0.003533999901264906 0.0020409999415278435 0.980817973613739
v 0.003533999901264906 0.0020409999415278435 0.980817973613739
v 0.003533999901264906 0.0020409999415278435 1.2931859493255615
v 0.0 0.004081000108271837 1.2931859493255615
v 0.0 0.004081000108271837 0.980817973613739
v 0.0 0.004081000108271837 0.980817973613739
v 0.0 0.004081000108271837 1.2931859493255615
v -0.003533999901264906 0.0020409999415278435 1.2931859493255615
v -0.003533999901264906 0.0020409999415278435 0.980817973613739
v 0.003533999901264906 -0.0020409999415278435 1.2931859493255615
v 0.0 -0.004081000108271837 1.2931859493255615
v -0.003533999901264906 -0.0020409999415278435 1.2931859493255615
v -0.003533999901264906 0.0020409999415278435 1.2931859493255615
v 0.0 0.004081000108271837 1.2931859493255615
v 0.003533999901264906 0.0020409999415278435 1.2931859493255615
v -0.003533999901264906 0.0020409999415278435 0.980817973613739
v -0.003533999901264906 0.0020409999415278435 1.2931859493255615
v -0.003533999901264906 -0.0020409999415278435 1.2931859493255615
v -0.003533999901264906 -0.0020409999415278435 0.980817973613739
v -0.003533999901264906 -0.0020409999415278435 0.980817973613739
v -0.003533999901264906 -0.0020409999415278435 1.2931859493255615
v 0.0 -0.004081000108271837 1.2931859493255615
v 0.0 -0.004081000108271837 0.980817973613739
v 0.0 -0.004081000108271837 0.980817973613739
v 0.003533999901264906 -0.0020409999415278435 0.980817973613739
v 0.003533999901264906 0.0020409999415278435 0.980817973613739
v 0.0 0.004081000108271837 0.980817973613739
v -0.003533999901264906 0.0020409999415278435 0.980817973613739
v -0.003533999901264906 -0.0020409999415278435 0.980817973613739
f 1787 1789 1786
f 1789 1787 1788
f 1792 1793 1790
f 1790 1791 1792
f 1796 1797 1794
f 1794 1795 1796
f 1800 1801 1798
f 1798 1799 1800
f 1803 1807 1802
f 1807 1805 1806
f 1805 1803 1804
f 1803 1805 1807
f 1809 1811 1808
f 1811 1809 1810
f 1813 1815 1812
f 1815 1813 1814
f 1820 1821 1816
f 1816 1817 1818
f 1818 1819 1820
f 1820 1816 1818
o pieza_37
usemtl material_37
v -0.08509399741888046 -0.049129001796245575 0.7305189967155457
v -0.07487999647855759 -0.04323200136423111 0.7592689990997314
v 0.0 -0.08646400272846222 0.7592689990997314
v 0.0 -0.09825800359249115 0.7305189967155457
v 0.0 -0.08082199841737747 0.7305189967155457
v -0.0699940025806427 -0.040410999208688736 0.7305189967155457
v -0.08509399741888046 -0.049129001796245575 0.7305189967155457
v 0.0 -0.09825800359249115 0.7305189967155457
v -0.0699940025806427 0.040410999208688736 0.7305189967155457
v 0.0 0.08082199841737747 0.7305189967155457
v 0.0 0.09825800359249115 0.7305189967155457
v -0.08509399741888046 0.049129001796245575 0.7305189967155457
v 0.0699940025806427 0.040410999208688736 0.7305189967155457
v 0.0699940025806427 -0.040410999208688736 0.7305189967155457
v 0.08509399741888046 -0.049129001796245575 0.7305189967155457
v 0.08509399741888046 0.049129001796245575 0.7305189967155457
v 0.0 -0.08082199841737747 0.7305189967155457
v 0.0 -0.09825800359249115 0.7305189967155457
v 0.0 -0.08646400272846222 0.7592689990997314
v 0.0 -0.09463799744844437 0.788017988204956
v 0.08195900171995163 -0.04731899872422218 0.788017988204956
v 0.07487999647855759 -0.04323200136423111 0.7592689990997314
v 0.07487999647855759 -0.04323200136423111 0.7592689990997314
v 0.08195900171995163 -0.04731899872422218 0.788017988204956
v 0.08195900171995163 0.04731899872422218 0.788017988204956
v 0.07487999647855759 0.04323200136423111 0.7592689990997314
v 0.07487999647855759 0.04323200136423111 0.7592689990997314
v 0.08195900171995163 0.04731899872422218 0.788017988204956
v 0.0 0.09463799744844437 0.788017988204956
v 0.0 0.08646400272846222 0.7592689990997314
v 0.0 0.08646400272846222 0.7592689990997314
v 0.0 0.09463799744844437 0.788017988204956
v -0.08195900171995163 0.04731899872422218 0.788017988204956
v -0.07487999647855759 0.04323200136423111 0.7592689990997314
v 0.08195900171995163 -0.04731899872422218 0.788017988204956
v 0.0 -0.09463799744844437 0.788017988204956
v -0.08195900171995163 -0.04731899872422218 0.788017988204956
v -0.08195900171995163 0.04731899872422218 0.788017988204956
v 0.0 0.09463799744844437 0.788017988204956
v 0.08195900171995163 0.04731899872422218 0.788017988204956
v -0.07487999647855759 0.04323200136423111 0.7592689990997314
v -0.08195900171995163 0.04731899872422218 0.788017988204956
v -0.08195900171995163 -0.04731899872422218 0.788017988204956
v -0.07487999647855759 -0.04323200136423111 0.7592689990997314
v -0.07487999647855759 -0.04323200136423111 0.7592689990997314
v -0.08195900171995163 -0.04731899872422218 0.788017988204956
v 0.0 -0.09463799744844437 0.788017988204956
v 0.0 -0.08646400272846222 0.7592689990997314
v -0.08509399741888046 0.049129001796245575 0.7305189967155457
v -0.07487999647855759 0.04323200136423111 0.7592689990997314
v -0.07487999647855759 -0.04323200136423111 0.7592689990997314
v -0.08509399741888046 -0.049129001796245575 0.7305189967155457
v 0.0 0.09825800359249115 0.7305189967155457
v 0.0 0.08646400272846222 0.7592689990997314
v -0.07487999647855759 0.04323200136423111 0.7592689990997314
v -0.08509399741888046 0.049129001796245575 0.7305189967155457
v 0.08509399741888046 0.049129001796245575 0.7305189967155457
v 0.07487999647855759 0.04323200136423111 0.7592689990997314
v 0.0 0.08646400272846222 0.7592689990997314
v 0.0 0.09825800359249115 0.7305189967155457
v 0.08509399741888046 -0.049129001796245575 0.7305189967155457
v 0.07487999647855759 -0.04323200136423111 0.7592689990997314
v 0.07487999647855759 0.04323200136423111 0.7592689990997314
v 0.08509399741888046 0.049129001796245575 0.7305189967155457
v 0.0 -0.09825800359249115 0.7305189967155457
v 0.0 -0.08646400272846222 0.7592689990997314
v 0.07487999647855759 -0.04323200136423111 0.7592689990997314
v 0.08509399741888046 -0.049129001796245575 0.7305189967155457
f 1823 1825 1822
f 1825 1823 1824
f 1828 1829 1826
f 1826 1827 1828
f 1832 1833 1830
f 1830 1831 1832
f 1836 1837 1834
f 1834 1835 1836
f 1833 1828 1827
f 1827 1830 1833
f 1837 1832 1831
f 1831 1834 1837
f 1839 1836 1835
f 1835 1838 1839
f 1831 1830 1827
f 1827 1838 1835
f 1835 1834 1831
f 1831 1827 1835
f 1841 1843 1840
f 1843 1841 1842
f 1846 1847 1844
f 1844 1845 1846
f 1850 1851 1848
f 1848 1849 1850
f 1854 1855 1852
f 1852 1853 1854
f 1857 1861 1856
f 1861 1859 1860
f 1859 1857 1858
f 1857 1859 1861
f 1863 1865 1862
f 1865 1863 1864
f 1867 1869 1866
f 1869 1867 1868
f 1871 1873 1870
f 1873 1871 1872
f 1876 1877 1874
f 1874 1875 1876
f 1880 1881 1878
f 1878 1879 1880
f 1884 1885 1882
f 1882 1883 1884
f 1887 1889 1886
f 1889 1887 1888
o pieza_38
usemtl material_38
v -0.00899800006300211 0.06841599941253662 -0.31286999583244324
v -0.00899800006300211 0.06841599941253662 0.7553579807281494
v -0.00899800006300211 -0.06841599941253662 0.7553579807281494
v -0.00899800006300211 -0.06841599941253662 -0.31286999583244324
v -0.00899800006300211 -0.06841599941253662 -0.31286999583244324
v -0.00899800006300211 -0.06841599941253662 0.7553579807281494
v 0.00899800006300211 -0.06841599941253662 0.7553579807281494
v 0.00899800006300211 -0.06841599941253662 -0.31286999583244324
v 0.00899800006300211 -0.06841599941253662 -0.31286999583244324
v 0.00899800006300211 -0.06841599941253662 0.7553579807281494
v 0.00899800006300211 0.06841599941253662 0.7553579807281494
v 0.00899800006300211 0.06841599941253662 -0.31286999583244324
v 0.00899800006300211 0.06841599941253662 -0.31286999583244324
v 0.00899800006300211 0.06841599941253662 0.7553579807281494
v -0.00899800006300211 0.06841599941253662 0.7553579807281494
v -0.00899800006300211 0.06841599941253662 -0.31286999583244324
v -0.006893000099807978 -0.03307399898767471 -0.5646479725837708
v 0.006893000099807978 -0.03307399898767471 -0.5646479725837708
v 0.006893000099807978 0.03307399898767471 -0.5646479725837708
v -0.006893000099807978 0.03307399898767471 -0.5646479725837708
v 0.00899800006300211 -0.06841599941253662 0.7553579807281494
v -0.00899800006300211 -0.06841599941253662 0.7553579807281494
v -0.00899800006300211 0.06841599941253662 0.7553579807281494
v 0.00899800006300211 0.06841599941253662 0.7553579807281494
v 0.00899800006300211 0.06841599941253662 -0.38040098547935486
v -0.00899800006300211 0.06841599941253662 -0.38040098547935486
v 0.00899800006300211 -0.06841599941253662 -0.38040098547935486
v 0.00899800006300211 0.06841599941253662 -0.38040098547935486
v -0.00899800006300211 -0.06841599941253662 -0.38040098547935486
v 0.00899800006300211 -0.06841599941253662 -0.38040098547935486
v -0.00899800006300211 0.06841599941253662 -0.38040098547935486
v -0.00899800006300211 -0.06841599941253662 -0.38040098547935486
v -0.006893000099807978 0.03307399898767471 -0.5646479725837708
v -0.00899800006300211 0.05903799831867218 -0.44793200492858887
v -0.00899800006300211 -0.05903799831867218 -0.44793200492858887
v -0.006893000099807978 -0.03307399898767471 -0.5646479725837708
v -0.00899800006300211 0.05903799831867218 -0.44793200492858887
v -0.00899800006300211 -0.05903799831867218 -0.44793200492858887
v -0.006893000099807978 -0.03307399898767471 -0.5646479725837708
v -0.00899800006300211 -0.05903799831867218 -0.44793200492858887
v 0.00899800006300211 -0.05903799831867218 -0.44793200492858887
v 0.006893000099807978 -0.03307399898767471 -0.5646479725837708
v -0.00899800006300211 -0.05903799831867218 -0.44793200492858887
v -0.00899800006300211 -0.06841599941253662 -0.38040098547935486
v 0.00899800006300211 -0.06841599941253662 -0.38040098547935486
v 0.00899800006300211 -0.05903799831867218 -0.44793200492858887
v 0.006893000099807978 -0.03307399898767471 -0.5646479725837708
v 0.00899800006300211 -0.05903799831867218 -0.44793200492858887
v 0.00899800006300211 0.05903799831867218 -0.44793200492858887
v 0.006893000099807978 0.03307399898767471 -0.5646479725837708
v 0.00899800006300211 -0.05903799831867218 -0.44793200492858887
v 0.00899800006300211 0.05903799831867218 -0.44793200492858887
v 0.006893000099807978 0.03307399898767471 -0.5646479725837708
v 0.00899800006300211 0.05903799831867218 -0.44793200492858887
v -0.00899800006300211 0.05903799831867218 -0.44793200492858887
v -0.006893000099807978 0.03307399898767471 -0.5646479725837708
v 0.00899800006300211 0.05903799831867218 -0.44793200492858887
v 0.00899800006300211 0.06841599941253662 -0.38040098547935486
v -0.00899800006300211 0.06841599941253662 -0.38040098547935486
v -0.00899800006300211 0.05903799831867218 -0.44793200492858887
f 1891 1893 1890
f 1893 1891 1892
f 1895 1897 1894
f 1897 1895 1896
f 1900 1901 1898
f 1898 1899 1900
f 1904 1905 1902
f 1902 1903 1904
f 1908 1909 1906
f 1906 1907 1908
f 1911 1913 1910
f 1913 1911 1912
f 1905 1915 1914
f 1914 1902 1905
f 1901 1917 1916
f 1916 1898 1901
f 1894 1919 1918
f 1919 1894 1897
f 1890 1921 1920
f 1921 1890 1893
f 1923 1925 1922
f 1925 1923 1924
f 1920 1927 1926
f 1927 1920 1921
f 1929 1931 1928
f 1931 1929 1930
f 1933 1935 1932
f 1935 1933 1934
f 1938 1939 1936
f 1936 1937 1938
f 1917 1941 1940
f 1940 1916 1917
f 1944 1945 1942
f 1942 1943 1944
f 1948 1949 1946
f 1946 1947 1948
o pieza_39
usemtl material_39
v 0.055431000888347626 0.00899800006300211 -0.31286999583244324
v 0.055431000888347626 0.00899800006300211 0.7553579807281494
v -0.055431000888347626 0.00899800006300211 0.7553579807281494
v -0.055431000888347626 0.00899800006300211 -0.31286999583244324
v -0.055431000888347626 0.00899800006300211 -0.31286999583244324
v -0.055431000888347626 0.00899800006300211 0.7553579807281494
v -0.055431000888347626 -0.00899800006300211 0.7553579807281494
v -0.055431000888347626 -0.00899800006300211 -0.31286999583244324
v -0.055431000888347626 -0.00899800006300211 -0.31286999583244324
v -0.055431000888347626 -0.00899800006300211 0.7553579807281494
v 0.055431000888347626 -0.00899800006300211 0.7553579807281494
v 0.055431000888347626 -0.00899800006300211 -0.31286999583244324
v 0.055431000888347626 -0.00899800006300211 -0.31286999583244324
v 0.055431000888347626 -0.00899800006300211 0.7553579807281494
v 0.055431000888347626 0.00899800006300211 0.7553579807281494
v 0.055431000888347626 0.00899800006300211 -0.31286999583244324
v -0.02679700031876564 0.006893000099807978 -0.5646479725837708
v -0.02679700031876564 -0.006893000099807978 -0.5646479725837708
v 0.02679700031876564 -0.006893000099807978 -0.5646479725837708
v 0.02679700031876564 0.006893000099807978 -0.5646479725837708
v -0.055431000888347626 -0.00899800006300211 0.7553579807281494
v -0.055431000888347626 0.00899800006300211 0.7553579807281494
v 0.055431000888347626 0.00899800006300211 0.7553579807281494
v 0.055431000888347626 -0.00899800006300211 0.7553579807281494
v 0.055431000888347626 -0.00899800006300211 -0.38040098547935486
v 0.055431000888347626 0.00899800006300211 -0.38040098547935486
v -0.055431000888347626 -0.00899800006300211 -0.38040098547935486
v 0.055431000888347626 -0.00899800006300211 -0.38040098547935486
v -0.055431000888347626 0.00899800006300211 -0.38040098547935486
v -0.055431000888347626 -0.00899800006300211 -0.38040098547935486
v 0.055431000888347626 0.00899800006300211 -0.38040098547935486
v -0.055431000888347626 0.00899800006300211 -0.38040098547935486
v 0.02679700031876564 0.006893000099807978 -0.5646479725837708
v 0.047832999378442764 0.00899800006300211 -0.44793200492858887
v -0.047832999378442764 0.00899800006300211 -0.44793200492858887
v -0.02679700031876564 0.006893000099807978 -0.5646479725837708
v 0.047832999378442764 0.00899800006300211 -0.44793200492858887
v -0.047832999378442764 0.00899800006300211 -0.44793200492858887
v -0.02679700031876564 0.006893000099807978 -0.5646479725837708
v -0.047832999378442764 0.00899800006300211 -0.44793200492858887
v -0.047832999378442764 -0.00899800006300211 -0.44793200492858887
v -0.02679700031876564 -0.006893000099807978 -0.5646479725837708
v -0.047832999378442764 0.00899800006300211 -0.44793200492858887
v -0.055431000888347626 0.00899800006300211 -0.38040098547935486
v -0.055431000888347626 -0.00899800006300211 -0.38040098547935486
v -0.047832999378442764 -0.00899800006300211 -0.44793200492858887
v -0.02679700031876564 -0.006893000099807978 -0.5646479725837708
v -0.047832999378442764 -0.00899800006300211 -0.44793200492858887
v 0.047832999378442764 -0.00899800006300211 -0.44793200492858887
v 0.02679700031876564 -0.006893000099807978 -0.5646479725837708
v -0.047832999378442764 -0.00899800006300211 -0.44793200492858887
v 0.047832999378442764 -0.00899800006300211 -0.44793200492858887
v 0.02679700031876564 -0.006893000099807978 -0.5646479725837708
v 0.047832999378442764 -0.00899800006300211 -0.44793200492858887
v 0.047832999378442764 0.00899800006300211 -0.44793200492858887
v 0.02679700031876564 0.006893000099807978 -0.5646479725837708
v 0.047832999378442764 -0.00899800006300211 -0.44793200492858887
v 0.055431000888347626 -0.00899800006300211 -0.38040098547935486
v 0.055431000888347626 0.00899800006300211 -0.38040098547935486
v 0.047832999378442764 0.00899800006300211 -0.44793200492858887
f 1952 1953 1950
f 1950 1951 1952
f 1955 1957 1954
f 1957 1955 1956
f 1959 1961 1958
f 1961 1959 1960
f 1964 1965 1962
f 1962 1963 1964
f 1968 1969 1966
f 1966 1967 1968
f 1971 1973 1970
f 1973 1971 1972
f 1965 1975 1974
f 1974 1962 1965
f 1958 1977 1976
f 1977 1958 1961
f 1954 1979 1978
f 1979 1954 1957
f 1953 1981 1980
f 1980 1950 1953
f 1984 1985 1982
f 1982 1983 1984
f 1981 1987 1986
f 1986 1980 1981
f 1989 1991 1988
f 1991 1989 1990
f 1993 1995 1992
f 1995 1993 1994
f 1997 1999 1996
f 1999 1997 1998
f 1976 2001 2000
f 2001 1976 1977
f 2004 2005 2002
f 2002 2003 2004
f 2008 2009 2006
f 2006 2007 2008
o pieza_40
usemtl material_40
v 0.0 -0.14821000397205353 -0.5832729935646057
v 0.0 -0.14821000397205353 -0.5513539910316467
v 0.12835299968719482 -0.07410500198602676 -0.5513539910316467
v 0.12835299968719482 -0.07410500198602676 -0.5832729935646057
v 0.12835299968719482 -0.07410500198602676 -0.5832729935646057
v 0.12835299968719482 -0.07410500198602676 -0.5513539910316467
v 0.12835299968719482 0.07410500198602676 -0.5513539910316467
v 0.12835299968719482 0.07410500198602676 -0.5832729935646057
v 0.12835299968719482 0.07410500198602676 -0.5832729935646057
v 0.12835299968719482 0.07410500198602676 -0.5513539910316467
v 0.0 0.14821000397205353 -0.5513539910316467
v 0.0 0.14821000397205353 -0.5832729935646057
v 0.0 0.14821000397205353 -0.5832729935646057
v 0.0 0.14821000397205353 -0.5513539910316467
v -0.12835299968719482 0.07410500198602676 -0.5513539910316467
v -0.12835299968719482 0.07410500198602676 -0.5832729935646057
v 0.12835299968719482 -0.07410500198602676 -0.5513539910316467
v 0.0 -0.14821000397205353 -0.5513539910316467
v -0.12835299968719482 -0.07410500198602676 -0.5513539910316467
v -0.12835299968719482 0.07410500198602676 -0.5513539910316467
v 0.0 0.14821000397205353 -0.5513539910316467
v 0.12835299968719482 0.07410500198602676 -0.5513539910316467
v -0.12835299968719482 0.07410500198602676 -0.5832729935646057
v -0.12835299968719482 0.07410500198602676 -0.5513539910316467
v -0.12835299968719482 -0.07410500198602676 -0.5513539910316467
v -0.12835299968719482 -0.07410500198602676 -0.5832729935646057
v -0.12835299968719482 -0.07410500198602676 -0.5832729935646057
v -0.12835299968719482 -0.07410500198602676 -0.5513539910316467
v 0.0 -0.14821000397205353 -0.5513539910316467
v 0.0 -0.14821000397205353 -0.5832729935646057
v 0.0 -0.14821000397205353 -0.5832729935646057
v 0.12835299968719482 -0.07410500198602676 -0.5832729935646057
v 0.12835299968719482 0.07410500198602676 -0.5832729935646057
v 0.0 0.14821000397205353 -0.5832729935646057
v -0.12835299968719482 0.07410500198602676 -0.5832729935646057
v -0.12835299968719482 -0.07410500198602676 -0.5832729935646057
f 2011 2013 2010
f 2013 2011 2012
f 2016 2017 2014
f 2014 2015 2016
f 2020 2021 2018
f 2018 2019 2020
f 2024 2025 2022
f 2022 2023 2024
f 2027 2031 2026
f 2031 2029 2030
f 2029 2027 2028
f 2027 2029 2031
f 2033 2035 2032
f 2035 2033 2034
f 2037 2039 2036
f 2039 2037 2038
f 2044 2045 2040
f 2040 2041 2042
f 2042 2043 2044
f 2044 2040 2042
